language,code,name,category,price_ils,whatsapp_preview_url,whatsapp_image_url,whatsapp_caption,messaging_url,product_url,og_image_url,image_url
ar,W183,Aventus - Creed,عطور الرجال,100,https://www.mad-parfumeur.com/respondio-catalog/wa/ar/p-1-w183.html?v=20260731-4,https://www.mad-parfumeur.com/respondio-catalog/media/ar/p-1-w183.jpg?v=20260731-4,"Aventus - Creed
الكود: W183
السعر: 100 ILS
عودة للمراسلة: https://wa.me/972524033442?text=%D9%85%D8%B1%D8%AD%D8%A8%D8%A7%D8%8C%20%D8%A3%D8%B1%D9%8A%D8%AF%20%D8%B7%D9%84%D8%A8%20%D8%A7%D9%84%D9%85%D9%86%D8%AA%D8%AC%20W183",https://wa.me/972524033442?text=%D9%85%D8%B1%D8%AD%D8%A8%D8%A7%D8%8C%20%D8%A3%D8%B1%D9%8A%D8%AF%20%D8%B7%D9%84%D8%A8%20%D8%A7%D9%84%D9%85%D9%86%D8%AA%D8%AC%20W183,https://madperfume.ps/?app=product.show.1,https://www.mad-parfumeur.com/respondio-catalog/og/ar/p-1-w183.jpg?v=20260731-4,https://madperfume.ps/upload/01-2026/product/697bd913f3a5c.png
ar,I101,Invictus Intense by Paco Rabanne,عطور الرجال,100,https://www.mad-parfumeur.com/respondio-catalog/wa/ar/p-2-i101.html?v=20260731-4,https://www.mad-parfumeur.com/respondio-catalog/media/ar/p-2-i101.jpg?v=20260731-4,"Invictus Intense by Paco Rabanne
الكود: I101
السعر: 100 ILS
عودة للمراسلة: https://wa.me/972524033442?text=%D9%85%D8%B1%D8%AD%D8%A8%D8%A7%D8%8C%20%D8%A3%D8%B1%D9%8A%D8%AF%20%D8%B7%D9%84%D8%A8%20%D8%A7%D9%84%D9%85%D9%86%D8%AA%D8%AC%20I101",https://wa.me/972524033442?text=%D9%85%D8%B1%D8%AD%D8%A8%D8%A7%D8%8C%20%D8%A3%D8%B1%D9%8A%D8%AF%20%D8%B7%D9%84%D8%A8%20%D8%A7%D9%84%D9%85%D9%86%D8%AA%D8%AC%20I101,https://madperfume.ps/?app=product.show.2,https://www.mad-parfumeur.com/respondio-catalog/og/ar/p-2-i101.jpg?v=20260731-4,https://madperfume.ps/upload/01-2026/product/697caf93cf568.png
ar,Q109,Tobacco Vanille by Tom Ford,عطور الرجال,100,https://www.mad-parfumeur.com/respondio-catalog/wa/ar/p-3-q109.html?v=20260731-4,https://www.mad-parfumeur.com/respondio-catalog/media/ar/p-3-q109.jpg?v=20260731-4,"Tobacco Vanille by Tom Ford
الكود: Q109
السعر: 100 ILS
عودة للمراسلة: https://wa.me/972524033442?text=%D9%85%D8%B1%D8%AD%D8%A8%D8%A7%D8%8C%20%D8%A3%D8%B1%D9%8A%D8%AF%20%D8%B7%D9%84%D8%A8%20%D8%A7%D9%84%D9%85%D9%86%D8%AA%D8%AC%20Q109",https://wa.me/972524033442?text=%D9%85%D8%B1%D8%AD%D8%A8%D8%A7%D8%8C%20%D8%A3%D8%B1%D9%8A%D8%AF%20%D8%B7%D9%84%D8%A8%20%D8%A7%D9%84%D9%85%D9%86%D8%AA%D8%AC%20Q109,https://madperfume.ps/?app=product.show.3,https://www.mad-parfumeur.com/respondio-catalog/og/ar/p-3-q109.jpg?v=20260731-4,https://madperfume.ps/upload/03-2026/product/IMG_0361.jpeg
ar,W189,Boss Bottled Intense Eau de Parfum - Hugo Boss,عطور الرجال,100,https://www.mad-parfumeur.com/respondio-catalog/wa/ar/p-4-w189.html?v=20260731-4,https://www.mad-parfumeur.com/respondio-catalog/media/ar/p-4-w189.jpg?v=20260731-4,"Boss Bottled Intense Eau de Parfum - Hugo Boss
الكود: W189
السعر: 100 ILS
عودة للمراسلة: https://wa.me/972524033442?text=%D9%85%D8%B1%D8%AD%D8%A8%D8%A7%D8%8C%20%D8%A3%D8%B1%D9%8A%D8%AF%20%D8%B7%D9%84%D8%A8%20%D8%A7%D9%84%D9%85%D9%86%D8%AA%D8%AC%20W189",https://wa.me/972524033442?text=%D9%85%D8%B1%D8%AD%D8%A8%D8%A7%D8%8C%20%D8%A3%D8%B1%D9%8A%D8%AF%20%D8%B7%D9%84%D8%A8%20%D8%A7%D9%84%D9%85%D9%86%D8%AA%D8%AC%20W189,https://madperfume.ps/?app=product.show.4,https://www.mad-parfumeur.com/respondio-catalog/og/ar/p-4-w189.jpg?v=20260731-4,https://madperfume.ps/upload/03-2026/product/C8F61B86-E8F8-4990-A78D-165536DCA724.png
ar,W191,Sauvage by Dior,عطور الرجال,100,https://www.mad-parfumeur.com/respondio-catalog/wa/ar/p-5-w191.html?v=20260731-4,https://www.mad-parfumeur.com/respondio-catalog/media/ar/p-5-w191.jpg?v=20260731-4,"Sauvage by Dior
الكود: W191
السعر: 100 ILS
عودة للمراسلة: https://wa.me/972524033442?text=%D9%85%D8%B1%D8%AD%D8%A8%D8%A7%D8%8C%20%D8%A3%D8%B1%D9%8A%D8%AF%20%D8%B7%D9%84%D8%A8%20%D8%A7%D9%84%D9%85%D9%86%D8%AA%D8%AC%20W191",https://wa.me/972524033442?text=%D9%85%D8%B1%D8%AD%D8%A8%D8%A7%D8%8C%20%D8%A3%D8%B1%D9%8A%D8%AF%20%D8%B7%D9%84%D8%A8%20%D8%A7%D9%84%D9%85%D9%86%D8%AA%D8%AC%20W191,https://madperfume.ps/?app=product.show.5,https://www.mad-parfumeur.com/respondio-catalog/og/ar/p-5-w191.jpg?v=20260731-4,https://madperfume.ps/upload/01-2026/product/697bbae866ee3.png
ar,W192,Sauvage by Dior,عطور الرجال,100,https://www.mad-parfumeur.com/respondio-catalog/wa/ar/p-6-w192.html?v=20260731-4,https://www.mad-parfumeur.com/respondio-catalog/media/ar/p-6-w192.jpg?v=20260731-4,"Sauvage by Dior
الكود: W192
السعر: 100 ILS
عودة للمراسلة: https://wa.me/972524033442?text=%D9%85%D8%B1%D8%AD%D8%A8%D8%A7%D8%8C%20%D8%A3%D8%B1%D9%8A%D8%AF%20%D8%B7%D9%84%D8%A8%20%D8%A7%D9%84%D9%85%D9%86%D8%AA%D8%AC%20W192",https://wa.me/972524033442?text=%D9%85%D8%B1%D8%AD%D8%A8%D8%A7%D8%8C%20%D8%A3%D8%B1%D9%8A%D8%AF%20%D8%B7%D9%84%D8%A8%20%D8%A7%D9%84%D9%85%D9%86%D8%AA%D8%AC%20W192,https://madperfume.ps/?app=product.show.6,https://www.mad-parfumeur.com/respondio-catalog/og/ar/p-6-w192.jpg?v=20260731-4,https://madperfume.ps/upload/01-2026/product/697d0069b8482.png
ar,W180,Invictus by Paco Rabanne,عطور الرجال,100,https://www.mad-parfumeur.com/respondio-catalog/wa/ar/p-7-w180.html?v=20260731-4,https://www.mad-parfumeur.com/respondio-catalog/media/ar/p-7-w180.jpg?v=20260731-4,"Invictus by Paco Rabanne
الكود: W180
السعر: 100 ILS
عودة للمراسلة: https://wa.me/972524033442?text=%D9%85%D8%B1%D8%AD%D8%A8%D8%A7%D8%8C%20%D8%A3%D8%B1%D9%8A%D8%AF%20%D8%B7%D9%84%D8%A8%20%D8%A7%D9%84%D9%85%D9%86%D8%AA%D8%AC%20W180",https://wa.me/972524033442?text=%D9%85%D8%B1%D8%AD%D8%A8%D8%A7%D8%8C%20%D8%A3%D8%B1%D9%8A%D8%AF%20%D8%B7%D9%84%D8%A8%20%D8%A7%D9%84%D9%85%D9%86%D8%AA%D8%AC%20W180,https://madperfume.ps/?app=product.show.7,https://www.mad-parfumeur.com/respondio-catalog/og/ar/p-7-w180.jpg?v=20260731-4,https://madperfume.ps/upload/01-2026/product/697bab98aabb7.png
ar,W184,My Land - Trussardi,عطور الرجال,100,https://www.mad-parfumeur.com/respondio-catalog/wa/ar/p-8-w184.html?v=20260731-4,https://www.mad-parfumeur.com/respondio-catalog/media/ar/p-8-w184.jpg?v=20260731-4,"My Land - Trussardi
الكود: W184
السعر: 100 ILS
عودة للمراسلة: https://wa.me/972524033442?text=%D9%85%D8%B1%D8%AD%D8%A8%D8%A7%D8%8C%20%D8%A3%D8%B1%D9%8A%D8%AF%20%D8%B7%D9%84%D8%A8%20%D8%A7%D9%84%D9%85%D9%86%D8%AA%D8%AC%20W184",https://wa.me/972524033442?text=%D9%85%D8%B1%D8%AD%D8%A8%D8%A7%D8%8C%20%D8%A3%D8%B1%D9%8A%D8%AF%20%D8%B7%D9%84%D8%A8%20%D8%A7%D9%84%D9%85%D9%86%D8%AA%D8%AC%20W184,https://madperfume.ps/?app=product.show.8,https://www.mad-parfumeur.com/respondio-catalog/og/ar/p-8-w184.jpg?v=20260731-4,https://madperfume.ps/upload/02-2026/product/697e84042a2be.png
ar,W163,Only The Brave Eau de Parfum - Diesel,عطور الرجال,100,https://www.mad-parfumeur.com/respondio-catalog/wa/ar/p-9-w163.html?v=20260731-4,https://www.mad-parfumeur.com/respondio-catalog/media/ar/p-9-w163.jpg?v=20260731-4,"Only The Brave Eau de Parfum - Diesel
الكود: W163
السعر: 100 ILS
عودة للمراسلة: https://wa.me/972524033442?text=%D9%85%D8%B1%D8%AD%D8%A8%D8%A7%D8%8C%20%D8%A3%D8%B1%D9%8A%D8%AF%20%D8%B7%D9%84%D8%A8%20%D8%A7%D9%84%D9%85%D9%86%D8%AA%D8%AC%20W163",https://wa.me/972524033442?text=%D9%85%D8%B1%D8%AD%D8%A8%D8%A7%D8%8C%20%D8%A3%D8%B1%D9%8A%D8%AF%20%D8%B7%D9%84%D8%A8%20%D8%A7%D9%84%D9%85%D9%86%D8%AA%D8%AC%20W163,https://madperfume.ps/?app=product.show.9,https://www.mad-parfumeur.com/respondio-catalog/og/ar/p-9-w163.jpg?v=20260731-4,https://madperfume.ps/upload/03-2026/product/2E7E598E-3116-477A-92D7-CC7503B30E67.png
ar,W164,Guilty Pour Homme - Gucci,عطور الرجال,100,https://www.mad-parfumeur.com/respondio-catalog/wa/ar/p-10-w164.html?v=20260731-4,https://www.mad-parfumeur.com/respondio-catalog/media/ar/p-10-w164.jpg?v=20260731-4,"Guilty Pour Homme - Gucci
الكود: W164
السعر: 100 ILS
عودة للمراسلة: https://wa.me/972524033442?text=%D9%85%D8%B1%D8%AD%D8%A8%D8%A7%D8%8C%20%D8%A3%D8%B1%D9%8A%D8%AF%20%D8%B7%D9%84%D8%A8%20%D8%A7%D9%84%D9%85%D9%86%D8%AA%D8%AC%20W164",https://wa.me/972524033442?text=%D9%85%D8%B1%D8%AD%D8%A8%D8%A7%D8%8C%20%D8%A3%D8%B1%D9%8A%D8%AF%20%D8%B7%D9%84%D8%A8%20%D8%A7%D9%84%D9%85%D9%86%D8%AA%D8%AC%20W164,https://madperfume.ps/?app=product.show.10,https://www.mad-parfumeur.com/respondio-catalog/og/ar/p-10-w164.jpg?v=20260731-4,https://madperfume.ps/upload/03-2026/product/D4EE47EC-FCAB-4608-979D-0661CBB71C69.png
ar,W171,Spicebomb - Viktor&Rolf,عطور الرجال,100,https://www.mad-parfumeur.com/respondio-catalog/wa/ar/p-11-w171.html?v=20260731-4,https://www.mad-parfumeur.com/respondio-catalog/media/ar/p-11-w171.jpg?v=20260731-4,"Spicebomb - Viktor&Rolf
الكود: W171
السعر: 100 ILS
عودة للمراسلة: https://wa.me/972524033442?text=%D9%85%D8%B1%D8%AD%D8%A8%D8%A7%D8%8C%20%D8%A3%D8%B1%D9%8A%D8%AF%20%D8%B7%D9%84%D8%A8%20%D8%A7%D9%84%D9%85%D9%86%D8%AA%D8%AC%20W171",https://wa.me/972524033442?text=%D9%85%D8%B1%D8%AD%D8%A8%D8%A7%D8%8C%20%D8%A3%D8%B1%D9%8A%D8%AF%20%D8%B7%D9%84%D8%A8%20%D8%A7%D9%84%D9%85%D9%86%D8%AA%D8%AC%20W171,https://madperfume.ps/?app=product.show.11,https://www.mad-parfumeur.com/respondio-catalog/og/ar/p-11-w171.jpg?v=20260731-4,https://madperfume.ps/upload/01-2026/product/697e42c834b01.png
ar,W190,Acqua di Giò Profumo by Giorgio Armani,عطور الرجال,100,https://www.mad-parfumeur.com/respondio-catalog/wa/ar/p-12-w190.html?v=20260731-4,https://www.mad-parfumeur.com/respondio-catalog/media/ar/p-12-w190.jpg?v=20260731-4,"Acqua di Giò Profumo by Giorgio Armani
الكود: W190
السعر: 100 ILS
عودة للمراسلة: https://wa.me/972524033442?text=%D9%85%D8%B1%D8%AD%D8%A8%D8%A7%D8%8C%20%D8%A3%D8%B1%D9%8A%D8%AF%20%D8%B7%D9%84%D8%A8%20%D8%A7%D9%84%D9%85%D9%86%D8%AA%D8%AC%20W190",https://wa.me/972524033442?text=%D9%85%D8%B1%D8%AD%D8%A8%D8%A7%D8%8C%20%D8%A3%D8%B1%D9%8A%D8%AF%20%D8%B7%D9%84%D8%A8%20%D8%A7%D9%84%D9%85%D9%86%D8%AA%D8%AC%20W190,https://madperfume.ps/?app=product.show.12,https://www.mad-parfumeur.com/respondio-catalog/og/ar/p-12-w190.jpg?v=20260731-4,https://madperfume.ps/upload/03-2026/product/77A37010-8EB9-41A6-AF49-C5A252B5E388.png
ar,H106,Hugo Energise - Hugo Boss,عطور الرجال,100,https://www.mad-parfumeur.com/respondio-catalog/wa/ar/p-14-h106.html?v=20260731-4,https://www.mad-parfumeur.com/respondio-catalog/media/ar/p-14-h106.jpg?v=20260731-4,"Hugo Energise - Hugo Boss
الكود: H106
السعر: 100 ILS
عودة للمراسلة: https://wa.me/972524033442?text=%D9%85%D8%B1%D8%AD%D8%A8%D8%A7%D8%8C%20%D8%A3%D8%B1%D9%8A%D8%AF%20%D8%B7%D9%84%D8%A8%20%D8%A7%D9%84%D9%85%D9%86%D8%AA%D8%AC%20H106",https://wa.me/972524033442?text=%D9%85%D8%B1%D8%AD%D8%A8%D8%A7%D8%8C%20%D8%A3%D8%B1%D9%8A%D8%AF%20%D8%B7%D9%84%D8%A8%20%D8%A7%D9%84%D9%85%D9%86%D8%AA%D8%AC%20H106,https://madperfume.ps/?app=product.show.14,https://www.mad-parfumeur.com/respondio-catalog/og/ar/p-14-h106.jpg?v=20260731-4,https://madperfume.ps/upload/01-2026/product/697e7b09e0fbd.png
ar,P104,The Blazing Mr. Sam by Penhaligon's,عطور الرجال,100,https://www.mad-parfumeur.com/respondio-catalog/wa/ar/p-15-p104.html?v=20260731-4,https://www.mad-parfumeur.com/respondio-catalog/media/ar/p-15-p104.jpg?v=20260731-4,"The Blazing Mr. Sam by Penhaligon's
الكود: P104
السعر: 100 ILS
عودة للمراسلة: https://wa.me/972524033442?text=%D9%85%D8%B1%D8%AD%D8%A8%D8%A7%D8%8C%20%D8%A3%D8%B1%D9%8A%D8%AF%20%D8%B7%D9%84%D8%A8%20%D8%A7%D9%84%D9%85%D9%86%D8%AA%D8%AC%20P104",https://wa.me/972524033442?text=%D9%85%D8%B1%D8%AD%D8%A8%D8%A7%D8%8C%20%D8%A3%D8%B1%D9%8A%D8%AF%20%D8%B7%D9%84%D8%A8%20%D8%A7%D9%84%D9%85%D9%86%D8%AA%D8%AC%20P104,https://madperfume.ps/?app=product.show.15,https://www.mad-parfumeur.com/respondio-catalog/og/ar/p-15-p104.jpg?v=20260731-4,https://madperfume.ps/upload/03-2026/product/AEBAB920-9411-4DB5-9778-6F006EA37EF3.png
ar,S102,Sculpture Homme - Nikos,عطور الرجال,100,https://www.mad-parfumeur.com/respondio-catalog/wa/ar/p-16-s102.html?v=20260731-4,https://www.mad-parfumeur.com/respondio-catalog/media/ar/p-16-s102.jpg?v=20260731-4,"Sculpture Homme - Nikos
الكود: S102
السعر: 100 ILS
عودة للمراسلة: https://wa.me/972524033442?text=%D9%85%D8%B1%D8%AD%D8%A8%D8%A7%D8%8C%20%D8%A3%D8%B1%D9%8A%D8%AF%20%D8%B7%D9%84%D8%A8%20%D8%A7%D9%84%D9%85%D9%86%D8%AA%D8%AC%20S102",https://wa.me/972524033442?text=%D9%85%D8%B1%D8%AD%D8%A8%D8%A7%D8%8C%20%D8%A3%D8%B1%D9%8A%D8%AF%20%D8%B7%D9%84%D8%A8%20%D8%A7%D9%84%D9%85%D9%86%D8%AA%D8%AC%20S102,https://madperfume.ps/?app=product.show.16,https://www.mad-parfumeur.com/respondio-catalog/og/ar/p-16-s102.jpg?v=20260731-4,https://madperfume.ps/upload/03-2026/product/6DBA4662-CF7C-40CC-A366-78B932764462.png
ar,B108,Bvlgari Man Terrae Essence - Bvlgari,عطور الرجال,100,https://www.mad-parfumeur.com/respondio-catalog/wa/ar/p-17-b108.html?v=20260731-4,https://www.mad-parfumeur.com/respondio-catalog/media/ar/p-17-b108.jpg?v=20260731-4,"Bvlgari Man Terrae Essence - Bvlgari
الكود: B108
السعر: 100 ILS
عودة للمراسلة: https://wa.me/972524033442?text=%D9%85%D8%B1%D8%AD%D8%A8%D8%A7%D8%8C%20%D8%A3%D8%B1%D9%8A%D8%AF%20%D8%B7%D9%84%D8%A8%20%D8%A7%D9%84%D9%85%D9%86%D8%AA%D8%AC%20B108",https://wa.me/972524033442?text=%D9%85%D8%B1%D8%AD%D8%A8%D8%A7%D8%8C%20%D8%A3%D8%B1%D9%8A%D8%AF%20%D8%B7%D9%84%D8%A8%20%D8%A7%D9%84%D9%85%D9%86%D8%AA%D8%AC%20B108,https://madperfume.ps/?app=product.show.17,https://www.mad-parfumeur.com/respondio-catalog/og/ar/p-17-b108.jpg?v=20260731-4,https://madperfume.ps/upload/03-2026/product/D4057BB8-D151-4B10-983E-20B51A67A4F7.png
ar,W174,Eros by Versace,عطور الرجال,100,https://www.mad-parfumeur.com/respondio-catalog/wa/ar/p-18-w174.html?v=20260731-4,https://www.mad-parfumeur.com/respondio-catalog/media/ar/p-18-w174.jpg?v=20260731-4,"Eros by Versace
الكود: W174
السعر: 100 ILS
عودة للمراسلة: https://wa.me/972524033442?text=%D9%85%D8%B1%D8%AD%D8%A8%D8%A7%D8%8C%20%D8%A3%D8%B1%D9%8A%D8%AF%20%D8%B7%D9%84%D8%A8%20%D8%A7%D9%84%D9%85%D9%86%D8%AA%D8%AC%20W174",https://wa.me/972524033442?text=%D9%85%D8%B1%D8%AD%D8%A8%D8%A7%D8%8C%20%D8%A3%D8%B1%D9%8A%D8%AF%20%D8%B7%D9%84%D8%A8%20%D8%A7%D9%84%D9%85%D9%86%D8%AA%D8%AC%20W174,https://madperfume.ps/?app=product.show.18,https://www.mad-parfumeur.com/respondio-catalog/og/ar/p-18-w174.jpg?v=20260731-4,https://madperfume.ps/upload/01-2026/product/697bd68974e6d.png
ar,W150,Blue de Chance - Maison Alhambra,عطور الرجال,100,https://www.mad-parfumeur.com/respondio-catalog/wa/ar/p-19-w150.html?v=20260731-4,https://www.mad-parfumeur.com/respondio-catalog/media/ar/p-19-w150.jpg?v=20260731-4,"Blue de Chance - Maison Alhambra
الكود: W150
السعر: 100 ILS
عودة للمراسلة: https://wa.me/972524033442?text=%D9%85%D8%B1%D8%AD%D8%A8%D8%A7%D8%8C%20%D8%A3%D8%B1%D9%8A%D8%AF%20%D8%B7%D9%84%D8%A8%20%D8%A7%D9%84%D9%85%D9%86%D8%AA%D8%AC%20W150",https://wa.me/972524033442?text=%D9%85%D8%B1%D8%AD%D8%A8%D8%A7%D8%8C%20%D8%A3%D8%B1%D9%8A%D8%AF%20%D8%B7%D9%84%D8%A8%20%D8%A7%D9%84%D9%85%D9%86%D8%AA%D8%AC%20W150,https://madperfume.ps/?app=product.show.19,https://www.mad-parfumeur.com/respondio-catalog/og/ar/p-19-w150.jpg?v=20260731-4,https://madperfume.ps/upload/03-2026/product/8D854A49-1BAA-4787-9489-60AB5FAA2B45.png
ar,W129,1 Million Elixir من Paco Rabanne,عطور الرجال,100,https://www.mad-parfumeur.com/respondio-catalog/wa/ar/p-20-w129.html?v=20260731-4,https://www.mad-parfumeur.com/respondio-catalog/media/ar/p-20-w129.jpg?v=20260731-4,"1 Million Elixir من Paco Rabanne
الكود: W129
السعر: 100 ILS
عودة للمراسلة: https://wa.me/972524033442?text=%D9%85%D8%B1%D8%AD%D8%A8%D8%A7%D8%8C%20%D8%A3%D8%B1%D9%8A%D8%AF%20%D8%B7%D9%84%D8%A8%20%D8%A7%D9%84%D9%85%D9%86%D8%AA%D8%AC%20W129",https://wa.me/972524033442?text=%D9%85%D8%B1%D8%AD%D8%A8%D8%A7%D8%8C%20%D8%A3%D8%B1%D9%8A%D8%AF%20%D8%B7%D9%84%D8%A8%20%D8%A7%D9%84%D9%85%D9%86%D8%AA%D8%AC%20W129,https://madperfume.ps/?app=product.show.20,https://www.mad-parfumeur.com/respondio-catalog/og/ar/p-20-w129.jpg?v=20260731-4,https://madperfume.ps/upload/01-2026/product/697be331b33eb.png
ar,W160,La Nuit de l'Homme - Yves Saint Laurent,عطور الرجال,100,https://www.mad-parfumeur.com/respondio-catalog/wa/ar/p-22-w160.html?v=20260731-4,https://www.mad-parfumeur.com/respondio-catalog/media/ar/p-22-w160.jpg?v=20260731-4,"La Nuit de l'Homme - Yves Saint Laurent
الكود: W160
السعر: 100 ILS
عودة للمراسلة: https://wa.me/972524033442?text=%D9%85%D8%B1%D8%AD%D8%A8%D8%A7%D8%8C%20%D8%A3%D8%B1%D9%8A%D8%AF%20%D8%B7%D9%84%D8%A8%20%D8%A7%D9%84%D9%85%D9%86%D8%AA%D8%AC%20W160",https://wa.me/972524033442?text=%D9%85%D8%B1%D8%AD%D8%A8%D8%A7%D8%8C%20%D8%A3%D8%B1%D9%8A%D8%AF%20%D8%B7%D9%84%D8%A8%20%D8%A7%D9%84%D9%85%D9%86%D8%AA%D8%AC%20W160,https://madperfume.ps/?app=product.show.22,https://www.mad-parfumeur.com/respondio-catalog/og/ar/p-22-w160.jpg?v=20260731-4,https://madperfume.ps/upload/02-2026/product/697e7d8694e56.png
ar,W161,212 VIP Men - Carolina Herrera,عطور الرجال,100,https://www.mad-parfumeur.com/respondio-catalog/wa/ar/p-23-w161.html?v=20260731-4,https://www.mad-parfumeur.com/respondio-catalog/media/ar/p-23-w161.jpg?v=20260731-4,"212 VIP Men - Carolina Herrera
الكود: W161
السعر: 100 ILS
عودة للمراسلة: https://wa.me/972524033442?text=%D9%85%D8%B1%D8%AD%D8%A8%D8%A7%D8%8C%20%D8%A3%D8%B1%D9%8A%D8%AF%20%D8%B7%D9%84%D8%A8%20%D8%A7%D9%84%D9%85%D9%86%D8%AA%D8%AC%20W161",https://wa.me/972524033442?text=%D9%85%D8%B1%D8%AD%D8%A8%D8%A7%D8%8C%20%D8%A3%D8%B1%D9%8A%D8%AF%20%D8%B7%D9%84%D8%A8%20%D8%A7%D9%84%D9%85%D9%86%D8%AA%D8%AC%20W161,https://madperfume.ps/?app=product.show.23,https://www.mad-parfumeur.com/respondio-catalog/og/ar/p-23-w161.jpg?v=20260731-4,https://madperfume.ps/upload/01-2026/product/697bec08f295e.png
ar,W128,1 Million by Paco Rabanne,عطور الرجال,100,https://www.mad-parfumeur.com/respondio-catalog/wa/ar/p-25-w128.html?v=20260731-4,https://www.mad-parfumeur.com/respondio-catalog/media/ar/p-25-w128.jpg?v=20260731-4,"1 Million by Paco Rabanne
الكود: W128
السعر: 100 ILS
عودة للمراسلة: https://wa.me/972524033442?text=%D9%85%D8%B1%D8%AD%D8%A8%D8%A7%D8%8C%20%D8%A3%D8%B1%D9%8A%D8%AF%20%D8%B7%D9%84%D8%A8%20%D8%A7%D9%84%D9%85%D9%86%D8%AA%D8%AC%20W128",https://wa.me/972524033442?text=%D9%85%D8%B1%D8%AD%D8%A8%D8%A7%D8%8C%20%D8%A3%D8%B1%D9%8A%D8%AF%20%D8%B7%D9%84%D8%A8%20%D8%A7%D9%84%D9%85%D9%86%D8%AA%D8%AC%20W128,https://madperfume.ps/?app=product.show.25,https://www.mad-parfumeur.com/respondio-catalog/og/ar/p-25-w128.jpg?v=20260731-4,https://madperfume.ps/upload/01-2026/product/697e4dc725a18.png
ar,W133,The One for Men - Dolce & Gabbana,عطور الرجال,100,https://www.mad-parfumeur.com/respondio-catalog/wa/ar/p-26-w133.html?v=20260731-4,https://www.mad-parfumeur.com/respondio-catalog/media/ar/p-26-w133.jpg?v=20260731-4,"The One for Men - Dolce & Gabbana
الكود: W133
السعر: 100 ILS
عودة للمراسلة: https://wa.me/972524033442?text=%D9%85%D8%B1%D8%AD%D8%A8%D8%A7%D8%8C%20%D8%A3%D8%B1%D9%8A%D8%AF%20%D8%B7%D9%84%D8%A8%20%D8%A7%D9%84%D9%85%D9%86%D8%AA%D8%AC%20W133",https://wa.me/972524033442?text=%D9%85%D8%B1%D8%AD%D8%A8%D8%A7%D8%8C%20%D8%A3%D8%B1%D9%8A%D8%AF%20%D8%B7%D9%84%D8%A8%20%D8%A7%D9%84%D9%85%D9%86%D8%AA%D8%AC%20W133,https://madperfume.ps/?app=product.show.26,https://www.mad-parfumeur.com/respondio-catalog/og/ar/p-26-w133.jpg?v=20260731-4,https://madperfume.ps/upload/03-2026/product/1BAB9566-FC5F-4109-AABA-1C5E15E16A5F.png
ar,W139,Only The Brave - Diesel,عطور الرجال,100,https://www.mad-parfumeur.com/respondio-catalog/wa/ar/p-27-w139.html?v=20260731-4,https://www.mad-parfumeur.com/respondio-catalog/media/ar/p-27-w139.jpg?v=20260731-4,"Only The Brave - Diesel
الكود: W139
السعر: 100 ILS
عودة للمراسلة: https://wa.me/972524033442?text=%D9%85%D8%B1%D8%AD%D8%A8%D8%A7%D8%8C%20%D8%A3%D8%B1%D9%8A%D8%AF%20%D8%B7%D9%84%D8%A8%20%D8%A7%D9%84%D9%85%D9%86%D8%AA%D8%AC%20W139",https://wa.me/972524033442?text=%D9%85%D8%B1%D8%AD%D8%A8%D8%A7%D8%8C%20%D8%A3%D8%B1%D9%8A%D8%AF%20%D8%B7%D9%84%D8%A8%20%D8%A7%D9%84%D9%85%D9%86%D8%AA%D8%AC%20W139,https://madperfume.ps/?app=product.show.27,https://www.mad-parfumeur.com/respondio-catalog/og/ar/p-27-w139.jpg?v=20260731-4,https://madperfume.ps/upload/01-2026/product/697ca5fe6892f.png
ar,W143,Terre D'Hermes Eau Intense Vetiver - Hermès,عطور الرجال,100,https://www.mad-parfumeur.com/respondio-catalog/wa/ar/p-28-w143.html?v=20260731-4,https://www.mad-parfumeur.com/respondio-catalog/media/ar/p-28-w143.jpg?v=20260731-4,"Terre D'Hermes Eau Intense Vetiver - Hermès
الكود: W143
السعر: 100 ILS
عودة للمراسلة: https://wa.me/972524033442?text=%D9%85%D8%B1%D8%AD%D8%A8%D8%A7%D8%8C%20%D8%A3%D8%B1%D9%8A%D8%AF%20%D8%B7%D9%84%D8%A8%20%D8%A7%D9%84%D9%85%D9%86%D8%AA%D8%AC%20W143",https://wa.me/972524033442?text=%D9%85%D8%B1%D8%AD%D8%A8%D8%A7%D8%8C%20%D8%A3%D8%B1%D9%8A%D8%AF%20%D8%B7%D9%84%D8%A8%20%D8%A7%D9%84%D9%85%D9%86%D8%AA%D8%AC%20W143,https://madperfume.ps/?app=product.show.28,https://www.mad-parfumeur.com/respondio-catalog/og/ar/p-28-w143.jpg?v=20260731-4,https://madperfume.ps/upload/03-2026/product/9FE00963-501A-47B1-BF39-3F724614071F.png
ar,W111,Black XS - Paco Rabanne,عطور الرجال,100,https://www.mad-parfumeur.com/respondio-catalog/wa/ar/p-29-w111.html?v=20260731-4,https://www.mad-parfumeur.com/respondio-catalog/media/ar/p-29-w111.jpg?v=20260731-4,"Black XS - Paco Rabanne
الكود: W111
السعر: 100 ILS
عودة للمراسلة: https://wa.me/972524033442?text=%D9%85%D8%B1%D8%AD%D8%A8%D8%A7%D8%8C%20%D8%A3%D8%B1%D9%8A%D8%AF%20%D8%B7%D9%84%D8%A8%20%D8%A7%D9%84%D9%85%D9%86%D8%AA%D8%AC%20W111",https://wa.me/972524033442?text=%D9%85%D8%B1%D8%AD%D8%A8%D8%A7%D8%8C%20%D8%A3%D8%B1%D9%8A%D8%AF%20%D8%B7%D9%84%D8%A8%20%D8%A7%D9%84%D9%85%D9%86%D8%AA%D8%AC%20W111,https://madperfume.ps/?app=product.show.29,https://www.mad-parfumeur.com/respondio-catalog/og/ar/p-29-w111.jpg?v=20260731-4,https://madperfume.ps/upload/03-2026/product/B239BA5D-ADF2-4CAA-9803-1E2E8C650E99.png
ar,W120,212 Sexy Men - Carolina Herrera,عطور الرجال,100,https://www.mad-parfumeur.com/respondio-catalog/wa/ar/p-30-w120.html?v=20260731-4,https://www.mad-parfumeur.com/respondio-catalog/media/ar/p-30-w120.jpg?v=20260731-4,"212 Sexy Men - Carolina Herrera
الكود: W120
السعر: 100 ILS
عودة للمراسلة: https://wa.me/972524033442?text=%D9%85%D8%B1%D8%AD%D8%A8%D8%A7%D8%8C%20%D8%A3%D8%B1%D9%8A%D8%AF%20%D8%B7%D9%84%D8%A8%20%D8%A7%D9%84%D9%85%D9%86%D8%AA%D8%AC%20W120",https://wa.me/972524033442?text=%D9%85%D8%B1%D8%AD%D8%A8%D8%A7%D8%8C%20%D8%A3%D8%B1%D9%8A%D8%AF%20%D8%B7%D9%84%D8%A8%20%D8%A7%D9%84%D9%85%D9%86%D8%AA%D8%AC%20W120,https://madperfume.ps/?app=product.show.30,https://www.mad-parfumeur.com/respondio-catalog/og/ar/p-30-w120.jpg?v=20260731-4,https://madperfume.ps/upload/01-2026/product/697e4d9faf215.png
ar,T102,Oud Wood by Tom Ford,عطور الرجال,100,https://www.mad-parfumeur.com/respondio-catalog/wa/ar/p-31-t102.html?v=20260731-4,https://www.mad-parfumeur.com/respondio-catalog/media/ar/p-31-t102.jpg?v=20260731-4,"Oud Wood by Tom Ford
الكود: T102
السعر: 100 ILS
عودة للمراسلة: https://wa.me/972524033442?text=%D9%85%D8%B1%D8%AD%D8%A8%D8%A7%D8%8C%20%D8%A3%D8%B1%D9%8A%D8%AF%20%D8%B7%D9%84%D8%A8%20%D8%A7%D9%84%D9%85%D9%86%D8%AA%D8%AC%20T102",https://wa.me/972524033442?text=%D9%85%D8%B1%D8%AD%D8%A8%D8%A7%D8%8C%20%D8%A3%D8%B1%D9%8A%D8%AF%20%D8%B7%D9%84%D8%A8%20%D8%A7%D9%84%D9%85%D9%86%D8%AA%D8%AC%20T102,https://madperfume.ps/?app=product.show.31,https://www.mad-parfumeur.com/respondio-catalog/og/ar/p-31-t102.jpg?v=20260731-4,https://madperfume.ps/upload/03-2026/product/ED60511F-FED9-42F3-98E3-1A2929240132.png
ar,W126,Fuel for Life Homme - Diesel,عطور الرجال,100,https://www.mad-parfumeur.com/respondio-catalog/wa/ar/p-33-w126.html?v=20260731-4,https://www.mad-parfumeur.com/respondio-catalog/media/ar/p-33-w126.jpg?v=20260731-4,"Fuel for Life Homme - Diesel
الكود: W126
السعر: 100 ILS
عودة للمراسلة: https://wa.me/972524033442?text=%D9%85%D8%B1%D8%AD%D8%A8%D8%A7%D8%8C%20%D8%A3%D8%B1%D9%8A%D8%AF%20%D8%B7%D9%84%D8%A8%20%D8%A7%D9%84%D9%85%D9%86%D8%AA%D8%AC%20W126",https://wa.me/972524033442?text=%D9%85%D8%B1%D8%AD%D8%A8%D8%A7%D8%8C%20%D8%A3%D8%B1%D9%8A%D8%AF%20%D8%B7%D9%84%D8%A8%20%D8%A7%D9%84%D9%85%D9%86%D8%AA%D8%AC%20W126,https://madperfume.ps/?app=product.show.33,https://www.mad-parfumeur.com/respondio-catalog/og/ar/p-33-w126.jpg?v=20260731-4,https://madperfume.ps/upload/01-2026/product/697e45f59641b.png
ar,Q106,Vanille Fatale by Tom Ford,عطور الرجال,100,https://www.mad-parfumeur.com/respondio-catalog/wa/ar/p-34-q106.html?v=20260731-4,https://www.mad-parfumeur.com/respondio-catalog/media/ar/p-34-q106.jpg?v=20260731-4,"Vanille Fatale by Tom Ford
الكود: Q106
السعر: 100 ILS
عودة للمراسلة: https://wa.me/972524033442?text=%D9%85%D8%B1%D8%AD%D8%A8%D8%A7%D8%8C%20%D8%A3%D8%B1%D9%8A%D8%AF%20%D8%B7%D9%84%D8%A8%20%D8%A7%D9%84%D9%85%D9%86%D8%AA%D8%AC%20Q106",https://wa.me/972524033442?text=%D9%85%D8%B1%D8%AD%D8%A8%D8%A7%D8%8C%20%D8%A3%D8%B1%D9%8A%D8%AF%20%D8%B7%D9%84%D8%A8%20%D8%A7%D9%84%D9%85%D9%86%D8%AA%D8%AC%20Q106,https://madperfume.ps/?app=product.show.34,https://www.mad-parfumeur.com/respondio-catalog/og/ar/p-34-q106.jpg?v=20260731-4,https://madperfume.ps/upload/03-2026/product/81556DC1-0562-48A4-AACE-946F9EE2B4B0.jpeg
ar,Q107,Fucking Fabulous – Tom Ford,عطور الرجال,100,https://www.mad-parfumeur.com/respondio-catalog/wa/ar/p-35-q107.html?v=20260731-4,https://www.mad-parfumeur.com/respondio-catalog/media/ar/p-35-q107.jpg?v=20260731-4,"Fucking Fabulous – Tom Ford
الكود: Q107
السعر: 100 ILS
عودة للمراسلة: https://wa.me/972524033442?text=%D9%85%D8%B1%D8%AD%D8%A8%D8%A7%D8%8C%20%D8%A3%D8%B1%D9%8A%D8%AF%20%D8%B7%D9%84%D8%A8%20%D8%A7%D9%84%D9%85%D9%86%D8%AA%D8%AC%20Q107",https://wa.me/972524033442?text=%D9%85%D8%B1%D8%AD%D8%A8%D8%A7%D8%8C%20%D8%A3%D8%B1%D9%8A%D8%AF%20%D8%B7%D9%84%D8%A8%20%D8%A7%D9%84%D9%85%D9%86%D8%AA%D8%AC%20Q107,https://madperfume.ps/?app=product.show.35,https://www.mad-parfumeur.com/respondio-catalog/og/ar/p-35-q107.jpg?v=20260731-4,https://madperfume.ps/upload/03-2026/product/IMG_0358.jpeg
ar,Q108,Noir Extreme by Tom Ford,عطور الرجال,100,https://www.mad-parfumeur.com/respondio-catalog/wa/ar/p-36-q108.html?v=20260731-4,https://www.mad-parfumeur.com/respondio-catalog/media/ar/p-36-q108.jpg?v=20260731-4,"Noir Extreme by Tom Ford
الكود: Q108
السعر: 100 ILS
عودة للمراسلة: https://wa.me/972524033442?text=%D9%85%D8%B1%D8%AD%D8%A8%D8%A7%D8%8C%20%D8%A3%D8%B1%D9%8A%D8%AF%20%D8%B7%D9%84%D8%A8%20%D8%A7%D9%84%D9%85%D9%86%D8%AA%D8%AC%20Q108",https://wa.me/972524033442?text=%D9%85%D8%B1%D8%AD%D8%A8%D8%A7%D8%8C%20%D8%A3%D8%B1%D9%8A%D8%AF%20%D8%B7%D9%84%D8%A8%20%D8%A7%D9%84%D9%85%D9%86%D8%AA%D8%AC%20Q108,https://madperfume.ps/?app=product.show.36,https://www.mad-parfumeur.com/respondio-catalog/og/ar/p-36-q108.jpg?v=20260731-4,https://madperfume.ps/upload/01-2026/product/697e426e6fb64.png
ar,P103,Phantom by Paco Rabanne,عطور الرجال,100,https://www.mad-parfumeur.com/respondio-catalog/wa/ar/p-38-p103.html?v=20260731-4,https://www.mad-parfumeur.com/respondio-catalog/media/ar/p-38-p103.jpg?v=20260731-4,"Phantom by Paco Rabanne
الكود: P103
السعر: 100 ILS
عودة للمراسلة: https://wa.me/972524033442?text=%D9%85%D8%B1%D8%AD%D8%A8%D8%A7%D8%8C%20%D8%A3%D8%B1%D9%8A%D8%AF%20%D8%B7%D9%84%D8%A8%20%D8%A7%D9%84%D9%85%D9%86%D8%AA%D8%AC%20P103",https://wa.me/972524033442?text=%D9%85%D8%B1%D8%AD%D8%A8%D8%A7%D8%8C%20%D8%A3%D8%B1%D9%8A%D8%AF%20%D8%B7%D9%84%D8%A8%20%D8%A7%D9%84%D9%85%D9%86%D8%AA%D8%AC%20P103,https://madperfume.ps/?app=product.show.38,https://www.mad-parfumeur.com/respondio-catalog/og/ar/p-38-p103.jpg?v=20260731-4,https://madperfume.ps/upload/01-2026/product/697e5a0c036fb.png
ar,P109,Polo Blue Eau de Parfum - Ralph Lauren,عطور الرجال,100,https://www.mad-parfumeur.com/respondio-catalog/wa/ar/p-39-p109.html?v=20260731-4,https://www.mad-parfumeur.com/respondio-catalog/media/ar/p-39-p109.jpg?v=20260731-4,"Polo Blue Eau de Parfum - Ralph Lauren
الكود: P109
السعر: 100 ILS
عودة للمراسلة: https://wa.me/972524033442?text=%D9%85%D8%B1%D8%AD%D8%A8%D8%A7%D8%8C%20%D8%A3%D8%B1%D9%8A%D8%AF%20%D8%B7%D9%84%D8%A8%20%D8%A7%D9%84%D9%85%D9%86%D8%AA%D8%AC%20P109",https://wa.me/972524033442?text=%D9%85%D8%B1%D8%AD%D8%A8%D8%A7%D8%8C%20%D8%A3%D8%B1%D9%8A%D8%AF%20%D8%B7%D9%84%D8%A8%20%D8%A7%D9%84%D9%85%D9%86%D8%AA%D8%AC%20P109,https://madperfume.ps/?app=product.show.39,https://www.mad-parfumeur.com/respondio-catalog/og/ar/p-39-p109.jpg?v=20260731-4,https://madperfume.ps/upload/01-2026/product/697ca06c622c7.png
ar,Q105,Black Orchid by Tom Ford,عطور الرجال,100,https://www.mad-parfumeur.com/respondio-catalog/wa/ar/p-41-q105.html?v=20260731-4,https://www.mad-parfumeur.com/respondio-catalog/media/ar/p-41-q105.jpg?v=20260731-4,"Black Orchid by Tom Ford
الكود: Q105
السعر: 100 ILS
عودة للمراسلة: https://wa.me/972524033442?text=%D9%85%D8%B1%D8%AD%D8%A8%D8%A7%D8%8C%20%D8%A3%D8%B1%D9%8A%D8%AF%20%D8%B7%D9%84%D8%A8%20%D8%A7%D9%84%D9%85%D9%86%D8%AA%D8%AC%20Q105",https://wa.me/972524033442?text=%D9%85%D8%B1%D8%AD%D8%A8%D8%A7%D8%8C%20%D8%A3%D8%B1%D9%8A%D8%AF%20%D8%B7%D9%84%D8%A8%20%D8%A7%D9%84%D9%85%D9%86%D8%AA%D8%AC%20Q105,https://madperfume.ps/?app=product.show.41,https://www.mad-parfumeur.com/respondio-catalog/og/ar/p-41-q105.jpg?v=20260731-4,https://madperfume.ps/upload/03-2026/product/49B1C376-EC77-42DB-B9E2-7BE7E9D2437F.png
ar,L105,Lacoste Style In Play - Lacoste,عطور الرجال,100,https://www.mad-parfumeur.com/respondio-catalog/wa/ar/p-42-l105.html?v=20260731-4,https://www.mad-parfumeur.com/respondio-catalog/media/ar/p-42-l105.jpg?v=20260731-4,"Lacoste Style In Play - Lacoste
الكود: L105
السعر: 100 ILS
عودة للمراسلة: https://wa.me/972524033442?text=%D9%85%D8%B1%D8%AD%D8%A8%D8%A7%D8%8C%20%D8%A3%D8%B1%D9%8A%D8%AF%20%D8%B7%D9%84%D8%A8%20%D8%A7%D9%84%D9%85%D9%86%D8%AA%D8%AC%20L105",https://wa.me/972524033442?text=%D9%85%D8%B1%D8%AD%D8%A8%D8%A7%D8%8C%20%D8%A3%D8%B1%D9%8A%D8%AF%20%D8%B7%D9%84%D8%A8%20%D8%A7%D9%84%D9%85%D9%86%D8%AA%D8%AC%20L105,https://madperfume.ps/?app=product.show.42,https://www.mad-parfumeur.com/respondio-catalog/og/ar/p-42-l105.jpg?v=20260731-4,https://madperfume.ps/upload/01-2026/product/697c9f3854612.png
ar,L106,Lacoste Essential Collector Edition - Lacoste,عطور الرجال,100,https://www.mad-parfumeur.com/respondio-catalog/wa/ar/p-43-l106.html?v=20260731-4,https://www.mad-parfumeur.com/respondio-catalog/media/ar/p-43-l106.jpg?v=20260731-4,"Lacoste Essential Collector Edition - Lacoste
الكود: L106
السعر: 100 ILS
عودة للمراسلة: https://wa.me/972524033442?text=%D9%85%D8%B1%D8%AD%D8%A8%D8%A7%D8%8C%20%D8%A3%D8%B1%D9%8A%D8%AF%20%D8%B7%D9%84%D8%A8%20%D8%A7%D9%84%D9%85%D9%86%D8%AA%D8%AC%20L106",https://wa.me/972524033442?text=%D9%85%D8%B1%D8%AD%D8%A8%D8%A7%D8%8C%20%D8%A3%D8%B1%D9%8A%D8%AF%20%D8%B7%D9%84%D8%A8%20%D8%A7%D9%84%D9%85%D9%86%D8%AA%D8%AC%20L106,https://madperfume.ps/?app=product.show.43,https://www.mad-parfumeur.com/respondio-catalog/og/ar/p-43-l106.jpg?v=20260731-4,https://madperfume.ps/upload/01-2026/product/697e45d38e373.png
ar,P101,Pegasus by Parfums de Marly,عطور الرجال,100,https://www.mad-parfumeur.com/respondio-catalog/wa/ar/p-44-p101.html?v=20260731-4,https://www.mad-parfumeur.com/respondio-catalog/media/ar/p-44-p101.jpg?v=20260731-4,"Pegasus by Parfums de Marly
الكود: P101
السعر: 100 ILS
عودة للمراسلة: https://wa.me/972524033442?text=%D9%85%D8%B1%D8%AD%D8%A8%D8%A7%D8%8C%20%D8%A3%D8%B1%D9%8A%D8%AF%20%D8%B7%D9%84%D8%A8%20%D8%A7%D9%84%D9%85%D9%86%D8%AA%D8%AC%20P101",https://wa.me/972524033442?text=%D9%85%D8%B1%D8%AD%D8%A8%D8%A7%D8%8C%20%D8%A3%D8%B1%D9%8A%D8%AF%20%D8%B7%D9%84%D8%A8%20%D8%A7%D9%84%D9%85%D9%86%D8%AA%D8%AC%20P101,https://madperfume.ps/?app=product.show.44,https://www.mad-parfumeur.com/respondio-catalog/og/ar/p-44-p101.jpg?v=20260731-4,https://madperfume.ps/upload/03-2026/product/F7548EA0-E6D5-4D27-84B1-4890CFF5141E.png
ar,P102,1 Million Lucky by Paco Rabanne,عطور الرجال,100,https://www.mad-parfumeur.com/respondio-catalog/wa/ar/p-45-p102.html?v=20260731-4,https://www.mad-parfumeur.com/respondio-catalog/media/ar/p-45-p102.jpg?v=20260731-4,"1 Million Lucky by Paco Rabanne
الكود: P102
السعر: 100 ILS
عودة للمراسلة: https://wa.me/972524033442?text=%D9%85%D8%B1%D8%AD%D8%A8%D8%A7%D8%8C%20%D8%A3%D8%B1%D9%8A%D8%AF%20%D8%B7%D9%84%D8%A8%20%D8%A7%D9%84%D9%85%D9%86%D8%AA%D8%AC%20P102",https://wa.me/972524033442?text=%D9%85%D8%B1%D8%AD%D8%A8%D8%A7%D8%8C%20%D8%A3%D8%B1%D9%8A%D8%AF%20%D8%B7%D9%84%D8%A8%20%D8%A7%D9%84%D9%85%D9%86%D8%AA%D8%AC%20P102,https://madperfume.ps/?app=product.show.45,https://www.mad-parfumeur.com/respondio-catalog/og/ar/p-45-p102.jpg?v=20260731-4,https://madperfume.ps/upload/01-2026/product/697ba79ab897c.png
ar,W158,Dior Homme Intense by Dior,عطور الرجال,100,https://www.mad-parfumeur.com/respondio-catalog/wa/ar/p-46-w158.html?v=20260731-4,https://www.mad-parfumeur.com/respondio-catalog/media/ar/p-46-w158.jpg?v=20260731-4,"Dior Homme Intense by Dior
الكود: W158
السعر: 100 ILS
عودة للمراسلة: https://wa.me/972524033442?text=%D9%85%D8%B1%D8%AD%D8%A8%D8%A7%D8%8C%20%D8%A3%D8%B1%D9%8A%D8%AF%20%D8%B7%D9%84%D8%A8%20%D8%A7%D9%84%D9%85%D9%86%D8%AA%D8%AC%20W158",https://wa.me/972524033442?text=%D9%85%D8%B1%D8%AD%D8%A8%D8%A7%D8%8C%20%D8%A3%D8%B1%D9%8A%D8%AF%20%D8%B7%D9%84%D8%A8%20%D8%A7%D9%84%D9%85%D9%86%D8%AA%D8%AC%20W158,https://madperfume.ps/?app=product.show.46,https://www.mad-parfumeur.com/respondio-catalog/og/ar/p-46-w158.jpg?v=20260731-4,https://madperfume.ps/upload/03-2026/product/A3B90F25-81C7-4F1A-B17B-7EAFF226A111.png
ar,J102,Le Male - Jean Paul Gaultier,عطور الرجال,100,https://www.mad-parfumeur.com/respondio-catalog/wa/ar/p-47-j102.html?v=20260731-4,https://www.mad-parfumeur.com/respondio-catalog/media/ar/p-47-j102.jpg?v=20260731-4,"Le Male - Jean Paul Gaultier
الكود: J102
السعر: 100 ILS
عودة للمراسلة: https://wa.me/972524033442?text=%D9%85%D8%B1%D8%AD%D8%A8%D8%A7%D8%8C%20%D8%A3%D8%B1%D9%8A%D8%AF%20%D8%B7%D9%84%D8%A8%20%D8%A7%D9%84%D9%85%D9%86%D8%AA%D8%AC%20J102",https://wa.me/972524033442?text=%D9%85%D8%B1%D8%AD%D8%A8%D8%A7%D8%8C%20%D8%A3%D8%B1%D9%8A%D8%AF%20%D8%B7%D9%84%D8%A8%20%D8%A7%D9%84%D9%85%D9%86%D8%AA%D8%AC%20J102,https://madperfume.ps/?app=product.show.47,https://www.mad-parfumeur.com/respondio-catalog/og/ar/p-47-j102.jpg?v=20260731-4,https://madperfume.ps/upload/01-2026/product/697cf06370378.png
ar,J104,Jil Sander Sun Men Fresh - Jil Sander,عطور الرجال,100,https://www.mad-parfumeur.com/respondio-catalog/wa/ar/p-48-j104.html?v=20260731-4,https://www.mad-parfumeur.com/respondio-catalog/media/ar/p-48-j104.jpg?v=20260731-4,"Jil Sander Sun Men Fresh - Jil Sander
الكود: J104
السعر: 100 ILS
عودة للمراسلة: https://wa.me/972524033442?text=%D9%85%D8%B1%D8%AD%D8%A8%D8%A7%D8%8C%20%D8%A3%D8%B1%D9%8A%D8%AF%20%D8%B7%D9%84%D8%A8%20%D8%A7%D9%84%D9%85%D9%86%D8%AA%D8%AC%20J104",https://wa.me/972524033442?text=%D9%85%D8%B1%D8%AD%D8%A8%D8%A7%D8%8C%20%D8%A3%D8%B1%D9%8A%D8%AF%20%D8%B7%D9%84%D8%A8%20%D8%A7%D9%84%D9%85%D9%86%D8%AA%D8%AC%20J104,https://madperfume.ps/?app=product.show.48,https://www.mad-parfumeur.com/respondio-catalog/og/ar/p-48-j104.jpg?v=20260731-4,https://madperfume.ps/upload/01-2026/product/697e400797790.png
ar,K101,Kenzo Pour Homme - Kenzo,عطور الرجال,100,https://www.mad-parfumeur.com/respondio-catalog/wa/ar/p-49-k101.html?v=20260731-4,https://www.mad-parfumeur.com/respondio-catalog/media/ar/p-49-k101.jpg?v=20260731-4,"Kenzo Pour Homme - Kenzo
الكود: K101
السعر: 100 ILS
عودة للمراسلة: https://wa.me/972524033442?text=%D9%85%D8%B1%D8%AD%D8%A8%D8%A7%D8%8C%20%D8%A3%D8%B1%D9%8A%D8%AF%20%D8%B7%D9%84%D8%A8%20%D8%A7%D9%84%D9%85%D9%86%D8%AA%D8%AC%20K101",https://wa.me/972524033442?text=%D9%85%D8%B1%D8%AD%D8%A8%D8%A7%D8%8C%20%D8%A3%D8%B1%D9%8A%D8%AF%20%D8%B7%D9%84%D8%A8%20%D8%A7%D9%84%D9%85%D9%86%D8%AA%D8%AC%20K101,https://madperfume.ps/?app=product.show.49,https://www.mad-parfumeur.com/respondio-catalog/og/ar/p-49-k101.jpg?v=20260731-4,https://madperfume.ps/upload/01-2026/product/697e45b084008.png
ar,L101,Santal 33 by Le Labo unisex,عطور الرجال,100,https://www.mad-parfumeur.com/respondio-catalog/wa/ar/p-50-l101.html?v=20260731-4,https://www.mad-parfumeur.com/respondio-catalog/media/ar/p-50-l101.jpg?v=20260731-4,"Santal 33 by Le Labo unisex
الكود: L101
السعر: 100 ILS
عودة للمراسلة: https://wa.me/972524033442?text=%D9%85%D8%B1%D8%AD%D8%A8%D8%A7%D8%8C%20%D8%A3%D8%B1%D9%8A%D8%AF%20%D8%B7%D9%84%D8%A8%20%D8%A7%D9%84%D9%85%D9%86%D8%AA%D8%AC%20L101",https://wa.me/972524033442?text=%D9%85%D8%B1%D8%AD%D8%A8%D8%A7%D8%8C%20%D8%A3%D8%B1%D9%8A%D8%AF%20%D8%B7%D9%84%D8%A8%20%D8%A7%D9%84%D9%85%D9%86%D8%AA%D8%AC%20L101,https://madperfume.ps/?app=product.show.50,https://www.mad-parfumeur.com/respondio-catalog/og/ar/p-50-l101.jpg?v=20260731-4,https://madperfume.ps/upload/03-2026/product/ACC6BE66-19FD-450F-B147-5400A12EA589.png
ar,I104,Invictus Aqua – Paco Rabanne,عطور الرجال,100,https://www.mad-parfumeur.com/respondio-catalog/wa/ar/p-52-i104.html?v=20260731-4,https://www.mad-parfumeur.com/respondio-catalog/media/ar/p-52-i104.jpg?v=20260731-4,"Invictus Aqua – Paco Rabanne
الكود: I104
السعر: 100 ILS
عودة للمراسلة: https://wa.me/972524033442?text=%D9%85%D8%B1%D8%AD%D8%A8%D8%A7%D8%8C%20%D8%A3%D8%B1%D9%8A%D8%AF%20%D8%B7%D9%84%D8%A8%20%D8%A7%D9%84%D9%85%D9%86%D8%AA%D8%AC%20I104",https://wa.me/972524033442?text=%D9%85%D8%B1%D8%AD%D8%A8%D8%A7%D8%8C%20%D8%A3%D8%B1%D9%8A%D8%AF%20%D8%B7%D9%84%D8%A8%20%D8%A7%D9%84%D9%85%D9%86%D8%AA%D8%AC%20I104,https://madperfume.ps/?app=product.show.52,https://www.mad-parfumeur.com/respondio-catalog/og/ar/p-52-i104.jpg?v=20260731-4,https://madperfume.ps/upload/01-2026/product/697d01387acf8.png
ar,J101,Scandal Pour Homme – جان بول غوتييه,عطور الرجال,100,https://www.mad-parfumeur.com/respondio-catalog/wa/ar/p-53-j101.html?v=20260731-4,https://www.mad-parfumeur.com/respondio-catalog/media/ar/p-53-j101.jpg?v=20260731-4,"Scandal Pour Homme – جان بول غوتييه
الكود: J101
السعر: 100 ILS
عودة للمراسلة: https://wa.me/972524033442?text=%D9%85%D8%B1%D8%AD%D8%A8%D8%A7%D8%8C%20%D8%A3%D8%B1%D9%8A%D8%AF%20%D8%B7%D9%84%D8%A8%20%D8%A7%D9%84%D9%85%D9%86%D8%AA%D8%AC%20J101",https://wa.me/972524033442?text=%D9%85%D8%B1%D8%AD%D8%A8%D8%A7%D8%8C%20%D8%A3%D8%B1%D9%8A%D8%AF%20%D8%B7%D9%84%D8%A8%20%D8%A7%D9%84%D9%85%D9%86%D8%AA%D8%AC%20J101,https://madperfume.ps/?app=product.show.53,https://www.mad-parfumeur.com/respondio-catalog/og/ar/p-53-j101.jpg?v=20260731-4,https://madperfume.ps/upload/03-2026/product/IMG_0416.jpeg
ar,G101,Pi - Givenchy,عطور الرجال,100,https://www.mad-parfumeur.com/respondio-catalog/wa/ar/p-54-g101.html?v=20260731-4,https://www.mad-parfumeur.com/respondio-catalog/media/ar/p-54-g101.jpg?v=20260731-4,"Pi - Givenchy
الكود: G101
السعر: 100 ILS
عودة للمراسلة: https://wa.me/972524033442?text=%D9%85%D8%B1%D8%AD%D8%A8%D8%A7%D8%8C%20%D8%A3%D8%B1%D9%8A%D8%AF%20%D8%B7%D9%84%D8%A8%20%D8%A7%D9%84%D9%85%D9%86%D8%AA%D8%AC%20G101",https://wa.me/972524033442?text=%D9%85%D8%B1%D8%AD%D8%A8%D8%A7%D8%8C%20%D8%A3%D8%B1%D9%8A%D8%AF%20%D8%B7%D9%84%D8%A8%20%D8%A7%D9%84%D9%85%D9%86%D8%AA%D8%AC%20G101,https://madperfume.ps/?app=product.show.54,https://www.mad-parfumeur.com/respondio-catalog/og/ar/p-54-g101.jpg?v=20260731-4,https://madperfume.ps/upload/03-2026/product/8F705A86-A14D-4B1D-BEC7-5D52A767B1C1.png
ar,F101,Fahrenheit Le Parfum by Dior,عطور الرجال,100,https://www.mad-parfumeur.com/respondio-catalog/wa/ar/p-55-f101.html?v=20260731-4,https://www.mad-parfumeur.com/respondio-catalog/media/ar/p-55-f101.jpg?v=20260731-4,"Fahrenheit Le Parfum by Dior
الكود: F101
السعر: 100 ILS
عودة للمراسلة: https://wa.me/972524033442?text=%D9%85%D8%B1%D8%AD%D8%A8%D8%A7%D8%8C%20%D8%A3%D8%B1%D9%8A%D8%AF%20%D8%B7%D9%84%D8%A8%20%D8%A7%D9%84%D9%85%D9%86%D8%AA%D8%AC%20F101",https://wa.me/972524033442?text=%D9%85%D8%B1%D8%AD%D8%A8%D8%A7%D8%8C%20%D8%A3%D8%B1%D9%8A%D8%AF%20%D8%B7%D9%84%D8%A8%20%D8%A7%D9%84%D9%85%D9%86%D8%AA%D8%AC%20F101,https://madperfume.ps/?app=product.show.55,https://www.mad-parfumeur.com/respondio-catalog/og/ar/p-55-f101.jpg?v=20260731-4,https://madperfume.ps/upload/01-2026/product/697cae1f89405.png
ar,E104,Emporio Armani He - Giorgio Armani,عطور الرجال,100,https://www.mad-parfumeur.com/respondio-catalog/wa/ar/p-56-e104.html?v=20260731-4,https://www.mad-parfumeur.com/respondio-catalog/media/ar/p-56-e104.jpg?v=20260731-4,"Emporio Armani He - Giorgio Armani
الكود: E104
السعر: 100 ILS
عودة للمراسلة: https://wa.me/972524033442?text=%D9%85%D8%B1%D8%AD%D8%A8%D8%A7%D8%8C%20%D8%A3%D8%B1%D9%8A%D8%AF%20%D8%B7%D9%84%D8%A8%20%D8%A7%D9%84%D9%85%D9%86%D8%AA%D8%AC%20E104",https://wa.me/972524033442?text=%D9%85%D8%B1%D8%AD%D8%A8%D8%A7%D8%8C%20%D8%A3%D8%B1%D9%8A%D8%AF%20%D8%B7%D9%84%D8%A8%20%D8%A7%D9%84%D9%85%D9%86%D8%AA%D8%AC%20E104,https://madperfume.ps/?app=product.show.56,https://www.mad-parfumeur.com/respondio-catalog/og/ar/p-56-e104.jpg?v=20260731-4,https://madperfume.ps/upload/03-2026/product/61BFA1AC-EF08-4842-979A-806CB249AE37.png
ar,C108,Bad Boy - Carolina Herrera,عطور الرجال,100,https://www.mad-parfumeur.com/respondio-catalog/wa/ar/p-57-c108.html?v=20260731-4,https://www.mad-parfumeur.com/respondio-catalog/media/ar/p-57-c108.jpg?v=20260731-4,"Bad Boy - Carolina Herrera
الكود: C108
السعر: 100 ILS
عودة للمراسلة: https://wa.me/972524033442?text=%D9%85%D8%B1%D8%AD%D8%A8%D8%A7%D8%8C%20%D8%A3%D8%B1%D9%8A%D8%AF%20%D8%B7%D9%84%D8%A8%20%D8%A7%D9%84%D9%85%D9%86%D8%AA%D8%AC%20C108",https://wa.me/972524033442?text=%D9%85%D8%B1%D8%AD%D8%A8%D8%A7%D8%8C%20%D8%A3%D8%B1%D9%8A%D8%AF%20%D8%B7%D9%84%D8%A8%20%D8%A7%D9%84%D9%85%D9%86%D8%AA%D8%AC%20C108,https://madperfume.ps/?app=product.show.57,https://www.mad-parfumeur.com/respondio-catalog/og/ar/p-57-c108.jpg?v=20260731-4,https://madperfume.ps/upload/01-2026/product/697beab71a19a.png
ar,C109,212 Heroes - Carolina Herrera,عطور الرجال,100,https://www.mad-parfumeur.com/respondio-catalog/wa/ar/p-58-c109.html?v=20260731-4,https://www.mad-parfumeur.com/respondio-catalog/media/ar/p-58-c109.jpg?v=20260731-4,"212 Heroes - Carolina Herrera
الكود: C109
السعر: 100 ILS
عودة للمراسلة: https://wa.me/972524033442?text=%D9%85%D8%B1%D8%AD%D8%A8%D8%A7%D8%8C%20%D8%A3%D8%B1%D9%8A%D8%AF%20%D8%B7%D9%84%D8%A8%20%D8%A7%D9%84%D9%85%D9%86%D8%AA%D8%AC%20C109",https://wa.me/972524033442?text=%D9%85%D8%B1%D8%AD%D8%A8%D8%A7%D8%8C%20%D8%A3%D8%B1%D9%8A%D8%AF%20%D8%B7%D9%84%D8%A8%20%D8%A7%D9%84%D9%85%D9%86%D8%AA%D8%AC%20C109,https://madperfume.ps/?app=product.show.58,https://www.mad-parfumeur.com/respondio-catalog/og/ar/p-58-c109.jpg?v=20260731-4,https://madperfume.ps/upload/03-2026/product/FF975633-DA99-4877-A122-FB490905CD2A.png
ar,B106,Burberry Men - Burberry,عطور الرجال,100,https://www.mad-parfumeur.com/respondio-catalog/wa/ar/p-60-b106.html?v=20260731-4,https://www.mad-parfumeur.com/respondio-catalog/media/ar/p-60-b106.jpg?v=20260731-4,"Burberry Men - Burberry
الكود: B106
السعر: 100 ILS
عودة للمراسلة: https://wa.me/972524033442?text=%D9%85%D8%B1%D8%AD%D8%A8%D8%A7%D8%8C%20%D8%A3%D8%B1%D9%8A%D8%AF%20%D8%B7%D9%84%D8%A8%20%D8%A7%D9%84%D9%85%D9%86%D8%AA%D8%AC%20B106",https://wa.me/972524033442?text=%D9%85%D8%B1%D8%AD%D8%A8%D8%A7%D8%8C%20%D8%A3%D8%B1%D9%8A%D8%AF%20%D8%B7%D9%84%D8%A8%20%D8%A7%D9%84%D9%85%D9%86%D8%AA%D8%AC%20B106,https://madperfume.ps/?app=product.show.60,https://www.mad-parfumeur.com/respondio-catalog/og/ar/p-60-b106.jpg?v=20260731-4,https://madperfume.ps/upload/01-2026/product/697e3fdd36c72.png
ar,B107,Bvlgari Man In Black - Bvlgari,عطور الرجال,100,https://www.mad-parfumeur.com/respondio-catalog/wa/ar/p-61-b107.html?v=20260731-4,https://www.mad-parfumeur.com/respondio-catalog/media/ar/p-61-b107.jpg?v=20260731-4,"Bvlgari Man In Black - Bvlgari
الكود: B107
السعر: 100 ILS
عودة للمراسلة: https://wa.me/972524033442?text=%D9%85%D8%B1%D8%AD%D8%A8%D8%A7%D8%8C%20%D8%A3%D8%B1%D9%8A%D8%AF%20%D8%B7%D9%84%D8%A8%20%D8%A7%D9%84%D9%85%D9%86%D8%AA%D8%AC%20B107",https://wa.me/972524033442?text=%D9%85%D8%B1%D8%AD%D8%A8%D8%A7%D8%8C%20%D8%A3%D8%B1%D9%8A%D8%AF%20%D8%B7%D9%84%D8%A8%20%D8%A7%D9%84%D9%85%D9%86%D8%AA%D8%AC%20B107,https://madperfume.ps/?app=product.show.61,https://www.mad-parfumeur.com/respondio-catalog/og/ar/p-61-b107.jpg?v=20260731-4,https://madperfume.ps/upload/03-2026/product/6875B924-7ABE-41C1-AA78-0E2E7407675E.png
ar,C101,C101,عطور الرجال,100,https://www.mad-parfumeur.com/respondio-catalog/wa/ar/p-62-c101.html?v=20260731-4,https://www.mad-parfumeur.com/respondio-catalog/media/ar/p-62-c101.jpg?v=20260731-4,"C101
الكود: C101
السعر: 100 ILS
عودة للمراسلة: https://wa.me/972524033442?text=%D9%85%D8%B1%D8%AD%D8%A8%D8%A7%D8%8C%20%D8%A3%D8%B1%D9%8A%D8%AF%20%D8%B7%D9%84%D8%A8%20%D8%A7%D9%84%D9%85%D9%86%D8%AA%D8%AC%20C101",https://wa.me/972524033442?text=%D9%85%D8%B1%D8%AD%D8%A8%D8%A7%D8%8C%20%D8%A3%D8%B1%D9%8A%D8%AF%20%D8%B7%D9%84%D8%A8%20%D8%A7%D9%84%D9%85%D9%86%D8%AA%D8%AC%20C101,https://madperfume.ps/?app=product.show.62,https://www.mad-parfumeur.com/respondio-catalog/og/ar/p-62-c101.jpg?v=20260731-4,https://madperfume.ps/upload/03-2026/product/ABEAC5AE-D57C-44CE-A5C8-6711E666620E.png
ar,A115,Emporio Armani – Stronger With You Intensely,عطور الرجال,100,https://www.mad-parfumeur.com/respondio-catalog/wa/ar/p-63-a115.html?v=20260731-4,https://www.mad-parfumeur.com/respondio-catalog/media/ar/p-63-a115.jpg?v=20260731-4,"Emporio Armani – Stronger With You Intensely
الكود: A115
السعر: 100 ILS
عودة للمراسلة: https://wa.me/972524033442?text=%D9%85%D8%B1%D8%AD%D8%A8%D8%A7%D8%8C%20%D8%A3%D8%B1%D9%8A%D8%AF%20%D8%B7%D9%84%D8%A8%20%D8%A7%D9%84%D9%85%D9%86%D8%AA%D8%AC%20A115",https://wa.me/972524033442?text=%D9%85%D8%B1%D8%AD%D8%A8%D8%A7%D8%8C%20%D8%A3%D8%B1%D9%8A%D8%AF%20%D8%B7%D9%84%D8%A8%20%D8%A7%D9%84%D9%85%D9%86%D8%AA%D8%AC%20A115,https://madperfume.ps/?app=product.show.63,https://www.mad-parfumeur.com/respondio-catalog/og/ar/p-63-a115.jpg?v=20260731-4,https://madperfume.ps/upload/01-2026/product/697ba8b2467f8.png
ar,B101,Black Afgano by Nasomatto,عطور الرجال,100,https://www.mad-parfumeur.com/respondio-catalog/wa/ar/p-64-b101.html?v=20260731-4,https://www.mad-parfumeur.com/respondio-catalog/media/ar/p-64-b101.jpg?v=20260731-4,"Black Afgano by Nasomatto
الكود: B101
السعر: 100 ILS
عودة للمراسلة: https://wa.me/972524033442?text=%D9%85%D8%B1%D8%AD%D8%A8%D8%A7%D8%8C%20%D8%A3%D8%B1%D9%8A%D8%AF%20%D8%B7%D9%84%D8%A8%20%D8%A7%D9%84%D9%85%D9%86%D8%AA%D8%AC%20B101",https://wa.me/972524033442?text=%D9%85%D8%B1%D8%AD%D8%A8%D8%A7%D8%8C%20%D8%A3%D8%B1%D9%8A%D8%AF%20%D8%B7%D9%84%D8%A8%20%D8%A7%D9%84%D9%85%D9%86%D8%AA%D8%AC%20B101,https://madperfume.ps/?app=product.show.64,https://www.mad-parfumeur.com/respondio-catalog/og/ar/p-64-b101.jpg?v=20260731-4,https://madperfume.ps/upload/03-2026/product/AFA85D59-7252-4B53-9DDA-2922830165A7.png
ar,B102,Bvlgari Man Wood Essence - Bvlgari,عطور الرجال,100,https://www.mad-parfumeur.com/respondio-catalog/wa/ar/p-65-b102.html?v=20260731-4,https://www.mad-parfumeur.com/respondio-catalog/media/ar/p-65-b102.jpg?v=20260731-4,"Bvlgari Man Wood Essence - Bvlgari
الكود: B102
السعر: 100 ILS
عودة للمراسلة: https://wa.me/972524033442?text=%D9%85%D8%B1%D8%AD%D8%A8%D8%A7%D8%8C%20%D8%A3%D8%B1%D9%8A%D8%AF%20%D8%B7%D9%84%D8%A8%20%D8%A7%D9%84%D9%85%D9%86%D8%AA%D8%AC%20B102",https://wa.me/972524033442?text=%D9%85%D8%B1%D8%AD%D8%A8%D8%A7%D8%8C%20%D8%A3%D8%B1%D9%8A%D8%AF%20%D8%B7%D9%84%D8%A8%20%D8%A7%D9%84%D9%85%D9%86%D8%AA%D8%AC%20B102,https://madperfume.ps/?app=product.show.65,https://www.mad-parfumeur.com/respondio-catalog/og/ar/p-65-b102.jpg?v=20260731-4,https://madperfume.ps/upload/03-2026/product/2454B0BC-18AD-49A2-8AD9-55F94496553F.png
ar,B103,Hero - Burberry,عطور الرجال,100,https://www.mad-parfumeur.com/respondio-catalog/wa/ar/p-66-b103.html?v=20260731-4,https://www.mad-parfumeur.com/respondio-catalog/media/ar/p-66-b103.jpg?v=20260731-4,"Hero - Burberry
الكود: B103
السعر: 100 ILS
عودة للمراسلة: https://wa.me/972524033442?text=%D9%85%D8%B1%D8%AD%D8%A8%D8%A7%D8%8C%20%D8%A3%D8%B1%D9%8A%D8%AF%20%D8%B7%D9%84%D8%A8%20%D8%A7%D9%84%D9%85%D9%86%D8%AA%D8%AC%20B103",https://wa.me/972524033442?text=%D9%85%D8%B1%D8%AD%D8%A8%D8%A7%D8%8C%20%D8%A3%D8%B1%D9%8A%D8%AF%20%D8%B7%D9%84%D8%A8%20%D8%A7%D9%84%D9%85%D9%86%D8%AA%D8%AC%20B103,https://madperfume.ps/?app=product.show.66,https://www.mad-parfumeur.com/respondio-catalog/og/ar/p-66-b103.jpg?v=20260731-4,https://madperfume.ps/upload/01-2026/product/697d079291ba1.png
ar,A102,Acqua di Giò by Giorgio Armani,عطور الرجال,100,https://www.mad-parfumeur.com/respondio-catalog/wa/ar/p-68-a102.html?v=20260731-4,https://www.mad-parfumeur.com/respondio-catalog/media/ar/p-68-a102.jpg?v=20260731-4,"Acqua di Giò by Giorgio Armani
الكود: A102
السعر: 100 ILS
عودة للمراسلة: https://wa.me/972524033442?text=%D9%85%D8%B1%D8%AD%D8%A8%D8%A7%D8%8C%20%D8%A3%D8%B1%D9%8A%D8%AF%20%D8%B7%D9%84%D8%A8%20%D8%A7%D9%84%D9%85%D9%86%D8%AA%D8%AC%20A102",https://wa.me/972524033442?text=%D9%85%D8%B1%D8%AD%D8%A8%D8%A7%D8%8C%20%D8%A3%D8%B1%D9%8A%D8%AF%20%D8%B7%D9%84%D8%A8%20%D8%A7%D9%84%D9%85%D9%86%D8%AA%D8%AC%20A102,https://madperfume.ps/?app=product.show.68,https://www.mad-parfumeur.com/respondio-catalog/og/ar/p-68-a102.jpg?v=20260731-4,https://madperfume.ps/upload/01-2026/product/697ceeb8c4a63.png
ar,A104,Acqua di Giò Absolu by Giorgio Armani,عطور الرجال,100,https://www.mad-parfumeur.com/respondio-catalog/wa/ar/p-69-a104.html?v=20260731-4,https://www.mad-parfumeur.com/respondio-catalog/media/ar/p-69-a104.jpg?v=20260731-4,"Acqua di Giò Absolu by Giorgio Armani
الكود: A104
السعر: 100 ILS
عودة للمراسلة: https://wa.me/972524033442?text=%D9%85%D8%B1%D8%AD%D8%A8%D8%A7%D8%8C%20%D8%A3%D8%B1%D9%8A%D8%AF%20%D8%B7%D9%84%D8%A8%20%D8%A7%D9%84%D9%85%D9%86%D8%AA%D8%AC%20A104",https://wa.me/972524033442?text=%D9%85%D8%B1%D8%AD%D8%A8%D8%A7%D8%8C%20%D8%A3%D8%B1%D9%8A%D8%AF%20%D8%B7%D9%84%D8%A8%20%D8%A7%D9%84%D9%85%D9%86%D8%AA%D8%AC%20A104,https://madperfume.ps/?app=product.show.69,https://www.mad-parfumeur.com/respondio-catalog/og/ar/p-69-a104.jpg?v=20260731-4,https://madperfume.ps/upload/02-2026/product/697e7bb32c7a0.png
ar,A113,Armani Code - Giorgio Armani,عطور الرجال,100,https://www.mad-parfumeur.com/respondio-catalog/wa/ar/p-70-a113.html?v=20260731-4,https://www.mad-parfumeur.com/respondio-catalog/media/ar/p-70-a113.jpg?v=20260731-4,"Armani Code - Giorgio Armani
الكود: A113
السعر: 100 ILS
عودة للمراسلة: https://wa.me/972524033442?text=%D9%85%D8%B1%D8%AD%D8%A8%D8%A7%D8%8C%20%D8%A3%D8%B1%D9%8A%D8%AF%20%D8%B7%D9%84%D8%A8%20%D8%A7%D9%84%D9%85%D9%86%D8%AA%D8%AC%20A113",https://wa.me/972524033442?text=%D9%85%D8%B1%D8%AD%D8%A8%D8%A7%D8%8C%20%D8%A3%D8%B1%D9%8A%D8%AF%20%D8%B7%D9%84%D8%A8%20%D8%A7%D9%84%D9%85%D9%86%D8%AA%D8%AC%20A113,https://madperfume.ps/?app=product.show.70,https://www.mad-parfumeur.com/respondio-catalog/og/ar/p-70-a113.jpg?v=20260731-4,https://madperfume.ps/upload/01-2026/product/697ca72ac7ef3.png
ar,W170,Scent Intense - CoSTUME NATIONAL,عطور الرجال,100,https://www.mad-parfumeur.com/respondio-catalog/wa/ar/p-72-w170.html?v=20260731-4,https://www.mad-parfumeur.com/respondio-catalog/media/ar/p-72-w170.jpg?v=20260731-4,"Scent Intense - CoSTUME NATIONAL
الكود: W170
السعر: 100 ILS
عودة للمراسلة: https://wa.me/972524033442?text=%D9%85%D8%B1%D8%AD%D8%A8%D8%A7%D8%8C%20%D8%A3%D8%B1%D9%8A%D8%AF%20%D8%B7%D9%84%D8%A8%20%D8%A7%D9%84%D9%85%D9%86%D8%AA%D8%AC%20W170",https://wa.me/972524033442?text=%D9%85%D8%B1%D8%AD%D8%A8%D8%A7%D8%8C%20%D8%A3%D8%B1%D9%8A%D8%AF%20%D8%B7%D9%84%D8%A8%20%D8%A7%D9%84%D9%85%D9%86%D8%AA%D8%AC%20W170,https://madperfume.ps/?app=product.show.72,https://www.mad-parfumeur.com/respondio-catalog/og/ar/p-72-w170.jpg?v=20260731-4,https://madperfume.ps/upload/03-2026/product/4D0D214E-B868-4B48-9457-238C76E3A951.png
ar,W173,Jil Sander Man Absolute - Jil Sander,عطور الرجال,100,https://www.mad-parfumeur.com/respondio-catalog/wa/ar/p-74-w173.html?v=20260731-4,https://www.mad-parfumeur.com/respondio-catalog/media/ar/p-74-w173.jpg?v=20260731-4,"Jil Sander Man Absolute - Jil Sander
الكود: W173
السعر: 100 ILS
عودة للمراسلة: https://wa.me/972524033442?text=%D9%85%D8%B1%D8%AD%D8%A8%D8%A7%D8%8C%20%D8%A3%D8%B1%D9%8A%D8%AF%20%D8%B7%D9%84%D8%A8%20%D8%A7%D9%84%D9%85%D9%86%D8%AA%D8%AC%20W173",https://wa.me/972524033442?text=%D9%85%D8%B1%D8%AD%D8%A8%D8%A7%D8%8C%20%D8%A3%D8%B1%D9%8A%D8%AF%20%D8%B7%D9%84%D8%A8%20%D8%A7%D9%84%D9%85%D9%86%D8%AA%D8%AC%20W173,https://madperfume.ps/?app=product.show.74,https://www.mad-parfumeur.com/respondio-catalog/og/ar/p-74-w173.jpg?v=20260731-4,https://madperfume.ps/upload/03-2026/product/627CF6B8-27C5-4C6D-9322-B72585BE9AE0.png
ar,NARCOTIC,Fleur Narcotique Ex Nihilo,عطور النيش الرجاليه,350,https://www.mad-parfumeur.com/respondio-catalog/wa/ar/p-75-narcotic.html?v=20260731-4,https://www.mad-parfumeur.com/respondio-catalog/media/ar/p-75-narcotic.jpg?v=20260731-4,"Fleur Narcotique Ex Nihilo
الكود: NARCOTIC
السعر: 350 ILS
عودة للمراسلة: https://wa.me/972524033442?text=%D9%85%D8%B1%D8%AD%D8%A8%D8%A7%D8%8C%20%D8%A3%D8%B1%D9%8A%D8%AF%20%D8%B7%D9%84%D8%A8%20%D8%A7%D9%84%D9%85%D9%86%D8%AA%D8%AC%20NARCOTIC",https://wa.me/972524033442?text=%D9%85%D8%B1%D8%AD%D8%A8%D8%A7%D8%8C%20%D8%A3%D8%B1%D9%8A%D8%AF%20%D8%B7%D9%84%D8%A8%20%D8%A7%D9%84%D9%85%D9%86%D8%AA%D8%AC%20NARCOTIC,https://madperfume.ps/?app=product.show.75,https://www.mad-parfumeur.com/respondio-catalog/og/ar/p-75-narcotic.jpg?v=20260731-4,https://madperfume.ps/upload/01-2026/product/697a4569af7f0.png
ar,ROUGE,Barakkat Rouge 540 Extrait de Parfum Fragrance,عطور النيش الرجاليه,300,https://www.mad-parfumeur.com/respondio-catalog/wa/ar/p-76-rouge.html?v=20260731-4,https://www.mad-parfumeur.com/respondio-catalog/media/ar/p-76-rouge.jpg?v=20260731-4,"Barakkat Rouge 540 Extrait de Parfum Fragrance
الكود: ROUGE
السعر: 300 ILS
عودة للمراسلة: https://wa.me/972524033442?text=%D9%85%D8%B1%D8%AD%D8%A8%D8%A7%D8%8C%20%D8%A3%D8%B1%D9%8A%D8%AF%20%D8%B7%D9%84%D8%A8%20%D8%A7%D9%84%D9%85%D9%86%D8%AA%D8%AC%20ROUGE",https://wa.me/972524033442?text=%D9%85%D8%B1%D8%AD%D8%A8%D8%A7%D8%8C%20%D8%A3%D8%B1%D9%8A%D8%AF%20%D8%B7%D9%84%D8%A8%20%D8%A7%D9%84%D9%85%D9%86%D8%AA%D8%AC%20ROUGE,https://madperfume.ps/?app=product.show.76,https://www.mad-parfumeur.com/respondio-catalog/og/ar/p-76-rouge.jpg?v=20260731-4,https://madperfume.ps/upload/01-2026/product/69794a374a58d.png
ar,NO47,Sirrah Tiziana Terenzi,عطور النيش الرجاليه,280,https://www.mad-parfumeur.com/respondio-catalog/wa/ar/p-77-no47.html?v=20260731-4,https://www.mad-parfumeur.com/respondio-catalog/media/ar/p-77-no47.jpg?v=20260731-4,"Sirrah Tiziana Terenzi
الكود: NO47
السعر: 280 ILS
عودة للمراسلة: https://wa.me/972524033442?text=%D9%85%D8%B1%D8%AD%D8%A8%D8%A7%D8%8C%20%D8%A3%D8%B1%D9%8A%D8%AF%20%D8%B7%D9%84%D8%A8%20%D8%A7%D9%84%D9%85%D9%86%D8%AA%D8%AC%20NO47",https://wa.me/972524033442?text=%D9%85%D8%B1%D8%AD%D8%A8%D8%A7%D8%8C%20%D8%A3%D8%B1%D9%8A%D8%AF%20%D8%B7%D9%84%D8%A8%20%D8%A7%D9%84%D9%85%D9%86%D8%AA%D8%AC%20NO47,https://madperfume.ps/?app=product.show.77,https://www.mad-parfumeur.com/respondio-catalog/og/ar/p-77-no47.jpg?v=20260731-4,https://madperfume.ps/upload/03-2026/product/IMG_1304.jpeg
ar,A122,Sì Passione - Giorgio Armani,عطور النساء,100,https://www.mad-parfumeur.com/respondio-catalog/wa/ar/p-78-a122.html?v=20260731-4,https://www.mad-parfumeur.com/respondio-catalog/media/ar/p-78-a122.jpg?v=20260731-4,"Sì Passione - Giorgio Armani
الكود: A122
السعر: 100 ILS
عودة للمراسلة: https://wa.me/972524033442?text=%D9%85%D8%B1%D8%AD%D8%A8%D8%A7%D8%8C%20%D8%A3%D8%B1%D9%8A%D8%AF%20%D8%B7%D9%84%D8%A8%20%D8%A7%D9%84%D9%85%D9%86%D8%AA%D8%AC%20A122",https://wa.me/972524033442?text=%D9%85%D8%B1%D8%AD%D8%A8%D8%A7%D8%8C%20%D8%A3%D8%B1%D9%8A%D8%AF%20%D8%B7%D9%84%D8%A8%20%D8%A7%D9%84%D9%85%D9%86%D8%AA%D8%AC%20A122,https://madperfume.ps/?app=product.show.78,https://www.mad-parfumeur.com/respondio-catalog/og/ar/p-78-a122.jpg?v=20260731-4,https://madperfume.ps/upload/06-2025/product/140.png
ar,L101,Idôle** من **Lancôme,عطور النساء,100,https://www.mad-parfumeur.com/respondio-catalog/wa/ar/p-79-l101.html?v=20260731-4,https://www.mad-parfumeur.com/respondio-catalog/media/ar/p-79-l101.jpg?v=20260731-4,"Idôle** من **Lancôme
الكود: L101
السعر: 100 ILS
عودة للمراسلة: https://wa.me/972524033442?text=%D9%85%D8%B1%D8%AD%D8%A8%D8%A7%D8%8C%20%D8%A3%D8%B1%D9%8A%D8%AF%20%D8%B7%D9%84%D8%A8%20%D8%A7%D9%84%D9%85%D9%86%D8%AA%D8%AC%20L101",https://wa.me/972524033442?text=%D9%85%D8%B1%D8%AD%D8%A8%D8%A7%D8%8C%20%D8%A3%D8%B1%D9%8A%D8%AF%20%D8%B7%D9%84%D8%A8%20%D8%A7%D9%84%D9%85%D9%86%D8%AA%D8%AC%20L101,https://madperfume.ps/?app=product.show.79,https://www.mad-parfumeur.com/respondio-catalog/og/ar/p-79-l101.jpg?v=20260731-4,https://madperfume.ps/upload/01-2026/product/697be589d9cba.png
ar,W160,VIP للنساء من Carolina Herrera,عطور النساء,100,https://www.mad-parfumeur.com/respondio-catalog/wa/ar/p-80-w160.html?v=20260731-4,https://www.mad-parfumeur.com/respondio-catalog/media/ar/p-80-w160.jpg?v=20260731-4,"VIP للنساء من Carolina Herrera
الكود: W160
السعر: 100 ILS
عودة للمراسلة: https://wa.me/972524033442?text=%D9%85%D8%B1%D8%AD%D8%A8%D8%A7%D8%8C%20%D8%A3%D8%B1%D9%8A%D8%AF%20%D8%B7%D9%84%D8%A8%20%D8%A7%D9%84%D9%85%D9%86%D8%AA%D8%AC%20W160",https://wa.me/972524033442?text=%D9%85%D8%B1%D8%AD%D8%A8%D8%A7%D8%8C%20%D8%A3%D8%B1%D9%8A%D8%AF%20%D8%B7%D9%84%D8%A8%20%D8%A7%D9%84%D9%85%D9%86%D8%AA%D8%AC%20W160,https://madperfume.ps/?app=product.show.80,https://www.mad-parfumeur.com/respondio-catalog/og/ar/p-80-w160.jpg?v=20260731-4,https://madperfume.ps/upload/06-2025/product/128 (1).png
ar,W162,Love Chloé من Chloé,عطور النساء,100,https://www.mad-parfumeur.com/respondio-catalog/wa/ar/p-81-w162.html?v=20260731-4,https://www.mad-parfumeur.com/respondio-catalog/media/ar/p-81-w162.jpg?v=20260731-4,"Love Chloé من Chloé
الكود: W162
السعر: 100 ILS
عودة للمراسلة: https://wa.me/972524033442?text=%D9%85%D8%B1%D8%AD%D8%A8%D8%A7%D8%8C%20%D8%A3%D8%B1%D9%8A%D8%AF%20%D8%B7%D9%84%D8%A8%20%D8%A7%D9%84%D9%85%D9%86%D8%AA%D8%AC%20W162",https://wa.me/972524033442?text=%D9%85%D8%B1%D8%AD%D8%A8%D8%A7%D8%8C%20%D8%A3%D8%B1%D9%8A%D8%AF%20%D8%B7%D9%84%D8%A8%20%D8%A7%D9%84%D9%85%D9%86%D8%AA%D8%AC%20W162,https://madperfume.ps/?app=product.show.81,https://www.mad-parfumeur.com/respondio-catalog/og/ar/p-81-w162.jpg?v=20260731-4,https://madperfume.ps/upload/06-2025/product/6852ab1d83582.png
ar,W164 women,Beauty من Calvin Klein,عطور النساء,100,https://www.mad-parfumeur.com/respondio-catalog/wa/ar/p-82-w164-women.html?v=20260731-4,https://www.mad-parfumeur.com/respondio-catalog/media/ar/p-82-w164-women.jpg?v=20260731-4,"Beauty من Calvin Klein
الكود: W164 women
السعر: 100 ILS
عودة للمراسلة: https://wa.me/972524033442?text=%D9%85%D8%B1%D8%AD%D8%A8%D8%A7%D8%8C%20%D8%A3%D8%B1%D9%8A%D8%AF%20%D8%B7%D9%84%D8%A8%20%D8%A7%D9%84%D9%85%D9%86%D8%AA%D8%AC%20W164%20women",https://wa.me/972524033442?text=%D9%85%D8%B1%D8%AD%D8%A8%D8%A7%D8%8C%20%D8%A3%D8%B1%D9%8A%D8%AF%20%D8%B7%D9%84%D8%A8%20%D8%A7%D9%84%D9%85%D9%86%D8%AA%D8%AC%20W164%20women,https://madperfume.ps/?app=product.show.82,https://www.mad-parfumeur.com/respondio-catalog/og/ar/p-82-w164-women.jpg?v=20260731-4,https://madperfume.ps/upload/01-2026/product/697d05fdab03b.png
ar,L102 women,La Nuit Trésor Caresse** من **Lancôme,عطور النساء,100,https://www.mad-parfumeur.com/respondio-catalog/wa/ar/p-83-l102-women.html?v=20260731-4,https://www.mad-parfumeur.com/respondio-catalog/media/ar/p-83-l102-women.jpg?v=20260731-4,"La Nuit Trésor Caresse** من **Lancôme
الكود: L102 women
السعر: 100 ILS
عودة للمراسلة: https://wa.me/972524033442?text=%D9%85%D8%B1%D8%AD%D8%A8%D8%A7%D8%8C%20%D8%A3%D8%B1%D9%8A%D8%AF%20%D8%B7%D9%84%D8%A8%20%D8%A7%D9%84%D9%85%D9%86%D8%AA%D8%AC%20L102%20women",https://wa.me/972524033442?text=%D9%85%D8%B1%D8%AD%D8%A8%D8%A7%D8%8C%20%D8%A3%D8%B1%D9%8A%D8%AF%20%D8%B7%D9%84%D8%A8%20%D8%A7%D9%84%D9%85%D9%86%D8%AA%D8%AC%20L102%20women,https://madperfume.ps/?app=product.show.83,https://www.mad-parfumeur.com/respondio-catalog/og/ar/p-83-l102-women.jpg?v=20260731-4,https://madperfume.ps/upload/01-2026/product/697e39ad64e58.png
ar,W144,Chloé Eau de Parfum من Chloé,عطور النساء,100,https://www.mad-parfumeur.com/respondio-catalog/wa/ar/p-84-w144.html?v=20260731-4,https://www.mad-parfumeur.com/respondio-catalog/media/ar/p-84-w144.jpg?v=20260731-4,"Chloé Eau de Parfum من Chloé
الكود: W144
السعر: 100 ILS
عودة للمراسلة: https://wa.me/972524033442?text=%D9%85%D8%B1%D8%AD%D8%A8%D8%A7%D8%8C%20%D8%A3%D8%B1%D9%8A%D8%AF%20%D8%B7%D9%84%D8%A8%20%D8%A7%D9%84%D9%85%D9%86%D8%AA%D8%AC%20W144",https://wa.me/972524033442?text=%D9%85%D8%B1%D8%AD%D8%A8%D8%A7%D8%8C%20%D8%A3%D8%B1%D9%8A%D8%AF%20%D8%B7%D9%84%D8%A8%20%D8%A7%D9%84%D9%85%D9%86%D8%AA%D8%AC%20W144,https://madperfume.ps/?app=product.show.84,https://www.mad-parfumeur.com/respondio-catalog/og/ar/p-84-w144.jpg?v=20260731-4,https://madperfume.ps/upload/06-2025/product/6852a88652de9.png
ar,W150 women,Crystal Noir – من فيرساتشي,عطور النساء,100,https://www.mad-parfumeur.com/respondio-catalog/wa/ar/p-85-w150-women.html?v=20260731-4,https://www.mad-parfumeur.com/respondio-catalog/media/ar/p-85-w150-women.jpg?v=20260731-4,"Crystal Noir – من فيرساتشي
الكود: W150 women
السعر: 100 ILS
عودة للمراسلة: https://wa.me/972524033442?text=%D9%85%D8%B1%D8%AD%D8%A8%D8%A7%D8%8C%20%D8%A3%D8%B1%D9%8A%D8%AF%20%D8%B7%D9%84%D8%A8%20%D8%A7%D9%84%D9%85%D9%86%D8%AA%D8%AC%20W150%20women",https://wa.me/972524033442?text=%D9%85%D8%B1%D8%AD%D8%A8%D8%A7%D8%8C%20%D8%A3%D8%B1%D9%8A%D8%AF%20%D8%B7%D9%84%D8%A8%20%D8%A7%D9%84%D9%85%D9%86%D8%AA%D8%AC%20W150%20women,https://madperfume.ps/?app=product.show.85,https://www.mad-parfumeur.com/respondio-catalog/og/ar/p-85-w150-women.jpg?v=20260731-4,https://madperfume.ps/upload/01-2026/product/697e3c36e241e.png
ar,A112,Alien Eau de Toilette - Mugler,عطور النساء,100,https://www.mad-parfumeur.com/respondio-catalog/wa/ar/p-87-a112.html?v=20260731-4,https://www.mad-parfumeur.com/respondio-catalog/media/ar/p-87-a112.jpg?v=20260731-4,"Alien Eau de Toilette - Mugler
الكود: A112
السعر: 100 ILS
عودة للمراسلة: https://wa.me/972524033442?text=%D9%85%D8%B1%D8%AD%D8%A8%D8%A7%D8%8C%20%D8%A3%D8%B1%D9%8A%D8%AF%20%D8%B7%D9%84%D8%A8%20%D8%A7%D9%84%D9%85%D9%86%D8%AA%D8%AC%20A112",https://wa.me/972524033442?text=%D9%85%D8%B1%D8%AD%D8%A8%D8%A7%D8%8C%20%D8%A3%D8%B1%D9%8A%D8%AF%20%D8%B7%D9%84%D8%A8%20%D8%A7%D9%84%D9%85%D9%86%D8%AA%D8%AC%20A112,https://madperfume.ps/?app=product.show.87,https://www.mad-parfumeur.com/respondio-catalog/og/ar/p-87-a112.jpg?v=20260731-4,https://madperfume.ps/upload/06-2025/product/127.png
ar,N105,Narciso Rodriguez for Her Eau de Parfum,عطور النساء,100,https://www.mad-parfumeur.com/respondio-catalog/wa/ar/p-88-n105.html?v=20260731-4,https://www.mad-parfumeur.com/respondio-catalog/media/ar/p-88-n105.jpg?v=20260731-4,"Narciso Rodriguez for Her Eau de Parfum
الكود: N105
السعر: 100 ILS
عودة للمراسلة: https://wa.me/972524033442?text=%D9%85%D8%B1%D8%AD%D8%A8%D8%A7%D8%8C%20%D8%A3%D8%B1%D9%8A%D8%AF%20%D8%B7%D9%84%D8%A8%20%D8%A7%D9%84%D9%85%D9%86%D8%AA%D8%AC%20N105",https://wa.me/972524033442?text=%D9%85%D8%B1%D8%AD%D8%A8%D8%A7%D8%8C%20%D8%A3%D8%B1%D9%8A%D8%AF%20%D8%B7%D9%84%D8%A8%20%D8%A7%D9%84%D9%85%D9%86%D8%AA%D8%AC%20N105,https://madperfume.ps/?app=product.show.88,https://www.mad-parfumeur.com/respondio-catalog/og/ar/p-88-n105.jpg?v=20260731-4,https://madperfume.ps/upload/02-2026/product/697e803ce6023.png
ar,W154,Chance Eau Vive Chanel,عطور النساء,100,https://www.mad-parfumeur.com/respondio-catalog/wa/ar/p-89-w154.html?v=20260731-4,https://www.mad-parfumeur.com/respondio-catalog/media/ar/p-89-w154.jpg?v=20260731-4,"Chance Eau Vive Chanel
الكود: W154
السعر: 100 ILS
عودة للمراسلة: https://wa.me/972524033442?text=%D9%85%D8%B1%D8%AD%D8%A8%D8%A7%D8%8C%20%D8%A3%D8%B1%D9%8A%D8%AF%20%D8%B7%D9%84%D8%A8%20%D8%A7%D9%84%D9%85%D9%86%D8%AA%D8%AC%20W154",https://wa.me/972524033442?text=%D9%85%D8%B1%D8%AD%D8%A8%D8%A7%D8%8C%20%D8%A3%D8%B1%D9%8A%D8%AF%20%D8%B7%D9%84%D8%A8%20%D8%A7%D9%84%D9%85%D9%86%D8%AA%D8%AC%20W154,https://madperfume.ps/?app=product.show.89,https://www.mad-parfumeur.com/respondio-catalog/og/ar/p-89-w154.jpg?v=20260731-4,https://madperfume.ps/upload/06-2025/product/121.png
ar,V107,Very Sexy (إصدار 2018) من Victoria's Secret,عطور النساء,100,https://www.mad-parfumeur.com/respondio-catalog/wa/ar/p-90-v107.html?v=20260731-4,https://www.mad-parfumeur.com/respondio-catalog/media/ar/p-90-v107.jpg?v=20260731-4,"Very Sexy (إصدار 2018) من Victoria's Secret
الكود: V107
السعر: 100 ILS
عودة للمراسلة: https://wa.me/972524033442?text=%D9%85%D8%B1%D8%AD%D8%A8%D8%A7%D8%8C%20%D8%A3%D8%B1%D9%8A%D8%AF%20%D8%B7%D9%84%D8%A8%20%D8%A7%D9%84%D9%85%D9%86%D8%AA%D8%AC%20V107",https://wa.me/972524033442?text=%D9%85%D8%B1%D8%AD%D8%A8%D8%A7%D8%8C%20%D8%A3%D8%B1%D9%8A%D8%AF%20%D8%B7%D9%84%D8%A8%20%D8%A7%D9%84%D9%85%D9%86%D8%AA%D8%AC%20V107,https://madperfume.ps/?app=product.show.90,https://www.mad-parfumeur.com/respondio-catalog/og/ar/p-90-v107.jpg?v=20260731-4,https://madperfume.ps/upload/06-2025/product/6852a270f1047.png
ar,C126,212 Sexy - Carolina Herrera,عطور النساء,100,https://www.mad-parfumeur.com/respondio-catalog/wa/ar/p-91-c126.html?v=20260731-4,https://www.mad-parfumeur.com/respondio-catalog/media/ar/p-91-c126.jpg?v=20260731-4,"212 Sexy - Carolina Herrera
الكود: C126
السعر: 100 ILS
عودة للمراسلة: https://wa.me/972524033442?text=%D9%85%D8%B1%D8%AD%D8%A8%D8%A7%D8%8C%20%D8%A3%D8%B1%D9%8A%D8%AF%20%D8%B7%D9%84%D8%A8%20%D8%A7%D9%84%D9%85%D9%86%D8%AA%D8%AC%20C126",https://wa.me/972524033442?text=%D9%85%D8%B1%D8%AD%D8%A8%D8%A7%D8%8C%20%D8%A3%D8%B1%D9%8A%D8%AF%20%D8%B7%D9%84%D8%A8%20%D8%A7%D9%84%D9%85%D9%86%D8%AA%D8%AC%20C126,https://madperfume.ps/?app=product.show.91,https://www.mad-parfumeur.com/respondio-catalog/og/ar/p-91-c126.jpg?v=20260731-4,https://madperfume.ps/upload/06-2025/product/195.png
ar,G108,Mon Guerlain - Guerlain,عطور النساء,100,https://www.mad-parfumeur.com/respondio-catalog/wa/ar/p-92-g108.html?v=20260731-4,https://www.mad-parfumeur.com/respondio-catalog/media/ar/p-92-g108.jpg?v=20260731-4,"Mon Guerlain - Guerlain
الكود: G108
السعر: 100 ILS
عودة للمراسلة: https://wa.me/972524033442?text=%D9%85%D8%B1%D8%AD%D8%A8%D8%A7%D8%8C%20%D8%A3%D8%B1%D9%8A%D8%AF%20%D8%B7%D9%84%D8%A8%20%D8%A7%D9%84%D9%85%D9%86%D8%AA%D8%AC%20G108",https://wa.me/972524033442?text=%D9%85%D8%B1%D8%AD%D8%A8%D8%A7%D8%8C%20%D8%A3%D8%B1%D9%8A%D8%AF%20%D8%B7%D9%84%D8%A8%20%D8%A7%D9%84%D9%85%D9%86%D8%AA%D8%AC%20G108,https://madperfume.ps/?app=product.show.92,https://www.mad-parfumeur.com/respondio-catalog/og/ar/p-92-g108.jpg?v=20260731-4,https://madperfume.ps/upload/06-2025/product/172.png
ar,D104,Joy by Dior - Dior,عطور النساء,100,https://www.mad-parfumeur.com/respondio-catalog/wa/ar/p-93-d104.html?v=20260731-4,https://www.mad-parfumeur.com/respondio-catalog/media/ar/p-93-d104.jpg?v=20260731-4,"Joy by Dior - Dior
الكود: D104
السعر: 100 ILS
عودة للمراسلة: https://wa.me/972524033442?text=%D9%85%D8%B1%D8%AD%D8%A8%D8%A7%D8%8C%20%D8%A3%D8%B1%D9%8A%D8%AF%20%D8%B7%D9%84%D8%A8%20%D8%A7%D9%84%D9%85%D9%86%D8%AA%D8%AC%20D104",https://wa.me/972524033442?text=%D9%85%D8%B1%D8%AD%D8%A8%D8%A7%D8%8C%20%D8%A3%D8%B1%D9%8A%D8%AF%20%D8%B7%D9%84%D8%A8%20%D8%A7%D9%84%D9%85%D9%86%D8%AA%D8%AC%20D104,https://madperfume.ps/?app=product.show.93,https://www.mad-parfumeur.com/respondio-catalog/og/ar/p-93-d104.jpg?v=20260731-4,https://madperfume.ps/upload/06-2025/product/68529d7e885a8.png
ar,A121,Emporio Armani Because It’s You - Giorgio Armani,عطور النساء,100,https://www.mad-parfumeur.com/respondio-catalog/wa/ar/p-94-a121.html?v=20260731-4,https://www.mad-parfumeur.com/respondio-catalog/media/ar/p-94-a121.jpg?v=20260731-4,"Emporio Armani Because It’s You - Giorgio Armani
الكود: A121
السعر: 100 ILS
عودة للمراسلة: https://wa.me/972524033442?text=%D9%85%D8%B1%D8%AD%D8%A8%D8%A7%D8%8C%20%D8%A3%D8%B1%D9%8A%D8%AF%20%D8%B7%D9%84%D8%A8%20%D8%A7%D9%84%D9%85%D9%86%D8%AA%D8%AC%20A121",https://wa.me/972524033442?text=%D9%85%D8%B1%D8%AD%D8%A8%D8%A7%D8%8C%20%D8%A3%D8%B1%D9%8A%D8%AF%20%D8%B7%D9%84%D8%A8%20%D8%A7%D9%84%D9%85%D9%86%D8%AA%D8%AC%20A121,https://madperfume.ps/?app=product.show.94,https://www.mad-parfumeur.com/respondio-catalog/og/ar/p-94-a121.jpg?v=20260731-4,https://madperfume.ps/upload/06-2025/product/190.png
ar,W113,Midnight Fantasy من Britney Spears,عطور النساء,100,https://www.mad-parfumeur.com/respondio-catalog/wa/ar/p-95-w113.html?v=20260731-4,https://www.mad-parfumeur.com/respondio-catalog/media/ar/p-95-w113.jpg?v=20260731-4,"Midnight Fantasy من Britney Spears
الكود: W113
السعر: 100 ILS
عودة للمراسلة: https://wa.me/972524033442?text=%D9%85%D8%B1%D8%AD%D8%A8%D8%A7%D8%8C%20%D8%A3%D8%B1%D9%8A%D8%AF%20%D8%B7%D9%84%D8%A8%20%D8%A7%D9%84%D9%85%D9%86%D8%AA%D8%AC%20W113",https://wa.me/972524033442?text=%D9%85%D8%B1%D8%AD%D8%A8%D8%A7%D8%8C%20%D8%A3%D8%B1%D9%8A%D8%AF%20%D8%B7%D9%84%D8%A8%20%D8%A7%D9%84%D9%85%D9%86%D8%AA%D8%AC%20W113,https://madperfume.ps/?app=product.show.95,https://www.mad-parfumeur.com/respondio-catalog/og/ar/p-95-w113.jpg?v=20260731-4,https://madperfume.ps/upload/06-2025/product/189.png
ar,V105,Bombshell Intense من Victoria's Secret,عطور النساء,100,https://www.mad-parfumeur.com/respondio-catalog/wa/ar/p-96-v105.html?v=20260731-4,https://www.mad-parfumeur.com/respondio-catalog/media/ar/p-96-v105.jpg?v=20260731-4,"Bombshell Intense من Victoria's Secret
الكود: V105
السعر: 100 ILS
عودة للمراسلة: https://wa.me/972524033442?text=%D9%85%D8%B1%D8%AD%D8%A8%D8%A7%D8%8C%20%D8%A3%D8%B1%D9%8A%D8%AF%20%D8%B7%D9%84%D8%A8%20%D8%A7%D9%84%D9%85%D9%86%D8%AA%D8%AC%20V105",https://wa.me/972524033442?text=%D9%85%D8%B1%D8%AD%D8%A8%D8%A7%D8%8C%20%D8%A3%D8%B1%D9%8A%D8%AF%20%D8%B7%D9%84%D8%A8%20%D8%A7%D9%84%D9%85%D9%86%D8%AA%D8%AC%20V105,https://madperfume.ps/?app=product.show.96,https://www.mad-parfumeur.com/respondio-catalog/og/ar/p-96-v105.jpg?v=20260731-4,https://madperfume.ps/upload/06-2025/product/188.png
ar,V106,Very Sexy Orchid من Victoria's Secret,عطور النساء,100,https://www.mad-parfumeur.com/respondio-catalog/wa/ar/p-97-v106.html?v=20260731-4,https://www.mad-parfumeur.com/respondio-catalog/media/ar/p-97-v106.jpg?v=20260731-4,"Very Sexy Orchid من Victoria's Secret
الكود: V106
السعر: 100 ILS
عودة للمراسلة: https://wa.me/972524033442?text=%D9%85%D8%B1%D8%AD%D8%A8%D8%A7%D8%8C%20%D8%A3%D8%B1%D9%8A%D8%AF%20%D8%B7%D9%84%D8%A8%20%D8%A7%D9%84%D9%85%D9%86%D8%AA%D8%AC%20V106",https://wa.me/972524033442?text=%D9%85%D8%B1%D8%AD%D8%A8%D8%A7%D8%8C%20%D8%A3%D8%B1%D9%8A%D8%AF%20%D8%B7%D9%84%D8%A8%20%D8%A7%D9%84%D9%85%D9%86%D8%AA%D8%AC%20V106,https://madperfume.ps/?app=product.show.97,https://www.mad-parfumeur.com/respondio-catalog/og/ar/p-97-v106.jpg?v=20260731-4,https://madperfume.ps/upload/01-2026/product/697d0324aeeca.png
ar,S112,Sexy Graffiti من Escada,عطور النساء,100,https://www.mad-parfumeur.com/respondio-catalog/wa/ar/p-98-s112.html?v=20260731-4,https://www.mad-parfumeur.com/respondio-catalog/media/ar/p-98-s112.jpg?v=20260731-4,"Sexy Graffiti من Escada
الكود: S112
السعر: 100 ILS
عودة للمراسلة: https://wa.me/972524033442?text=%D9%85%D8%B1%D8%AD%D8%A8%D8%A7%D8%8C%20%D8%A3%D8%B1%D9%8A%D8%AF%20%D8%B7%D9%84%D8%A8%20%D8%A7%D9%84%D9%85%D9%86%D8%AA%D8%AC%20S112",https://wa.me/972524033442?text=%D9%85%D8%B1%D8%AD%D8%A8%D8%A7%D8%8C%20%D8%A3%D8%B1%D9%8A%D8%AF%20%D8%B7%D9%84%D8%A8%20%D8%A7%D9%84%D9%85%D9%86%D8%AA%D8%AC%20S112,https://madperfume.ps/?app=product.show.98,https://www.mad-parfumeur.com/respondio-catalog/og/ar/p-98-s112.jpg?v=20260731-4,https://madperfume.ps/upload/06-2025/product/187.png
ar,T103 - Q101,Velvet Orchid من Tom Ford,عطور النساء,100,https://www.mad-parfumeur.com/respondio-catalog/wa/ar/p-99-t103-q101.html?v=20260731-4,https://www.mad-parfumeur.com/respondio-catalog/media/ar/p-99-t103-q101.jpg?v=20260731-4,"Velvet Orchid من Tom Ford
الكود: T103 - Q101
السعر: 100 ILS
عودة للمراسلة: https://wa.me/972524033442?text=%D9%85%D8%B1%D8%AD%D8%A8%D8%A7%D8%8C%20%D8%A3%D8%B1%D9%8A%D8%AF%20%D8%B7%D9%84%D8%A8%20%D8%A7%D9%84%D9%85%D9%86%D8%AA%D8%AC%20T103%20-%20Q101",https://wa.me/972524033442?text=%D9%85%D8%B1%D8%AD%D8%A8%D8%A7%D8%8C%20%D8%A3%D8%B1%D9%8A%D8%AF%20%D8%B7%D9%84%D8%A8%20%D8%A7%D9%84%D9%85%D9%86%D8%AA%D8%AC%20T103%20-%20Q101,https://madperfume.ps/?app=product.show.99,https://www.mad-parfumeur.com/respondio-catalog/og/ar/p-99-t103-q101.jpg?v=20260731-4,https://madperfume.ps/upload/01-2026/product/697e4deae1afe.png
ar,R110,Ralph من Ralph Lauren,عطور النساء,100,https://www.mad-parfumeur.com/respondio-catalog/wa/ar/p-100-r110.html?v=20260731-4,https://www.mad-parfumeur.com/respondio-catalog/media/ar/p-100-r110.jpg?v=20260731-4,"Ralph من Ralph Lauren
الكود: R110
السعر: 100 ILS
عودة للمراسلة: https://wa.me/972524033442?text=%D9%85%D8%B1%D8%AD%D8%A8%D8%A7%D8%8C%20%D8%A3%D8%B1%D9%8A%D8%AF%20%D8%B7%D9%84%D8%A8%20%D8%A7%D9%84%D9%85%D9%86%D8%AA%D8%AC%20R110",https://wa.me/972524033442?text=%D9%85%D8%B1%D8%AD%D8%A8%D8%A7%D8%8C%20%D8%A3%D8%B1%D9%8A%D8%AF%20%D8%B7%D9%84%D8%A8%20%D8%A7%D9%84%D9%85%D9%86%D8%AA%D8%AC%20R110,https://madperfume.ps/?app=product.show.100,https://www.mad-parfumeur.com/respondio-catalog/og/ar/p-100-r110.jpg?v=20260731-4,https://madperfume.ps/upload/06-2025/product/170.png
ar,H103,Hypnotic Poison Eau de Parfum** من **Dior,عطور النساء,100,https://www.mad-parfumeur.com/respondio-catalog/wa/ar/p-101-h103.html?v=20260731-4,https://www.mad-parfumeur.com/respondio-catalog/media/ar/p-101-h103.jpg?v=20260731-4,"Hypnotic Poison Eau de Parfum** من **Dior
الكود: H103
السعر: 100 ILS
عودة للمراسلة: https://wa.me/972524033442?text=%D9%85%D8%B1%D8%AD%D8%A8%D8%A7%D8%8C%20%D8%A3%D8%B1%D9%8A%D8%AF%20%D8%B7%D9%84%D8%A8%20%D8%A7%D9%84%D9%85%D9%86%D8%AA%D8%AC%20H103",https://wa.me/972524033442?text=%D9%85%D8%B1%D8%AD%D8%A8%D8%A7%D8%8C%20%D8%A3%D8%B1%D9%8A%D8%AF%20%D8%B7%D9%84%D8%A8%20%D8%A7%D9%84%D9%85%D9%86%D8%AA%D8%AC%20H103,https://madperfume.ps/?app=product.show.101,https://www.mad-parfumeur.com/respondio-catalog/og/ar/p-101-h103.jpg?v=20260731-4,https://madperfume.ps/upload/01-2026/product/697bb90dd7d61.png
ar,S101,Ginza من Shiseido,عطور النساء,100,https://www.mad-parfumeur.com/respondio-catalog/wa/ar/p-102-s101.html?v=20260731-4,https://www.mad-parfumeur.com/respondio-catalog/media/ar/p-102-s101.jpg?v=20260731-4,"Ginza من Shiseido
الكود: S101
السعر: 100 ILS
عودة للمراسلة: https://wa.me/972524033442?text=%D9%85%D8%B1%D8%AD%D8%A8%D8%A7%D8%8C%20%D8%A3%D8%B1%D9%8A%D8%AF%20%D8%B7%D9%84%D8%A8%20%D8%A7%D9%84%D9%85%D9%86%D8%AA%D8%AC%20S101",https://wa.me/972524033442?text=%D9%85%D8%B1%D8%AD%D8%A8%D8%A7%D8%8C%20%D8%A3%D8%B1%D9%8A%D8%AF%20%D8%B7%D9%84%D8%A8%20%D8%A7%D9%84%D9%85%D9%86%D8%AA%D8%AC%20S101,https://madperfume.ps/?app=product.show.102,https://www.mad-parfumeur.com/respondio-catalog/og/ar/p-102-s101.jpg?v=20260731-4,https://madperfume.ps/upload/06-2025/product/169.png
ar,V102,Night من Victoria's Secret,عطور النساء,100,https://www.mad-parfumeur.com/respondio-catalog/wa/ar/p-103-v102.html?v=20260731-4,https://www.mad-parfumeur.com/respondio-catalog/media/ar/p-103-v102.jpg?v=20260731-4,"Night من Victoria's Secret
الكود: V102
السعر: 100 ILS
عودة للمراسلة: https://wa.me/972524033442?text=%D9%85%D8%B1%D8%AD%D8%A8%D8%A7%D8%8C%20%D8%A3%D8%B1%D9%8A%D8%AF%20%D8%B7%D9%84%D8%A8%20%D8%A7%D9%84%D9%85%D9%86%D8%AA%D8%AC%20V102",https://wa.me/972524033442?text=%D9%85%D8%B1%D8%AD%D8%A8%D8%A7%D8%8C%20%D8%A3%D8%B1%D9%8A%D8%AF%20%D8%B7%D9%84%D8%A8%20%D8%A7%D9%84%D9%85%D9%86%D8%AA%D8%AC%20V102,https://madperfume.ps/?app=product.show.103,https://www.mad-parfumeur.com/respondio-catalog/og/ar/p-103-v102.jpg?v=20260731-4,https://madperfume.ps/upload/01-2026/product/697bda2eee8d5.png
ar,N101,Noa من دار Cacharel,عطور النساء,100,https://www.mad-parfumeur.com/respondio-catalog/wa/ar/p-104-n101.html?v=20260731-4,https://www.mad-parfumeur.com/respondio-catalog/media/ar/p-104-n101.jpg?v=20260731-4,"Noa من دار Cacharel
الكود: N101
السعر: 100 ILS
عودة للمراسلة: https://wa.me/972524033442?text=%D9%85%D8%B1%D8%AD%D8%A8%D8%A7%D8%8C%20%D8%A3%D8%B1%D9%8A%D8%AF%20%D8%B7%D9%84%D8%A8%20%D8%A7%D9%84%D9%85%D9%86%D8%AA%D8%AC%20N101",https://wa.me/972524033442?text=%D9%85%D8%B1%D8%AD%D8%A8%D8%A7%D8%8C%20%D8%A3%D8%B1%D9%8A%D8%AF%20%D8%B7%D9%84%D8%A8%20%D8%A7%D9%84%D9%85%D9%86%D8%AA%D8%AC%20N101,https://madperfume.ps/?app=product.show.104,https://www.mad-parfumeur.com/respondio-catalog/og/ar/p-104-n101.jpg?v=20260731-4,https://madperfume.ps/upload/01-2026/product/697be46b2250b.png
ar,W125,Zen من دار Shiseido,عطور النساء,100,https://www.mad-parfumeur.com/respondio-catalog/wa/ar/p-105-w125.html?v=20260731-4,https://www.mad-parfumeur.com/respondio-catalog/media/ar/p-105-w125.jpg?v=20260731-4,"Zen من دار Shiseido
الكود: W125
السعر: 100 ILS
عودة للمراسلة: https://wa.me/972524033442?text=%D9%85%D8%B1%D8%AD%D8%A8%D8%A7%D8%8C%20%D8%A3%D8%B1%D9%8A%D8%AF%20%D8%B7%D9%84%D8%A8%20%D8%A7%D9%84%D9%85%D9%86%D8%AA%D8%AC%20W125",https://wa.me/972524033442?text=%D9%85%D8%B1%D8%AD%D8%A8%D8%A7%D8%8C%20%D8%A3%D8%B1%D9%8A%D8%AF%20%D8%B7%D9%84%D8%A8%20%D8%A7%D9%84%D9%85%D9%86%D8%AA%D8%AC%20W125,https://madperfume.ps/?app=product.show.105,https://www.mad-parfumeur.com/respondio-catalog/og/ar/p-105-w125.jpg?v=20260731-4,https://madperfume.ps/upload/01-2026/product/697e3b7001c7a.png
ar,N106,Narciso Rodriguez For Her,عطور النساء,100,https://www.mad-parfumeur.com/respondio-catalog/wa/ar/p-106-n106.html?v=20260731-4,https://www.mad-parfumeur.com/respondio-catalog/media/ar/p-106-n106.jpg?v=20260731-4,"Narciso Rodriguez For Her
الكود: N106
السعر: 100 ILS
عودة للمراسلة: https://wa.me/972524033442?text=%D9%85%D8%B1%D8%AD%D8%A8%D8%A7%D8%8C%20%D8%A3%D8%B1%D9%8A%D8%AF%20%D8%B7%D9%84%D8%A8%20%D8%A7%D9%84%D9%85%D9%86%D8%AA%D8%AC%20N106",https://wa.me/972524033442?text=%D9%85%D8%B1%D8%AD%D8%A8%D8%A7%D8%8C%20%D8%A3%D8%B1%D9%8A%D8%AF%20%D8%B7%D9%84%D8%A8%20%D8%A7%D9%84%D9%85%D9%86%D8%AA%D8%AC%20N106,https://madperfume.ps/?app=product.show.106,https://www.mad-parfumeur.com/respondio-catalog/og/ar/p-106-n106.jpg?v=20260731-4,https://madperfume.ps/upload/06-2025/product/152.png
ar,C121,Euphoria Crystalline - Calvin Klein,عطور النساء,100,https://www.mad-parfumeur.com/respondio-catalog/wa/ar/p-107-c121.html?v=20260731-4,https://www.mad-parfumeur.com/respondio-catalog/media/ar/p-107-c121.jpg?v=20260731-4,"Euphoria Crystalline - Calvin Klein
الكود: C121
السعر: 100 ILS
عودة للمراسلة: https://wa.me/972524033442?text=%D9%85%D8%B1%D8%AD%D8%A8%D8%A7%D8%8C%20%D8%A3%D8%B1%D9%8A%D8%AF%20%D8%B7%D9%84%D8%A8%20%D8%A7%D9%84%D9%85%D9%86%D8%AA%D8%AC%20C121",https://wa.me/972524033442?text=%D9%85%D8%B1%D8%AD%D8%A8%D8%A7%D8%8C%20%D8%A3%D8%B1%D9%8A%D8%AF%20%D8%B7%D9%84%D8%A8%20%D8%A7%D9%84%D9%85%D9%86%D8%AA%D8%AC%20C121,https://madperfume.ps/?app=product.show.107,https://www.mad-parfumeur.com/respondio-catalog/og/ar/p-107-c121.jpg?v=20260731-4,https://madperfume.ps/upload/01-2026/product/697d023616d04.png
ar,R105,Gucci Rush من Gucci,عطور النساء,100,https://www.mad-parfumeur.com/respondio-catalog/wa/ar/p-108-r105.html?v=20260731-4,https://www.mad-parfumeur.com/respondio-catalog/media/ar/p-108-r105.jpg?v=20260731-4,"Gucci Rush من Gucci
الكود: R105
السعر: 100 ILS
عودة للمراسلة: https://wa.me/972524033442?text=%D9%85%D8%B1%D8%AD%D8%A8%D8%A7%D8%8C%20%D8%A3%D8%B1%D9%8A%D8%AF%20%D8%B7%D9%84%D8%A8%20%D8%A7%D9%84%D9%85%D9%86%D8%AA%D8%AC%20R105",https://wa.me/972524033442?text=%D9%85%D8%B1%D8%AD%D8%A8%D8%A7%D8%8C%20%D8%A3%D8%B1%D9%8A%D8%AF%20%D8%B7%D9%84%D8%A8%20%D8%A7%D9%84%D9%85%D9%86%D8%AA%D8%AC%20R105,https://madperfume.ps/?app=product.show.108,https://www.mad-parfumeur.com/respondio-catalog/og/ar/p-108-r105.jpg?v=20260731-4,https://madperfume.ps/upload/06-2025/product/193.png
ar,R109,Gucci Rush 2 من Gucci,عطور النساء,100,https://www.mad-parfumeur.com/respondio-catalog/wa/ar/p-109-r109.html?v=20260731-4,https://www.mad-parfumeur.com/respondio-catalog/media/ar/p-109-r109.jpg?v=20260731-4,"Gucci Rush 2 من Gucci
الكود: R109
السعر: 100 ILS
عودة للمراسلة: https://wa.me/972524033442?text=%D9%85%D8%B1%D8%AD%D8%A8%D8%A7%D8%8C%20%D8%A3%D8%B1%D9%8A%D8%AF%20%D8%B7%D9%84%D8%A8%20%D8%A7%D9%84%D9%85%D9%86%D8%AA%D8%AC%20R109",https://wa.me/972524033442?text=%D9%85%D8%B1%D8%AD%D8%A8%D8%A7%D8%8C%20%D8%A3%D8%B1%D9%8A%D8%AF%20%D8%B7%D9%84%D8%A8%20%D8%A7%D9%84%D9%85%D9%86%D8%AA%D8%AC%20R109,https://madperfume.ps/?app=product.show.109,https://www.mad-parfumeur.com/respondio-catalog/og/ar/p-109-r109.jpg?v=20260731-4,https://madperfume.ps/upload/06-2025/product/175.png
ar,L112,Hypnôse Eau Legere** من **Lancôme,عطور النساء,100,https://www.mad-parfumeur.com/respondio-catalog/wa/ar/p-110-l112.html?v=20260731-4,https://www.mad-parfumeur.com/respondio-catalog/media/ar/p-110-l112.jpg?v=20260731-4,"Hypnôse Eau Legere** من **Lancôme
الكود: L112
السعر: 100 ILS
عودة للمراسلة: https://wa.me/972524033442?text=%D9%85%D8%B1%D8%AD%D8%A8%D8%A7%D8%8C%20%D8%A3%D8%B1%D9%8A%D8%AF%20%D8%B7%D9%84%D8%A8%20%D8%A7%D9%84%D9%85%D9%86%D8%AA%D8%AC%20L112",https://wa.me/972524033442?text=%D9%85%D8%B1%D8%AD%D8%A8%D8%A7%D8%8C%20%D8%A3%D8%B1%D9%8A%D8%AF%20%D8%B7%D9%84%D8%A8%20%D8%A7%D9%84%D9%85%D9%86%D8%AA%D8%AC%20L112,https://madperfume.ps/?app=product.show.110,https://www.mad-parfumeur.com/respondio-catalog/og/ar/p-110-l112.jpg?v=20260731-4,https://madperfume.ps/upload/01-2026/product/697e458c3be4c.png
ar,U101,Ultraviolet للنساء من Paco Rabanne,عطور النساء,100,https://www.mad-parfumeur.com/respondio-catalog/wa/ar/p-111-u101.html?v=20260731-4,https://www.mad-parfumeur.com/respondio-catalog/media/ar/p-111-u101.jpg?v=20260731-4,"Ultraviolet للنساء من Paco Rabanne
الكود: U101
السعر: 100 ILS
عودة للمراسلة: https://wa.me/972524033442?text=%D9%85%D8%B1%D8%AD%D8%A8%D8%A7%D8%8C%20%D8%A3%D8%B1%D9%8A%D8%AF%20%D8%B7%D9%84%D8%A8%20%D8%A7%D9%84%D9%85%D9%86%D8%AA%D8%AC%20U101",https://wa.me/972524033442?text=%D9%85%D8%B1%D8%AD%D8%A8%D8%A7%D8%8C%20%D8%A3%D8%B1%D9%8A%D8%AF%20%D8%B7%D9%84%D8%A8%20%D8%A7%D9%84%D9%85%D9%86%D8%AA%D8%AC%20U101,https://madperfume.ps/?app=product.show.111,https://www.mad-parfumeur.com/respondio-catalog/og/ar/p-111-u101.jpg?v=20260731-4,https://madperfume.ps/upload/06-2025/product/150.png
ar,M104,Pink Extasy من دار Montale,عطور النساء,100,https://www.mad-parfumeur.com/respondio-catalog/wa/ar/p-112-m104.html?v=20260731-4,https://www.mad-parfumeur.com/respondio-catalog/media/ar/p-112-m104.jpg?v=20260731-4,"Pink Extasy من دار Montale
الكود: M104
السعر: 100 ILS
عودة للمراسلة: https://wa.me/972524033442?text=%D9%85%D8%B1%D8%AD%D8%A8%D8%A7%D8%8C%20%D8%A3%D8%B1%D9%8A%D8%AF%20%D8%B7%D9%84%D8%A8%20%D8%A7%D9%84%D9%85%D9%86%D8%AA%D8%AC%20M104",https://wa.me/972524033442?text=%D9%85%D8%B1%D8%AD%D8%A8%D8%A7%D8%8C%20%D8%A3%D8%B1%D9%8A%D8%AF%20%D8%B7%D9%84%D8%A8%20%D8%A7%D9%84%D9%85%D9%86%D8%AA%D8%AC%20M104,https://madperfume.ps/?app=product.show.112,https://www.mad-parfumeur.com/respondio-catalog/og/ar/p-112-m104.jpg?v=20260731-4,https://madperfume.ps/upload/06-2025/product/685d46d8dc438.png
ar,A113 women,Alien Goddess - Mugler,عطور النساء,100,https://www.mad-parfumeur.com/respondio-catalog/wa/ar/p-113-a113-women.html?v=20260731-4,https://www.mad-parfumeur.com/respondio-catalog/media/ar/p-113-a113-women.jpg?v=20260731-4,"Alien Goddess - Mugler
الكود: A113 women
السعر: 100 ILS
عودة للمراسلة: https://wa.me/972524033442?text=%D9%85%D8%B1%D8%AD%D8%A8%D8%A7%D8%8C%20%D8%A3%D8%B1%D9%8A%D8%AF%20%D8%B7%D9%84%D8%A8%20%D8%A7%D9%84%D9%85%D9%86%D8%AA%D8%AC%20A113%20women",https://wa.me/972524033442?text=%D9%85%D8%B1%D8%AD%D8%A8%D8%A7%D8%8C%20%D8%A3%D8%B1%D9%8A%D8%AF%20%D8%B7%D9%84%D8%A8%20%D8%A7%D9%84%D9%85%D9%86%D8%AA%D8%AC%20A113%20women,https://madperfume.ps/?app=product.show.113,https://www.mad-parfumeur.com/respondio-catalog/og/ar/p-113-a113-women.jpg?v=20260731-4,https://madperfume.ps/upload/01-2026/product/697e4554e38c4.png
ar,J102 women,Scandal** من **Jean Paul Gaultier,عطور النساء,100,https://www.mad-parfumeur.com/respondio-catalog/wa/ar/p-114-j102-women.html?v=20260731-4,https://www.mad-parfumeur.com/respondio-catalog/media/ar/p-114-j102-women.jpg?v=20260731-4,"Scandal** من **Jean Paul Gaultier
الكود: J102 women
السعر: 100 ILS
عودة للمراسلة: https://wa.me/972524033442?text=%D9%85%D8%B1%D8%AD%D8%A8%D8%A7%D8%8C%20%D8%A3%D8%B1%D9%8A%D8%AF%20%D8%B7%D9%84%D8%A8%20%D8%A7%D9%84%D9%85%D9%86%D8%AA%D8%AC%20J102%20women",https://wa.me/972524033442?text=%D9%85%D8%B1%D8%AD%D8%A8%D8%A7%D8%8C%20%D8%A3%D8%B1%D9%8A%D8%AF%20%D8%B7%D9%84%D8%A8%20%D8%A7%D9%84%D9%85%D9%86%D8%AA%D8%AC%20J102%20women,https://madperfume.ps/?app=product.show.114,https://www.mad-parfumeur.com/respondio-catalog/og/ar/p-114-j102-women.jpg?v=20260731-4,https://madperfume.ps/upload/06-2025/product/98.png
ar,H104,Boss Alive Eau de Parfum** من **Hugo Boss,عطور النساء,100,https://www.mad-parfumeur.com/respondio-catalog/wa/ar/p-115-h104.html?v=20260731-4,https://www.mad-parfumeur.com/respondio-catalog/media/ar/p-115-h104.jpg?v=20260731-4,"Boss Alive Eau de Parfum** من **Hugo Boss
الكود: H104
السعر: 100 ILS
عودة للمراسلة: https://wa.me/972524033442?text=%D9%85%D8%B1%D8%AD%D8%A8%D8%A7%D8%8C%20%D8%A3%D8%B1%D9%8A%D8%AF%20%D8%B7%D9%84%D8%A8%20%D8%A7%D9%84%D9%85%D9%86%D8%AA%D8%AC%20H104",https://wa.me/972524033442?text=%D9%85%D8%B1%D8%AD%D8%A8%D8%A7%D8%8C%20%D8%A3%D8%B1%D9%8A%D8%AF%20%D8%B7%D9%84%D8%A8%20%D8%A7%D9%84%D9%85%D9%86%D8%AA%D8%AC%20H104,https://madperfume.ps/?app=product.show.115,https://www.mad-parfumeur.com/respondio-catalog/og/ar/p-115-h104.jpg?v=20260731-4,https://madperfume.ps/upload/01-2026/product/697e3985e284e.png
ar,J103 women,Gaultier 2** من **Jean Paul Gaultier**,عطور النساء,100,https://www.mad-parfumeur.com/respondio-catalog/wa/ar/p-116-j103-women.html?v=20260731-4,https://www.mad-parfumeur.com/respondio-catalog/media/ar/p-116-j103-women.jpg?v=20260731-4,"Gaultier 2** من **Jean Paul Gaultier**
الكود: J103 women
السعر: 100 ILS
عودة للمراسلة: https://wa.me/972524033442?text=%D9%85%D8%B1%D8%AD%D8%A8%D8%A7%D8%8C%20%D8%A3%D8%B1%D9%8A%D8%AF%20%D8%B7%D9%84%D8%A8%20%D8%A7%D9%84%D9%85%D9%86%D8%AA%D8%AC%20J103%20women",https://wa.me/972524033442?text=%D9%85%D8%B1%D8%AD%D8%A8%D8%A7%D8%8C%20%D8%A3%D8%B1%D9%8A%D8%AF%20%D8%B7%D9%84%D8%A8%20%D8%A7%D9%84%D9%85%D9%86%D8%AA%D8%AC%20J103%20women,https://madperfume.ps/?app=product.show.116,https://www.mad-parfumeur.com/respondio-catalog/og/ar/p-116-j103-women.jpg?v=20260731-4,https://madperfume.ps/upload/06-2025/product/129 (1).png
ar,J101 women,J'Adore Absolu** من **Dior,عطور النساء,100,https://www.mad-parfumeur.com/respondio-catalog/wa/ar/p-117-j101-women.html?v=20260731-4,https://www.mad-parfumeur.com/respondio-catalog/media/ar/p-117-j101-women.jpg?v=20260731-4,"J'Adore Absolu** من **Dior
الكود: J101 women
السعر: 100 ILS
عودة للمراسلة: https://wa.me/972524033442?text=%D9%85%D8%B1%D8%AD%D8%A8%D8%A7%D8%8C%20%D8%A3%D8%B1%D9%8A%D8%AF%20%D8%B7%D9%84%D8%A8%20%D8%A7%D9%84%D9%85%D9%86%D8%AA%D8%AC%20J101%20women",https://wa.me/972524033442?text=%D9%85%D8%B1%D8%AD%D8%A8%D8%A7%D8%8C%20%D8%A3%D8%B1%D9%8A%D8%AF%20%D8%B7%D9%84%D8%A8%20%D8%A7%D9%84%D9%85%D9%86%D8%AA%D8%AC%20J101%20women,https://madperfume.ps/?app=product.show.117,https://www.mad-parfumeur.com/respondio-catalog/og/ar/p-117-j101-women.jpg?v=20260731-4,https://madperfume.ps/upload/06-2025/product/6851180187df0.png
ar,K101 women,Good Girl Gone Bad** من **By Kilian,عطور النساء,100,https://www.mad-parfumeur.com/respondio-catalog/wa/ar/p-118-k101-women.html?v=20260731-4,https://www.mad-parfumeur.com/respondio-catalog/media/ar/p-118-k101-women.jpg?v=20260731-4,"Good Girl Gone Bad** من **By Kilian
الكود: K101 women
السعر: 100 ILS
عودة للمراسلة: https://wa.me/972524033442?text=%D9%85%D8%B1%D8%AD%D8%A8%D8%A7%D8%8C%20%D8%A3%D8%B1%D9%8A%D8%AF%20%D8%B7%D9%84%D8%A8%20%D8%A7%D9%84%D9%85%D9%86%D8%AA%D8%AC%20K101%20women",https://wa.me/972524033442?text=%D9%85%D8%B1%D8%AD%D8%A8%D8%A7%D8%8C%20%D8%A3%D8%B1%D9%8A%D8%AF%20%D8%B7%D9%84%D8%A8%20%D8%A7%D9%84%D9%85%D9%86%D8%AA%D8%AC%20K101%20women,https://madperfume.ps/?app=product.show.118,https://www.mad-parfumeur.com/respondio-catalog/og/ar/p-118-k101-women.jpg?v=20260731-4,https://madperfume.ps/upload/01-2026/product/697e553c4ce99.png
ar,C119,Yes I Am - Cacharel,عطور النساء,100,https://www.mad-parfumeur.com/respondio-catalog/wa/ar/p-119-c119.html?v=20260731-4,https://www.mad-parfumeur.com/respondio-catalog/media/ar/p-119-c119.jpg?v=20260731-4,"Yes I Am - Cacharel
الكود: C119
السعر: 100 ILS
عودة للمراسلة: https://wa.me/972524033442?text=%D9%85%D8%B1%D8%AD%D8%A8%D8%A7%D8%8C%20%D8%A3%D8%B1%D9%8A%D8%AF%20%D8%B7%D9%84%D8%A8%20%D8%A7%D9%84%D9%85%D9%86%D8%AA%D8%AC%20C119",https://wa.me/972524033442?text=%D9%85%D8%B1%D8%AD%D8%A8%D8%A7%D8%8C%20%D8%A3%D8%B1%D9%8A%D8%AF%20%D8%B7%D9%84%D8%A8%20%D8%A7%D9%84%D9%85%D9%86%D8%AA%D8%AC%20C119,https://madperfume.ps/?app=product.show.119,https://www.mad-parfumeur.com/respondio-catalog/og/ar/p-119-c119.jpg?v=20260731-4,https://madperfume.ps/upload/06-2025/product/113.png
ar,G104,L'Interdit Eau de Parfum - Givenchy,عطور النساء,100,https://www.mad-parfumeur.com/respondio-catalog/wa/ar/p-120-g104.html?v=20260731-4,https://www.mad-parfumeur.com/respondio-catalog/media/ar/p-120-g104.jpg?v=20260731-4,"L'Interdit Eau de Parfum - Givenchy
الكود: G104
السعر: 100 ILS
عودة للمراسلة: https://wa.me/972524033442?text=%D9%85%D8%B1%D8%AD%D8%A8%D8%A7%D8%8C%20%D8%A3%D8%B1%D9%8A%D8%AF%20%D8%B7%D9%84%D8%A8%20%D8%A7%D9%84%D9%85%D9%86%D8%AA%D8%AC%20G104",https://wa.me/972524033442?text=%D9%85%D8%B1%D8%AD%D8%A8%D8%A7%D8%8C%20%D8%A3%D8%B1%D9%8A%D8%AF%20%D8%B7%D9%84%D8%A8%20%D8%A7%D9%84%D9%85%D9%86%D8%AA%D8%AC%20G104,https://madperfume.ps/?app=product.show.120,https://www.mad-parfumeur.com/respondio-catalog/og/ar/p-120-g104.jpg?v=20260731-4,https://madperfume.ps/upload/06-2025/product/68511580218a8.png
ar,G106,Good Girl Suprême - Carolina Herrera,عطور النساء,100,https://www.mad-parfumeur.com/respondio-catalog/wa/ar/p-121-g106.html?v=20260731-4,https://www.mad-parfumeur.com/respondio-catalog/media/ar/p-121-g106.jpg?v=20260731-4,"Good Girl Suprême - Carolina Herrera
الكود: G106
السعر: 100 ILS
عودة للمراسلة: https://wa.me/972524033442?text=%D9%85%D8%B1%D8%AD%D8%A8%D8%A7%D8%8C%20%D8%A3%D8%B1%D9%8A%D8%AF%20%D8%B7%D9%84%D8%A8%20%D8%A7%D9%84%D9%85%D9%86%D8%AA%D8%AC%20G106",https://wa.me/972524033442?text=%D9%85%D8%B1%D8%AD%D8%A8%D8%A7%D8%8C%20%D8%A3%D8%B1%D9%8A%D8%AF%20%D8%B7%D9%84%D8%A8%20%D8%A7%D9%84%D9%85%D9%86%D8%AA%D8%AC%20G106,https://madperfume.ps/?app=product.show.121,https://www.mad-parfumeur.com/respondio-catalog/og/ar/p-121-g106.jpg?v=20260731-4,https://madperfume.ps/upload/01-2026/product/697d09acb8bd4.png
ar,G103 women,Good Girl - Carolina Herrera,عطور النساء,100,https://www.mad-parfumeur.com/respondio-catalog/wa/ar/p-122-g103-women.html?v=20260731-4,https://www.mad-parfumeur.com/respondio-catalog/media/ar/p-122-g103-women.jpg?v=20260731-4,"Good Girl - Carolina Herrera
الكود: G103 women
السعر: 100 ILS
عودة للمراسلة: https://wa.me/972524033442?text=%D9%85%D8%B1%D8%AD%D8%A8%D8%A7%D8%8C%20%D8%A3%D8%B1%D9%8A%D8%AF%20%D8%B7%D9%84%D8%A8%20%D8%A7%D9%84%D9%85%D9%86%D8%AA%D8%AC%20G103%20women",https://wa.me/972524033442?text=%D9%85%D8%B1%D8%AD%D8%A8%D8%A7%D8%8C%20%D8%A3%D8%B1%D9%8A%D8%AF%20%D8%B7%D9%84%D8%A8%20%D8%A7%D9%84%D9%85%D9%86%D8%AA%D8%AC%20G103%20women,https://madperfume.ps/?app=product.show.122,https://www.mad-parfumeur.com/respondio-catalog/og/ar/p-122-g103-women.jpg?v=20260731-4,https://madperfume.ps/upload/01-2026/product/697bb60c1956b.png
ar,D119,Echo Woman - Davidoff,عطور النساء,100,https://www.mad-parfumeur.com/respondio-catalog/wa/ar/p-123-d119.html?v=20260731-4,https://www.mad-parfumeur.com/respondio-catalog/media/ar/p-123-d119.jpg?v=20260731-4,"Echo Woman - Davidoff
الكود: D119
السعر: 100 ILS
عودة للمراسلة: https://wa.me/972524033442?text=%D9%85%D8%B1%D8%AD%D8%A8%D8%A7%D8%8C%20%D8%A3%D8%B1%D9%8A%D8%AF%20%D8%B7%D9%84%D8%A8%20%D8%A7%D9%84%D9%85%D9%86%D8%AA%D8%AC%20D119",https://wa.me/972524033442?text=%D9%85%D8%B1%D8%AD%D8%A8%D8%A7%D8%8C%20%D8%A3%D8%B1%D9%8A%D8%AF%20%D8%B7%D9%84%D8%A8%20%D8%A7%D9%84%D9%85%D9%86%D8%AA%D8%AC%20D119,https://madperfume.ps/?app=product.show.123,https://www.mad-parfumeur.com/respondio-catalog/og/ar/p-123-d119.jpg?v=20260731-4,https://madperfume.ps/upload/01-2026/product/697d056820e9b.png
ar,D121,DKNY Be Delicious - Donna Karan,عطور النساء,100,https://www.mad-parfumeur.com/respondio-catalog/wa/ar/p-124-d121.html?v=20260731-4,https://www.mad-parfumeur.com/respondio-catalog/media/ar/p-124-d121.jpg?v=20260731-4,"DKNY Be Delicious - Donna Karan
الكود: D121
السعر: 100 ILS
عودة للمراسلة: https://wa.me/972524033442?text=%D9%85%D8%B1%D8%AD%D8%A8%D8%A7%D8%8C%20%D8%A3%D8%B1%D9%8A%D8%AF%20%D8%B7%D9%84%D8%A8%20%D8%A7%D9%84%D9%85%D9%86%D8%AA%D8%AC%20D121",https://wa.me/972524033442?text=%D9%85%D8%B1%D8%AD%D8%A8%D8%A7%D8%8C%20%D8%A3%D8%B1%D9%8A%D8%AF%20%D8%B7%D9%84%D8%A8%20%D8%A7%D9%84%D9%85%D9%86%D8%AA%D8%AC%20D121,https://madperfume.ps/?app=product.show.124,https://www.mad-parfumeur.com/respondio-catalog/og/ar/p-124-d121.jpg?v=20260731-4,https://madperfume.ps/upload/01-2026/product/697e7adb85663.png
ar,L103 women,La Vie est Belle en Rose** من **Lancôme,عطور النساء,100,https://www.mad-parfumeur.com/respondio-catalog/wa/ar/p-126-l103-women.html?v=20260731-4,https://www.mad-parfumeur.com/respondio-catalog/media/ar/p-126-l103-women.jpg?v=20260731-4,"La Vie est Belle en Rose** من **Lancôme
الكود: L103 women
السعر: 100 ILS
عودة للمراسلة: https://wa.me/972524033442?text=%D9%85%D8%B1%D8%AD%D8%A8%D8%A7%D8%8C%20%D8%A3%D8%B1%D9%8A%D8%AF%20%D8%B7%D9%84%D8%A8%20%D8%A7%D9%84%D9%85%D9%86%D8%AA%D8%AC%20L103%20women",https://wa.me/972524033442?text=%D9%85%D8%B1%D8%AD%D8%A8%D8%A7%D8%8C%20%D8%A3%D8%B1%D9%8A%D8%AF%20%D8%B7%D9%84%D8%A8%20%D8%A7%D9%84%D9%85%D9%86%D8%AA%D8%AC%20L103%20women,https://madperfume.ps/?app=product.show.126,https://www.mad-parfumeur.com/respondio-catalog/og/ar/p-126-l103-women.jpg?v=20260731-4,https://madperfume.ps/upload/06-2025/product/110 (1).png
ar,E101,Girl of Now - Elie Saab,عطور النساء,100,https://www.mad-parfumeur.com/respondio-catalog/wa/ar/p-127-e101.html?v=20260731-4,https://www.mad-parfumeur.com/respondio-catalog/media/ar/p-127-e101.jpg?v=20260731-4,"Girl of Now - Elie Saab
الكود: E101
السعر: 100 ILS
عودة للمراسلة: https://wa.me/972524033442?text=%D9%85%D8%B1%D8%AD%D8%A8%D8%A7%D8%8C%20%D8%A3%D8%B1%D9%8A%D8%AF%20%D8%B7%D9%84%D8%A8%20%D8%A7%D9%84%D9%85%D9%86%D8%AA%D8%AC%20E101",https://wa.me/972524033442?text=%D9%85%D8%B1%D8%AD%D8%A8%D8%A7%D8%8C%20%D8%A3%D8%B1%D9%8A%D8%AF%20%D8%B7%D9%84%D8%A8%20%D8%A7%D9%84%D9%85%D9%86%D8%AA%D8%AC%20E101,https://madperfume.ps/?app=product.show.127,https://www.mad-parfumeur.com/respondio-catalog/og/ar/p-127-e101.jpg?v=20260731-4,https://madperfume.ps/upload/06-2025/product/100.png
ar,E104 women,Emporio Armani She - Giorgio Armani,عطور النساء,100,https://www.mad-parfumeur.com/respondio-catalog/wa/ar/p-128-e104-women.html?v=20260731-4,https://www.mad-parfumeur.com/respondio-catalog/media/ar/p-128-e104-women.jpg?v=20260731-4,"Emporio Armani She - Giorgio Armani
الكود: E104 women
السعر: 100 ILS
عودة للمراسلة: https://wa.me/972524033442?text=%D9%85%D8%B1%D8%AD%D8%A8%D8%A7%D8%8C%20%D8%A3%D8%B1%D9%8A%D8%AF%20%D8%B7%D9%84%D8%A8%20%D8%A7%D9%84%D9%85%D9%86%D8%AA%D8%AC%20E104%20women",https://wa.me/972524033442?text=%D9%85%D8%B1%D8%AD%D8%A8%D8%A7%D8%8C%20%D8%A3%D8%B1%D9%8A%D8%AF%20%D8%B7%D9%84%D8%A8%20%D8%A7%D9%84%D9%85%D9%86%D8%AA%D8%AC%20E104%20women,https://madperfume.ps/?app=product.show.128,https://www.mad-parfumeur.com/respondio-catalog/og/ar/p-128-e104-women.jpg?v=20260731-4,https://madperfume.ps/upload/02-2026/product/697e83709b1ac.png
ar,D114,Miss Dior Blooming Bouquet - Dior,عطور النساء,100,https://www.mad-parfumeur.com/respondio-catalog/wa/ar/p-129-d114.html?v=20260731-4,https://www.mad-parfumeur.com/respondio-catalog/media/ar/p-129-d114.jpg?v=20260731-4,"Miss Dior Blooming Bouquet - Dior
الكود: D114
السعر: 100 ILS
عودة للمراسلة: https://wa.me/972524033442?text=%D9%85%D8%B1%D8%AD%D8%A8%D8%A7%D8%8C%20%D8%A3%D8%B1%D9%8A%D8%AF%20%D8%B7%D9%84%D8%A8%20%D8%A7%D9%84%D9%85%D9%86%D8%AA%D8%AC%20D114",https://wa.me/972524033442?text=%D9%85%D8%B1%D8%AD%D8%A8%D8%A7%D8%8C%20%D8%A3%D8%B1%D9%8A%D8%AF%20%D8%B7%D9%84%D8%A8%20%D8%A7%D9%84%D9%85%D9%86%D8%AA%D8%AC%20D114,https://madperfume.ps/?app=product.show.129,https://www.mad-parfumeur.com/respondio-catalog/og/ar/p-129-d114.jpg?v=20260731-4,https://madperfume.ps/upload/01-2026/product/697ceb892f655.png
ar,P105 women,Fame من Rabanne,عطور النساء,100,https://www.mad-parfumeur.com/respondio-catalog/wa/ar/p-130-p105-women.html?v=20260731-4,https://www.mad-parfumeur.com/respondio-catalog/media/ar/p-130-p105-women.jpg?v=20260731-4,"Fame من Rabanne
الكود: P105 women
السعر: 100 ILS
عودة للمراسلة: https://wa.me/972524033442?text=%D9%85%D8%B1%D8%AD%D8%A8%D8%A7%D8%8C%20%D8%A3%D8%B1%D9%8A%D8%AF%20%D8%B7%D9%84%D8%A8%20%D8%A7%D9%84%D9%85%D9%86%D8%AA%D8%AC%20P105%20women",https://wa.me/972524033442?text=%D9%85%D8%B1%D8%AD%D8%A8%D8%A7%D8%8C%20%D8%A3%D8%B1%D9%8A%D8%AF%20%D8%B7%D9%84%D8%A8%20%D8%A7%D9%84%D9%85%D9%86%D8%AA%D8%AC%20P105%20women,https://madperfume.ps/?app=product.show.130,https://www.mad-parfumeur.com/respondio-catalog/og/ar/p-130-p105-women.jpg?v=20260731-4,https://madperfume.ps/upload/01-2026/product/697be905b53ca.png
ar,c120,Coco Mademoiselle Intense - Chanel,عطور النساء,100,https://www.mad-parfumeur.com/respondio-catalog/wa/ar/p-131-c120.html?v=20260731-4,https://www.mad-parfumeur.com/respondio-catalog/media/ar/p-131-c120.jpg?v=20260731-4,"Coco Mademoiselle Intense - Chanel
الكود: c120
السعر: 100 ILS
عودة للمراسلة: https://wa.me/972524033442?text=%D9%85%D8%B1%D8%AD%D8%A8%D8%A7%D8%8C%20%D8%A3%D8%B1%D9%8A%D8%AF%20%D8%B7%D9%84%D8%A8%20%D8%A7%D9%84%D9%85%D9%86%D8%AA%D8%AC%20c120",https://wa.me/972524033442?text=%D9%85%D8%B1%D8%AD%D8%A8%D8%A7%D8%8C%20%D8%A3%D8%B1%D9%8A%D8%AF%20%D8%B7%D9%84%D8%A8%20%D8%A7%D9%84%D9%85%D9%86%D8%AA%D8%AC%20c120,https://madperfume.ps/?app=product.show.131,https://www.mad-parfumeur.com/respondio-catalog/og/ar/p-131-c120.jpg?v=20260731-4,https://madperfume.ps/upload/01-2026/product/697cea837728c.png
ar,C123,Chance Eau de Parfum - Chanel,عطور النساء,100,https://www.mad-parfumeur.com/respondio-catalog/wa/ar/p-132-c123.html?v=20260731-4,https://www.mad-parfumeur.com/respondio-catalog/media/ar/p-132-c123.jpg?v=20260731-4,"Chance Eau de Parfum - Chanel
الكود: C123
السعر: 100 ILS
عودة للمراسلة: https://wa.me/972524033442?text=%D9%85%D8%B1%D8%AD%D8%A8%D8%A7%D8%8C%20%D8%A3%D8%B1%D9%8A%D8%AF%20%D8%B7%D9%84%D8%A8%20%D8%A7%D9%84%D9%85%D9%86%D8%AA%D8%AC%20C123",https://wa.me/972524033442?text=%D9%85%D8%B1%D8%AD%D8%A8%D8%A7%D8%8C%20%D8%A3%D8%B1%D9%8A%D8%AF%20%D8%B7%D9%84%D8%A8%20%D8%A7%D9%84%D9%85%D9%86%D8%AA%D8%AC%20C123,https://madperfume.ps/?app=product.show.132,https://www.mad-parfumeur.com/respondio-catalog/og/ar/p-132-c123.jpg?v=20260731-4,https://madperfume.ps/upload/01-2026/product/697be10458a5f.png
ar,V109,Tease Crème Cloud من Victoria's Secret,عطور النساء,100,https://www.mad-parfumeur.com/respondio-catalog/wa/ar/p-133-v109.html?v=20260731-4,https://www.mad-parfumeur.com/respondio-catalog/media/ar/p-133-v109.jpg?v=20260731-4,"Tease Crème Cloud من Victoria's Secret
الكود: V109
السعر: 100 ILS
عودة للمراسلة: https://wa.me/972524033442?text=%D9%85%D8%B1%D8%AD%D8%A8%D8%A7%D8%8C%20%D8%A3%D8%B1%D9%8A%D8%AF%20%D8%B7%D9%84%D8%A8%20%D8%A7%D9%84%D9%85%D9%86%D8%AA%D8%AC%20V109",https://wa.me/972524033442?text=%D9%85%D8%B1%D8%AD%D8%A8%D8%A7%D8%8C%20%D8%A3%D8%B1%D9%8A%D8%AF%20%D8%B7%D9%84%D8%A8%20%D8%A7%D9%84%D9%85%D9%86%D8%AA%D8%AC%20V109,https://madperfume.ps/?app=product.show.133,https://www.mad-parfumeur.com/respondio-catalog/og/ar/p-133-v109.jpg?v=20260731-4,https://madperfume.ps/upload/01-2026/product/697bb9f2b9acc.png
ar,B103 women,Burberry Her - Burberry,عطور النساء,100,https://www.mad-parfumeur.com/respondio-catalog/wa/ar/p-134-b103-women.html?v=20260731-4,https://www.mad-parfumeur.com/respondio-catalog/media/ar/p-134-b103-women.jpg?v=20260731-4,"Burberry Her - Burberry
الكود: B103 women
السعر: 100 ILS
عودة للمراسلة: https://wa.me/972524033442?text=%D9%85%D8%B1%D8%AD%D8%A8%D8%A7%D8%8C%20%D8%A3%D8%B1%D9%8A%D8%AF%20%D8%B7%D9%84%D8%A8%20%D8%A7%D9%84%D9%85%D9%86%D8%AA%D8%AC%20B103%20women",https://wa.me/972524033442?text=%D9%85%D8%B1%D8%AD%D8%A8%D8%A7%D8%8C%20%D8%A3%D8%B1%D9%8A%D8%AF%20%D8%B7%D9%84%D8%A8%20%D8%A7%D9%84%D9%85%D9%86%D8%AA%D8%AC%20B103%20women,https://madperfume.ps/?app=product.show.134,https://www.mad-parfumeur.com/respondio-catalog/og/ar/p-134-b103-women.jpg?v=20260731-4,https://madperfume.ps/upload/01-2026/product/697bdc5e1a126.png
ar,I102,L'eau d'Issey** من **Issey Miyake,عطور النساء,100,https://www.mad-parfumeur.com/respondio-catalog/wa/ar/p-135-i102.html?v=20260731-4,https://www.mad-parfumeur.com/respondio-catalog/media/ar/p-135-i102.jpg?v=20260731-4,"L'eau d'Issey** من **Issey Miyake
الكود: I102
السعر: 100 ILS
عودة للمراسلة: https://wa.me/972524033442?text=%D9%85%D8%B1%D8%AD%D8%A8%D8%A7%D8%8C%20%D8%A3%D8%B1%D9%8A%D8%AF%20%D8%B7%D9%84%D8%A8%20%D8%A7%D9%84%D9%85%D9%86%D8%AA%D8%AC%20I102",https://wa.me/972524033442?text=%D9%85%D8%B1%D8%AD%D8%A8%D8%A7%D8%8C%20%D8%A3%D8%B1%D9%8A%D8%AF%20%D8%B7%D9%84%D8%A8%20%D8%A7%D9%84%D9%85%D9%86%D8%AA%D8%AC%20I102,https://madperfume.ps/?app=product.show.135,https://www.mad-parfumeur.com/respondio-catalog/og/ar/p-135-i102.jpg?v=20260731-4,https://madperfume.ps/upload/06-2025/product/146.png
ar,V110,Bombshell Sundrenched – من Victoria's Secret,عطور النساء,100,https://www.mad-parfumeur.com/respondio-catalog/wa/ar/p-136-v110.html?v=20260731-4,https://www.mad-parfumeur.com/respondio-catalog/media/ar/p-136-v110.jpg?v=20260731-4,"Bombshell Sundrenched – من Victoria's Secret
الكود: V110
السعر: 100 ILS
عودة للمراسلة: https://wa.me/972524033442?text=%D9%85%D8%B1%D8%AD%D8%A8%D8%A7%D8%8C%20%D8%A3%D8%B1%D9%8A%D8%AF%20%D8%B7%D9%84%D8%A8%20%D8%A7%D9%84%D9%85%D9%86%D8%AA%D8%AC%20V110",https://wa.me/972524033442?text=%D9%85%D8%B1%D8%AD%D8%A8%D8%A7%D8%8C%20%D8%A3%D8%B1%D9%8A%D8%AF%20%D8%B7%D9%84%D8%A8%20%D8%A7%D9%84%D9%85%D9%86%D8%AA%D8%AC%20V110,https://madperfume.ps/?app=product.show.136,https://www.mad-parfumeur.com/respondio-catalog/og/ar/p-136-v110.jpg?v=20260731-4,https://madperfume.ps/upload/06-2025/product/166.png
ar,Y101 women,Libre Yves Saint Laurent,عطور النساء,100,https://www.mad-parfumeur.com/respondio-catalog/wa/ar/p-138-y101-women.html?v=20260731-4,https://www.mad-parfumeur.com/respondio-catalog/media/ar/p-138-y101-women.jpg?v=20260731-4,"Libre Yves Saint Laurent
الكود: Y101 women
السعر: 100 ILS
عودة للمراسلة: https://wa.me/972524033442?text=%D9%85%D8%B1%D8%AD%D8%A8%D8%A7%D8%8C%20%D8%A3%D8%B1%D9%8A%D8%AF%20%D8%B7%D9%84%D8%A8%20%D8%A7%D9%84%D9%85%D9%86%D8%AA%D8%AC%20Y101%20women",https://wa.me/972524033442?text=%D9%85%D8%B1%D8%AD%D8%A8%D8%A7%D8%8C%20%D8%A3%D8%B1%D9%8A%D8%AF%20%D8%B7%D9%84%D8%A8%20%D8%A7%D9%84%D9%85%D9%86%D8%AA%D8%AC%20Y101%20women,https://madperfume.ps/?app=product.show.138,https://www.mad-parfumeur.com/respondio-catalog/og/ar/p-138-y101-women.jpg?v=20260731-4,https://madperfume.ps/upload/01-2026/product/697bdb2b877be.png
ar,Z101,This is Her! – من Zadig & Voltaire,عطور النساء,100,https://www.mad-parfumeur.com/respondio-catalog/wa/ar/p-139-z101.html?v=20260731-4,https://www.mad-parfumeur.com/respondio-catalog/media/ar/p-139-z101.jpg?v=20260731-4,"This is Her! – من Zadig & Voltaire
الكود: Z101
السعر: 100 ILS
عودة للمراسلة: https://wa.me/972524033442?text=%D9%85%D8%B1%D8%AD%D8%A8%D8%A7%D8%8C%20%D8%A3%D8%B1%D9%8A%D8%AF%20%D8%B7%D9%84%D8%A8%20%D8%A7%D9%84%D9%85%D9%86%D8%AA%D8%AC%20Z101",https://wa.me/972524033442?text=%D9%85%D8%B1%D8%AD%D8%A8%D8%A7%D8%8C%20%D8%A3%D8%B1%D9%8A%D8%AF%20%D8%B7%D9%84%D8%A8%20%D8%A7%D9%84%D9%85%D9%86%D8%AA%D8%AC%20Z101,https://madperfume.ps/?app=product.show.139,https://www.mad-parfumeur.com/respondio-catalog/og/ar/p-139-z101.jpg?v=20260731-4,https://madperfume.ps/upload/01-2026/product/697bb4d8cb32b.png
ar,B104,Burberry Women - Burberry,عطور النساء,100,https://www.mad-parfumeur.com/respondio-catalog/wa/ar/p-140-b104.html?v=20260731-4,https://www.mad-parfumeur.com/respondio-catalog/media/ar/p-140-b104.jpg?v=20260731-4,"Burberry Women - Burberry
الكود: B104
السعر: 100 ILS
عودة للمراسلة: https://wa.me/972524033442?text=%D9%85%D8%B1%D8%AD%D8%A8%D8%A7%D8%8C%20%D8%A3%D8%B1%D9%8A%D8%AF%20%D8%B7%D9%84%D8%A8%20%D8%A7%D9%84%D9%85%D9%86%D8%AA%D8%AC%20B104",https://wa.me/972524033442?text=%D9%85%D8%B1%D8%AD%D8%A8%D8%A7%D8%8C%20%D8%A3%D8%B1%D9%8A%D8%AF%20%D8%B7%D9%84%D8%A8%20%D8%A7%D9%84%D9%85%D9%86%D8%AA%D8%AC%20B104,https://madperfume.ps/?app=product.show.140,https://www.mad-parfumeur.com/respondio-catalog/og/ar/p-140-b104.jpg?v=20260731-4,https://madperfume.ps/upload/06-2025/product/144.png
ar,Z102,Just Rock! for Her – من Zadig & Voltaire,عطور النساء,100,https://www.mad-parfumeur.com/respondio-catalog/wa/ar/p-141-z102.html?v=20260731-4,https://www.mad-parfumeur.com/respondio-catalog/media/ar/p-141-z102.jpg?v=20260731-4,"Just Rock! for Her – من Zadig & Voltaire
الكود: Z102
السعر: 100 ILS
عودة للمراسلة: https://wa.me/972524033442?text=%D9%85%D8%B1%D8%AD%D8%A8%D8%A7%D8%8C%20%D8%A3%D8%B1%D9%8A%D8%AF%20%D8%B7%D9%84%D8%A8%20%D8%A7%D9%84%D9%85%D9%86%D8%AA%D8%AC%20Z102",https://wa.me/972524033442?text=%D9%85%D8%B1%D8%AD%D8%A8%D8%A7%D8%8C%20%D8%A3%D8%B1%D9%8A%D8%AF%20%D8%B7%D9%84%D8%A8%20%D8%A7%D9%84%D9%85%D9%86%D8%AA%D8%AC%20Z102,https://madperfume.ps/?app=product.show.141,https://www.mad-parfumeur.com/respondio-catalog/og/ar/p-141-z102.jpg?v=20260731-4,https://madperfume.ps/upload/06-2025/product/685081ef4cc6e.png
ar,W175,Body – من Burberry,عطور النساء,100,https://www.mad-parfumeur.com/respondio-catalog/wa/ar/p-142-w175.html?v=20260731-4,https://www.mad-parfumeur.com/respondio-catalog/media/ar/p-142-w175.jpg?v=20260731-4,"Body – من Burberry
الكود: W175
السعر: 100 ILS
عودة للمراسلة: https://wa.me/972524033442?text=%D9%85%D8%B1%D8%AD%D8%A8%D8%A7%D8%8C%20%D8%A3%D8%B1%D9%8A%D8%AF%20%D8%B7%D9%84%D8%A8%20%D8%A7%D9%84%D9%85%D9%86%D8%AA%D8%AC%20W175",https://wa.me/972524033442?text=%D9%85%D8%B1%D8%AD%D8%A8%D8%A7%D8%8C%20%D8%A3%D8%B1%D9%8A%D8%AF%20%D8%B7%D9%84%D8%A8%20%D8%A7%D9%84%D9%85%D9%86%D8%AA%D8%AC%20W175,https://madperfume.ps/?app=product.show.142,https://www.mad-parfumeur.com/respondio-catalog/og/ar/p-142-w175.jpg?v=20260731-4,https://madperfume.ps/upload/06-2025/product/135.png
ar,W179 women,Vanitas – من فيرساتشي,عطور النساء,100,https://www.mad-parfumeur.com/respondio-catalog/wa/ar/p-143-w179-women.html?v=20260731-4,https://www.mad-parfumeur.com/respondio-catalog/media/ar/p-143-w179-women.jpg?v=20260731-4,"Vanitas – من فيرساتشي
الكود: W179 women
السعر: 100 ILS
عودة للمراسلة: https://wa.me/972524033442?text=%D9%85%D8%B1%D8%AD%D8%A8%D8%A7%D8%8C%20%D8%A3%D8%B1%D9%8A%D8%AF%20%D8%B7%D9%84%D8%A8%20%D8%A7%D9%84%D9%85%D9%86%D8%AA%D8%AC%20W179%20women",https://wa.me/972524033442?text=%D9%85%D8%B1%D8%AD%D8%A8%D8%A7%D8%8C%20%D8%A3%D8%B1%D9%8A%D8%AF%20%D8%B7%D9%84%D8%A8%20%D8%A7%D9%84%D9%85%D9%86%D8%AA%D8%AC%20W179%20women,https://madperfume.ps/?app=product.show.143,https://www.mad-parfumeur.com/respondio-catalog/og/ar/p-143-w179-women.jpg?v=20260731-4,https://madperfume.ps/upload/06-2025/product/134.png
ar,W214,Bombshell – من Victoria's Secret,عطور النساء,100,https://www.mad-parfumeur.com/respondio-catalog/wa/ar/p-144-w214.html?v=20260731-4,https://www.mad-parfumeur.com/respondio-catalog/media/ar/p-144-w214.jpg?v=20260731-4,"Bombshell – من Victoria's Secret
الكود: W214
السعر: 100 ILS
عودة للمراسلة: https://wa.me/972524033442?text=%D9%85%D8%B1%D8%AD%D8%A8%D8%A7%D8%8C%20%D8%A3%D8%B1%D9%8A%D8%AF%20%D8%B7%D9%84%D8%A8%20%D8%A7%D9%84%D9%85%D9%86%D8%AA%D8%AC%20W214",https://wa.me/972524033442?text=%D9%85%D8%B1%D8%AD%D8%A8%D8%A7%D8%8C%20%D8%A3%D8%B1%D9%8A%D8%AF%20%D8%B7%D9%84%D8%A8%20%D8%A7%D9%84%D9%85%D9%86%D8%AA%D8%AC%20W214,https://madperfume.ps/?app=product.show.144,https://www.mad-parfumeur.com/respondio-catalog/og/ar/p-144-w214.jpg?v=20260731-4,https://madperfume.ps/upload/06-2025/product/143.png
ar,W217,Bright Crystal – من فيرساتشي,عطور النساء,100,https://www.mad-parfumeur.com/respondio-catalog/wa/ar/p-145-w217.html?v=20260731-4,https://www.mad-parfumeur.com/respondio-catalog/media/ar/p-145-w217.jpg?v=20260731-4,"Bright Crystal – من فيرساتشي
الكود: W217
السعر: 100 ILS
عودة للمراسلة: https://wa.me/972524033442?text=%D9%85%D8%B1%D8%AD%D8%A8%D8%A7%D8%8C%20%D8%A3%D8%B1%D9%8A%D8%AF%20%D8%B7%D9%84%D8%A8%20%D8%A7%D9%84%D9%85%D9%86%D8%AA%D8%AC%20W217",https://wa.me/972524033442?text=%D9%85%D8%B1%D8%AD%D8%A8%D8%A7%D8%8C%20%D8%A3%D8%B1%D9%8A%D8%AF%20%D8%B7%D9%84%D8%A8%20%D8%A7%D9%84%D9%85%D9%86%D8%AA%D8%AC%20W217,https://madperfume.ps/?app=product.show.145,https://www.mad-parfumeur.com/respondio-catalog/og/ar/p-145-w217.jpg?v=20260731-4,https://madperfume.ps/upload/01-2026/product/697ced84bbc29.png
ar,W222,Olympéa – من Rabanne,عطور النساء,100,https://www.mad-parfumeur.com/respondio-catalog/wa/ar/p-147-w222.html?v=20260731-4,https://www.mad-parfumeur.com/respondio-catalog/media/ar/p-147-w222.jpg?v=20260731-4,"Olympéa – من Rabanne
الكود: W222
السعر: 100 ILS
عودة للمراسلة: https://wa.me/972524033442?text=%D9%85%D8%B1%D8%AD%D8%A8%D8%A7%D8%8C%20%D8%A3%D8%B1%D9%8A%D8%AF%20%D8%B7%D9%84%D8%A8%20%D8%A7%D9%84%D9%85%D9%86%D8%AA%D8%AC%20W222",https://wa.me/972524033442?text=%D9%85%D8%B1%D8%AD%D8%A8%D8%A7%D8%8C%20%D8%A3%D8%B1%D9%8A%D8%AF%20%D8%B7%D9%84%D8%A8%20%D8%A7%D9%84%D9%85%D9%86%D8%AA%D8%AC%20W222,https://madperfume.ps/?app=product.show.147,https://www.mad-parfumeur.com/respondio-catalog/og/ar/p-147-w222.jpg?v=20260731-4,https://madperfume.ps/upload/06-2025/product/106.png
ar,W155,Acqua Di Gioia Eau Fraîche – من جورجيو أرماني,عطور النساء,100,https://www.mad-parfumeur.com/respondio-catalog/wa/ar/p-148-w155.html?v=20260731-4,https://www.mad-parfumeur.com/respondio-catalog/media/ar/p-148-w155.jpg?v=20260731-4,"Acqua Di Gioia Eau Fraîche – من جورجيو أرماني
الكود: W155
السعر: 100 ILS
عودة للمراسلة: https://wa.me/972524033442?text=%D9%85%D8%B1%D8%AD%D8%A8%D8%A7%D8%8C%20%D8%A3%D8%B1%D9%8A%D8%AF%20%D8%B7%D9%84%D8%A8%20%D8%A7%D9%84%D9%85%D9%86%D8%AA%D8%AC%20W155",https://wa.me/972524033442?text=%D9%85%D8%B1%D8%AD%D8%A8%D8%A7%D8%8C%20%D8%A3%D8%B1%D9%8A%D8%AF%20%D8%B7%D9%84%D8%A8%20%D8%A7%D9%84%D9%85%D9%86%D8%AA%D8%AC%20W155,https://madperfume.ps/?app=product.show.148,https://www.mad-parfumeur.com/respondio-catalog/og/ar/p-148-w155.jpg?v=20260731-4,https://madperfume.ps/upload/02-2026/product/697e8068b4425.png
ar,W230,Omnia Crystalline – من بولغاري,عطور النساء,100,https://www.mad-parfumeur.com/respondio-catalog/wa/ar/p-149-w230.html?v=20260731-4,https://www.mad-parfumeur.com/respondio-catalog/media/ar/p-149-w230.jpg?v=20260731-4,"Omnia Crystalline – من بولغاري
الكود: W230
السعر: 100 ILS
عودة للمراسلة: https://wa.me/972524033442?text=%D9%85%D8%B1%D8%AD%D8%A8%D8%A7%D8%8C%20%D8%A3%D8%B1%D9%8A%D8%AF%20%D8%B7%D9%84%D8%A8%20%D8%A7%D9%84%D9%85%D9%86%D8%AA%D8%AC%20W230",https://wa.me/972524033442?text=%D9%85%D8%B1%D8%AD%D8%A8%D8%A7%D8%8C%20%D8%A3%D8%B1%D9%8A%D8%AF%20%D8%B7%D9%84%D8%A8%20%D8%A7%D9%84%D9%85%D9%86%D8%AA%D8%AC%20W230,https://madperfume.ps/?app=product.show.149,https://www.mad-parfumeur.com/respondio-catalog/og/ar/p-149-w230.jpg?v=20260731-4,https://madperfume.ps/upload/06-2025/product/132.png
ar,W208,Manifesto من Yves Saint Laurent,عطور النساء,100,https://www.mad-parfumeur.com/respondio-catalog/wa/ar/p-150-w208.html?v=20260731-4,https://www.mad-parfumeur.com/respondio-catalog/media/ar/p-150-w208.jpg?v=20260731-4,"Manifesto من Yves Saint Laurent
الكود: W208
السعر: 100 ILS
عودة للمراسلة: https://wa.me/972524033442?text=%D9%85%D8%B1%D8%AD%D8%A8%D8%A7%D8%8C%20%D8%A3%D8%B1%D9%8A%D8%AF%20%D8%B7%D9%84%D8%A8%20%D8%A7%D9%84%D9%85%D9%86%D8%AA%D8%AC%20W208",https://wa.me/972524033442?text=%D9%85%D8%B1%D8%AD%D8%A8%D8%A7%D8%8C%20%D8%A3%D8%B1%D9%8A%D8%AF%20%D8%B7%D9%84%D8%A8%20%D8%A7%D9%84%D9%85%D9%86%D8%AA%D8%AC%20W208,https://madperfume.ps/?app=product.show.150,https://www.mad-parfumeur.com/respondio-catalog/og/ar/p-150-w208.jpg?v=20260731-4,https://madperfume.ps/upload/06-2025/product/6852be92073a2.png
ar,W209,My Burberry – من بربري,عطور النساء,100,https://www.mad-parfumeur.com/respondio-catalog/wa/ar/p-151-w209.html?v=20260731-4,https://www.mad-parfumeur.com/respondio-catalog/media/ar/p-151-w209.jpg?v=20260731-4,"My Burberry – من بربري
الكود: W209
السعر: 100 ILS
عودة للمراسلة: https://wa.me/972524033442?text=%D9%85%D8%B1%D8%AD%D8%A8%D8%A7%D8%8C%20%D8%A3%D8%B1%D9%8A%D8%AF%20%D8%B7%D9%84%D8%A8%20%D8%A7%D9%84%D9%85%D9%86%D8%AA%D8%AC%20W209",https://wa.me/972524033442?text=%D9%85%D8%B1%D8%AD%D8%A8%D8%A7%D8%8C%20%D8%A3%D8%B1%D9%8A%D8%AF%20%D8%B7%D9%84%D8%A8%20%D8%A7%D9%84%D9%85%D9%86%D8%AA%D8%AC%20W209,https://madperfume.ps/?app=product.show.151,https://www.mad-parfumeur.com/respondio-catalog/og/ar/p-151-w209.jpg?v=20260731-4,https://madperfume.ps/upload/06-2025/product/131.png
ar,W213,Black Opium – من إيف سان لوران,عطور النساء,100,https://www.mad-parfumeur.com/respondio-catalog/wa/ar/p-152-w213.html?v=20260731-4,https://www.mad-parfumeur.com/respondio-catalog/media/ar/p-152-w213.jpg?v=20260731-4,"Black Opium – من إيف سان لوران
الكود: W213
السعر: 100 ILS
عودة للمراسلة: https://wa.me/972524033442?text=%D9%85%D8%B1%D8%AD%D8%A8%D8%A7%D8%8C%20%D8%A3%D8%B1%D9%8A%D8%AF%20%D8%B7%D9%84%D8%A8%20%D8%A7%D9%84%D9%85%D9%86%D8%AA%D8%AC%20W213",https://wa.me/972524033442?text=%D9%85%D8%B1%D8%AD%D8%A8%D8%A7%D8%8C%20%D8%A3%D8%B1%D9%8A%D8%AF%20%D8%B7%D9%84%D8%A8%20%D8%A7%D9%84%D9%85%D9%86%D8%AA%D8%AC%20W213,https://madperfume.ps/?app=product.show.152,https://www.mad-parfumeur.com/respondio-catalog/og/ar/p-152-w213.jpg?v=20260731-4,https://madperfume.ps/upload/01-2026/product/697bad24d844c.png
ar,W197,Ange ou Démon Le Secret – من جيفنشي,عطور النساء,100,https://www.mad-parfumeur.com/respondio-catalog/wa/ar/p-153-w197.html?v=20260731-4,https://www.mad-parfumeur.com/respondio-catalog/media/ar/p-153-w197.jpg?v=20260731-4,"Ange ou Démon Le Secret – من جيفنشي
الكود: W197
السعر: 100 ILS
عودة للمراسلة: https://wa.me/972524033442?text=%D9%85%D8%B1%D8%AD%D8%A8%D8%A7%D8%8C%20%D8%A3%D8%B1%D9%8A%D8%AF%20%D8%B7%D9%84%D8%A8%20%D8%A7%D9%84%D9%85%D9%86%D8%AA%D8%AC%20W197",https://wa.me/972524033442?text=%D9%85%D8%B1%D8%AD%D8%A8%D8%A7%D8%8C%20%D8%A3%D8%B1%D9%8A%D8%AF%20%D8%B7%D9%84%D8%A8%20%D8%A7%D9%84%D9%85%D9%86%D8%AA%D8%AC%20W197,https://madperfume.ps/?app=product.show.153,https://www.mad-parfumeur.com/respondio-catalog/og/ar/p-153-w197.jpg?v=20260731-4,https://madperfume.ps/upload/06-2025/product/130.png
ar,W201,La Vie Est Belle – من Lancôme,عطور النساء,100,https://www.mad-parfumeur.com/respondio-catalog/wa/ar/p-154-w201.html?v=20260731-4,https://www.mad-parfumeur.com/respondio-catalog/media/ar/p-154-w201.jpg?v=20260731-4,"La Vie Est Belle – من Lancôme
الكود: W201
السعر: 100 ILS
عودة للمراسلة: https://wa.me/972524033442?text=%D9%85%D8%B1%D8%AD%D8%A8%D8%A7%D8%8C%20%D8%A3%D8%B1%D9%8A%D8%AF%20%D8%B7%D9%84%D8%A8%20%D8%A7%D9%84%D9%85%D9%86%D8%AA%D8%AC%20W201",https://wa.me/972524033442?text=%D9%85%D8%B1%D8%AD%D8%A8%D8%A7%D8%8C%20%D8%A3%D8%B1%D9%8A%D8%AF%20%D8%B7%D9%84%D8%A8%20%D8%A7%D9%84%D9%85%D9%86%D8%AA%D8%AC%20W201,https://madperfume.ps/?app=product.show.154,https://www.mad-parfumeur.com/respondio-catalog/og/ar/p-154-w201.jpg?v=20260731-4,https://madperfume.ps/upload/01-2026/product/697bdff0e34fd.png
ar,W203,Si – Emporio Armani,عطور النساء,100,https://www.mad-parfumeur.com/respondio-catalog/wa/ar/p-155-w203.html?v=20260731-4,https://www.mad-parfumeur.com/respondio-catalog/media/ar/p-155-w203.jpg?v=20260731-4,"Si – Emporio Armani
الكود: W203
السعر: 100 ILS
عودة للمراسلة: https://wa.me/972524033442?text=%D9%85%D8%B1%D8%AD%D8%A8%D8%A7%D8%8C%20%D8%A3%D8%B1%D9%8A%D8%AF%20%D8%B7%D9%84%D8%A8%20%D8%A7%D9%84%D9%85%D9%86%D8%AA%D8%AC%20W203",https://wa.me/972524033442?text=%D9%85%D8%B1%D8%AD%D8%A8%D8%A7%D8%8C%20%D8%A3%D8%B1%D9%8A%D8%AF%20%D8%B7%D9%84%D8%A8%20%D8%A7%D9%84%D9%85%D9%86%D8%AA%D8%AC%20W203,https://madperfume.ps/?app=product.show.155,https://www.mad-parfumeur.com/respondio-catalog/og/ar/p-155-w203.jpg?v=20260731-4,https://madperfume.ps/upload/07-2025/product/6866c1abc721d.png
ar,A118,My Way - Giorgio Armani,عطور النساء,100,https://www.mad-parfumeur.com/respondio-catalog/wa/ar/p-156-a118.html?v=20260731-4,https://www.mad-parfumeur.com/respondio-catalog/media/ar/p-156-a118.jpg?v=20260731-4,"My Way - Giorgio Armani
الكود: A118
السعر: 100 ILS
عودة للمراسلة: https://wa.me/972524033442?text=%D9%85%D8%B1%D8%AD%D8%A8%D8%A7%D8%8C%20%D8%A3%D8%B1%D9%8A%D8%AF%20%D8%B7%D9%84%D8%A8%20%D8%A7%D9%84%D9%85%D9%86%D8%AA%D8%AC%20A118",https://wa.me/972524033442?text=%D9%85%D8%B1%D8%AD%D8%A8%D8%A7%D8%8C%20%D8%A3%D8%B1%D9%8A%D8%AF%20%D8%B7%D9%84%D8%A8%20%D8%A7%D9%84%D9%85%D9%86%D8%AA%D8%AC%20A118,https://madperfume.ps/?app=product.show.156,https://www.mad-parfumeur.com/respondio-catalog/og/ar/p-156-a118.jpg?v=20260731-4,https://madperfume.ps/upload/01-2026/product/697bd4ebe9819.png
ar,W184,L’Ambre des Merveilles – من Hermès,عطور النساء,100,https://www.mad-parfumeur.com/respondio-catalog/wa/ar/p-157-w184.html?v=20260731-4,https://www.mad-parfumeur.com/respondio-catalog/media/ar/p-157-w184.jpg?v=20260731-4,"L’Ambre des Merveilles – من Hermès
الكود: W184
السعر: 100 ILS
عودة للمراسلة: https://wa.me/972524033442?text=%D9%85%D8%B1%D8%AD%D8%A8%D8%A7%D8%8C%20%D8%A3%D8%B1%D9%8A%D8%AF%20%D8%B7%D9%84%D8%A8%20%D8%A7%D9%84%D9%85%D9%86%D8%AA%D8%AC%20W184",https://wa.me/972524033442?text=%D9%85%D8%B1%D8%AD%D8%A8%D8%A7%D8%8C%20%D8%A3%D8%B1%D9%8A%D8%AF%20%D8%B7%D9%84%D8%A8%20%D8%A7%D9%84%D9%85%D9%86%D8%AA%D8%AC%20W184,https://madperfume.ps/?app=product.show.157,https://www.mad-parfumeur.com/respondio-catalog/og/ar/p-157-w184.jpg?v=20260731-4,https://madperfume.ps/upload/06-2025/product/105.png
ar,W185,Roberto Cavalli Eau de Parfum – من Roberto Cavalli,عطور النساء,100,https://www.mad-parfumeur.com/respondio-catalog/wa/ar/p-158-w185.html?v=20260731-4,https://www.mad-parfumeur.com/respondio-catalog/media/ar/p-158-w185.jpg?v=20260731-4,"Roberto Cavalli Eau de Parfum – من Roberto Cavalli
الكود: W185
السعر: 100 ILS
عودة للمراسلة: https://wa.me/972524033442?text=%D9%85%D8%B1%D8%AD%D8%A8%D8%A7%D8%8C%20%D8%A3%D8%B1%D9%8A%D8%AF%20%D8%B7%D9%84%D8%A8%20%D8%A7%D9%84%D9%85%D9%86%D8%AA%D8%AC%20W185",https://wa.me/972524033442?text=%D9%85%D8%B1%D8%AD%D8%A8%D8%A7%D8%8C%20%D8%A3%D8%B1%D9%8A%D8%AF%20%D8%B7%D9%84%D8%A8%20%D8%A7%D9%84%D9%85%D9%86%D8%AA%D8%AC%20W185,https://madperfume.ps/?app=product.show.158,https://www.mad-parfumeur.com/respondio-catalog/og/ar/p-158-w185.jpg?v=20260731-4,https://madperfume.ps/upload/06-2025/product/104.png
ar,W190 women,Christina Aguilera – من كريستينا,عطور النساء,100,https://www.mad-parfumeur.com/respondio-catalog/wa/ar/p-159-w190-women.html?v=20260731-4,https://www.mad-parfumeur.com/respondio-catalog/media/ar/p-159-w190-women.jpg?v=20260731-4,"Christina Aguilera – من كريستينا
الكود: W190 women
السعر: 100 ILS
عودة للمراسلة: https://wa.me/972524033442?text=%D9%85%D8%B1%D8%AD%D8%A8%D8%A7%D8%8C%20%D8%A3%D8%B1%D9%8A%D8%AF%20%D8%B7%D9%84%D8%A8%20%D8%A7%D9%84%D9%85%D9%86%D8%AA%D8%AC%20W190%20women",https://wa.me/972524033442?text=%D9%85%D8%B1%D8%AD%D8%A8%D8%A7%D8%8C%20%D8%A3%D8%B1%D9%8A%D8%AF%20%D8%B7%D9%84%D8%A8%20%D8%A7%D9%84%D9%85%D9%86%D8%AA%D8%AC%20W190%20women,https://madperfume.ps/?app=product.show.159,https://www.mad-parfumeur.com/respondio-catalog/og/ar/p-159-w190-women.jpg?v=20260731-4,https://madperfume.ps/upload/06-2025/product/142.png
ar,A120,Armani Code for Women - Giorgio Armani,عطور النساء,100,https://www.mad-parfumeur.com/respondio-catalog/wa/ar/p-160-a120.html?v=20260731-4,https://www.mad-parfumeur.com/respondio-catalog/media/ar/p-160-a120.jpg?v=20260731-4,"Armani Code for Women - Giorgio Armani
الكود: A120
السعر: 100 ILS
عودة للمراسلة: https://wa.me/972524033442?text=%D9%85%D8%B1%D8%AD%D8%A8%D8%A7%D8%8C%20%D8%A3%D8%B1%D9%8A%D8%AF%20%D8%B7%D9%84%D8%A8%20%D8%A7%D9%84%D9%85%D9%86%D8%AA%D8%AC%20A120",https://wa.me/972524033442?text=%D9%85%D8%B1%D8%AD%D8%A8%D8%A7%D8%8C%20%D8%A3%D8%B1%D9%8A%D8%AF%20%D8%B7%D9%84%D8%A8%20%D8%A7%D9%84%D9%85%D9%86%D8%AA%D8%AC%20A120,https://madperfume.ps/?app=product.show.160,https://www.mad-parfumeur.com/respondio-catalog/og/ar/p-160-a120.jpg?v=20260731-4,https://madperfume.ps/upload/02-2026/product/697e83d22ef80.png
ar,W165,Gucci Guilty – من غوتشي,عطور النساء,100,https://www.mad-parfumeur.com/respondio-catalog/wa/ar/p-161-w165.html?v=20260731-4,https://www.mad-parfumeur.com/respondio-catalog/media/ar/p-161-w165.jpg?v=20260731-4,"Gucci Guilty – من غوتشي
الكود: W165
السعر: 100 ILS
عودة للمراسلة: https://wa.me/972524033442?text=%D9%85%D8%B1%D8%AD%D8%A8%D8%A7%D8%8C%20%D8%A3%D8%B1%D9%8A%D8%AF%20%D8%B7%D9%84%D8%A8%20%D8%A7%D9%84%D9%85%D9%86%D8%AA%D8%AC%20W165",https://wa.me/972524033442?text=%D9%85%D8%B1%D8%AD%D8%A8%D8%A7%D8%8C%20%D8%A3%D8%B1%D9%8A%D8%AF%20%D8%B7%D9%84%D8%A8%20%D8%A7%D9%84%D9%85%D9%86%D8%AA%D8%AC%20W165,https://madperfume.ps/?app=product.show.161,https://www.mad-parfumeur.com/respondio-catalog/og/ar/p-161-w165.jpg?v=20260731-4,https://madperfume.ps/upload/01-2026/product/697e7b32d05d1.png
ar,j104 او Q103,Nectarine Blossom & Honey** من **Jo Malone London,عطور النساء,100,https://www.mad-parfumeur.com/respondio-catalog/wa/ar/p-162-j104-q103.html?v=20260731-4,https://www.mad-parfumeur.com/respondio-catalog/media/ar/p-162-j104-q103.jpg?v=20260731-4,"Nectarine Blossom & Honey** من **Jo Malone London
الكود: j104 او Q103
السعر: 100 ILS
عودة للمراسلة: https://wa.me/972524033442?text=%D9%85%D8%B1%D8%AD%D8%A8%D8%A7%D8%8C%20%D8%A3%D8%B1%D9%8A%D8%AF%20%D8%B7%D9%84%D8%A8%20%D8%A7%D9%84%D9%85%D9%86%D8%AA%D8%AC%20j104%20%D8%A7%D9%88%20Q103",https://wa.me/972524033442?text=%D9%85%D8%B1%D8%AD%D8%A8%D8%A7%D8%8C%20%D8%A3%D8%B1%D9%8A%D8%AF%20%D8%B7%D9%84%D8%A8%20%D8%A7%D9%84%D9%85%D9%86%D8%AA%D8%AC%20j104%20%D8%A7%D9%88%20Q103,https://madperfume.ps/?app=product.show.162,https://www.mad-parfumeur.com/respondio-catalog/og/ar/p-162-j104-q103.jpg?v=20260731-4,https://madperfume.ps/upload/06-2025/product/89 (1).png
ar,A117,Amor Amor - Cacharel,عطور النساء,100,https://www.mad-parfumeur.com/respondio-catalog/wa/ar/p-163-a117.html?v=20260731-4,https://www.mad-parfumeur.com/respondio-catalog/media/ar/p-163-a117.jpg?v=20260731-4,"Amor Amor - Cacharel
الكود: A117
السعر: 100 ILS
عودة للمراسلة: https://wa.me/972524033442?text=%D9%85%D8%B1%D8%AD%D8%A8%D8%A7%D8%8C%20%D8%A3%D8%B1%D9%8A%D8%AF%20%D8%B7%D9%84%D8%A8%20%D8%A7%D9%84%D9%85%D9%86%D8%AA%D8%AC%20A117",https://wa.me/972524033442?text=%D9%85%D8%B1%D8%AD%D8%A8%D8%A7%D8%8C%20%D8%A3%D8%B1%D9%8A%D8%AF%20%D8%B7%D9%84%D8%A8%20%D8%A7%D9%84%D9%85%D9%86%D8%AA%D8%AC%20A117,https://madperfume.ps/?app=product.show.163,https://www.mad-parfumeur.com/respondio-catalog/og/ar/p-163-a117.jpg?v=20260731-4,https://madperfume.ps/upload/01-2026/product/697e4e3f76517.png
ar,P101 women,Oriana – من Parfums de Marly,عطور النساء,100,https://www.mad-parfumeur.com/respondio-catalog/wa/ar/p-164-p101-women.html?v=20260731-4,https://www.mad-parfumeur.com/respondio-catalog/media/ar/p-164-p101-women.jpg?v=20260731-4,"Oriana – من Parfums de Marly
الكود: P101 women
السعر: 100 ILS
عودة للمراسلة: https://wa.me/972524033442?text=%D9%85%D8%B1%D8%AD%D8%A8%D8%A7%D8%8C%20%D8%A3%D8%B1%D9%8A%D8%AF%20%D8%B7%D9%84%D8%A8%20%D8%A7%D9%84%D9%85%D9%86%D8%AA%D8%AC%20P101%20women",https://wa.me/972524033442?text=%D9%85%D8%B1%D8%AD%D8%A8%D8%A7%D8%8C%20%D8%A3%D8%B1%D9%8A%D8%AF%20%D8%B7%D9%84%D8%A8%20%D8%A7%D9%84%D9%85%D9%86%D8%AA%D8%AC%20P101%20women,https://madperfume.ps/?app=product.show.164,https://www.mad-parfumeur.com/respondio-catalog/og/ar/p-164-p101-women.jpg?v=20260731-4,https://madperfume.ps/upload/06-2025/product/125.png
ar,A114 women,Dior Addict - Dior,عطور النساء,100,https://www.mad-parfumeur.com/respondio-catalog/wa/ar/p-165-a114-women.html?v=20260731-4,https://www.mad-parfumeur.com/respondio-catalog/media/ar/p-165-a114-women.jpg?v=20260731-4,"Dior Addict - Dior
الكود: A114 women
السعر: 100 ILS
عودة للمراسلة: https://wa.me/972524033442?text=%D9%85%D8%B1%D8%AD%D8%A8%D8%A7%D8%8C%20%D8%A3%D8%B1%D9%8A%D8%AF%20%D8%B7%D9%84%D8%A8%20%D8%A7%D9%84%D9%85%D9%86%D8%AA%D8%AC%20A114%20women",https://wa.me/972524033442?text=%D9%85%D8%B1%D8%AD%D8%A8%D8%A7%D8%8C%20%D8%A3%D8%B1%D9%8A%D8%AF%20%D8%B7%D9%84%D8%A8%20%D8%A7%D9%84%D9%85%D9%86%D8%AA%D8%AC%20A114%20women,https://madperfume.ps/?app=product.show.165,https://www.mad-parfumeur.com/respondio-catalog/og/ar/p-165-a114-women.jpg?v=20260731-4,https://madperfume.ps/upload/06-2025/product/101.png
ar,W101,Wish – من شوبارد,عطور النساء,100,https://www.mad-parfumeur.com/respondio-catalog/wa/ar/p-166-w101.html?v=20260731-4,https://www.mad-parfumeur.com/respondio-catalog/media/ar/p-166-w101.jpg?v=20260731-4,"Wish – من شوبارد
الكود: W101
السعر: 100 ILS
عودة للمراسلة: https://wa.me/972524033442?text=%D9%85%D8%B1%D8%AD%D8%A8%D8%A7%D8%8C%20%D8%A3%D8%B1%D9%8A%D8%AF%20%D8%B7%D9%84%D8%A8%20%D8%A7%D9%84%D9%85%D9%86%D8%AA%D8%AC%20W101",https://wa.me/972524033442?text=%D9%85%D8%B1%D8%AD%D8%A8%D8%A7%D8%8C%20%D8%A3%D8%B1%D9%8A%D8%AF%20%D8%B7%D9%84%D8%A8%20%D8%A7%D9%84%D9%85%D9%86%D8%AA%D8%AC%20W101,https://madperfume.ps/?app=product.show.166,https://www.mad-parfumeur.com/respondio-catalog/og/ar/p-166-w101.jpg?v=20260731-4,https://madperfume.ps/upload/06-2025/product/128.png
ar,P104 women,Olympéa Solar – من Rabanne,عطور النساء,100,https://www.mad-parfumeur.com/respondio-catalog/wa/ar/p-167-p104-women.html?v=20260731-4,https://www.mad-parfumeur.com/respondio-catalog/media/ar/p-167-p104-women.jpg?v=20260731-4,"Olympéa Solar – من Rabanne
الكود: P104 women
السعر: 100 ILS
عودة للمراسلة: https://wa.me/972524033442?text=%D9%85%D8%B1%D8%AD%D8%A8%D8%A7%D8%8C%20%D8%A3%D8%B1%D9%8A%D8%AF%20%D8%B7%D9%84%D8%A8%20%D8%A7%D9%84%D9%85%D9%86%D8%AA%D8%AC%20P104%20women",https://wa.me/972524033442?text=%D9%85%D8%B1%D8%AD%D8%A8%D8%A7%D8%8C%20%D8%A3%D8%B1%D9%8A%D8%AF%20%D8%B7%D9%84%D8%A8%20%D8%A7%D9%84%D9%85%D9%86%D8%AA%D8%AC%20P104%20women,https://madperfume.ps/?app=product.show.167,https://www.mad-parfumeur.com/respondio-catalog/og/ar/p-167-p104-women.jpg?v=20260731-4,https://madperfume.ps/upload/06-2025/product/685070172b262.png
ar,T101,Trussardi Inside,عطور النساء,100,https://www.mad-parfumeur.com/respondio-catalog/wa/ar/p-168-t101.html?v=20260731-4,https://www.mad-parfumeur.com/respondio-catalog/media/ar/p-168-t101.jpg?v=20260731-4,"Trussardi Inside
الكود: T101
السعر: 100 ILS
عودة للمراسلة: https://wa.me/972524033442?text=%D9%85%D8%B1%D8%AD%D8%A8%D8%A7%D8%8C%20%D8%A3%D8%B1%D9%8A%D8%AF%20%D8%B7%D9%84%D8%A8%20%D8%A7%D9%84%D9%85%D9%86%D8%AA%D8%AC%20T101",https://wa.me/972524033442?text=%D9%85%D8%B1%D8%AD%D8%A8%D8%A7%D8%8C%20%D8%A3%D8%B1%D9%8A%D8%AF%20%D8%B7%D9%84%D8%A8%20%D8%A7%D9%84%D9%85%D9%86%D8%AA%D8%AC%20T101,https://madperfume.ps/?app=product.show.168,https://www.mad-parfumeur.com/respondio-catalog/og/ar/p-168-t101.jpg?v=20260731-4,https://madperfume.ps/upload/06-2025/product/103.png
ar,W169,Jimmy Choo من Jimmy Choo,عطور النساء,100,https://www.mad-parfumeur.com/respondio-catalog/wa/ar/p-169-w169.html?v=20260731-4,https://www.mad-parfumeur.com/respondio-catalog/media/ar/p-169-w169.jpg?v=20260731-4,"Jimmy Choo من Jimmy Choo
الكود: W169
السعر: 100 ILS
عودة للمراسلة: https://wa.me/972524033442?text=%D9%85%D8%B1%D8%AD%D8%A8%D8%A7%D8%8C%20%D8%A3%D8%B1%D9%8A%D8%AF%20%D8%B7%D9%84%D8%A8%20%D8%A7%D9%84%D9%85%D9%86%D8%AA%D8%AC%20W169",https://wa.me/972524033442?text=%D9%85%D8%B1%D8%AD%D8%A8%D8%A7%D8%8C%20%D8%A3%D8%B1%D9%8A%D8%AF%20%D8%B7%D9%84%D8%A8%20%D8%A7%D9%84%D9%85%D9%86%D8%AA%D8%AC%20W169,https://madperfume.ps/?app=product.show.169,https://www.mad-parfumeur.com/respondio-catalog/og/ar/p-169-w169.jpg?v=20260731-4,https://madperfume.ps/upload/06-2025/product/192.png
ar,M101,Miracle** من **Lancôme,عطور النساء,100,https://www.mad-parfumeur.com/respondio-catalog/wa/ar/p-171-m101.html?v=20260731-4,https://www.mad-parfumeur.com/respondio-catalog/media/ar/p-171-m101.jpg?v=20260731-4,"Miracle** من **Lancôme
الكود: M101
السعر: 100 ILS
عودة للمراسلة: https://wa.me/972524033442?text=%D9%85%D8%B1%D8%AD%D8%A8%D8%A7%D8%8C%20%D8%A3%D8%B1%D9%8A%D8%AF%20%D8%B7%D9%84%D8%A8%20%D8%A7%D9%84%D9%85%D9%86%D8%AA%D8%AC%20M101",https://wa.me/972524033442?text=%D9%85%D8%B1%D8%AD%D8%A8%D8%A7%D8%8C%20%D8%A3%D8%B1%D9%8A%D8%AF%20%D8%B7%D9%84%D8%A8%20%D8%A7%D9%84%D9%85%D9%86%D8%AA%D8%AC%20M101,https://madperfume.ps/?app=product.show.171,https://www.mad-parfumeur.com/respondio-catalog/og/ar/p-171-m101.jpg?v=20260731-4,https://madperfume.ps/upload/06-2025/product/126.png
ar,Y102 women,Libre Intense – من إيف سان لوران,عطور النساء,100,https://www.mad-parfumeur.com/respondio-catalog/wa/ar/p-172-y102-women.html?v=20260731-4,https://www.mad-parfumeur.com/respondio-catalog/media/ar/p-172-y102-women.jpg?v=20260731-4,"Libre Intense – من إيف سان لوران
الكود: Y102 women
السعر: 100 ILS
عودة للمراسلة: https://wa.me/972524033442?text=%D9%85%D8%B1%D8%AD%D8%A8%D8%A7%D8%8C%20%D8%A3%D8%B1%D9%8A%D8%AF%20%D8%B7%D9%84%D8%A8%20%D8%A7%D9%84%D9%85%D9%86%D8%AA%D8%AC%20Y102%20women",https://wa.me/972524033442?text=%D9%85%D8%B1%D8%AD%D8%A8%D8%A7%D8%8C%20%D8%A3%D8%B1%D9%8A%D8%AF%20%D8%B7%D9%84%D8%A8%20%D8%A7%D9%84%D9%85%D9%86%D8%AA%D8%AC%20Y102%20women,https://madperfume.ps/?app=product.show.172,https://www.mad-parfumeur.com/respondio-catalog/og/ar/p-172-y102-women.jpg?v=20260731-4,https://madperfume.ps/upload/01-2026/product/697bd7a619a87.png
ar,Gumin,Gumin Tiziana Terenzi,عطور النيش الرجاليه,300,https://www.mad-parfumeur.com/respondio-catalog/wa/ar/p-173-gumin.html?v=20260731-4,https://www.mad-parfumeur.com/respondio-catalog/media/ar/p-173-gumin.jpg?v=20260731-4,"Gumin Tiziana Terenzi
الكود: Gumin
السعر: 300 ILS
عودة للمراسلة: https://wa.me/972524033442?text=%D9%85%D8%B1%D8%AD%D8%A8%D8%A7%D8%8C%20%D8%A3%D8%B1%D9%8A%D8%AF%20%D8%B7%D9%84%D8%A8%20%D8%A7%D9%84%D9%85%D9%86%D8%AA%D8%AC%20Gumin",https://wa.me/972524033442?text=%D9%85%D8%B1%D8%AD%D8%A8%D8%A7%D8%8C%20%D8%A3%D8%B1%D9%8A%D8%AF%20%D8%B7%D9%84%D8%A8%20%D8%A7%D9%84%D9%85%D9%86%D8%AA%D8%AC%20Gumin,https://madperfume.ps/?app=product.show.173,https://www.mad-parfumeur.com/respondio-catalog/og/ar/p-173-gumin.jpg?v=20260731-4,https://madperfume.ps/upload/01-2026/product/69795c5609fb6.png
ar,EGO,More Than Words Xerjoff,عطور النيش الرجاليه,300,https://www.mad-parfumeur.com/respondio-catalog/wa/ar/p-174-ego.html?v=20260731-4,https://www.mad-parfumeur.com/respondio-catalog/media/ar/p-174-ego.jpg?v=20260731-4,"More Than Words Xerjoff
الكود: EGO
السعر: 300 ILS
عودة للمراسلة: https://wa.me/972524033442?text=%D9%85%D8%B1%D8%AD%D8%A8%D8%A7%D8%8C%20%D8%A3%D8%B1%D9%8A%D8%AF%20%D8%B7%D9%84%D8%A8%20%D8%A7%D9%84%D9%85%D9%86%D8%AA%D8%AC%20EGO",https://wa.me/972524033442?text=%D9%85%D8%B1%D8%AD%D8%A8%D8%A7%D8%8C%20%D8%A3%D8%B1%D9%8A%D8%AF%20%D8%B7%D9%84%D8%A8%20%D8%A7%D9%84%D9%85%D9%86%D8%AA%D8%AC%20EGO,https://madperfume.ps/?app=product.show.174,https://www.mad-parfumeur.com/respondio-catalog/og/ar/p-174-ego.jpg?v=20260731-4,https://madperfume.ps/upload/01-2026/product/69795ba049911.png
ar,Opus,AMBER WOOD,عطور النيش الرجاليه,300,https://www.mad-parfumeur.com/respondio-catalog/wa/ar/p-175-opus.html?v=20260731-4,https://www.mad-parfumeur.com/respondio-catalog/media/ar/p-175-opus.jpg?v=20260731-4,"AMBER WOOD
الكود: Opus
السعر: 300 ILS
عودة للمراسلة: https://wa.me/972524033442?text=%D9%85%D8%B1%D8%AD%D8%A8%D8%A7%D8%8C%20%D8%A3%D8%B1%D9%8A%D8%AF%20%D8%B7%D9%84%D8%A8%20%D8%A7%D9%84%D9%85%D9%86%D8%AA%D8%AC%20Opus",https://wa.me/972524033442?text=%D9%85%D8%B1%D8%AD%D8%A8%D8%A7%D8%8C%20%D8%A3%D8%B1%D9%8A%D8%AF%20%D8%B7%D9%84%D8%A8%20%D8%A7%D9%84%D9%85%D9%86%D8%AA%D8%AC%20Opus,https://madperfume.ps/?app=product.show.175,https://www.mad-parfumeur.com/respondio-catalog/og/ar/p-175-opus.jpg?v=20260731-4,https://madperfume.ps/upload/01-2026/product/697952055444b.png
ar,COOFFE,COOFFE,شموع,100,https://www.mad-parfumeur.com/respondio-catalog/wa/ar/p-177-cooffe.html?v=20260731-4,https://www.mad-parfumeur.com/respondio-catalog/media/ar/p-177-cooffe.jpg?v=20260731-4,"COOFFE
الكود: COOFFE
السعر: 100 ILS
عودة للمراسلة: https://wa.me/972524033442?text=%D9%85%D8%B1%D8%AD%D8%A8%D8%A7%D8%8C%20%D8%A3%D8%B1%D9%8A%D8%AF%20%D8%B7%D9%84%D8%A8%20%D8%A7%D9%84%D9%85%D9%86%D8%AA%D8%AC%20COOFFE",https://wa.me/972524033442?text=%D9%85%D8%B1%D8%AD%D8%A8%D8%A7%D8%8C%20%D8%A3%D8%B1%D9%8A%D8%AF%20%D8%B7%D9%84%D8%A8%20%D8%A7%D9%84%D9%85%D9%86%D8%AA%D8%AC%20COOFFE,https://madperfume.ps/?app=product.show.177,https://www.mad-parfumeur.com/respondio-catalog/og/ar/p-177-cooffe.jpg?v=20260731-4,https://madperfume.ps/upload/09-2023/product/mad-coffee-biscuit-200-gr-mum-b6d1-0.jpg
ar,forza,Alexandria II Xerjoff,عطور النيش الرجاليه,300,https://www.mad-parfumeur.com/respondio-catalog/wa/ar/p-181-forza.html?v=20260731-4,https://www.mad-parfumeur.com/respondio-catalog/media/ar/p-181-forza.jpg?v=20260731-4,"Alexandria II Xerjoff
الكود: forza
السعر: 300 ILS
عودة للمراسلة: https://wa.me/972524033442?text=%D9%85%D8%B1%D8%AD%D8%A8%D8%A7%D8%8C%20%D8%A3%D8%B1%D9%8A%D8%AF%20%D8%B7%D9%84%D8%A8%20%D8%A7%D9%84%D9%85%D9%86%D8%AA%D8%AC%20forza",https://wa.me/972524033442?text=%D9%85%D8%B1%D8%AD%D8%A8%D8%A7%D8%8C%20%D8%A3%D8%B1%D9%8A%D8%AF%20%D8%B7%D9%84%D8%A8%20%D8%A7%D9%84%D9%85%D9%86%D8%AA%D8%AC%20forza,https://madperfume.ps/?app=product.show.181,https://www.mad-parfumeur.com/respondio-catalog/og/ar/p-181-forza.jpg?v=20260731-4,https://madperfume.ps/upload/03-2026/product/IMG_0288.jpeg
ar,1881 charesma,1881 charesma,عطور النيش الرجاليه,300,https://www.mad-parfumeur.com/respondio-catalog/wa/ar/p-182-1881-charesma.html?v=20260731-4,https://www.mad-parfumeur.com/respondio-catalog/media/ar/p-182-1881-charesma.jpg?v=20260731-4,"1881 charesma
الكود: 1881 charesma
السعر: 300 ILS
عودة للمراسلة: https://wa.me/972524033442?text=%D9%85%D8%B1%D8%AD%D8%A8%D8%A7%D8%8C%20%D8%A3%D8%B1%D9%8A%D8%AF%20%D8%B7%D9%84%D8%A8%20%D8%A7%D9%84%D9%85%D9%86%D8%AA%D8%AC%201881%20charesma",https://wa.me/972524033442?text=%D9%85%D8%B1%D8%AD%D8%A8%D8%A7%D8%8C%20%D8%A3%D8%B1%D9%8A%D8%AF%20%D8%B7%D9%84%D8%A8%20%D8%A7%D9%84%D9%85%D9%86%D8%AA%D8%AC%201881%20charesma,https://madperfume.ps/?app=product.show.182,https://www.mad-parfumeur.com/respondio-catalog/og/ar/p-182-1881-charesma.jpg?v=20260731-4,https://madperfume.ps/upload/09-2023/product/1881.jpg
ar,Inspiraiton,Spring Flower Creed,عطور النيش النسائيه,300,https://www.mad-parfumeur.com/respondio-catalog/wa/ar/p-184-inspiraiton.html?v=20260731-4,https://www.mad-parfumeur.com/respondio-catalog/media/ar/p-184-inspiraiton.jpg?v=20260731-4,"Spring Flower Creed
الكود: Inspiraiton
السعر: 300 ILS
عودة للمراسلة: https://wa.me/972524033442?text=%D9%85%D8%B1%D8%AD%D8%A8%D8%A7%D8%8C%20%D8%A3%D8%B1%D9%8A%D8%AF%20%D8%B7%D9%84%D8%A8%20%D8%A7%D9%84%D9%85%D9%86%D8%AA%D8%AC%20Inspiraiton",https://wa.me/972524033442?text=%D9%85%D8%B1%D8%AD%D8%A8%D8%A7%D8%8C%20%D8%A3%D8%B1%D9%8A%D8%AF%20%D8%B7%D9%84%D8%A8%20%D8%A7%D9%84%D9%85%D9%86%D8%AA%D8%AC%20Inspiraiton,https://madperfume.ps/?app=product.show.184,https://www.mad-parfumeur.com/respondio-catalog/og/ar/p-184-inspiraiton.jpg?v=20260731-4,https://madperfume.ps/upload/01-2026/product/69795dfb03a35.png
ar,Divine,La Belle Le Parfum Jean Paul Gaultier,عطور النيش النسائيه,300,https://www.mad-parfumeur.com/respondio-catalog/wa/ar/p-185-divine.html?v=20260731-4,https://www.mad-parfumeur.com/respondio-catalog/media/ar/p-185-divine.jpg?v=20260731-4,"La Belle Le Parfum Jean Paul Gaultier
الكود: Divine
السعر: 300 ILS
عودة للمراسلة: https://wa.me/972524033442?text=%D9%85%D8%B1%D8%AD%D8%A8%D8%A7%D8%8C%20%D8%A3%D8%B1%D9%8A%D8%AF%20%D8%B7%D9%84%D8%A8%20%D8%A7%D9%84%D9%85%D9%86%D8%AA%D8%AC%20Divine",https://wa.me/972524033442?text=%D9%85%D8%B1%D8%AD%D8%A8%D8%A7%D8%8C%20%D8%A3%D8%B1%D9%8A%D8%AF%20%D8%B7%D9%84%D8%A8%20%D8%A7%D9%84%D9%85%D9%86%D8%AA%D8%AC%20Divine,https://madperfume.ps/?app=product.show.185,https://www.mad-parfumeur.com/respondio-catalog/og/ar/p-185-divine.jpg?v=20260731-4,https://madperfume.ps/upload/01-2026/product/69795ebf9644b.png
ar,Inviting,Supreme Bouquet Yves Saint Laurent,عطور النيش النسائيه,300,https://www.mad-parfumeur.com/respondio-catalog/wa/ar/p-186-inviting.html?v=20260731-4,https://www.mad-parfumeur.com/respondio-catalog/media/ar/p-186-inviting.jpg?v=20260731-4,"Supreme Bouquet Yves Saint Laurent
الكود: Inviting
السعر: 300 ILS
عودة للمراسلة: https://wa.me/972524033442?text=%D9%85%D8%B1%D8%AD%D8%A8%D8%A7%D8%8C%20%D8%A3%D8%B1%D9%8A%D8%AF%20%D8%B7%D9%84%D8%A8%20%D8%A7%D9%84%D9%85%D9%86%D8%AA%D8%AC%20Inviting",https://wa.me/972524033442?text=%D9%85%D8%B1%D8%AD%D8%A8%D8%A7%D8%8C%20%D8%A3%D8%B1%D9%8A%D8%AF%20%D8%B7%D9%84%D8%A8%20%D8%A7%D9%84%D9%85%D9%86%D8%AA%D8%AC%20Inviting,https://madperfume.ps/?app=product.show.186,https://www.mad-parfumeur.com/respondio-catalog/og/ar/p-186-inviting.jpg?v=20260731-4,https://madperfume.ps/upload/01-2026/product/697960bdcdb25.png
ar,Madam Amour,Tyl Assoluto Tiziana Terenzi,عطور النيش النسائيه,250,https://www.mad-parfumeur.com/respondio-catalog/wa/ar/p-187-madam-amour.html?v=20260731-4,https://www.mad-parfumeur.com/respondio-catalog/media/ar/p-187-madam-amour.jpg?v=20260731-4,"Tyl Assoluto Tiziana Terenzi
الكود: Madam Amour
السعر: 250 ILS
عودة للمراسلة: https://wa.me/972524033442?text=%D9%85%D8%B1%D8%AD%D8%A8%D8%A7%D8%8C%20%D8%A3%D8%B1%D9%8A%D8%AF%20%D8%B7%D9%84%D8%A8%20%D8%A7%D9%84%D9%85%D9%86%D8%AA%D8%AC%20Madam%20Amour",https://wa.me/972524033442?text=%D9%85%D8%B1%D8%AD%D8%A8%D8%A7%D8%8C%20%D8%A3%D8%B1%D9%8A%D8%AF%20%D8%B7%D9%84%D8%A8%20%D8%A7%D9%84%D9%85%D9%86%D8%AA%D8%AC%20Madam%20Amour,https://madperfume.ps/?app=product.show.187,https://www.mad-parfumeur.com/respondio-catalog/og/ar/p-187-madam-amour.jpg?v=20260731-4,https://madperfume.ps/upload/01-2026/product/697a2fb111c3c.png
ar,Prevail,Marfa Memo Paris,عطور النيش النسائيه,250,https://www.mad-parfumeur.com/respondio-catalog/wa/ar/p-188-prevail.html?v=20260731-4,https://www.mad-parfumeur.com/respondio-catalog/media/ar/p-188-prevail.jpg?v=20260731-4,"Marfa Memo Paris
الكود: Prevail
السعر: 250 ILS
عودة للمراسلة: https://wa.me/972524033442?text=%D9%85%D8%B1%D8%AD%D8%A8%D8%A7%D8%8C%20%D8%A3%D8%B1%D9%8A%D8%AF%20%D8%B7%D9%84%D8%A8%20%D8%A7%D9%84%D9%85%D9%86%D8%AA%D8%AC%20Prevail",https://wa.me/972524033442?text=%D9%85%D8%B1%D8%AD%D8%A8%D8%A7%D8%8C%20%D8%A3%D8%B1%D9%8A%D8%AF%20%D8%B7%D9%84%D8%A8%20%D8%A7%D9%84%D9%85%D9%86%D8%AA%D8%AC%20Prevail,https://madperfume.ps/?app=product.show.188,https://www.mad-parfumeur.com/respondio-catalog/og/ar/p-188-prevail.jpg?v=20260731-4,https://madperfume.ps/upload/01-2026/product/697a3072c22d0.png
ar,Madam,Modern Muse Estée Lauder,عطور النيش النسائيه,250,https://www.mad-parfumeur.com/respondio-catalog/wa/ar/p-189-madam.html?v=20260731-4,https://www.mad-parfumeur.com/respondio-catalog/media/ar/p-189-madam.jpg?v=20260731-4,"Modern Muse Estée Lauder
الكود: Madam
السعر: 250 ILS
عودة للمراسلة: https://wa.me/972524033442?text=%D9%85%D8%B1%D8%AD%D8%A8%D8%A7%D8%8C%20%D8%A3%D8%B1%D9%8A%D8%AF%20%D8%B7%D9%84%D8%A8%20%D8%A7%D9%84%D9%85%D9%86%D8%AA%D8%AC%20Madam",https://wa.me/972524033442?text=%D9%85%D8%B1%D8%AD%D8%A8%D8%A7%D8%8C%20%D8%A3%D8%B1%D9%8A%D8%AF%20%D8%B7%D9%84%D8%A8%20%D8%A7%D9%84%D9%85%D9%86%D8%AA%D8%AC%20Madam,https://madperfume.ps/?app=product.show.189,https://www.mad-parfumeur.com/respondio-catalog/og/ar/p-189-madam.jpg?v=20260731-4,https://madperfume.ps/upload/01-2026/product/697a3c3f6301f.png
ar,Monalisa,Black Opium Nuit Blanche Yves Saint Laurent,عطور النيش النسائيه,250,https://www.mad-parfumeur.com/respondio-catalog/wa/ar/p-190-monalisa.html?v=20260731-4,https://www.mad-parfumeur.com/respondio-catalog/media/ar/p-190-monalisa.jpg?v=20260731-4,"Black Opium Nuit Blanche Yves Saint Laurent
الكود: Monalisa
السعر: 250 ILS
عودة للمراسلة: https://wa.me/972524033442?text=%D9%85%D8%B1%D8%AD%D8%A8%D8%A7%D8%8C%20%D8%A3%D8%B1%D9%8A%D8%AF%20%D8%B7%D9%84%D8%A8%20%D8%A7%D9%84%D9%85%D9%86%D8%AA%D8%AC%20Monalisa",https://wa.me/972524033442?text=%D9%85%D8%B1%D8%AD%D8%A8%D8%A7%D8%8C%20%D8%A3%D8%B1%D9%8A%D8%AF%20%D8%B7%D9%84%D8%A8%20%D8%A7%D9%84%D9%85%D9%86%D8%AA%D8%AC%20Monalisa,https://madperfume.ps/?app=product.show.190,https://www.mad-parfumeur.com/respondio-catalog/og/ar/p-190-monalisa.jpg?v=20260731-4,https://madperfume.ps/upload/01-2026/product/697a39d4310de.png
ar,Golden Feel,Oud Bouquet Lancôme,عطور النيش النسائيه,180,https://www.mad-parfumeur.com/respondio-catalog/wa/ar/p-191-golden-feel.html?v=20260731-4,https://www.mad-parfumeur.com/respondio-catalog/media/ar/p-191-golden-feel.jpg?v=20260731-4,"Oud Bouquet Lancôme
الكود: Golden Feel
السعر: 180 ILS
عودة للمراسلة: https://wa.me/972524033442?text=%D9%85%D8%B1%D8%AD%D8%A8%D8%A7%D8%8C%20%D8%A3%D8%B1%D9%8A%D8%AF%20%D8%B7%D9%84%D8%A8%20%D8%A7%D9%84%D9%85%D9%86%D8%AA%D8%AC%20Golden%20Feel",https://wa.me/972524033442?text=%D9%85%D8%B1%D8%AD%D8%A8%D8%A7%D8%8C%20%D8%A3%D8%B1%D9%8A%D8%AF%20%D8%B7%D9%84%D8%A8%20%D8%A7%D9%84%D9%85%D9%86%D8%AA%D8%AC%20Golden%20Feel,https://madperfume.ps/?app=product.show.191,https://www.mad-parfumeur.com/respondio-catalog/og/ar/p-191-golden-feel.jpg?v=20260731-4,https://madperfume.ps/upload/03-2026/product/IMG_0315.jpeg
ar,Golden Soul,Armani Prive Rouge Malachite Giorgio Armani,عطور النيش النسائيه,180,https://www.mad-parfumeur.com/respondio-catalog/wa/ar/p-192-golden-soul.html?v=20260731-4,https://www.mad-parfumeur.com/respondio-catalog/media/ar/p-192-golden-soul.jpg?v=20260731-4,"Armani Prive Rouge Malachite Giorgio Armani
الكود: Golden Soul
السعر: 180 ILS
عودة للمراسلة: https://wa.me/972524033442?text=%D9%85%D8%B1%D8%AD%D8%A8%D8%A7%D8%8C%20%D8%A3%D8%B1%D9%8A%D8%AF%20%D8%B7%D9%84%D8%A8%20%D8%A7%D9%84%D9%85%D9%86%D8%AA%D8%AC%20Golden%20Soul",https://wa.me/972524033442?text=%D9%85%D8%B1%D8%AD%D8%A8%D8%A7%D8%8C%20%D8%A3%D8%B1%D9%8A%D8%AF%20%D8%B7%D9%84%D8%A8%20%D8%A7%D9%84%D9%85%D9%86%D8%AA%D8%AC%20Golden%20Soul,https://madperfume.ps/?app=product.show.192,https://www.mad-parfumeur.com/respondio-catalog/og/ar/p-192-golden-soul.jpg?v=20260731-4,https://madperfume.ps/upload/03-2026/product/IMG_0318.jpeg
ar,Hot Passion,Aventus for Her Creed,عطور النيش النسائيه,280,https://www.mad-parfumeur.com/respondio-catalog/wa/ar/p-193-hot-passion.html?v=20260731-4,https://www.mad-parfumeur.com/respondio-catalog/media/ar/p-193-hot-passion.jpg?v=20260731-4,"Aventus for Her Creed
الكود: Hot Passion
السعر: 280 ILS
عودة للمراسلة: https://wa.me/972524033442?text=%D9%85%D8%B1%D8%AD%D8%A8%D8%A7%D8%8C%20%D8%A3%D8%B1%D9%8A%D8%AF%20%D8%B7%D9%84%D8%A8%20%D8%A7%D9%84%D9%85%D9%86%D8%AA%D8%AC%20Hot%20Passion",https://wa.me/972524033442?text=%D9%85%D8%B1%D8%AD%D8%A8%D8%A7%D8%8C%20%D8%A3%D8%B1%D9%8A%D8%AF%20%D8%B7%D9%84%D8%A8%20%D8%A7%D9%84%D9%85%D9%86%D8%AA%D8%AC%20Hot%20Passion,https://madperfume.ps/?app=product.show.193,https://www.mad-parfumeur.com/respondio-catalog/og/ar/p-193-hot-passion.jpg?v=20260731-4,https://madperfume.ps/upload/03-2026/product/IMG_7838.jpeg
ar,Pera,Pera,عطور النيش الرجاليه,300,https://www.mad-parfumeur.com/respondio-catalog/wa/ar/p-194-pera.html?v=20260731-4,https://www.mad-parfumeur.com/respondio-catalog/media/ar/p-194-pera.jpg?v=20260731-4,"Pera
الكود: Pera
السعر: 300 ILS
عودة للمراسلة: https://wa.me/972524033442?text=%D9%85%D8%B1%D8%AD%D8%A8%D8%A7%D8%8C%20%D8%A3%D8%B1%D9%8A%D8%AF%20%D8%B7%D9%84%D8%A8%20%D8%A7%D9%84%D9%85%D9%86%D8%AA%D8%AC%20Pera",https://wa.me/972524033442?text=%D9%85%D8%B1%D8%AD%D8%A8%D8%A7%D8%8C%20%D8%A3%D8%B1%D9%8A%D8%AF%20%D8%B7%D9%84%D8%A8%20%D8%A7%D9%84%D9%85%D9%86%D8%AA%D8%AC%20Pera,https://madperfume.ps/?app=product.show.194,https://www.mad-parfumeur.com/respondio-catalog/og/ar/p-194-pera.jpg?v=20260731-4,https://madperfume.ps/upload/01-2026/product/69795d023c412.png
ar,Divine Tough,Le Beau Le Parfum Jean Paul Gaultier,عطور النيش الرجاليه,300,https://www.mad-parfumeur.com/respondio-catalog/wa/ar/p-196-divine-tough.html?v=20260731-4,https://www.mad-parfumeur.com/respondio-catalog/media/ar/p-196-divine-tough.jpg?v=20260731-4,"Le Beau Le Parfum Jean Paul Gaultier
الكود: Divine Tough
السعر: 300 ILS
عودة للمراسلة: https://wa.me/972524033442?text=%D9%85%D8%B1%D8%AD%D8%A8%D8%A7%D8%8C%20%D8%A3%D8%B1%D9%8A%D8%AF%20%D8%B7%D9%84%D8%A8%20%D8%A7%D9%84%D9%85%D9%86%D8%AA%D8%AC%20Divine%20Tough",https://wa.me/972524033442?text=%D9%85%D8%B1%D8%AD%D8%A8%D8%A7%D8%8C%20%D8%A3%D8%B1%D9%8A%D8%AF%20%D8%B7%D9%84%D8%A8%20%D8%A7%D9%84%D9%85%D9%86%D8%AA%D8%AC%20Divine%20Tough,https://madperfume.ps/?app=product.show.196,https://www.mad-parfumeur.com/respondio-catalog/og/ar/p-196-divine-tough.jpg?v=20260731-4,https://madperfume.ps/upload/01-2026/product/69795ade94ca9.png
ar,Deserto,Kalemat Arabian Oud,عطور النيش الرجاليه,300,https://www.mad-parfumeur.com/respondio-catalog/wa/ar/p-197-deserto.html?v=20260731-4,https://www.mad-parfumeur.com/respondio-catalog/media/ar/p-197-deserto.jpg?v=20260731-4,"Kalemat Arabian Oud
الكود: Deserto
السعر: 300 ILS
عودة للمراسلة: https://wa.me/972524033442?text=%D9%85%D8%B1%D8%AD%D8%A8%D8%A7%D8%8C%20%D8%A3%D8%B1%D9%8A%D8%AF%20%D8%B7%D9%84%D8%A8%20%D8%A7%D9%84%D9%85%D9%86%D8%AA%D8%AC%20Deserto",https://wa.me/972524033442?text=%D9%85%D8%B1%D8%AD%D8%A8%D8%A7%D8%8C%20%D8%A3%D8%B1%D9%8A%D8%AF%20%D8%B7%D9%84%D8%A8%20%D8%A7%D9%84%D9%85%D9%86%D8%AA%D8%AC%20Deserto,https://madperfume.ps/?app=product.show.197,https://www.mad-parfumeur.com/respondio-catalog/og/ar/p-197-deserto.jpg?v=20260731-4,https://madperfume.ps/upload/03-2026/product/IMG_0306.jpeg
ar,Grande-Notte-100-ML,Grand Soir Maison Francis Kurkdjian,عطور النيش الرجاليه,300,https://www.mad-parfumeur.com/respondio-catalog/wa/ar/p-198-grande-notte-100-ml.html?v=20260731-4,https://www.mad-parfumeur.com/respondio-catalog/media/ar/p-198-grande-notte-100-ml.jpg?v=20260731-4,"Grand Soir Maison Francis Kurkdjian
الكود: Grande-Notte-100-ML
السعر: 300 ILS
عودة للمراسلة: https://wa.me/972524033442?text=%D9%85%D8%B1%D8%AD%D8%A8%D8%A7%D8%8C%20%D8%A3%D8%B1%D9%8A%D8%AF%20%D8%B7%D9%84%D8%A8%20%D8%A7%D9%84%D9%85%D9%86%D8%AA%D8%AC%20Grande-Notte-100-ML",https://wa.me/972524033442?text=%D9%85%D8%B1%D8%AD%D8%A8%D8%A7%D8%8C%20%D8%A3%D8%B1%D9%8A%D8%AF%20%D8%B7%D9%84%D8%A8%20%D8%A7%D9%84%D9%85%D9%86%D8%AA%D8%AC%20Grande-Notte-100-ML,https://madperfume.ps/?app=product.show.198,https://www.mad-parfumeur.com/respondio-catalog/og/ar/p-198-grande-notte-100-ml.jpg?v=20260731-4,https://madperfume.ps/upload/01-2026/product/6979537a4237a.png
ar,Bruno Gold,Kirke Tiziana Terenzi,عطور النيش الرجاليه,300,https://www.mad-parfumeur.com/respondio-catalog/wa/ar/p-199-bruno-gold.html?v=20260731-4,https://www.mad-parfumeur.com/respondio-catalog/media/ar/p-199-bruno-gold.jpg?v=20260731-4,"Kirke Tiziana Terenzi
الكود: Bruno Gold
السعر: 300 ILS
عودة للمراسلة: https://wa.me/972524033442?text=%D9%85%D8%B1%D8%AD%D8%A8%D8%A7%D8%8C%20%D8%A3%D8%B1%D9%8A%D8%AF%20%D8%B7%D9%84%D8%A8%20%D8%A7%D9%84%D9%85%D9%86%D8%AA%D8%AC%20Bruno%20Gold",https://wa.me/972524033442?text=%D9%85%D8%B1%D8%AD%D8%A8%D8%A7%D8%8C%20%D8%A3%D8%B1%D9%8A%D8%AF%20%D8%B7%D9%84%D8%A8%20%D8%A7%D9%84%D9%85%D9%86%D8%AA%D8%AC%20Bruno%20Gold,https://madperfume.ps/?app=product.show.199,https://www.mad-parfumeur.com/respondio-catalog/og/ar/p-199-bruno-gold.jpg?v=20260731-4,https://madperfume.ps/upload/01-2026/product/697950e119ad8.png
ar,Malaki Oud,Malaki Oud 100 ml Unisex,عطور النيش الرجاليه,300,https://www.mad-parfumeur.com/respondio-catalog/wa/ar/p-200-malaki-oud.html?v=20260731-4,https://www.mad-parfumeur.com/respondio-catalog/media/ar/p-200-malaki-oud.jpg?v=20260731-4,"Malaki Oud 100 ml Unisex
الكود: Malaki Oud
السعر: 300 ILS
عودة للمراسلة: https://wa.me/972524033442?text=%D9%85%D8%B1%D8%AD%D8%A8%D8%A7%D8%8C%20%D8%A3%D8%B1%D9%8A%D8%AF%20%D8%B7%D9%84%D8%A8%20%D8%A7%D9%84%D9%85%D9%86%D8%AA%D8%AC%20Malaki%20Oud",https://wa.me/972524033442?text=%D9%85%D8%B1%D8%AD%D8%A8%D8%A7%D8%8C%20%D8%A3%D8%B1%D9%8A%D8%AF%20%D8%B7%D9%84%D8%A8%20%D8%A7%D9%84%D9%85%D9%86%D8%AA%D8%AC%20Malaki%20Oud,https://madperfume.ps/?app=product.show.200,https://www.mad-parfumeur.com/respondio-catalog/og/ar/p-200-malaki-oud.jpg?v=20260731-4,https://madperfume.ps/upload/01-2026/product/697957414b4e6.png
ar,Sateen Oud,Oud Satin Mood – Sateen Oud 100 ml Unisex,عطور النيش الرجاليه,300,https://www.mad-parfumeur.com/respondio-catalog/wa/ar/p-201-sateen-oud.html?v=20260731-4,https://www.mad-parfumeur.com/respondio-catalog/media/ar/p-201-sateen-oud.jpg?v=20260731-4,"Oud Satin Mood – Sateen Oud 100 ml Unisex
الكود: Sateen Oud
السعر: 300 ILS
عودة للمراسلة: https://wa.me/972524033442?text=%D9%85%D8%B1%D8%AD%D8%A8%D8%A7%D8%8C%20%D8%A3%D8%B1%D9%8A%D8%AF%20%D8%B7%D9%84%D8%A8%20%D8%A7%D9%84%D9%85%D9%86%D8%AA%D8%AC%20Sateen%20Oud",https://wa.me/972524033442?text=%D9%85%D8%B1%D8%AD%D8%A8%D8%A7%D8%8C%20%D8%A3%D8%B1%D9%8A%D8%AF%20%D8%B7%D9%84%D8%A8%20%D8%A7%D9%84%D9%85%D9%86%D8%AA%D8%AC%20Sateen%20Oud,https://madperfume.ps/?app=product.show.201,https://www.mad-parfumeur.com/respondio-catalog/og/ar/p-201-sateen-oud.jpg?v=20260731-4,https://madperfume.ps/upload/01-2026/product/697958ef4d774.png
ar,SPICE OUD,Oud Wood Tom Ford - SPICE OUD,عطور النيش الرجاليه,300,https://www.mad-parfumeur.com/respondio-catalog/wa/ar/p-202-spice-oud.html?v=20260731-4,https://www.mad-parfumeur.com/respondio-catalog/media/ar/p-202-spice-oud.jpg?v=20260731-4,"Oud Wood Tom Ford - SPICE OUD
الكود: SPICE OUD
السعر: 300 ILS
عودة للمراسلة: https://wa.me/972524033442?text=%D9%85%D8%B1%D8%AD%D8%A8%D8%A7%D8%8C%20%D8%A3%D8%B1%D9%8A%D8%AF%20%D8%B7%D9%84%D8%A8%20%D8%A7%D9%84%D9%85%D9%86%D8%AA%D8%AC%20SPICE%20OUD",https://wa.me/972524033442?text=%D9%85%D8%B1%D8%AD%D8%A8%D8%A7%D8%8C%20%D8%A3%D8%B1%D9%8A%D8%AF%20%D8%B7%D9%84%D8%A8%20%D8%A7%D9%84%D9%85%D9%86%D8%AA%D8%AC%20SPICE%20OUD,https://madperfume.ps/?app=product.show.202,https://www.mad-parfumeur.com/respondio-catalog/og/ar/p-202-spice-oud.jpg?v=20260731-4,https://madperfume.ps/upload/03-2026/product/IMG_0337.jpeg
ar,Effect,Side Effect Initio Parfums Prives,عطور النيش الرجاليه,300,https://www.mad-parfumeur.com/respondio-catalog/wa/ar/p-203-effect.html?v=20260731-4,https://www.mad-parfumeur.com/respondio-catalog/media/ar/p-203-effect.jpg?v=20260731-4,"Side Effect Initio Parfums Prives
الكود: Effect
السعر: 300 ILS
عودة للمراسلة: https://wa.me/972524033442?text=%D9%85%D8%B1%D8%AD%D8%A8%D8%A7%D8%8C%20%D8%A3%D8%B1%D9%8A%D8%AF%20%D8%B7%D9%84%D8%A8%20%D8%A7%D9%84%D9%85%D9%86%D8%AA%D8%AC%20Effect",https://wa.me/972524033442?text=%D9%85%D8%B1%D8%AD%D8%A8%D8%A7%D8%8C%20%D8%A3%D8%B1%D9%8A%D8%AF%20%D8%B7%D9%84%D8%A8%20%D8%A7%D9%84%D9%85%D9%86%D8%AA%D8%AC%20Effect,https://madperfume.ps/?app=product.show.203,https://www.mad-parfumeur.com/respondio-catalog/og/ar/p-203-effect.jpg?v=20260731-4,https://madperfume.ps/upload/03-2026/product/IMG_0309.jpeg
ar,MALIK,Escentric 02 Escentric Molecules,عطور النيش الرجاليه,300,https://www.mad-parfumeur.com/respondio-catalog/wa/ar/p-204-malik.html?v=20260731-4,https://www.mad-parfumeur.com/respondio-catalog/media/ar/p-204-malik.jpg?v=20260731-4,"Escentric 02 Escentric Molecules
الكود: MALIK
السعر: 300 ILS
عودة للمراسلة: https://wa.me/972524033442?text=%D9%85%D8%B1%D8%AD%D8%A8%D8%A7%D8%8C%20%D8%A3%D8%B1%D9%8A%D8%AF%20%D8%B7%D9%84%D8%A8%20%D8%A7%D9%84%D9%85%D9%86%D8%AA%D8%AC%20MALIK",https://wa.me/972524033442?text=%D9%85%D8%B1%D8%AD%D8%A8%D8%A7%D8%8C%20%D8%A3%D8%B1%D9%8A%D8%AF%20%D8%B7%D9%84%D8%A8%20%D8%A7%D9%84%D9%85%D9%86%D8%AA%D8%AC%20MALIK,https://madperfume.ps/?app=product.show.204,https://www.mad-parfumeur.com/respondio-catalog/og/ar/p-204-malik.jpg?v=20260731-4,https://madperfume.ps/upload/03-2026/product/IMG_0298.jpeg
ar,M101,M101,عطور النيش الرجاليه,300,https://www.mad-parfumeur.com/respondio-catalog/wa/ar/p-205-m101.html?v=20260731-4,https://www.mad-parfumeur.com/respondio-catalog/media/ar/p-205-m101.jpg?v=20260731-4,"M101
الكود: M101
السعر: 300 ILS
عودة للمراسلة: https://wa.me/972524033442?text=%D9%85%D8%B1%D8%AD%D8%A8%D8%A7%D8%8C%20%D8%A3%D8%B1%D9%8A%D8%AF%20%D8%B7%D9%84%D8%A8%20%D8%A7%D9%84%D9%85%D9%86%D8%AA%D8%AC%20M101",https://wa.me/972524033442?text=%D9%85%D8%B1%D8%AD%D8%A8%D8%A7%D8%8C%20%D8%A3%D8%B1%D9%8A%D8%AF%20%D8%B7%D9%84%D8%A8%20%D8%A7%D9%84%D9%85%D9%86%D8%AA%D8%AC%20M101,https://madperfume.ps/?app=product.show.205,https://www.mad-parfumeur.com/respondio-catalog/og/ar/p-205-m101.jpg?v=20260731-4,https://madperfume.ps/upload/03-2026/product/IMG_0331.jpeg
ar,Trono,Layton Parfums de Marly,عطور النيش الرجاليه,300,https://www.mad-parfumeur.com/respondio-catalog/wa/ar/p-206-trono.html?v=20260731-4,https://www.mad-parfumeur.com/respondio-catalog/media/ar/p-206-trono.jpg?v=20260731-4,"Layton Parfums de Marly
الكود: Trono
السعر: 300 ILS
عودة للمراسلة: https://wa.me/972524033442?text=%D9%85%D8%B1%D8%AD%D8%A8%D8%A7%D8%8C%20%D8%A3%D8%B1%D9%8A%D8%AF%20%D8%B7%D9%84%D8%A8%20%D8%A7%D9%84%D9%85%D9%86%D8%AA%D8%AC%20Trono",https://wa.me/972524033442?text=%D9%85%D8%B1%D8%AD%D8%A8%D8%A7%D8%8C%20%D8%A3%D8%B1%D9%8A%D8%AF%20%D8%B7%D9%84%D8%A8%20%D8%A7%D9%84%D9%85%D9%86%D8%AA%D8%AC%20Trono,https://madperfume.ps/?app=product.show.206,https://www.mad-parfumeur.com/respondio-catalog/og/ar/p-206-trono.jpg?v=20260731-4,https://madperfume.ps/upload/03-2026/product/IMG_0184.jpeg
ar,Devil's Trick,Devil's Intrigue Haute Fragrance Company HFC,عطور النيش النسائيه,250,https://www.mad-parfumeur.com/respondio-catalog/wa/ar/p-207-devil-s-trick.html?v=20260731-4,https://www.mad-parfumeur.com/respondio-catalog/media/ar/p-207-devil-s-trick.jpg?v=20260731-4,"Devil's Intrigue Haute Fragrance Company HFC
الكود: Devil's Trick
السعر: 250 ILS
عودة للمراسلة: https://wa.me/972524033442?text=%D9%85%D8%B1%D8%AD%D8%A8%D8%A7%D8%8C%20%D8%A3%D8%B1%D9%8A%D8%AF%20%D8%B7%D9%84%D8%A8%20%D8%A7%D9%84%D9%85%D9%86%D8%AA%D8%AC%20Devil%27s%20Trick",https://wa.me/972524033442?text=%D9%85%D8%B1%D8%AD%D8%A8%D8%A7%D8%8C%20%D8%A3%D8%B1%D9%8A%D8%AF%20%D8%B7%D9%84%D8%A8%20%D8%A7%D9%84%D9%85%D9%86%D8%AA%D8%AC%20Devil%27s%20Trick,https://madperfume.ps/?app=product.show.207,https://www.mad-parfumeur.com/respondio-catalog/og/ar/p-207-devil-s-trick.jpg?v=20260731-4,https://madperfume.ps/upload/01-2026/product/697a274fca45d.png
ar,Madam The Roman Night,Goldea The Roman Night Absolute Bvlgari,عطور النيش النسائيه,250,https://www.mad-parfumeur.com/respondio-catalog/wa/ar/p-208-madam-the-roman-night.html?v=20260731-4,https://www.mad-parfumeur.com/respondio-catalog/media/ar/p-208-madam-the-roman-night.jpg?v=20260731-4,"Goldea The Roman Night Absolute Bvlgari
الكود: Madam The Roman Night
السعر: 250 ILS
عودة للمراسلة: https://wa.me/972524033442?text=%D9%85%D8%B1%D8%AD%D8%A8%D8%A7%D8%8C%20%D8%A3%D8%B1%D9%8A%D8%AF%20%D8%B7%D9%84%D8%A8%20%D8%A7%D9%84%D9%85%D9%86%D8%AA%D8%AC%20Madam%20The%20Roman%20Night",https://wa.me/972524033442?text=%D9%85%D8%B1%D8%AD%D8%A8%D8%A7%D8%8C%20%D8%A3%D8%B1%D9%8A%D8%AF%20%D8%B7%D9%84%D8%A8%20%D8%A7%D9%84%D9%85%D9%86%D8%AA%D8%AC%20Madam%20The%20Roman%20Night,https://madperfume.ps/?app=product.show.208,https://www.mad-parfumeur.com/respondio-catalog/og/ar/p-208-madam-the-roman-night.jpg?v=20260731-4,https://madperfume.ps/upload/01-2026/product/697a284ceb226.png
ar,Secret Night,DE MARLEY ATHALIA,عطور النيش النسائيه,300,https://www.mad-parfumeur.com/respondio-catalog/wa/ar/p-209-secret-night.html?v=20260731-4,https://www.mad-parfumeur.com/respondio-catalog/media/ar/p-209-secret-night.jpg?v=20260731-4,"DE MARLEY ATHALIA
الكود: Secret Night
السعر: 300 ILS
عودة للمراسلة: https://wa.me/972524033442?text=%D9%85%D8%B1%D8%AD%D8%A8%D8%A7%D8%8C%20%D8%A3%D8%B1%D9%8A%D8%AF%20%D8%B7%D9%84%D8%A8%20%D8%A7%D9%84%D9%85%D9%86%D8%AA%D8%AC%20Secret%20Night",https://wa.me/972524033442?text=%D9%85%D8%B1%D8%AD%D8%A8%D8%A7%D8%8C%20%D8%A3%D8%B1%D9%8A%D8%AF%20%D8%B7%D9%84%D8%A8%20%D8%A7%D9%84%D9%85%D9%86%D8%AA%D8%AC%20Secret%20Night,https://madperfume.ps/?app=product.show.209,https://www.mad-parfumeur.com/respondio-catalog/og/ar/p-209-secret-night.jpg?v=20260731-4,https://madperfume.ps/upload/03-2026/product/IMG_0278.jpeg
ar,Sense,Apollonia Xerjoff,عطور النيش النسائيه,250,https://www.mad-parfumeur.com/respondio-catalog/wa/ar/p-210-sense.html?v=20260731-4,https://www.mad-parfumeur.com/respondio-catalog/media/ar/p-210-sense.jpg?v=20260731-4,"Apollonia Xerjoff
الكود: Sense
السعر: 250 ILS
عودة للمراسلة: https://wa.me/972524033442?text=%D9%85%D8%B1%D8%AD%D8%A8%D8%A7%D8%8C%20%D8%A3%D8%B1%D9%8A%D8%AF%20%D8%B7%D9%84%D8%A8%20%D8%A7%D9%84%D9%85%D9%86%D8%AA%D8%AC%20Sense",https://wa.me/972524033442?text=%D9%85%D8%B1%D8%AD%D8%A8%D8%A7%D8%8C%20%D8%A3%D8%B1%D9%8A%D8%AF%20%D8%B7%D9%84%D8%A8%20%D8%A7%D9%84%D9%85%D9%86%D8%AA%D8%AC%20Sense,https://madperfume.ps/?app=product.show.210,https://www.mad-parfumeur.com/respondio-catalog/og/ar/p-210-sense.jpg?v=20260731-4,https://madperfume.ps/upload/03-2026/product/IMG_0291.jpeg
ar,Golden Age,Accento Xerjoff,عطور النيش النسائيه,180,https://www.mad-parfumeur.com/respondio-catalog/wa/ar/p-211-golden-age.html?v=20260731-4,https://www.mad-parfumeur.com/respondio-catalog/media/ar/p-211-golden-age.jpg?v=20260731-4,"Accento Xerjoff
الكود: Golden Age
السعر: 180 ILS
عودة للمراسلة: https://wa.me/972524033442?text=%D9%85%D8%B1%D8%AD%D8%A8%D8%A7%D8%8C%20%D8%A3%D8%B1%D9%8A%D8%AF%20%D8%B7%D9%84%D8%A8%20%D8%A7%D9%84%D9%85%D9%86%D8%AA%D8%AC%20Golden%20Age",https://wa.me/972524033442?text=%D9%85%D8%B1%D8%AD%D8%A8%D8%A7%D8%8C%20%D8%A3%D8%B1%D9%8A%D8%AF%20%D8%B7%D9%84%D8%A8%20%D8%A7%D9%84%D9%85%D9%86%D8%AA%D8%AC%20Golden%20Age,https://madperfume.ps/?app=product.show.211,https://www.mad-parfumeur.com/respondio-catalog/og/ar/p-211-golden-age.jpg?v=20260731-4,https://madperfume.ps/upload/03-2026/product/IMG_0313.jpeg
ar,Golden Glory,Idylle Eau Sublime Guerlain,عطور النيش النسائيه,180,https://www.mad-parfumeur.com/respondio-catalog/wa/ar/p-212-golden-glory.html?v=20260731-4,https://www.mad-parfumeur.com/respondio-catalog/media/ar/p-212-golden-glory.jpg?v=20260731-4,"Idylle Eau Sublime Guerlain
الكود: Golden Glory
السعر: 180 ILS
عودة للمراسلة: https://wa.me/972524033442?text=%D9%85%D8%B1%D8%AD%D8%A8%D8%A7%D8%8C%20%D8%A3%D8%B1%D9%8A%D8%AF%20%D8%B7%D9%84%D8%A8%20%D8%A7%D9%84%D9%85%D9%86%D8%AA%D8%AC%20Golden%20Glory",https://wa.me/972524033442?text=%D9%85%D8%B1%D8%AD%D8%A8%D8%A7%D8%8C%20%D8%A3%D8%B1%D9%8A%D8%AF%20%D8%B7%D9%84%D8%A8%20%D8%A7%D9%84%D9%85%D9%86%D8%AA%D8%AC%20Golden%20Glory,https://madperfume.ps/?app=product.show.212,https://www.mad-parfumeur.com/respondio-catalog/og/ar/p-212-golden-glory.jpg?v=20260731-4,https://madperfume.ps/upload/03-2026/product/IMG_0320.jpeg
ar,Sapphire,عبير من الجرأة والرقي – كجوهرة ثمينة تروي حكاية,عطور النيش الرجاليه,350,https://www.mad-parfumeur.com/respondio-catalog/wa/ar/p-213-sapphire.html?v=20260731-4,https://www.mad-parfumeur.com/respondio-catalog/media/ar/p-213-sapphire.jpg?v=20260731-4,"عبير من الجرأة والرقي – كجوهرة ثمينة تروي حكاية
الكود: Sapphire
السعر: 350 ILS
عودة للمراسلة: https://wa.me/972524033442?text=%D9%85%D8%B1%D8%AD%D8%A8%D8%A7%D8%8C%20%D8%A3%D8%B1%D9%8A%D8%AF%20%D8%B7%D9%84%D8%A8%20%D8%A7%D9%84%D9%85%D9%86%D8%AA%D8%AC%20Sapphire",https://wa.me/972524033442?text=%D9%85%D8%B1%D8%AD%D8%A8%D8%A7%D8%8C%20%D8%A3%D8%B1%D9%8A%D8%AF%20%D8%B7%D9%84%D8%A8%20%D8%A7%D9%84%D9%85%D9%86%D8%AA%D8%AC%20Sapphire,https://madperfume.ps/?app=product.show.213,https://www.mad-parfumeur.com/respondio-catalog/og/ar/p-213-sapphire.jpg?v=20260731-4,https://madperfume.ps/upload/01-2026/product/b43cfddd-4e47-4dab-939a-e76f31e8ee80_size640_cropCenter.jpg
ar,Mare,Mare,عطور النيش الرجاليه,500,https://www.mad-parfumeur.com/respondio-catalog/wa/ar/p-214-mare.html?v=20260731-4,https://www.mad-parfumeur.com/respondio-catalog/media/ar/p-214-mare.jpg?v=20260731-4,"Mare
الكود: Mare
السعر: 500 ILS
عودة للمراسلة: https://wa.me/972524033442?text=%D9%85%D8%B1%D8%AD%D8%A8%D8%A7%D8%8C%20%D8%A3%D8%B1%D9%8A%D8%AF%20%D8%B7%D9%84%D8%A8%20%D8%A7%D9%84%D9%85%D9%86%D8%AA%D8%AC%20Mare",https://wa.me/972524033442?text=%D9%85%D8%B1%D8%AD%D8%A8%D8%A7%D8%8C%20%D8%A3%D8%B1%D9%8A%D8%AF%20%D8%B7%D9%84%D8%A8%20%D8%A7%D9%84%D9%85%D9%86%D8%AA%D8%AC%20Mare,https://madperfume.ps/?app=product.show.214,https://www.mad-parfumeur.com/respondio-catalog/og/ar/p-214-mare.jpg?v=20260731-4,https://madperfume.ps/upload/01-2026/product/74e76c6f-95d1-454c-a178-939ca076f7e9_size640_cropCenter.jpg
ar,Oud Supreme,Mad Oud Supreme,عطور النيش الرجاليه,350,https://www.mad-parfumeur.com/respondio-catalog/wa/ar/p-215-oud-supreme.html?v=20260731-4,https://www.mad-parfumeur.com/respondio-catalog/media/ar/p-215-oud-supreme.jpg?v=20260731-4,"Mad Oud Supreme
الكود: Oud Supreme
السعر: 350 ILS
عودة للمراسلة: https://wa.me/972524033442?text=%D9%85%D8%B1%D8%AD%D8%A8%D8%A7%D8%8C%20%D8%A3%D8%B1%D9%8A%D8%AF%20%D8%B7%D9%84%D8%A8%20%D8%A7%D9%84%D9%85%D9%86%D8%AA%D8%AC%20Oud%20Supreme",https://wa.me/972524033442?text=%D9%85%D8%B1%D8%AD%D8%A8%D8%A7%D8%8C%20%D8%A3%D8%B1%D9%8A%D8%AF%20%D8%B7%D9%84%D8%A8%20%D8%A7%D9%84%D9%85%D9%86%D8%AA%D8%AC%20Oud%20Supreme,https://madperfume.ps/?app=product.show.215,https://www.mad-parfumeur.com/respondio-catalog/og/ar/p-215-oud-supreme.jpg?v=20260731-4,https://madperfume.ps/upload/01-2026/product/WhatsApp Image 2026-01-28 at 00.14.09.jpeg
ar,Lady,Lady,عطور النيش النسائيه,350,https://www.mad-parfumeur.com/respondio-catalog/wa/ar/p-216-lady.html?v=20260731-4,https://www.mad-parfumeur.com/respondio-catalog/media/ar/p-216-lady.jpg?v=20260731-4,"Lady
الكود: Lady
السعر: 350 ILS
عودة للمراسلة: https://wa.me/972524033442?text=%D9%85%D8%B1%D8%AD%D8%A8%D8%A7%D8%8C%20%D8%A3%D8%B1%D9%8A%D8%AF%20%D8%B7%D9%84%D8%A8%20%D8%A7%D9%84%D9%85%D9%86%D8%AA%D8%AC%20Lady",https://wa.me/972524033442?text=%D9%85%D8%B1%D8%AD%D8%A8%D8%A7%D8%8C%20%D8%A3%D8%B1%D9%8A%D8%AF%20%D8%B7%D9%84%D8%A8%20%D8%A7%D9%84%D9%85%D9%86%D8%AA%D8%AC%20Lady,https://madperfume.ps/?app=product.show.216,https://www.mad-parfumeur.com/respondio-catalog/og/ar/p-216-lady.jpg?v=20260731-4,https://madperfume.ps/upload/01-2026/product/c16a65f3-3456-4962-a293-86378d821655_size640_cropCenter.jpg
ar,DIVERSE Exploration,Italian Leather Memo Paris,عطور النيش الرجاليه,300,https://www.mad-parfumeur.com/respondio-catalog/wa/ar/p-217-diverse-exploration.html?v=20260731-4,https://www.mad-parfumeur.com/respondio-catalog/media/ar/p-217-diverse-exploration.jpg?v=20260731-4,"Italian Leather Memo Paris
الكود: DIVERSE Exploration
السعر: 300 ILS
عودة للمراسلة: https://wa.me/972524033442?text=%D9%85%D8%B1%D8%AD%D8%A8%D8%A7%D8%8C%20%D8%A3%D8%B1%D9%8A%D8%AF%20%D8%B7%D9%84%D8%A8%20%D8%A7%D9%84%D9%85%D9%86%D8%AA%D8%AC%20DIVERSE%20Exploration",https://wa.me/972524033442?text=%D9%85%D8%B1%D8%AD%D8%A8%D8%A7%D8%8C%20%D8%A3%D8%B1%D9%8A%D8%AF%20%D8%B7%D9%84%D8%A8%20%D8%A7%D9%84%D9%85%D9%86%D8%AA%D8%AC%20DIVERSE%20Exploration,https://madperfume.ps/?app=product.show.217,https://www.mad-parfumeur.com/respondio-catalog/og/ar/p-217-diverse-exploration.jpg?v=20260731-4,https://madperfume.ps/upload/03-2026/product/IMG_0302.jpeg
ar,Mad-Mona-Rosa-120-ML,Mad-Mona-Rosa-120-ML,عطور البيت والمكتب,45,https://www.mad-parfumeur.com/respondio-catalog/wa/ar/p-222-mad-mona-rosa-120-ml.html?v=20260731-4,https://www.mad-parfumeur.com/respondio-catalog/media/ar/p-222-mad-mona-rosa-120-ml.jpg?v=20260731-4,"Mad-Mona-Rosa-120-ML
الكود: Mad-Mona-Rosa-120-ML
السعر: 45 ILS
عودة للمراسلة: https://wa.me/972524033442?text=%D9%85%D8%B1%D8%AD%D8%A8%D8%A7%D8%8C%20%D8%A3%D8%B1%D9%8A%D8%AF%20%D8%B7%D9%84%D8%A8%20%D8%A7%D9%84%D9%85%D9%86%D8%AA%D8%AC%20Mad-Mona-Rosa-120-ML",https://wa.me/972524033442?text=%D9%85%D8%B1%D8%AD%D8%A8%D8%A7%D8%8C%20%D8%A3%D8%B1%D9%8A%D8%AF%20%D8%B7%D9%84%D8%A8%20%D8%A7%D9%84%D9%85%D9%86%D8%AA%D8%AC%20Mad-Mona-Rosa-120-ML,https://madperfume.ps/?app=product.show.222,https://www.mad-parfumeur.com/respondio-catalog/og/ar/p-222-mad-mona-rosa-120-ml.jpg?v=20260731-4,https://madperfume.ps/upload/09-2023/product/mad-mona-rosa-120ml-ortam-kokusu-8b-475.jpg
ar,-Mad-Dream-Buquet-120-ML,-Mad-Dream-Buquet-120-ML,عطور البيت والمكتب,45,https://www.mad-parfumeur.com/respondio-catalog/wa/ar/p-226-mad-dream-buquet-120-ml.html?v=20260731-4,https://www.mad-parfumeur.com/respondio-catalog/media/ar/p-226-mad-dream-buquet-120-ml.jpg?v=20260731-4,"-Mad-Dream-Buquet-120-ML
الكود: -Mad-Dream-Buquet-120-ML
السعر: 45 ILS
عودة للمراسلة: https://wa.me/972524033442?text=%D9%85%D8%B1%D8%AD%D8%A8%D8%A7%D8%8C%20%D8%A3%D8%B1%D9%8A%D8%AF%20%D8%B7%D9%84%D8%A8%20%D8%A7%D9%84%D9%85%D9%86%D8%AA%D8%AC%20-Mad-Dream-Buquet-120-ML",https://wa.me/972524033442?text=%D9%85%D8%B1%D8%AD%D8%A8%D8%A7%D8%8C%20%D8%A3%D8%B1%D9%8A%D8%AF%20%D8%B7%D9%84%D8%A8%20%D8%A7%D9%84%D9%85%D9%86%D8%AA%D8%AC%20-Mad-Dream-Buquet-120-ML,https://madperfume.ps/?app=product.show.226,https://www.mad-parfumeur.com/respondio-catalog/og/ar/p-226-mad-dream-buquet-120-ml.jpg?v=20260731-4,https://madperfume.ps/upload/09-2023/product/mad-dream-bouquet-120ml-ortam-kokusu--96658.jpg
ar,-Mad-Limpio-120-ML,-Mad-Limpio-120-ML,عطور البيت والمكتب,45,https://www.mad-parfumeur.com/respondio-catalog/wa/ar/p-229-mad-limpio-120-ml.html?v=20260731-4,https://www.mad-parfumeur.com/respondio-catalog/media/ar/p-229-mad-limpio-120-ml.jpg?v=20260731-4,"-Mad-Limpio-120-ML
الكود: -Mad-Limpio-120-ML
السعر: 45 ILS
عودة للمراسلة: https://wa.me/972524033442?text=%D9%85%D8%B1%D8%AD%D8%A8%D8%A7%D8%8C%20%D8%A3%D8%B1%D9%8A%D8%AF%20%D8%B7%D9%84%D8%A8%20%D8%A7%D9%84%D9%85%D9%86%D8%AA%D8%AC%20-Mad-Limpio-120-ML",https://wa.me/972524033442?text=%D9%85%D8%B1%D8%AD%D8%A8%D8%A7%D8%8C%20%D8%A3%D8%B1%D9%8A%D8%AF%20%D8%B7%D9%84%D8%A8%20%D8%A7%D9%84%D9%85%D9%86%D8%AA%D8%AC%20-Mad-Limpio-120-ML,https://madperfume.ps/?app=product.show.229,https://www.mad-parfumeur.com/respondio-catalog/og/ar/p-229-mad-limpio-120-ml.jpg?v=20260731-4,https://madperfume.ps/upload/09-2023/product/mad-limpio-120-ml-ortam-kokusu120-ml-a646-b.jpeg
ar,-Mad-Bosphorus-120-ML,-Mad-Bosphorus-120-ML,عطور البيت والمكتب,45,https://www.mad-parfumeur.com/respondio-catalog/wa/ar/p-233-mad-bosphorus-120-ml.html?v=20260731-4,https://www.mad-parfumeur.com/respondio-catalog/media/ar/p-233-mad-bosphorus-120-ml.jpg?v=20260731-4,"-Mad-Bosphorus-120-ML
الكود: -Mad-Bosphorus-120-ML
السعر: 45 ILS
عودة للمراسلة: https://wa.me/972524033442?text=%D9%85%D8%B1%D8%AD%D8%A8%D8%A7%D8%8C%20%D8%A3%D8%B1%D9%8A%D8%AF%20%D8%B7%D9%84%D8%A8%20%D8%A7%D9%84%D9%85%D9%86%D8%AA%D8%AC%20-Mad-Bosphorus-120-ML",https://wa.me/972524033442?text=%D9%85%D8%B1%D8%AD%D8%A8%D8%A7%D8%8C%20%D8%A3%D8%B1%D9%8A%D8%AF%20%D8%B7%D9%84%D8%A8%20%D8%A7%D9%84%D9%85%D9%86%D8%AA%D8%AC%20-Mad-Bosphorus-120-ML,https://madperfume.ps/?app=product.show.233,https://www.mad-parfumeur.com/respondio-catalog/og/ar/p-233-mad-bosphorus-120-ml.jpg?v=20260731-4,https://madperfume.ps/upload/09-2023/product/mad-bosphorus-120-ml-ortam-kokusu120-m-433ad1.jpg
ar,turkish bath,turkish bath,عطور البيت والمكتب,45,https://www.mad-parfumeur.com/respondio-catalog/wa/ar/p-234-turkish-bath.html?v=20260731-4,https://www.mad-parfumeur.com/respondio-catalog/media/ar/p-234-turkish-bath.jpg?v=20260731-4,"turkish bath
الكود: turkish bath
السعر: 45 ILS
عودة للمراسلة: https://wa.me/972524033442?text=%D9%85%D8%B1%D8%AD%D8%A8%D8%A7%D8%8C%20%D8%A3%D8%B1%D9%8A%D8%AF%20%D8%B7%D9%84%D8%A8%20%D8%A7%D9%84%D9%85%D9%86%D8%AA%D8%AC%20turkish%20bath",https://wa.me/972524033442?text=%D9%85%D8%B1%D8%AD%D8%A8%D8%A7%D8%8C%20%D8%A3%D8%B1%D9%8A%D8%AF%20%D8%B7%D9%84%D8%A8%20%D8%A7%D9%84%D9%85%D9%86%D8%AA%D8%AC%20turkish%20bath,https://madperfume.ps/?app=product.show.234,https://www.mad-parfumeur.com/respondio-catalog/og/ar/p-234-turkish-bath.jpg?v=20260731-4,https://madperfume.ps/upload/09-2023/product/mad-turkish-bath-120-ml-ortam-kokusu12-2da8a8.jpg
ar,Good-Night-Kiss-120-ML-,Good-Night-Kiss-120-ML-,عطور البيت والمكتب,45,https://www.mad-parfumeur.com/respondio-catalog/wa/ar/p-235-good-night-kiss-120-ml.html?v=20260731-4,https://www.mad-parfumeur.com/respondio-catalog/media/ar/p-235-good-night-kiss-120-ml.jpg?v=20260731-4,"Good-Night-Kiss-120-ML-
الكود: Good-Night-Kiss-120-ML-
السعر: 45 ILS
عودة للمراسلة: https://wa.me/972524033442?text=%D9%85%D8%B1%D8%AD%D8%A8%D8%A7%D8%8C%20%D8%A3%D8%B1%D9%8A%D8%AF%20%D8%B7%D9%84%D8%A8%20%D8%A7%D9%84%D9%85%D9%86%D8%AA%D8%AC%20Good-Night-Kiss-120-ML-",https://wa.me/972524033442?text=%D9%85%D8%B1%D8%AD%D8%A8%D8%A7%D8%8C%20%D8%A3%D8%B1%D9%8A%D8%AF%20%D8%B7%D9%84%D8%A8%20%D8%A7%D9%84%D9%85%D9%86%D8%AA%D8%AC%20Good-Night-Kiss-120-ML-,https://madperfume.ps/?app=product.show.235,https://www.mad-parfumeur.com/respondio-catalog/og/ar/p-235-good-night-kiss-120-ml.jpg?v=20260731-4,https://madperfume.ps/upload/09-2023/product/mad-good-night-kiss-120-ml-ortam-kokus-0fe9c0.jpeg
ar,halloween,halloween,شموع,100,https://www.mad-parfumeur.com/respondio-catalog/wa/ar/p-236-halloween.html?v=20260731-4,https://www.mad-parfumeur.com/respondio-catalog/media/ar/p-236-halloween.jpg?v=20260731-4,"halloween
الكود: halloween
السعر: 100 ILS
عودة للمراسلة: https://wa.me/972524033442?text=%D9%85%D8%B1%D8%AD%D8%A8%D8%A7%D8%8C%20%D8%A3%D8%B1%D9%8A%D8%AF%20%D8%B7%D9%84%D8%A8%20%D8%A7%D9%84%D9%85%D9%86%D8%AA%D8%AC%20halloween",https://wa.me/972524033442?text=%D9%85%D8%B1%D8%AD%D8%A8%D8%A7%D8%8C%20%D8%A3%D8%B1%D9%8A%D8%AF%20%D8%B7%D9%84%D8%A8%20%D8%A7%D9%84%D9%85%D9%86%D8%AA%D8%AC%20halloween,https://madperfume.ps/?app=product.show.236,https://www.mad-parfumeur.com/respondio-catalog/og/ar/p-236-halloween.jpg?v=20260731-4,https://madperfume.ps/upload/09-2023/product/mad-halloween-200-gr-mum--b7a-48.jpg
ar,Wizard,Wizard,شموع,100,https://www.mad-parfumeur.com/respondio-catalog/wa/ar/p-238-wizard.html?v=20260731-4,https://www.mad-parfumeur.com/respondio-catalog/media/ar/p-238-wizard.jpg?v=20260731-4,"Wizard
الكود: Wizard
السعر: 100 ILS
عودة للمراسلة: https://wa.me/972524033442?text=%D9%85%D8%B1%D8%AD%D8%A8%D8%A7%D8%8C%20%D8%A3%D8%B1%D9%8A%D8%AF%20%D8%B7%D9%84%D8%A8%20%D8%A7%D9%84%D9%85%D9%86%D8%AA%D8%AC%20Wizard",https://wa.me/972524033442?text=%D9%85%D8%B1%D8%AD%D8%A8%D8%A7%D8%8C%20%D8%A3%D8%B1%D9%8A%D8%AF%20%D8%B7%D9%84%D8%A8%20%D8%A7%D9%84%D9%85%D9%86%D8%AA%D8%AC%20Wizard,https://madperfume.ps/?app=product.show.238,https://www.mad-parfumeur.com/respondio-catalog/og/ar/p-238-wizard.jpg?v=20260731-4,https://madperfume.ps/upload/09-2023/product/mad-wizard-200-gr-mum--332160.jpg
ar,Prevail,Prevail,شموع,100,https://www.mad-parfumeur.com/respondio-catalog/wa/ar/p-239-prevail.html?v=20260731-4,https://www.mad-parfumeur.com/respondio-catalog/media/ar/p-239-prevail.jpg?v=20260731-4,"Prevail
الكود: Prevail
السعر: 100 ILS
عودة للمراسلة: https://wa.me/972524033442?text=%D9%85%D8%B1%D8%AD%D8%A8%D8%A7%D8%8C%20%D8%A3%D8%B1%D9%8A%D8%AF%20%D8%B7%D9%84%D8%A8%20%D8%A7%D9%84%D9%85%D9%86%D8%AA%D8%AC%20Prevail",https://wa.me/972524033442?text=%D9%85%D8%B1%D8%AD%D8%A8%D8%A7%D8%8C%20%D8%A3%D8%B1%D9%8A%D8%AF%20%D8%B7%D9%84%D8%A8%20%D8%A7%D9%84%D9%85%D9%86%D8%AA%D8%AC%20Prevail,https://madperfume.ps/?app=product.show.239,https://www.mad-parfumeur.com/respondio-catalog/og/ar/p-239-prevail.jpg?v=20260731-4,https://madperfume.ps/upload/09-2023/product/mad-prevail-200-gr-mum--6-b2f8.jpg
ar,T109,Thomas 4,عطور الرجال,100,https://www.mad-parfumeur.com/respondio-catalog/wa/ar/p-246-t109.html?v=20260731-4,https://www.mad-parfumeur.com/respondio-catalog/media/ar/p-246-t109.jpg?v=20260731-4,"Thomas 4
الكود: T109
السعر: 100 ILS
عودة للمراسلة: https://wa.me/972524033442?text=%D9%85%D8%B1%D8%AD%D8%A8%D8%A7%D8%8C%20%D8%A3%D8%B1%D9%8A%D8%AF%20%D8%B7%D9%84%D8%A8%20%D8%A7%D9%84%D9%85%D9%86%D8%AA%D8%AC%20T109",https://wa.me/972524033442?text=%D9%85%D8%B1%D8%AD%D8%A8%D8%A7%D8%8C%20%D8%A3%D8%B1%D9%8A%D8%AF%20%D8%B7%D9%84%D8%A8%20%D8%A7%D9%84%D9%85%D9%86%D8%AA%D8%AC%20T109,https://madperfume.ps/?app=product.show.246,https://www.mad-parfumeur.com/respondio-catalog/og/ar/p-246-t109.jpg?v=20260731-4,https://madperfume.ps/upload/03-2026/product/BED161E6-88ED-4CA5-894D-760A1CBBD1B9.png
ar,Rouge night,Erba Pura Xerjoff,عطور النيش الرجاليه,300,https://www.mad-parfumeur.com/respondio-catalog/wa/ar/p-265-rouge-night.html?v=20260731-4,https://www.mad-parfumeur.com/respondio-catalog/media/ar/p-265-rouge-night.jpg?v=20260731-4,"Erba Pura Xerjoff
الكود: Rouge night
السعر: 300 ILS
عودة للمراسلة: https://wa.me/972524033442?text=%D9%85%D8%B1%D8%AD%D8%A8%D8%A7%D8%8C%20%D8%A3%D8%B1%D9%8A%D8%AF%20%D8%B7%D9%84%D8%A8%20%D8%A7%D9%84%D9%85%D9%86%D8%AA%D8%AC%20Rouge%20night",https://wa.me/972524033442?text=%D9%85%D8%B1%D8%AD%D8%A8%D8%A7%D8%8C%20%D8%A3%D8%B1%D9%8A%D8%AF%20%D8%B7%D9%84%D8%A8%20%D8%A7%D9%84%D9%85%D9%86%D8%AA%D8%AC%20Rouge%20night,https://madperfume.ps/?app=product.show.265,https://www.mad-parfumeur.com/respondio-catalog/og/ar/p-265-rouge-night.jpg?v=20260731-4,https://madperfume.ps/upload/01-2026/product/6979630e77e78.png
ar,Mad Turkish Bath 500 ml,Mad Turkish Bath 500 ml,معطر الجو,60,https://www.mad-parfumeur.com/respondio-catalog/wa/ar/p-268-mad-turkish-bath-500-ml.html?v=20260731-4,https://www.mad-parfumeur.com/respondio-catalog/media/ar/p-268-mad-turkish-bath-500-ml.jpg?v=20260731-4,"Mad Turkish Bath 500 ml
الكود: Mad Turkish Bath 500 ml
السعر: 60 ILS
عودة للمراسلة: https://wa.me/972524033442?text=%D9%85%D8%B1%D8%AD%D8%A8%D8%A7%D8%8C%20%D8%A3%D8%B1%D9%8A%D8%AF%20%D8%B7%D9%84%D8%A8%20%D8%A7%D9%84%D9%85%D9%86%D8%AA%D8%AC%20Mad%20Turkish%20Bath%20500%20ml",https://wa.me/972524033442?text=%D9%85%D8%B1%D8%AD%D8%A8%D8%A7%D8%8C%20%D8%A3%D8%B1%D9%8A%D8%AF%20%D8%B7%D9%84%D8%A8%20%D8%A7%D9%84%D9%85%D9%86%D8%AA%D8%AC%20Mad%20Turkish%20Bath%20500%20ml,https://madperfume.ps/?app=product.show.268,https://www.mad-parfumeur.com/respondio-catalog/og/ar/p-268-mad-turkish-bath-500-ml.jpg?v=20260731-4,https://madperfume.ps/upload/12-2023/product/IMG_8806.jpeg
ar,Favorilere Ekle Mad Pure Natural 500 ml,Favorilere Ekle Mad Pure Natural 500 ml,معطر الجو,60,https://www.mad-parfumeur.com/respondio-catalog/wa/ar/p-270-favorilere-ekle-mad-pure-natural-500-ml.html?v=20260731-4,https://www.mad-parfumeur.com/respondio-catalog/media/ar/p-270-favorilere-ekle-mad-pure-natural-500-ml.jpg?v=20260731-4,"Favorilere Ekle Mad Pure Natural 500 ml
الكود: Favorilere Ekle Mad Pure Natural 500 ml
السعر: 60 ILS
عودة للمراسلة: https://wa.me/972524033442?text=%D9%85%D8%B1%D8%AD%D8%A8%D8%A7%D8%8C%20%D8%A3%D8%B1%D9%8A%D8%AF%20%D8%B7%D9%84%D8%A8%20%D8%A7%D9%84%D9%85%D9%86%D8%AA%D8%AC%20Favorilere%20Ekle%20Mad%20Pure%20Natural%20500%20ml",https://wa.me/972524033442?text=%D9%85%D8%B1%D8%AD%D8%A8%D8%A7%D8%8C%20%D8%A3%D8%B1%D9%8A%D8%AF%20%D8%B7%D9%84%D8%A8%20%D8%A7%D9%84%D9%85%D9%86%D8%AA%D8%AC%20Favorilere%20Ekle%20Mad%20Pure%20Natural%20500%20ml,https://madperfume.ps/?app=product.show.270,https://www.mad-parfumeur.com/respondio-catalog/og/ar/p-270-favorilere-ekle-mad-pure-natural-500-ml.jpg?v=20260731-4,https://madperfume.ps/upload/12-2023/product/IMG_8812.jpeg
ar,Favorilere Ekle Mad Mona Rosa 500 ml,Favorilere Ekle Mad Mona Rosa 500 ml,معطر الجو,60,https://www.mad-parfumeur.com/respondio-catalog/wa/ar/p-271-favorilere-ekle-mad-mona-rosa-500-ml.html?v=20260731-4,https://www.mad-parfumeur.com/respondio-catalog/media/ar/p-271-favorilere-ekle-mad-mona-rosa-500-ml.jpg?v=20260731-4,"Favorilere Ekle Mad Mona Rosa 500 ml
الكود: Favorilere Ekle Mad Mona Rosa 500 ml
السعر: 60 ILS
عودة للمراسلة: https://wa.me/972524033442?text=%D9%85%D8%B1%D8%AD%D8%A8%D8%A7%D8%8C%20%D8%A3%D8%B1%D9%8A%D8%AF%20%D8%B7%D9%84%D8%A8%20%D8%A7%D9%84%D9%85%D9%86%D8%AA%D8%AC%20Favorilere%20Ekle%20Mad%20Mona%20Rosa%20500%20ml",https://wa.me/972524033442?text=%D9%85%D8%B1%D8%AD%D8%A8%D8%A7%D8%8C%20%D8%A3%D8%B1%D9%8A%D8%AF%20%D8%B7%D9%84%D8%A8%20%D8%A7%D9%84%D9%85%D9%86%D8%AA%D8%AC%20Favorilere%20Ekle%20Mad%20Mona%20Rosa%20500%20ml,https://madperfume.ps/?app=product.show.271,https://www.mad-parfumeur.com/respondio-catalog/og/ar/p-271-favorilere-ekle-mad-mona-rosa-500-ml.jpg?v=20260731-4,https://madperfume.ps/upload/12-2023/product/IMG_8810.jpeg
ar,Favorilere Ekle Mad Hipnotizya 500 ml,Favorilere Ekle Mad Hipnotizya 500 ml,معطر الجو,60,https://www.mad-parfumeur.com/respondio-catalog/wa/ar/p-272-favorilere-ekle-mad-hipnotizya-500-ml.html?v=20260731-4,https://www.mad-parfumeur.com/respondio-catalog/media/ar/p-272-favorilere-ekle-mad-hipnotizya-500-ml.jpg?v=20260731-4,"Favorilere Ekle Mad Hipnotizya 500 ml
الكود: Favorilere Ekle Mad Hipnotizya 500 ml
السعر: 60 ILS
عودة للمراسلة: https://wa.me/972524033442?text=%D9%85%D8%B1%D8%AD%D8%A8%D8%A7%D8%8C%20%D8%A3%D8%B1%D9%8A%D8%AF%20%D8%B7%D9%84%D8%A8%20%D8%A7%D9%84%D9%85%D9%86%D8%AA%D8%AC%20Favorilere%20Ekle%20Mad%20Hipnotizya%20500%20ml",https://wa.me/972524033442?text=%D9%85%D8%B1%D8%AD%D8%A8%D8%A7%D8%8C%20%D8%A3%D8%B1%D9%8A%D8%AF%20%D8%B7%D9%84%D8%A8%20%D8%A7%D9%84%D9%85%D9%86%D8%AA%D8%AC%20Favorilere%20Ekle%20Mad%20Hipnotizya%20500%20ml,https://madperfume.ps/?app=product.show.272,https://www.mad-parfumeur.com/respondio-catalog/og/ar/p-272-favorilere-ekle-mad-hipnotizya-500-ml.jpg?v=20260731-4,https://madperfume.ps/upload/12-2023/product/IMG_8808.jpeg
ar,Mad Dream Bouquet 500 ml,Mad Dream Bouquet 500 ml,معطر الجو,60,https://www.mad-parfumeur.com/respondio-catalog/wa/ar/p-273-mad-dream-bouquet-500-ml.html?v=20260731-4,https://www.mad-parfumeur.com/respondio-catalog/media/ar/p-273-mad-dream-bouquet-500-ml.jpg?v=20260731-4,"Mad Dream Bouquet 500 ml
الكود: Mad Dream Bouquet 500 ml
السعر: 60 ILS
عودة للمراسلة: https://wa.me/972524033442?text=%D9%85%D8%B1%D8%AD%D8%A8%D8%A7%D8%8C%20%D8%A3%D8%B1%D9%8A%D8%AF%20%D8%B7%D9%84%D8%A8%20%D8%A7%D9%84%D9%85%D9%86%D8%AA%D8%AC%20Mad%20Dream%20Bouquet%20500%20ml",https://wa.me/972524033442?text=%D9%85%D8%B1%D8%AD%D8%A8%D8%A7%D8%8C%20%D8%A3%D8%B1%D9%8A%D8%AF%20%D8%B7%D9%84%D8%A8%20%D8%A7%D9%84%D9%85%D9%86%D8%AA%D8%AC%20Mad%20Dream%20Bouquet%20500%20ml,https://madperfume.ps/?app=product.show.273,https://www.mad-parfumeur.com/respondio-catalog/og/ar/p-273-mad-dream-bouquet-500-ml.jpg?v=20260731-4,https://madperfume.ps/upload/12-2023/product/IMG_8814.jpeg
ar,معطر جو للسيارة ماد برائحة البطيخ والفراولة 8 مل,معطر جو للسيارة ماد برائحة البطيخ والفراولة 8 مل,عطور السياره,15,https://www.mad-parfumeur.com/respondio-catalog/wa/ar/p-276-8.html?v=20260731-4,https://www.mad-parfumeur.com/respondio-catalog/media/ar/p-276-8.jpg?v=20260731-4,"معطر جو للسيارة ماد برائحة البطيخ والفراولة 8 مل
الكود: معطر جو للسيارة ماد برائحة البطيخ والفراولة 8 مل
السعر: 15 ILS
عودة للمراسلة: https://wa.me/972524033442?text=%D9%85%D8%B1%D8%AD%D8%A8%D8%A7%D8%8C%20%D8%A3%D8%B1%D9%8A%D8%AF%20%D8%B7%D9%84%D8%A8%20%D8%A7%D9%84%D9%85%D9%86%D8%AA%D8%AC%20%D9%85%D8%B9%D8%B7%D8%B1%20%D8%AC%D9%88%20%D9%84%D9%84%D8%B3%D9%8A%D8%A7%D8%B1%D8%A9%20%D9%85%D8%A7%D8%AF%20%D8%A8%D8%B1%D8%A7%D8%A6%D8%AD%D8%A9%20%D8%A7%D9%84%D8%A8%D8%B7%D9%8A%D8%AE%20%D9%88%D8%A7%D9%84%D9%81%D8%B1%D8%A7%D9%88%D9%84%D8%A9%208%20%D9%85%D9%84",https://wa.me/972524033442?text=%D9%85%D8%B1%D8%AD%D8%A8%D8%A7%D8%8C%20%D8%A3%D8%B1%D9%8A%D8%AF%20%D8%B7%D9%84%D8%A8%20%D8%A7%D9%84%D9%85%D9%86%D8%AA%D8%AC%20%D9%85%D8%B9%D8%B7%D8%B1%20%D8%AC%D9%88%20%D9%84%D9%84%D8%B3%D9%8A%D8%A7%D8%B1%D8%A9%20%D9%85%D8%A7%D8%AF%20%D8%A8%D8%B1%D8%A7%D8%A6%D8%AD%D8%A9%20%D8%A7%D9%84%D8%A8%D8%B7%D9%8A%D8%AE%20%D9%88%D8%A7%D9%84%D9%81%D8%B1%D8%A7%D9%88%D9%84%D8%A9%208%20%D9%85%D9%84,https://madperfume.ps/?app=product.show.276,https://www.mad-parfumeur.com/respondio-catalog/og/ar/p-276-8.jpg?v=20260731-4,https://madperfume.ps/upload/06-2025/product/water melon car.webp
ar,معطر جو للسيارة ماد هيبنوتيزيا 7 مل,معطر جو للسيارة ماد هيبنوتيزيا 7 مل,عطور السياره,15,https://www.mad-parfumeur.com/respondio-catalog/wa/ar/p-277-7.html?v=20260731-4,https://www.mad-parfumeur.com/respondio-catalog/media/ar/p-277-7.jpg?v=20260731-4,"معطر جو للسيارة ماد هيبنوتيزيا 7 مل
الكود: معطر جو للسيارة ماد هيبنوتيزيا 7 مل
السعر: 15 ILS
عودة للمراسلة: https://wa.me/972524033442?text=%D9%85%D8%B1%D8%AD%D8%A8%D8%A7%D8%8C%20%D8%A3%D8%B1%D9%8A%D8%AF%20%D8%B7%D9%84%D8%A8%20%D8%A7%D9%84%D9%85%D9%86%D8%AA%D8%AC%20%D9%85%D8%B9%D8%B7%D8%B1%20%D8%AC%D9%88%20%D9%84%D9%84%D8%B3%D9%8A%D8%A7%D8%B1%D8%A9%20%D9%85%D8%A7%D8%AF%20%D9%87%D9%8A%D8%A8%D9%86%D9%88%D8%AA%D9%8A%D8%B2%D9%8A%D8%A7%207%20%D9%85%D9%84",https://wa.me/972524033442?text=%D9%85%D8%B1%D8%AD%D8%A8%D8%A7%D8%8C%20%D8%A3%D8%B1%D9%8A%D8%AF%20%D8%B7%D9%84%D8%A8%20%D8%A7%D9%84%D9%85%D9%86%D8%AA%D8%AC%20%D9%85%D8%B9%D8%B7%D8%B1%20%D8%AC%D9%88%20%D9%84%D9%84%D8%B3%D9%8A%D8%A7%D8%B1%D8%A9%20%D9%85%D8%A7%D8%AF%20%D9%87%D9%8A%D8%A8%D9%86%D9%88%D8%AA%D9%8A%D8%B2%D9%8A%D8%A7%207%20%D9%85%D9%84,https://madperfume.ps/?app=product.show.277,https://www.mad-parfumeur.com/respondio-catalog/og/ar/p-277-7.jpg?v=20260731-4,https://madperfume.ps/upload/06-2025/product/1-6f42d6ce.png
ar,ماد باتش 8 مل معطر جو للسيارة,ماد باتش 8 مل معطر جو للسيارة,عطور السياره,15,https://www.mad-parfumeur.com/respondio-catalog/wa/ar/p-278-8.html?v=20260731-4,https://www.mad-parfumeur.com/respondio-catalog/media/ar/p-278-8.jpg?v=20260731-4,"ماد باتش 8 مل معطر جو للسيارة
الكود: ماد باتش 8 مل معطر جو للسيارة
السعر: 15 ILS
عودة للمراسلة: https://wa.me/972524033442?text=%D9%85%D8%B1%D8%AD%D8%A8%D8%A7%D8%8C%20%D8%A3%D8%B1%D9%8A%D8%AF%20%D8%B7%D9%84%D8%A8%20%D8%A7%D9%84%D9%85%D9%86%D8%AA%D8%AC%20%D9%85%D8%A7%D8%AF%20%D8%A8%D8%A7%D8%AA%D8%B4%208%20%D9%85%D9%84%20%D9%85%D8%B9%D8%B7%D8%B1%20%D8%AC%D9%88%20%D9%84%D9%84%D8%B3%D9%8A%D8%A7%D8%B1%D8%A9",https://wa.me/972524033442?text=%D9%85%D8%B1%D8%AD%D8%A8%D8%A7%D8%8C%20%D8%A3%D8%B1%D9%8A%D8%AF%20%D8%B7%D9%84%D8%A8%20%D8%A7%D9%84%D9%85%D9%86%D8%AA%D8%AC%20%D9%85%D8%A7%D8%AF%20%D8%A8%D8%A7%D8%AA%D8%B4%208%20%D9%85%D9%84%20%D9%85%D8%B9%D8%B7%D8%B1%20%D8%AC%D9%88%20%D9%84%D9%84%D8%B3%D9%8A%D8%A7%D8%B1%D8%A9,https://madperfume.ps/?app=product.show.278,https://www.mad-parfumeur.com/respondio-catalog/og/ar/p-278-8.jpg?v=20260731-4,https://madperfume.ps/upload/06-2025/product/1-96677c38.png
ar,ماد ليمبيو معطر هواء للسيارة 7 مل,ماد ليمبيو معطر هواء للسيارة 7 مل,عطور السياره,15,https://www.mad-parfumeur.com/respondio-catalog/wa/ar/p-279-7.html?v=20260731-4,https://www.mad-parfumeur.com/respondio-catalog/media/ar/p-279-7.jpg?v=20260731-4,"ماد ليمبيو معطر هواء للسيارة 7 مل
الكود: ماد ليمبيو معطر هواء للسيارة 7 مل
السعر: 15 ILS
عودة للمراسلة: https://wa.me/972524033442?text=%D9%85%D8%B1%D8%AD%D8%A8%D8%A7%D8%8C%20%D8%A3%D8%B1%D9%8A%D8%AF%20%D8%B7%D9%84%D8%A8%20%D8%A7%D9%84%D9%85%D9%86%D8%AA%D8%AC%20%D9%85%D8%A7%D8%AF%20%D9%84%D9%8A%D9%85%D8%A8%D9%8A%D9%88%20%D9%85%D8%B9%D8%B7%D8%B1%20%D9%87%D9%88%D8%A7%D8%A1%20%D9%84%D9%84%D8%B3%D9%8A%D8%A7%D8%B1%D8%A9%207%20%D9%85%D9%84",https://wa.me/972524033442?text=%D9%85%D8%B1%D8%AD%D8%A8%D8%A7%D8%8C%20%D8%A3%D8%B1%D9%8A%D8%AF%20%D8%B7%D9%84%D8%A8%20%D8%A7%D9%84%D9%85%D9%86%D8%AA%D8%AC%20%D9%85%D8%A7%D8%AF%20%D9%84%D9%8A%D9%85%D8%A8%D9%8A%D9%88%20%D9%85%D8%B9%D8%B7%D8%B1%20%D9%87%D9%88%D8%A7%D8%A1%20%D9%84%D9%84%D8%B3%D9%8A%D8%A7%D8%B1%D8%A9%207%20%D9%85%D9%84,https://madperfume.ps/?app=product.show.279,https://www.mad-parfumeur.com/respondio-catalog/og/ar/p-279-7.jpg?v=20260731-4,https://madperfume.ps/upload/06-2025/product/1-71dc13ec.png
ar,مجموعة ماد بريف 160 مل عطر,مجموعة ماد بريف 160 مل عطر,عطور الشعر,35,https://www.mad-parfumeur.com/respondio-catalog/wa/ar/p-280-160.html?v=20260731-4,https://www.mad-parfumeur.com/respondio-catalog/media/ar/p-280-160.jpg?v=20260731-4,"مجموعة ماد بريف 160 مل عطر
الكود: مجموعة ماد بريف 160 مل عطر
السعر: 35 ILS
عودة للمراسلة: https://wa.me/972524033442?text=%D9%85%D8%B1%D8%AD%D8%A8%D8%A7%D8%8C%20%D8%A3%D8%B1%D9%8A%D8%AF%20%D8%B7%D9%84%D8%A8%20%D8%A7%D9%84%D9%85%D9%86%D8%AA%D8%AC%20%D9%85%D8%AC%D9%85%D9%88%D8%B9%D8%A9%20%D9%85%D8%A7%D8%AF%20%D8%A8%D8%B1%D9%8A%D9%81%20160%20%D9%85%D9%84%20%D8%B9%D8%B7%D8%B1",https://wa.me/972524033442?text=%D9%85%D8%B1%D8%AD%D8%A8%D8%A7%D8%8C%20%D8%A3%D8%B1%D9%8A%D8%AF%20%D8%B7%D9%84%D8%A8%20%D8%A7%D9%84%D9%85%D9%86%D8%AA%D8%AC%20%D9%85%D8%AC%D9%85%D9%88%D8%B9%D8%A9%20%D9%85%D8%A7%D8%AF%20%D8%A8%D8%B1%D9%8A%D9%81%20160%20%D9%85%D9%84%20%D8%B9%D8%B7%D8%B1,https://madperfume.ps/?app=product.show.280,https://www.mad-parfumeur.com/respondio-catalog/og/ar/p-280-160.jpg?v=20260731-4,https://madperfume.ps/upload/12-2023/product/mad-brave-selection-160-ml-sac-parfumu-15-b95.jpg
ar,ماد باشن فروت 160 مل عطر,ماد باشن فروت 160 مل عطر,عطور الشعر,35,https://www.mad-parfumeur.com/respondio-catalog/wa/ar/p-281-160.html?v=20260731-4,https://www.mad-parfumeur.com/respondio-catalog/media/ar/p-281-160.jpg?v=20260731-4,"ماد باشن فروت 160 مل عطر
الكود: ماد باشن فروت 160 مل عطر
السعر: 35 ILS
عودة للمراسلة: https://wa.me/972524033442?text=%D9%85%D8%B1%D8%AD%D8%A8%D8%A7%D8%8C%20%D8%A3%D8%B1%D9%8A%D8%AF%20%D8%B7%D9%84%D8%A8%20%D8%A7%D9%84%D9%85%D9%86%D8%AA%D8%AC%20%D9%85%D8%A7%D8%AF%20%D8%A8%D8%A7%D8%B4%D9%86%20%D9%81%D8%B1%D9%88%D8%AA%20160%20%D9%85%D9%84%20%D8%B9%D8%B7%D8%B1",https://wa.me/972524033442?text=%D9%85%D8%B1%D8%AD%D8%A8%D8%A7%D8%8C%20%D8%A3%D8%B1%D9%8A%D8%AF%20%D8%B7%D9%84%D8%A8%20%D8%A7%D9%84%D9%85%D9%86%D8%AA%D8%AC%20%D9%85%D8%A7%D8%AF%20%D8%A8%D8%A7%D8%B4%D9%86%20%D9%81%D8%B1%D9%88%D8%AA%20160%20%D9%85%D9%84%20%D8%B9%D8%B7%D8%B1,https://madperfume.ps/?app=product.show.281,https://www.mad-parfumeur.com/respondio-catalog/og/ar/p-281-160.jpg?v=20260731-4,https://madperfume.ps/upload/12-2023/product/mad-passion-fruit-160-ml-sac-parfumu16-02b382.jpg
ar,عطر ماد بيرلز ديلايت للشعر 160 مل,عطر ماد بيرلز ديلايت للشعر 160 مل,عطور الشعر,35,https://www.mad-parfumeur.com/respondio-catalog/wa/ar/p-282-160.html?v=20260731-4,https://www.mad-parfumeur.com/respondio-catalog/media/ar/p-282-160.jpg?v=20260731-4,"عطر ماد بيرلز ديلايت للشعر 160 مل
الكود: عطر ماد بيرلز ديلايت للشعر 160 مل
السعر: 35 ILS
عودة للمراسلة: https://wa.me/972524033442?text=%D9%85%D8%B1%D8%AD%D8%A8%D8%A7%D8%8C%20%D8%A3%D8%B1%D9%8A%D8%AF%20%D8%B7%D9%84%D8%A8%20%D8%A7%D9%84%D9%85%D9%86%D8%AA%D8%AC%20%D8%B9%D8%B7%D8%B1%20%D9%85%D8%A7%D8%AF%20%D8%A8%D9%8A%D8%B1%D9%84%D8%B2%20%D8%AF%D9%8A%D9%84%D8%A7%D9%8A%D8%AA%20%D9%84%D9%84%D8%B4%D8%B9%D8%B1%20160%20%D9%85%D9%84",https://wa.me/972524033442?text=%D9%85%D8%B1%D8%AD%D8%A8%D8%A7%D8%8C%20%D8%A3%D8%B1%D9%8A%D8%AF%20%D8%B7%D9%84%D8%A8%20%D8%A7%D9%84%D9%85%D9%86%D8%AA%D8%AC%20%D8%B9%D8%B7%D8%B1%20%D9%85%D8%A7%D8%AF%20%D8%A8%D9%8A%D8%B1%D9%84%D8%B2%20%D8%AF%D9%8A%D9%84%D8%A7%D9%8A%D8%AA%20%D9%84%D9%84%D8%B4%D8%B9%D8%B1%20160%20%D9%85%D9%84,https://madperfume.ps/?app=product.show.282,https://www.mad-parfumeur.com/respondio-catalog/og/ar/p-282-160.jpg?v=20260731-4,https://madperfume.ps/upload/12-2023/product/mad-peerles-delight-160-ml-sac-parfumu-1-e358.jpg
ar,عطر ماد بريتي بيوتي للشعر 160 مل,عطر ماد بريتي بيوتي للشعر 160 مل,عطور الشعر,35,https://www.mad-parfumeur.com/respondio-catalog/wa/ar/p-283-160.html?v=20260731-4,https://www.mad-parfumeur.com/respondio-catalog/media/ar/p-283-160.jpg?v=20260731-4,"عطر ماد بريتي بيوتي للشعر 160 مل
الكود: عطر ماد بريتي بيوتي للشعر 160 مل
السعر: 35 ILS
عودة للمراسلة: https://wa.me/972524033442?text=%D9%85%D8%B1%D8%AD%D8%A8%D8%A7%D8%8C%20%D8%A3%D8%B1%D9%8A%D8%AF%20%D8%B7%D9%84%D8%A8%20%D8%A7%D9%84%D9%85%D9%86%D8%AA%D8%AC%20%D8%B9%D8%B7%D8%B1%20%D9%85%D8%A7%D8%AF%20%D8%A8%D8%B1%D9%8A%D8%AA%D9%8A%20%D8%A8%D9%8A%D9%88%D8%AA%D9%8A%20%D9%84%D9%84%D8%B4%D8%B9%D8%B1%20160%20%D9%85%D9%84",https://wa.me/972524033442?text=%D9%85%D8%B1%D8%AD%D8%A8%D8%A7%D8%8C%20%D8%A3%D8%B1%D9%8A%D8%AF%20%D8%B7%D9%84%D8%A8%20%D8%A7%D9%84%D9%85%D9%86%D8%AA%D8%AC%20%D8%B9%D8%B7%D8%B1%20%D9%85%D8%A7%D8%AF%20%D8%A8%D8%B1%D9%8A%D8%AA%D9%8A%20%D8%A8%D9%8A%D9%88%D8%AA%D9%8A%20%D9%84%D9%84%D8%B4%D8%B9%D8%B1%20160%20%D9%85%D9%84,https://madperfume.ps/?app=product.show.283,https://www.mad-parfumeur.com/respondio-catalog/og/ar/p-283-160.jpg?v=20260731-4,https://madperfume.ps/upload/12-2023/product/mad-pretty-beauty-160-ml-sac-parfumu16-0-7b24.jpg
ar,J105,Le Male Elixir by Jean Paul Gaultier,عطور الرجال,100,https://www.mad-parfumeur.com/respondio-catalog/wa/ar/p-285-j105.html?v=20260731-4,https://www.mad-parfumeur.com/respondio-catalog/media/ar/p-285-j105.jpg?v=20260731-4,"Le Male Elixir by Jean Paul Gaultier
الكود: J105
السعر: 100 ILS
عودة للمراسلة: https://wa.me/972524033442?text=%D9%85%D8%B1%D8%AD%D8%A8%D8%A7%D8%8C%20%D8%A3%D8%B1%D9%8A%D8%AF%20%D8%B7%D9%84%D8%A8%20%D8%A7%D9%84%D9%85%D9%86%D8%AA%D8%AC%20J105",https://wa.me/972524033442?text=%D9%85%D8%B1%D8%AD%D8%A8%D8%A7%D8%8C%20%D8%A3%D8%B1%D9%8A%D8%AF%20%D8%B7%D9%84%D8%A8%20%D8%A7%D9%84%D9%85%D9%86%D8%AA%D8%AC%20J105,https://madperfume.ps/?app=product.show.285,https://www.mad-parfumeur.com/respondio-catalog/og/ar/p-285-j105.jpg?v=20260731-4,https://madperfume.ps/upload/03-2026/product/IMG_0464.jpeg
ar,L102,Ombre Nomade - Louis Vuitton,عطور الرجال,100,https://www.mad-parfumeur.com/respondio-catalog/wa/ar/p-286-l102.html?v=20260731-4,https://www.mad-parfumeur.com/respondio-catalog/media/ar/p-286-l102.jpg?v=20260731-4,"Ombre Nomade - Louis Vuitton
الكود: L102
السعر: 100 ILS
عودة للمراسلة: https://wa.me/972524033442?text=%D9%85%D8%B1%D8%AD%D8%A8%D8%A7%D8%8C%20%D8%A3%D8%B1%D9%8A%D8%AF%20%D8%B7%D9%84%D8%A8%20%D8%A7%D9%84%D9%85%D9%86%D8%AA%D8%AC%20L102",https://wa.me/972524033442?text=%D9%85%D8%B1%D8%AD%D8%A8%D8%A7%D8%8C%20%D8%A3%D8%B1%D9%8A%D8%AF%20%D8%B7%D9%84%D8%A8%20%D8%A7%D9%84%D9%85%D9%86%D8%AA%D8%AC%20L102,https://madperfume.ps/?app=product.show.286,https://www.mad-parfumeur.com/respondio-catalog/og/ar/p-286-l102.jpg?v=20260731-4,https://madperfume.ps/upload/03-2026/product/5FF7725D-93F0-4A19-9059-C6437272A86B.png
ar,L103,Imagination - Louis Vuitton,عطور الرجال,100,https://www.mad-parfumeur.com/respondio-catalog/wa/ar/p-287-l103.html?v=20260731-4,https://www.mad-parfumeur.com/respondio-catalog/media/ar/p-287-l103.jpg?v=20260731-4,"Imagination - Louis Vuitton
الكود: L103
السعر: 100 ILS
عودة للمراسلة: https://wa.me/972524033442?text=%D9%85%D8%B1%D8%AD%D8%A8%D8%A7%D8%8C%20%D8%A3%D8%B1%D9%8A%D8%AF%20%D8%B7%D9%84%D8%A8%20%D8%A7%D9%84%D9%85%D9%86%D8%AA%D8%AC%20L103",https://wa.me/972524033442?text=%D9%85%D8%B1%D8%AD%D8%A8%D8%A7%D8%8C%20%D8%A3%D8%B1%D9%8A%D8%AF%20%D8%B7%D9%84%D8%A8%20%D8%A7%D9%84%D9%85%D9%86%D8%AA%D8%AC%20L103,https://madperfume.ps/?app=product.show.287,https://www.mad-parfumeur.com/respondio-catalog/og/ar/p-287-l103.jpg?v=20260731-4,https://madperfume.ps/upload/03-2026/product/7F104E4A-ADCD-4D93-A9FA-7F28B73856E6.png
ar,Y101,Y Eau de Parfum Intense by Yves Saint Laurent,عطور الرجال,100,https://www.mad-parfumeur.com/respondio-catalog/wa/ar/p-288-y101.html?v=20260731-4,https://www.mad-parfumeur.com/respondio-catalog/media/ar/p-288-y101.jpg?v=20260731-4,"Y Eau de Parfum Intense by Yves Saint Laurent
الكود: Y101
السعر: 100 ILS
عودة للمراسلة: https://wa.me/972524033442?text=%D9%85%D8%B1%D8%AD%D8%A8%D8%A7%D8%8C%20%D8%A3%D8%B1%D9%8A%D8%AF%20%D8%B7%D9%84%D8%A8%20%D8%A7%D9%84%D9%85%D9%86%D8%AA%D8%AC%20Y101",https://wa.me/972524033442?text=%D9%85%D8%B1%D8%AD%D8%A8%D8%A7%D8%8C%20%D8%A3%D8%B1%D9%8A%D8%AF%20%D8%B7%D9%84%D8%A8%20%D8%A7%D9%84%D9%85%D9%86%D8%AA%D8%AC%20Y101,https://madperfume.ps/?app=product.show.288,https://www.mad-parfumeur.com/respondio-catalog/og/ar/p-288-y101.jpg?v=20260731-4,https://madperfume.ps/upload/03-2026/product/9486EBC7-F209-47F4-B136-83311479F27D.png
ar,VAGAS - T107 W183 T109,عطور اصليه وليست زيوت,الحملات والعروض الرجاليه,300,https://www.mad-parfumeur.com/respondio-catalog/wa/ar/p-296-vagas-t107-w183-t109.html?v=20260731-4,https://www.mad-parfumeur.com/respondio-catalog/media/ar/p-296-vagas-t107-w183-t109.jpg?v=20260731-4,"عطور اصليه وليست زيوت
الكود: VAGAS - T107 W183 T109
السعر: 300 ILS
عودة للمراسلة: https://wa.me/972524033442?text=%D9%85%D8%B1%D8%AD%D8%A8%D8%A7%D8%8C%20%D8%A3%D8%B1%D9%8A%D8%AF%20%D8%B7%D9%84%D8%A8%20%D8%A7%D9%84%D9%85%D9%86%D8%AA%D8%AC%20VAGAS%20-%20T107%20W183%20T109",https://wa.me/972524033442?text=%D9%85%D8%B1%D8%AD%D8%A8%D8%A7%D8%8C%20%D8%A3%D8%B1%D9%8A%D8%AF%20%D8%B7%D9%84%D8%A8%20%D8%A7%D9%84%D9%85%D9%86%D8%AA%D8%AC%20VAGAS%20-%20T107%20W183%20T109,https://madperfume.ps/?app=product.show.296,https://www.mad-parfumeur.com/respondio-catalog/og/ar/p-296-vagas-t107-w183-t109.jpg?v=20260731-4,https://madperfume.ps/upload/05-2024/product/6640787594711.jpg
ar,V113,Valentino Donna Born In Roma Valentino,عطور النساء,100,https://www.mad-parfumeur.com/respondio-catalog/wa/ar/p-297-v113.html?v=20260731-4,https://www.mad-parfumeur.com/respondio-catalog/media/ar/p-297-v113.jpg?v=20260731-4,"Valentino Donna Born In Roma Valentino
الكود: V113
السعر: 100 ILS
عودة للمراسلة: https://wa.me/972524033442?text=%D9%85%D8%B1%D8%AD%D8%A8%D8%A7%D8%8C%20%D8%A3%D8%B1%D9%8A%D8%AF%20%D8%B7%D9%84%D8%A8%20%D8%A7%D9%84%D9%85%D9%86%D8%AA%D8%AC%20V113",https://wa.me/972524033442?text=%D9%85%D8%B1%D8%AD%D8%A8%D8%A7%D8%8C%20%D8%A3%D8%B1%D9%8A%D8%AF%20%D8%B7%D9%84%D8%A8%20%D8%A7%D9%84%D9%85%D9%86%D8%AA%D8%AC%20V113,https://madperfume.ps/?app=product.show.297,https://www.mad-parfumeur.com/respondio-catalog/og/ar/p-297-v113.jpg?v=20260731-4,https://madperfume.ps/upload/06-2025/product/6852b13877c41.png
ar,G108,Insolence Eau de Toilette** من **Guerlain,عطور النساء,100,https://www.mad-parfumeur.com/respondio-catalog/wa/ar/p-298-g108.html?v=20260731-4,https://www.mad-parfumeur.com/respondio-catalog/media/ar/p-298-g108.jpg?v=20260731-4,"Insolence Eau de Toilette** من **Guerlain
الكود: G108
السعر: 100 ILS
عودة للمراسلة: https://wa.me/972524033442?text=%D9%85%D8%B1%D8%AD%D8%A8%D8%A7%D8%8C%20%D8%A3%D8%B1%D9%8A%D8%AF%20%D8%B7%D9%84%D8%A8%20%D8%A7%D9%84%D9%85%D9%86%D8%AA%D8%AC%20G108",https://wa.me/972524033442?text=%D9%85%D8%B1%D8%AD%D8%A8%D8%A7%D8%8C%20%D8%A3%D8%B1%D9%8A%D8%AF%20%D8%B7%D9%84%D8%A8%20%D8%A7%D9%84%D9%85%D9%86%D8%AA%D8%AC%20G108,https://madperfume.ps/?app=product.show.298,https://www.mad-parfumeur.com/respondio-catalog/og/ar/p-298-g108.jpg?v=20260731-4,https://madperfume.ps/upload/06-2025/product/6852af9942f42.png
ar,عطور سويتيه [מתוק] W191 A115 T109,عطور سويتيه [מתוק] W191 A115 T109,الحملات والعروض الرجاليه,300,https://www.mad-parfumeur.com/respondio-catalog/wa/ar/p-302-w191-a115-t109.html?v=20260731-4,https://www.mad-parfumeur.com/respondio-catalog/media/ar/p-302-w191-a115-t109.jpg?v=20260731-4,"عطور سويتيه [מתוק] W191 A115 T109
الكود: عطور سويتيه [מתוק] W191 A115 T109
السعر: 300 ILS
عودة للمراسلة: https://wa.me/972524033442?text=%D9%85%D8%B1%D8%AD%D8%A8%D8%A7%D8%8C%20%D8%A3%D8%B1%D9%8A%D8%AF%20%D8%B7%D9%84%D8%A8%20%D8%A7%D9%84%D9%85%D9%86%D8%AA%D8%AC%20%D8%B9%D8%B7%D9%88%D8%B1%20%D8%B3%D9%88%D9%8A%D8%AA%D9%8A%D9%87%20%5B%D7%9E%D7%AA%D7%95%D7%A7%5D%20W191%20A115%20T109",https://wa.me/972524033442?text=%D9%85%D8%B1%D8%AD%D8%A8%D8%A7%D8%8C%20%D8%A3%D8%B1%D9%8A%D8%AF%20%D8%B7%D9%84%D8%A8%20%D8%A7%D9%84%D9%85%D9%86%D8%AA%D8%AC%20%D8%B9%D8%B7%D9%88%D8%B1%20%D8%B3%D9%88%D9%8A%D8%AA%D9%8A%D9%87%20%5B%D7%9E%D7%AA%D7%95%D7%A7%5D%20W191%20A115%20T109,https://madperfume.ps/?app=product.show.302,https://www.mad-parfumeur.com/respondio-catalog/og/ar/p-302-w191-a115-t109.jpg?v=20260731-4,https://madperfume.ps/upload/05-2024/product/88888 copy.jpg
ar,AFRODITA-N106 W154 L101,AFRODITA-N106 W154 L101,الحملات والعروض الرجاليه,300,https://www.mad-parfumeur.com/respondio-catalog/wa/ar/p-305-afrodita-n106-w154-l101.html?v=20260731-4,https://www.mad-parfumeur.com/respondio-catalog/media/ar/p-305-afrodita-n106-w154-l101.jpg?v=20260731-4,"AFRODITA-N106 W154 L101
الكود: AFRODITA-N106 W154 L101
السعر: 300 ILS
عودة للمراسلة: https://wa.me/972524033442?text=%D9%85%D8%B1%D8%AD%D8%A8%D8%A7%D8%8C%20%D8%A3%D8%B1%D9%8A%D8%AF%20%D8%B7%D9%84%D8%A8%20%D8%A7%D9%84%D9%85%D9%86%D8%AA%D8%AC%20AFRODITA-N106%20W154%20L101",https://wa.me/972524033442?text=%D9%85%D8%B1%D8%AD%D8%A8%D8%A7%D8%8C%20%D8%A3%D8%B1%D9%8A%D8%AF%20%D8%B7%D9%84%D8%A8%20%D8%A7%D9%84%D9%85%D9%86%D8%AA%D8%AC%20AFRODITA-N106%20W154%20L101,https://madperfume.ps/?app=product.show.305,https://www.mad-parfumeur.com/respondio-catalog/og/ar/p-305-afrodita-n106-w154-l101.jpg?v=20260731-4,https://madperfume.ps/upload/05-2024/product/6645e5b83ac0c.jpg
ar,x102,XJ 1861 Naxos - Xerjoff,عطور الرجال,100,https://www.mad-parfumeur.com/respondio-catalog/wa/ar/p-311-x102.html?v=20260731-4,https://www.mad-parfumeur.com/respondio-catalog/media/ar/p-311-x102.jpg?v=20260731-4,"XJ 1861 Naxos - Xerjoff
الكود: x102
السعر: 100 ILS
عودة للمراسلة: https://wa.me/972524033442?text=%D9%85%D8%B1%D8%AD%D8%A8%D8%A7%D8%8C%20%D8%A3%D8%B1%D9%8A%D8%AF%20%D8%B7%D9%84%D8%A8%20%D8%A7%D9%84%D9%85%D9%86%D8%AA%D8%AC%20x102",https://wa.me/972524033442?text=%D9%85%D8%B1%D8%AD%D8%A8%D8%A7%D8%8C%20%D8%A3%D8%B1%D9%8A%D8%AF%20%D8%B7%D9%84%D8%A8%20%D8%A7%D9%84%D9%85%D9%86%D8%AA%D8%AC%20x102,https://madperfume.ps/?app=product.show.311,https://www.mad-parfumeur.com/respondio-catalog/og/ar/p-311-x102.jpg?v=20260731-4,https://madperfume.ps/upload/03-2026/product/82D7332C-E5A9-46D3-9CAE-7ADA4F7AFE84.png
ar,ROYAL - W191 T104 W150,ROYAL - W191 T104 W150,الحملات والعروض الرجاليه,300,https://www.mad-parfumeur.com/respondio-catalog/wa/ar/p-316-royal-w191-t104-w150.html?v=20260731-4,https://www.mad-parfumeur.com/respondio-catalog/media/ar/p-316-royal-w191-t104-w150.jpg?v=20260731-4,"ROYAL - W191 T104 W150
الكود: ROYAL - W191 T104 W150
السعر: 300 ILS
عودة للمراسلة: https://wa.me/972524033442?text=%D9%85%D8%B1%D8%AD%D8%A8%D8%A7%D8%8C%20%D8%A3%D8%B1%D9%8A%D8%AF%20%D8%B7%D9%84%D8%A8%20%D8%A7%D9%84%D9%85%D9%86%D8%AA%D8%AC%20ROYAL%20-%20W191%20T104%20W150",https://wa.me/972524033442?text=%D9%85%D8%B1%D8%AD%D8%A8%D8%A7%D8%8C%20%D8%A3%D8%B1%D9%8A%D8%AF%20%D8%B7%D9%84%D8%A8%20%D8%A7%D9%84%D9%85%D9%86%D8%AA%D8%AC%20ROYAL%20-%20W191%20T104%20W150,https://madperfume.ps/?app=product.show.316,https://www.mad-parfumeur.com/respondio-catalog/og/ar/p-316-royal-w191-t104-w150.jpg?v=20260731-4,https://madperfume.ps/upload/05-2024/product/6640a39de887d.jpg
ar,ELEGANCE - T106 W183 T103,ELEGANCE - T106 W183 T103,الحملات والعروض الرجاليه,300,https://www.mad-parfumeur.com/respondio-catalog/wa/ar/p-317-elegance-t106-w183-t103.html?v=20260731-4,https://www.mad-parfumeur.com/respondio-catalog/media/ar/p-317-elegance-t106-w183-t103.jpg?v=20260731-4,"ELEGANCE - T106 W183 T103
الكود: ELEGANCE - T106 W183 T103
السعر: 300 ILS
عودة للمراسلة: https://wa.me/972524033442?text=%D9%85%D8%B1%D8%AD%D8%A8%D8%A7%D8%8C%20%D8%A3%D8%B1%D9%8A%D8%AF%20%D8%B7%D9%84%D8%A8%20%D8%A7%D9%84%D9%85%D9%86%D8%AA%D8%AC%20ELEGANCE%20-%20T106%20W183%20T103",https://wa.me/972524033442?text=%D9%85%D8%B1%D8%AD%D8%A8%D8%A7%D8%8C%20%D8%A3%D8%B1%D9%8A%D8%AF%20%D8%B7%D9%84%D8%A8%20%D8%A7%D9%84%D9%85%D9%86%D8%AA%D8%AC%20ELEGANCE%20-%20T106%20W183%20T103,https://madperfume.ps/?app=product.show.317,https://www.mad-parfumeur.com/respondio-catalog/og/ar/p-317-elegance-t106-w183-t103.jpg?v=20260731-4,https://madperfume.ps/upload/05-2024/product/66409f3244d70.jpg
ar,LEGEND - B107 W158 A104,💰 السعر: فقط 350 شيكل شامل التوصيل,الحملات والعروض الرجاليه,300,https://www.mad-parfumeur.com/respondio-catalog/wa/ar/p-320-legend-b107-w158-a104.html?v=20260731-4,https://www.mad-parfumeur.com/respondio-catalog/media/ar/p-320-legend-b107-w158-a104.jpg?v=20260731-4,"💰 السعر: فقط 350 شيكل شامل التوصيل
الكود: LEGEND - B107 W158 A104
السعر: 300 ILS
عودة للمراسلة: https://wa.me/972524033442?text=%D9%85%D8%B1%D8%AD%D8%A8%D8%A7%D8%8C%20%D8%A3%D8%B1%D9%8A%D8%AF%20%D8%B7%D9%84%D8%A8%20%D8%A7%D9%84%D9%85%D9%86%D8%AA%D8%AC%20LEGEND%20-%20B107%20W158%20A104",https://wa.me/972524033442?text=%D9%85%D8%B1%D8%AD%D8%A8%D8%A7%D8%8C%20%D8%A3%D8%B1%D9%8A%D8%AF%20%D8%B7%D9%84%D8%A8%20%D8%A7%D9%84%D9%85%D9%86%D8%AA%D8%AC%20LEGEND%20-%20B107%20W158%20A104,https://madperfume.ps/?app=product.show.320,https://www.mad-parfumeur.com/respondio-catalog/og/ar/p-320-legend-b107-w158-a104.jpg?v=20260731-4,https://madperfume.ps/upload/05-2024/product/664089d9d5c26.jpg
ar,DREAM LIGHET,ATTRAPE-RÊVES,عطور النيش الرجاليه,350,https://www.mad-parfumeur.com/respondio-catalog/wa/ar/p-323-dream-lighet.html?v=20260731-4,https://www.mad-parfumeur.com/respondio-catalog/media/ar/p-323-dream-lighet.jpg?v=20260731-4,"ATTRAPE-RÊVES
الكود: DREAM LIGHET
السعر: 350 ILS
عودة للمراسلة: https://wa.me/972524033442?text=%D9%85%D8%B1%D8%AD%D8%A8%D8%A7%D8%8C%20%D8%A3%D8%B1%D9%8A%D8%AF%20%D8%B7%D9%84%D8%A8%20%D8%A7%D9%84%D9%85%D9%86%D8%AA%D8%AC%20DREAM%20LIGHET",https://wa.me/972524033442?text=%D9%85%D8%B1%D8%AD%D8%A8%D8%A7%D8%8C%20%D8%A3%D8%B1%D9%8A%D8%AF%20%D8%B7%D9%84%D8%A8%20%D8%A7%D9%84%D9%85%D9%86%D8%AA%D8%AC%20DREAM%20LIGHET,https://madperfume.ps/?app=product.show.323,https://www.mad-parfumeur.com/respondio-catalog/og/ar/p-323-dream-lighet.jpg?v=20260731-4,https://madperfume.ps/upload/01-2026/product/697a41cb44dfa.png
ar,STARLIGHT,City Of Stars Louis Vuitton,عطور النيش الرجاليه,350,https://www.mad-parfumeur.com/respondio-catalog/wa/ar/p-324-starlight.html?v=20260731-4,https://www.mad-parfumeur.com/respondio-catalog/media/ar/p-324-starlight.jpg?v=20260731-4,"City Of Stars Louis Vuitton
الكود: STARLIGHT
السعر: 350 ILS
عودة للمراسلة: https://wa.me/972524033442?text=%D9%85%D8%B1%D8%AD%D8%A8%D8%A7%D8%8C%20%D8%A3%D8%B1%D9%8A%D8%AF%20%D8%B7%D9%84%D8%A8%20%D8%A7%D9%84%D9%85%D9%86%D8%AA%D8%AC%20STARLIGHT",https://wa.me/972524033442?text=%D9%85%D8%B1%D8%AD%D8%A8%D8%A7%D8%8C%20%D8%A3%D8%B1%D9%8A%D8%AF%20%D8%B7%D9%84%D8%A8%20%D8%A7%D9%84%D9%85%D9%86%D8%AA%D8%AC%20STARLIGHT,https://madperfume.ps/?app=product.show.324,https://www.mad-parfumeur.com/respondio-catalog/og/ar/p-324-starlight.jpg?v=20260731-4,https://madperfume.ps/upload/01-2026/product/697a4348c0dd5.png
ar,SEALIGHET,L’Immensité Louis Vuitton,عطور النيش الرجاليه,350,https://www.mad-parfumeur.com/respondio-catalog/wa/ar/p-326-sealighet.html?v=20260731-4,https://www.mad-parfumeur.com/respondio-catalog/media/ar/p-326-sealighet.jpg?v=20260731-4,"L’Immensité Louis Vuitton
الكود: SEALIGHET
السعر: 350 ILS
عودة للمراسلة: https://wa.me/972524033442?text=%D9%85%D8%B1%D8%AD%D8%A8%D8%A7%D8%8C%20%D8%A3%D8%B1%D9%8A%D8%AF%20%D8%B7%D9%84%D8%A8%20%D8%A7%D9%84%D9%85%D9%86%D8%AA%D8%AC%20SEALIGHET",https://wa.me/972524033442?text=%D9%85%D8%B1%D8%AD%D8%A8%D8%A7%D8%8C%20%D8%A3%D8%B1%D9%8A%D8%AF%20%D8%B7%D9%84%D8%A8%20%D8%A7%D9%84%D9%85%D9%86%D8%AA%D8%AC%20SEALIGHET,https://madperfume.ps/?app=product.show.326,https://www.mad-parfumeur.com/respondio-catalog/og/ar/p-326-sealighet.jpg?v=20260731-4,https://madperfume.ps/upload/01-2026/product/697a4293a64de.png
ar,p107,Prada Paradoxe من Prada,عطور النساء,100,https://www.mad-parfumeur.com/respondio-catalog/wa/ar/p-327-p107.html?v=20260731-4,https://www.mad-parfumeur.com/respondio-catalog/media/ar/p-327-p107.jpg?v=20260731-4,"Prada Paradoxe من Prada
الكود: p107
السعر: 100 ILS
عودة للمراسلة: https://wa.me/972524033442?text=%D9%85%D8%B1%D8%AD%D8%A8%D8%A7%D8%8C%20%D8%A3%D8%B1%D9%8A%D8%AF%20%D8%B7%D9%84%D8%A8%20%D8%A7%D9%84%D9%85%D9%86%D8%AA%D8%AC%20p107",https://wa.me/972524033442?text=%D9%85%D8%B1%D8%AD%D8%A8%D8%A7%D8%8C%20%D8%A3%D8%B1%D9%8A%D8%AF%20%D8%B7%D9%84%D8%A8%20%D8%A7%D9%84%D9%85%D9%86%D8%AA%D8%AC%20p107,https://madperfume.ps/?app=product.show.327,https://www.mad-parfumeur.com/respondio-catalog/og/ar/p-327-p107.jpg?v=20260731-4,https://madperfume.ps/upload/01-2026/product/697be6aed3f73.png
ar,SHAH,Shah 50 ml Unisex,عطور النيش الرجاليه,500,https://www.mad-parfumeur.com/respondio-catalog/wa/ar/p-360-shah.html?v=20260731-4,https://www.mad-parfumeur.com/respondio-catalog/media/ar/p-360-shah.jpg?v=20260731-4,"Shah 50 ml Unisex
الكود: SHAH
السعر: 500 ILS
عودة للمراسلة: https://wa.me/972524033442?text=%D9%85%D8%B1%D8%AD%D8%A8%D8%A7%D8%8C%20%D8%A3%D8%B1%D9%8A%D8%AF%20%D8%B7%D9%84%D8%A8%20%D8%A7%D9%84%D9%85%D9%86%D8%AA%D8%AC%20SHAH",https://wa.me/972524033442?text=%D9%85%D8%B1%D8%AD%D8%A8%D8%A7%D8%8C%20%D8%A3%D8%B1%D9%8A%D8%AF%20%D8%B7%D9%84%D8%A8%20%D8%A7%D9%84%D9%85%D9%86%D8%AA%D8%AC%20SHAH,https://madperfume.ps/?app=product.show.360,https://www.mad-parfumeur.com/respondio-catalog/og/ar/p-360-shah.jpg?v=20260731-4,https://madperfume.ps/upload/01-2026/product/106e07a1-b587-46b0-9ba0-f30e1c359afa_size640_cropCenter.jpg
ar,D116,Q by Dolce & Gabbana - Dolce&Gabbana,عطور النساء,100,https://www.mad-parfumeur.com/respondio-catalog/wa/ar/p-387-d116.html?v=20260731-4,https://www.mad-parfumeur.com/respondio-catalog/media/ar/p-387-d116.jpg?v=20260731-4,"Q by Dolce & Gabbana - Dolce&Gabbana
الكود: D116
السعر: 100 ILS
عودة للمراسلة: https://wa.me/972524033442?text=%D9%85%D8%B1%D8%AD%D8%A8%D8%A7%D8%8C%20%D8%A3%D8%B1%D9%8A%D8%AF%20%D8%B7%D9%84%D8%A8%20%D8%A7%D9%84%D9%85%D9%86%D8%AA%D8%AC%20D116",https://wa.me/972524033442?text=%D9%85%D8%B1%D8%AD%D8%A8%D8%A7%D8%8C%20%D8%A3%D8%B1%D9%8A%D8%AF%20%D8%B7%D9%84%D8%A8%20%D8%A7%D9%84%D9%85%D9%86%D8%AA%D8%AC%20D116,https://madperfume.ps/?app=product.show.387,https://www.mad-parfumeur.com/respondio-catalog/og/ar/p-387-d116.jpg?v=20260731-4,https://madperfume.ps/upload/06-2025/product/198.png
ar,D117,Devotion - Dolce&Gabbana,عطور النساء,100,https://www.mad-parfumeur.com/respondio-catalog/wa/ar/p-388-d117.html?v=20260731-4,https://www.mad-parfumeur.com/respondio-catalog/media/ar/p-388-d117.jpg?v=20260731-4,"Devotion - Dolce&Gabbana
الكود: D117
السعر: 100 ILS
عودة للمراسلة: https://wa.me/972524033442?text=%D9%85%D8%B1%D8%AD%D8%A8%D8%A7%D8%8C%20%D8%A3%D8%B1%D9%8A%D8%AF%20%D8%B7%D9%84%D8%A8%20%D8%A7%D9%84%D9%85%D9%86%D8%AA%D8%AC%20D117",https://wa.me/972524033442?text=%D9%85%D8%B1%D8%AD%D8%A8%D8%A7%D8%8C%20%D8%A3%D8%B1%D9%8A%D8%AF%20%D8%B7%D9%84%D8%A8%20%D8%A7%D9%84%D9%85%D9%86%D8%AA%D8%AC%20D117,https://madperfume.ps/?app=product.show.388,https://www.mad-parfumeur.com/respondio-catalog/og/ar/p-388-d117.jpg?v=20260731-4,https://madperfume.ps/upload/01-2026/product/697e3c614dcf7.png
ar,Rouge Empreisa 100 ml Unisex Parfüm,Empressa Penhaligon's,عطور النيش النسائيه,300,https://www.mad-parfumeur.com/respondio-catalog/wa/ar/p-390-rouge-empreisa-100-ml-unisex-parf-m.html?v=20260731-4,https://www.mad-parfumeur.com/respondio-catalog/media/ar/p-390-rouge-empreisa-100-ml-unisex-parf-m.jpg?v=20260731-4,"Empressa Penhaligon's
الكود: Rouge Empreisa 100 ml Unisex Parfüm
السعر: 300 ILS
عودة للمراسلة: https://wa.me/972524033442?text=%D9%85%D8%B1%D8%AD%D8%A8%D8%A7%D8%8C%20%D8%A3%D8%B1%D9%8A%D8%AF%20%D8%B7%D9%84%D8%A8%20%D8%A7%D9%84%D9%85%D9%86%D8%AA%D8%AC%20Rouge%20Empreisa%20100%20ml%20Unisex%20Parf%C3%BCm",https://wa.me/972524033442?text=%D9%85%D8%B1%D8%AD%D8%A8%D8%A7%D8%8C%20%D8%A3%D8%B1%D9%8A%D8%AF%20%D8%B7%D9%84%D8%A8%20%D8%A7%D9%84%D9%85%D9%86%D8%AA%D8%AC%20Rouge%20Empreisa%20100%20ml%20Unisex%20Parf%C3%BCm,https://madperfume.ps/?app=product.show.390,https://www.mad-parfumeur.com/respondio-catalog/og/ar/p-390-rouge-empreisa-100-ml-unisex-parf-m.jpg?v=20260731-4,https://madperfume.ps/upload/01-2026/product/6979626224538.png
ar,DETOX,Delox Tiziana Terenzi,عطور النيش الرجاليه,300,https://www.mad-parfumeur.com/respondio-catalog/wa/ar/p-391-detox.html?v=20260731-4,https://www.mad-parfumeur.com/respondio-catalog/media/ar/p-391-detox.jpg?v=20260731-4,"Delox Tiziana Terenzi
الكود: DETOX
السعر: 300 ILS
عودة للمراسلة: https://wa.me/972524033442?text=%D9%85%D8%B1%D8%AD%D8%A8%D8%A7%D8%8C%20%D8%A3%D8%B1%D9%8A%D8%AF%20%D8%B7%D9%84%D8%A8%20%D8%A7%D9%84%D9%85%D9%86%D8%AA%D8%AC%20DETOX",https://wa.me/972524033442?text=%D9%85%D8%B1%D8%AD%D8%A8%D8%A7%D8%8C%20%D8%A3%D8%B1%D9%8A%D8%AF%20%D8%B7%D9%84%D8%A8%20%D8%A7%D9%84%D9%85%D9%86%D8%AA%D8%AC%20DETOX,https://madperfume.ps/?app=product.show.391,https://www.mad-parfumeur.com/respondio-catalog/og/ar/p-391-detox.jpg?v=20260731-4,https://madperfume.ps/upload/01-2026/product/69794e00810ae.png
ar,Bruno Casanova,Casanova Tiziana Terenzi,عطور النيش الرجاليه,300,https://www.mad-parfumeur.com/respondio-catalog/wa/ar/p-392-bruno-casanova.html?v=20260731-4,https://www.mad-parfumeur.com/respondio-catalog/media/ar/p-392-bruno-casanova.jpg?v=20260731-4,"Casanova Tiziana Terenzi
الكود: Bruno Casanova
السعر: 300 ILS
عودة للمراسلة: https://wa.me/972524033442?text=%D9%85%D8%B1%D8%AD%D8%A8%D8%A7%D8%8C%20%D8%A3%D8%B1%D9%8A%D8%AF%20%D8%B7%D9%84%D8%A8%20%D8%A7%D9%84%D9%85%D9%86%D8%AA%D8%AC%20Bruno%20Casanova",https://wa.me/972524033442?text=%D9%85%D8%B1%D8%AD%D8%A8%D8%A7%D8%8C%20%D8%A3%D8%B1%D9%8A%D8%AF%20%D8%B7%D9%84%D8%A8%20%D8%A7%D9%84%D9%85%D9%86%D8%AA%D8%AC%20Bruno%20Casanova,https://madperfume.ps/?app=product.show.392,https://www.mad-parfumeur.com/respondio-catalog/og/ar/p-392-bruno-casanova.jpg?v=20260731-4,https://madperfume.ps/upload/01-2026/product/69794d606f005.png
ar,Bruno Exotic,my kurkdjian amyrisv homme,عطور النيش الرجاليه,300,https://www.mad-parfumeur.com/respondio-catalog/wa/ar/p-393-bruno-exotic.html?v=20260731-4,https://www.mad-parfumeur.com/respondio-catalog/media/ar/p-393-bruno-exotic.jpg?v=20260731-4,"my kurkdjian amyrisv homme
الكود: Bruno Exotic
السعر: 300 ILS
عودة للمراسلة: https://wa.me/972524033442?text=%D9%85%D8%B1%D8%AD%D8%A8%D8%A7%D8%8C%20%D8%A3%D8%B1%D9%8A%D8%AF%20%D8%B7%D9%84%D8%A8%20%D8%A7%D9%84%D9%85%D9%86%D8%AA%D8%AC%20Bruno%20Exotic",https://wa.me/972524033442?text=%D9%85%D8%B1%D8%AD%D8%A8%D8%A7%D8%8C%20%D8%A3%D8%B1%D9%8A%D8%AF%20%D8%B7%D9%84%D8%A8%20%D8%A7%D9%84%D9%85%D9%86%D8%AA%D8%AC%20Bruno%20Exotic,https://madperfume.ps/?app=product.show.393,https://www.mad-parfumeur.com/respondio-catalog/og/ar/p-393-bruno-exotic.jpg?v=20260731-4,https://madperfume.ps/upload/01-2026/product/69794c99e6ba4.png
ar,Mad Absolutely,Modern Muse Nuit Estée Lauder,عطور النيش الرجاليه,300,https://www.mad-parfumeur.com/respondio-catalog/wa/ar/p-394-mad-absolutely.html?v=20260731-4,https://www.mad-parfumeur.com/respondio-catalog/media/ar/p-394-mad-absolutely.jpg?v=20260731-4,"Modern Muse Nuit Estée Lauder
الكود: Mad Absolutely
السعر: 300 ILS
عودة للمراسلة: https://wa.me/972524033442?text=%D9%85%D8%B1%D8%AD%D8%A8%D8%A7%D8%8C%20%D8%A3%D8%B1%D9%8A%D8%AF%20%D8%B7%D9%84%D8%A8%20%D8%A7%D9%84%D9%85%D9%86%D8%AA%D8%AC%20Mad%20Absolutely",https://wa.me/972524033442?text=%D9%85%D8%B1%D8%AD%D8%A8%D8%A7%D8%8C%20%D8%A3%D8%B1%D9%8A%D8%AF%20%D8%B7%D9%84%D8%A8%20%D8%A7%D9%84%D9%85%D9%86%D8%AA%D8%AC%20Mad%20Absolutely,https://madperfume.ps/?app=product.show.394,https://www.mad-parfumeur.com/respondio-catalog/og/ar/p-394-mad-absolutely.jpg?v=20260731-4,https://madperfume.ps/upload/01-2026/product/69794b32adeb8.png
ar,Sweet Bouquet,Delina Parfums de Marly,عطور النيش النسائيه,300,https://www.mad-parfumeur.com/respondio-catalog/wa/ar/p-395-sweet-bouquet.html?v=20260731-4,https://www.mad-parfumeur.com/respondio-catalog/media/ar/p-395-sweet-bouquet.jpg?v=20260731-4,"Delina Parfums de Marly
الكود: Sweet Bouquet
السعر: 300 ILS
عودة للمراسلة: https://wa.me/972524033442?text=%D9%85%D8%B1%D8%AD%D8%A8%D8%A7%D8%8C%20%D8%A3%D8%B1%D9%8A%D8%AF%20%D8%B7%D9%84%D8%A8%20%D8%A7%D9%84%D9%85%D9%86%D8%AA%D8%AC%20Sweet%20Bouquet",https://wa.me/972524033442?text=%D9%85%D8%B1%D8%AD%D8%A8%D8%A7%D8%8C%20%D8%A3%D8%B1%D9%8A%D8%AF%20%D8%B7%D9%84%D8%A8%20%D8%A7%D9%84%D9%85%D9%86%D8%AA%D8%AC%20Sweet%20Bouquet,https://madperfume.ps/?app=product.show.395,https://www.mad-parfumeur.com/respondio-catalog/og/ar/p-395-sweet-bouquet.jpg?v=20260731-4,https://madperfume.ps/upload/01-2026/product/69795f89e26e2.png
ar,V101,Scandalous من Victoria's Secret,عطور النساء,100,https://www.mad-parfumeur.com/respondio-catalog/wa/ar/p-401-v101.html?v=20260731-4,https://www.mad-parfumeur.com/respondio-catalog/media/ar/p-401-v101.jpg?v=20260731-4,"Scandalous من Victoria's Secret
الكود: V101
السعر: 100 ILS
عودة للمراسلة: https://wa.me/972524033442?text=%D9%85%D8%B1%D8%AD%D8%A8%D8%A7%D8%8C%20%D8%A3%D8%B1%D9%8A%D8%AF%20%D8%B7%D9%84%D8%A8%20%D8%A7%D9%84%D9%85%D9%86%D8%AA%D8%AC%20V101",https://wa.me/972524033442?text=%D9%85%D8%B1%D8%AD%D8%A8%D8%A7%D8%8C%20%D8%A3%D8%B1%D9%8A%D8%AF%20%D8%B7%D9%84%D8%A8%20%D8%A7%D9%84%D9%85%D9%86%D8%AA%D8%AC%20V101,https://madperfume.ps/?app=product.show.401,https://www.mad-parfumeur.com/respondio-catalog/og/ar/p-401-v101.jpg?v=20260731-4,https://madperfume.ps/upload/01-2026/product/697e4e1a9ede3.png
ar,T109 L102 W150,T109 L102 W150,الحملات والعروض الرجاليه,300,https://www.mad-parfumeur.com/respondio-catalog/wa/ar/p-411-t109-l102-w150.html?v=20260731-4,https://www.mad-parfumeur.com/respondio-catalog/media/ar/p-411-t109-l102-w150.jpg?v=20260731-4,"T109 L102 W150
الكود: T109 L102 W150
السعر: 300 ILS
عودة للمراسلة: https://wa.me/972524033442?text=%D9%85%D8%B1%D8%AD%D8%A8%D8%A7%D8%8C%20%D8%A3%D8%B1%D9%8A%D8%AF%20%D8%B7%D9%84%D8%A8%20%D8%A7%D9%84%D9%85%D9%86%D8%AA%D8%AC%20T109%20L102%20W150",https://wa.me/972524033442?text=%D9%85%D8%B1%D8%AD%D8%A8%D8%A7%D8%8C%20%D8%A3%D8%B1%D9%8A%D8%AF%20%D8%B7%D9%84%D8%A8%20%D8%A7%D9%84%D9%85%D9%86%D8%AA%D8%AC%20T109%20L102%20W150,https://madperfume.ps/?app=product.show.411,https://www.mad-parfumeur.com/respondio-catalog/og/ar/p-411-t109-l102-w150.jpg?v=20260731-4,https://madperfume.ps/upload/07-2024/product/66a21c482023b.jpg
ar,W198,Egoiste Platinum - Chanel,عطور الرجال,100,https://www.mad-parfumeur.com/respondio-catalog/wa/ar/p-414-w198.html?v=20260731-4,https://www.mad-parfumeur.com/respondio-catalog/media/ar/p-414-w198.jpg?v=20260731-4,"Egoiste Platinum - Chanel
الكود: W198
السعر: 100 ILS
عودة للمراسلة: https://wa.me/972524033442?text=%D9%85%D8%B1%D8%AD%D8%A8%D8%A7%D8%8C%20%D8%A3%D8%B1%D9%8A%D8%AF%20%D8%B7%D9%84%D8%A8%20%D8%A7%D9%84%D9%85%D9%86%D8%AA%D8%AC%20W198",https://wa.me/972524033442?text=%D9%85%D8%B1%D8%AD%D8%A8%D8%A7%D8%8C%20%D8%A3%D8%B1%D9%8A%D8%AF%20%D8%B7%D9%84%D8%A8%20%D8%A7%D9%84%D9%85%D9%86%D8%AA%D8%AC%20W198,https://madperfume.ps/?app=product.show.414,https://www.mad-parfumeur.com/respondio-catalog/og/ar/p-414-w198.jpg?v=20260731-4,https://madperfume.ps/upload/06-2025/product/83.png
ar,G111,Good Girl Blush** من **Carolina Herrera,عطور النساء,100,https://www.mad-parfumeur.com/respondio-catalog/wa/ar/p-421-g111.html?v=20260731-4,https://www.mad-parfumeur.com/respondio-catalog/media/ar/p-421-g111.jpg?v=20260731-4,"Good Girl Blush** من **Carolina Herrera
الكود: G111
السعر: 100 ILS
عودة للمراسلة: https://wa.me/972524033442?text=%D9%85%D8%B1%D8%AD%D8%A8%D8%A7%D8%8C%20%D8%A3%D8%B1%D9%8A%D8%AF%20%D8%B7%D9%84%D8%A8%20%D8%A7%D9%84%D9%85%D9%86%D8%AA%D8%AC%20G111",https://wa.me/972524033442?text=%D9%85%D8%B1%D8%AD%D8%A8%D8%A7%D8%8C%20%D8%A3%D8%B1%D9%8A%D8%AF%20%D8%B7%D9%84%D8%A8%20%D8%A7%D9%84%D9%85%D9%86%D8%AA%D8%AC%20G111,https://madperfume.ps/?app=product.show.421,https://www.mad-parfumeur.com/respondio-catalog/og/ar/p-421-g111.jpg?v=20260731-4,https://madperfume.ps/upload/06-2025/product/97.png
ar,G109,La Petite Robe Noire** من **Guerlain,عطور النساء,100,https://www.mad-parfumeur.com/respondio-catalog/wa/ar/p-422-g109.html?v=20260731-4,https://www.mad-parfumeur.com/respondio-catalog/media/ar/p-422-g109.jpg?v=20260731-4,"La Petite Robe Noire** من **Guerlain
الكود: G109
السعر: 100 ILS
عودة للمراسلة: https://wa.me/972524033442?text=%D9%85%D8%B1%D8%AD%D8%A8%D8%A7%D8%8C%20%D8%A3%D8%B1%D9%8A%D8%AF%20%D8%B7%D9%84%D8%A8%20%D8%A7%D9%84%D9%85%D9%86%D8%AA%D8%AC%20G109",https://wa.me/972524033442?text=%D9%85%D8%B1%D8%AD%D8%A8%D8%A7%D8%8C%20%D8%A3%D8%B1%D9%8A%D8%AF%20%D8%B7%D9%84%D8%A8%20%D8%A7%D9%84%D9%85%D9%86%D8%AA%D8%AC%20G109,https://madperfume.ps/?app=product.show.422,https://www.mad-parfumeur.com/respondio-catalog/og/ar/p-422-g109.jpg?v=20260731-4,https://madperfume.ps/upload/06-2025/product/68501a1f6631a.png
ar,G110,Flora Gorgeous Gardenia** من **Gucci,عطور النساء,100,https://www.mad-parfumeur.com/respondio-catalog/wa/ar/p-424-g110.html?v=20260731-4,https://www.mad-parfumeur.com/respondio-catalog/media/ar/p-424-g110.jpg?v=20260731-4,"Flora Gorgeous Gardenia** من **Gucci
الكود: G110
السعر: 100 ILS
عودة للمراسلة: https://wa.me/972524033442?text=%D9%85%D8%B1%D8%AD%D8%A8%D8%A7%D8%8C%20%D8%A3%D8%B1%D9%8A%D8%AF%20%D8%B7%D9%84%D8%A8%20%D8%A7%D9%84%D9%85%D9%86%D8%AA%D8%AC%20G110",https://wa.me/972524033442?text=%D9%85%D8%B1%D8%AD%D8%A8%D8%A7%D8%8C%20%D8%A3%D8%B1%D9%8A%D8%AF%20%D8%B7%D9%84%D8%A8%20%D8%A7%D9%84%D9%85%D9%86%D8%AA%D8%AC%20G110,https://madperfume.ps/?app=product.show.424,https://www.mad-parfumeur.com/respondio-catalog/og/ar/p-424-g110.jpg?v=20260731-4,https://madperfume.ps/upload/06-2025/product/116.png
ar,C122,عطر Paris – Venise - Chanel,عطور النساء,150,https://www.mad-parfumeur.com/respondio-catalog/wa/ar/p-425-c122.html?v=20260731-4,https://www.mad-parfumeur.com/respondio-catalog/media/ar/p-425-c122.jpg?v=20260731-4,"عطر Paris – Venise - Chanel
الكود: C122
السعر: 150 ILS
عودة للمراسلة: https://wa.me/972524033442?text=%D9%85%D8%B1%D8%AD%D8%A8%D8%A7%D8%8C%20%D8%A3%D8%B1%D9%8A%D8%AF%20%D8%B7%D9%84%D8%A8%20%D8%A7%D9%84%D9%85%D9%86%D8%AA%D8%AC%20C122",https://wa.me/972524033442?text=%D9%85%D8%B1%D8%AD%D8%A8%D8%A7%D8%8C%20%D8%A3%D8%B1%D9%8A%D8%AF%20%D8%B7%D9%84%D8%A8%20%D8%A7%D9%84%D9%85%D9%86%D8%AA%D8%AC%20C122,https://madperfume.ps/?app=product.show.425,https://www.mad-parfumeur.com/respondio-catalog/og/ar/p-425-c122.jpg?v=20260731-4,https://madperfume.ps/upload/06-2025/product/24.png
ar,G103,Intense Oud by Gucci,عطور الرجال,150,https://www.mad-parfumeur.com/respondio-catalog/wa/ar/p-426-g103.html?v=20260731-4,https://www.mad-parfumeur.com/respondio-catalog/media/ar/p-426-g103.jpg?v=20260731-4,"Intense Oud by Gucci
الكود: G103
السعر: 150 ILS
عودة للمراسلة: https://wa.me/972524033442?text=%D9%85%D8%B1%D8%AD%D8%A8%D8%A7%D8%8C%20%D8%A3%D8%B1%D9%8A%D8%AF%20%D8%B7%D9%84%D8%A8%20%D8%A7%D9%84%D9%85%D9%86%D8%AA%D8%AC%20G103",https://wa.me/972524033442?text=%D9%85%D8%B1%D8%AD%D8%A8%D8%A7%D8%8C%20%D8%A3%D8%B1%D9%8A%D8%AF%20%D8%B7%D9%84%D8%A8%20%D8%A7%D9%84%D9%85%D9%86%D8%AA%D8%AC%20G103,https://madperfume.ps/?app=product.show.426,https://www.mad-parfumeur.com/respondio-catalog/og/ar/p-426-g103.jpg?v=20260731-4,https://madperfume.ps/upload/06-2025/product/9.png
ar,Q118,Costa Azzurra Acqua by Tom Ford,عطور الرجال,150,https://www.mad-parfumeur.com/respondio-catalog/wa/ar/p-428-q118.html?v=20260731-4,https://www.mad-parfumeur.com/respondio-catalog/media/ar/p-428-q118.jpg?v=20260731-4,"Costa Azzurra Acqua by Tom Ford
الكود: Q118
السعر: 150 ILS
عودة للمراسلة: https://wa.me/972524033442?text=%D9%85%D8%B1%D8%AD%D8%A8%D8%A7%D8%8C%20%D8%A3%D8%B1%D9%8A%D8%AF%20%D8%B7%D9%84%D8%A8%20%D8%A7%D9%84%D9%85%D9%86%D8%AA%D8%AC%20Q118",https://wa.me/972524033442?text=%D9%85%D8%B1%D8%AD%D8%A8%D8%A7%D8%8C%20%D8%A3%D8%B1%D9%8A%D8%AF%20%D8%B7%D9%84%D8%A8%20%D8%A7%D9%84%D9%85%D9%86%D8%AA%D8%AC%20Q118,https://madperfume.ps/?app=product.show.428,https://www.mad-parfumeur.com/respondio-catalog/og/ar/p-428-q118.jpg?v=20260731-4,https://madperfume.ps/upload/06-2025/product/11.png
ar,Q121,Chaos by Vertus,عطور الرجال,150,https://www.mad-parfumeur.com/respondio-catalog/wa/ar/p-429-q121.html?v=20260731-4,https://www.mad-parfumeur.com/respondio-catalog/media/ar/p-429-q121.jpg?v=20260731-4,"Chaos by Vertus
الكود: Q121
السعر: 150 ILS
عودة للمراسلة: https://wa.me/972524033442?text=%D9%85%D8%B1%D8%AD%D8%A8%D8%A7%D8%8C%20%D8%A3%D8%B1%D9%8A%D8%AF%20%D8%B7%D9%84%D8%A8%20%D8%A7%D9%84%D9%85%D9%86%D8%AA%D8%AC%20Q121",https://wa.me/972524033442?text=%D9%85%D8%B1%D8%AD%D8%A8%D8%A7%D8%8C%20%D8%A3%D8%B1%D9%8A%D8%AF%20%D8%B7%D9%84%D8%A8%20%D8%A7%D9%84%D9%85%D9%86%D8%AA%D8%AC%20Q121,https://madperfume.ps/?app=product.show.429,https://www.mad-parfumeur.com/respondio-catalog/og/ar/p-429-q121.jpg?v=20260731-4,https://madperfume.ps/upload/06-2025/product/10.png
ar,Q120,ANKA by Vertus,عطور الرجال,150,https://www.mad-parfumeur.com/respondio-catalog/wa/ar/p-430-q120.html?v=20260731-4,https://www.mad-parfumeur.com/respondio-catalog/media/ar/p-430-q120.jpg?v=20260731-4,"ANKA by Vertus
الكود: Q120
السعر: 150 ILS
عودة للمراسلة: https://wa.me/972524033442?text=%D9%85%D8%B1%D8%AD%D8%A8%D8%A7%D8%8C%20%D8%A3%D8%B1%D9%8A%D8%AF%20%D8%B7%D9%84%D8%A8%20%D8%A7%D9%84%D9%85%D9%86%D8%AA%D8%AC%20Q120",https://wa.me/972524033442?text=%D9%85%D8%B1%D8%AD%D8%A8%D8%A7%D8%8C%20%D8%A3%D8%B1%D9%8A%D8%AF%20%D8%B7%D9%84%D8%A8%20%D8%A7%D9%84%D9%85%D9%86%D8%AA%D8%AC%20Q120,https://madperfume.ps/?app=product.show.430,https://www.mad-parfumeur.com/respondio-catalog/og/ar/p-430-q120.jpg?v=20260731-4,https://madperfume.ps/upload/06-2025/product/8.png
ar,G111 G110 W201,💸 السعر: 350 شيكل فقط لثلاث عطور!,الحملات والعروض الرجاليه,300,https://www.mad-parfumeur.com/respondio-catalog/wa/ar/p-431-g111-g110-w201.html?v=20260731-4,https://www.mad-parfumeur.com/respondio-catalog/media/ar/p-431-g111-g110-w201.jpg?v=20260731-4,"💸 السعر: 350 شيكل فقط لثلاث عطور!
الكود: G111 G110 W201
السعر: 300 ILS
عودة للمراسلة: https://wa.me/972524033442?text=%D9%85%D8%B1%D8%AD%D8%A8%D8%A7%D8%8C%20%D8%A3%D8%B1%D9%8A%D8%AF%20%D8%B7%D9%84%D8%A8%20%D8%A7%D9%84%D9%85%D9%86%D8%AA%D8%AC%20G111%20G110%20W201",https://wa.me/972524033442?text=%D9%85%D8%B1%D8%AD%D8%A8%D8%A7%D8%8C%20%D8%A3%D8%B1%D9%8A%D8%AF%20%D8%B7%D9%84%D8%A8%20%D8%A7%D9%84%D9%85%D9%86%D8%AA%D8%AC%20G111%20G110%20W201,https://madperfume.ps/?app=product.show.431,https://www.mad-parfumeur.com/respondio-catalog/og/ar/p-431-g111-g110-w201.jpg?v=20260731-4,https://madperfume.ps/upload/08-2024/product/33.jpg
ar,Q110,Ombré Leather (2018) - Tom Ford,عطور الرجال,100,https://www.mad-parfumeur.com/respondio-catalog/wa/ar/p-436-q110.html?v=20260731-4,https://www.mad-parfumeur.com/respondio-catalog/media/ar/p-436-q110.jpg?v=20260731-4,"Ombré Leather (2018) - Tom Ford
الكود: Q110
السعر: 100 ILS
عودة للمراسلة: https://wa.me/972524033442?text=%D9%85%D8%B1%D8%AD%D8%A8%D8%A7%D8%8C%20%D8%A3%D8%B1%D9%8A%D8%AF%20%D8%B7%D9%84%D8%A8%20%D8%A7%D9%84%D9%85%D9%86%D8%AA%D8%AC%20Q110",https://wa.me/972524033442?text=%D9%85%D8%B1%D8%AD%D8%A8%D8%A7%D8%8C%20%D8%A3%D8%B1%D9%8A%D8%AF%20%D8%B7%D9%84%D8%A8%20%D8%A7%D9%84%D9%85%D9%86%D8%AA%D8%AC%20Q110,https://madperfume.ps/?app=product.show.436,https://www.mad-parfumeur.com/respondio-catalog/og/ar/p-436-q110.jpg?v=20260731-4,https://madperfume.ps/upload/03-2026/product/IMG_0356.jpeg
ar,J107,Le Beau Paradise Garden by Jean Paul Gaultier,عطور الرجال,100,https://www.mad-parfumeur.com/respondio-catalog/wa/ar/p-437-j107.html?v=20260731-4,https://www.mad-parfumeur.com/respondio-catalog/media/ar/p-437-j107.jpg?v=20260731-4,"Le Beau Paradise Garden by Jean Paul Gaultier
الكود: J107
السعر: 100 ILS
عودة للمراسلة: https://wa.me/972524033442?text=%D9%85%D8%B1%D8%AD%D8%A8%D8%A7%D8%8C%20%D8%A3%D8%B1%D9%8A%D8%AF%20%D8%B7%D9%84%D8%A8%20%D8%A7%D9%84%D9%85%D9%86%D8%AA%D8%AC%20J107",https://wa.me/972524033442?text=%D9%85%D8%B1%D8%AD%D8%A8%D8%A7%D8%8C%20%D8%A3%D8%B1%D9%8A%D8%AF%20%D8%B7%D9%84%D8%A8%20%D8%A7%D9%84%D9%85%D9%86%D8%AA%D8%AC%20J107,https://madperfume.ps/?app=product.show.437,https://www.mad-parfumeur.com/respondio-catalog/og/ar/p-437-j107.jpg?v=20260731-4,https://madperfume.ps/upload/01-2026/product/697e4234bf725.png
ar,J109,Ultra Male by Jean Paul Gaultier,عطور الرجال,100,https://www.mad-parfumeur.com/respondio-catalog/wa/ar/p-438-j109.html?v=20260731-4,https://www.mad-parfumeur.com/respondio-catalog/media/ar/p-438-j109.jpg?v=20260731-4,"Ultra Male by Jean Paul Gaultier
الكود: J109
السعر: 100 ILS
عودة للمراسلة: https://wa.me/972524033442?text=%D9%85%D8%B1%D8%AD%D8%A8%D8%A7%D8%8C%20%D8%A3%D8%B1%D9%8A%D8%AF%20%D8%B7%D9%84%D8%A8%20%D8%A7%D9%84%D9%85%D9%86%D8%AA%D8%AC%20J109",https://wa.me/972524033442?text=%D9%85%D8%B1%D8%AD%D8%A8%D8%A7%D8%8C%20%D8%A3%D8%B1%D9%8A%D8%AF%20%D8%B7%D9%84%D8%A8%20%D8%A7%D9%84%D9%85%D9%86%D8%AA%D8%AC%20J109,https://madperfume.ps/?app=product.show.438,https://www.mad-parfumeur.com/respondio-catalog/og/ar/p-438-j109.jpg?v=20260731-4,https://madperfume.ps/upload/03-2026/product/C211DAB8-A2F9-43D1-9F32-1D026D6F11FF.png
ar,D103,K by Dolce & Gabbana Eau de Parfum,عطور الرجال,100,https://www.mad-parfumeur.com/respondio-catalog/wa/ar/p-439-d103.html?v=20260731-4,https://www.mad-parfumeur.com/respondio-catalog/media/ar/p-439-d103.jpg?v=20260731-4,"K by Dolce & Gabbana Eau de Parfum
الكود: D103
السعر: 100 ILS
عودة للمراسلة: https://wa.me/972524033442?text=%D9%85%D8%B1%D8%AD%D8%A8%D8%A7%D8%8C%20%D8%A3%D8%B1%D9%8A%D8%AF%20%D8%B7%D9%84%D8%A8%20%D8%A7%D9%84%D9%85%D9%86%D8%AA%D8%AC%20D103",https://wa.me/972524033442?text=%D9%85%D8%B1%D8%AD%D8%A8%D8%A7%D8%8C%20%D8%A3%D8%B1%D9%8A%D8%AF%20%D8%B7%D9%84%D8%A8%20%D8%A7%D9%84%D9%85%D9%86%D8%AA%D8%AC%20D103,https://madperfume.ps/?app=product.show.439,https://www.mad-parfumeur.com/respondio-catalog/og/ar/p-439-d103.jpg?v=20260731-4,https://madperfume.ps/upload/03-2026/product/09CB8564-54F6-47AB-B789-726726BCF976.png
ar,Q112,Crush On Me - Unique'e Luxury,عطور الرجال,100,https://www.mad-parfumeur.com/respondio-catalog/wa/ar/p-440-q112.html?v=20260731-4,https://www.mad-parfumeur.com/respondio-catalog/media/ar/p-440-q112.jpg?v=20260731-4,"Crush On Me - Unique'e Luxury
الكود: Q112
السعر: 100 ILS
عودة للمراسلة: https://wa.me/972524033442?text=%D9%85%D8%B1%D8%AD%D8%A8%D8%A7%D8%8C%20%D8%A3%D8%B1%D9%8A%D8%AF%20%D8%B7%D9%84%D8%A8%20%D8%A7%D9%84%D9%85%D9%86%D8%AA%D8%AC%20Q112",https://wa.me/972524033442?text=%D9%85%D8%B1%D8%AD%D8%A8%D8%A7%D8%8C%20%D8%A3%D8%B1%D9%8A%D8%AF%20%D8%B7%D9%84%D8%A8%20%D8%A7%D9%84%D9%85%D9%86%D8%AA%D8%AC%20Q112,https://madperfume.ps/?app=product.show.440,https://www.mad-parfumeur.com/respondio-catalog/og/ar/p-440-q112.jpg?v=20260731-4,https://madperfume.ps/upload/03-2026/product/40A7B633-073C-4A2A-B422-66EA69FC36A1.png
ar,Q115,Nº4 Neon by Thomas Kosmala,عطور الرجال,100,https://www.mad-parfumeur.com/respondio-catalog/wa/ar/p-441-q115.html?v=20260731-4,https://www.mad-parfumeur.com/respondio-catalog/media/ar/p-441-q115.jpg?v=20260731-4,"Nº4 Neon by Thomas Kosmala
الكود: Q115
السعر: 100 ILS
عودة للمراسلة: https://wa.me/972524033442?text=%D9%85%D8%B1%D8%AD%D8%A8%D8%A7%D8%8C%20%D8%A3%D8%B1%D9%8A%D8%AF%20%D8%B7%D9%84%D8%A8%20%D8%A7%D9%84%D9%85%D9%86%D8%AA%D8%AC%20Q115",https://wa.me/972524033442?text=%D9%85%D8%B1%D8%AD%D8%A8%D8%A7%D8%8C%20%D8%A3%D8%B1%D9%8A%D8%AF%20%D8%B7%D9%84%D8%A8%20%D8%A7%D9%84%D9%85%D9%86%D8%AA%D8%AC%20Q115,https://madperfume.ps/?app=product.show.441,https://www.mad-parfumeur.com/respondio-catalog/og/ar/p-441-q115.jpg?v=20260731-4,https://madperfume.ps/upload/03-2026/product/6306CD66-600F-4605-AA38-439A32DC5E74.png
ar,Q116,Another 13 by Le Labo,عطور الرجال,100,https://www.mad-parfumeur.com/respondio-catalog/wa/ar/p-442-q116.html?v=20260731-4,https://www.mad-parfumeur.com/respondio-catalog/media/ar/p-442-q116.jpg?v=20260731-4,"Another 13 by Le Labo
الكود: Q116
السعر: 100 ILS
عودة للمراسلة: https://wa.me/972524033442?text=%D9%85%D8%B1%D8%AD%D8%A8%D8%A7%D8%8C%20%D8%A3%D8%B1%D9%8A%D8%AF%20%D8%B7%D9%84%D8%A8%20%D8%A7%D9%84%D9%85%D9%86%D8%AA%D8%AC%20Q116",https://wa.me/972524033442?text=%D9%85%D8%B1%D8%AD%D8%A8%D8%A7%D8%8C%20%D8%A3%D8%B1%D9%8A%D8%AF%20%D8%B7%D9%84%D8%A8%20%D8%A7%D9%84%D9%85%D9%86%D8%AA%D8%AC%20Q116,https://madperfume.ps/?app=product.show.442,https://www.mad-parfumeur.com/respondio-catalog/og/ar/p-442-q116.jpg?v=20260731-4,https://madperfume.ps/upload/03-2026/product/99722CE0-623E-4802-85AB-346AB739D6F9.png
ar,Y102,**MYSLF Eau de Parfum من Yves Saint Laurent,عطور الرجال,100,https://www.mad-parfumeur.com/respondio-catalog/wa/ar/p-443-y102.html?v=20260731-4,https://www.mad-parfumeur.com/respondio-catalog/media/ar/p-443-y102.jpg?v=20260731-4,"**MYSLF Eau de Parfum من Yves Saint Laurent
الكود: Y102
السعر: 100 ILS
عودة للمراسلة: https://wa.me/972524033442?text=%D9%85%D8%B1%D8%AD%D8%A8%D8%A7%D8%8C%20%D8%A3%D8%B1%D9%8A%D8%AF%20%D8%B7%D9%84%D8%A8%20%D8%A7%D9%84%D9%85%D9%86%D8%AA%D8%AC%20Y102",https://wa.me/972524033442?text=%D9%85%D8%B1%D8%AD%D8%A8%D8%A7%D8%8C%20%D8%A3%D8%B1%D9%8A%D8%AF%20%D8%B7%D9%84%D8%A8%20%D8%A7%D9%84%D9%85%D9%86%D8%AA%D8%AC%20Y102,https://madperfume.ps/?app=product.show.443,https://www.mad-parfumeur.com/respondio-catalog/og/ar/p-443-y102.jpg?v=20260731-4,https://madperfume.ps/upload/02-2026/product/697e809467efc.png
ar,B110,London - Burberry,عطور النساء,100,https://www.mad-parfumeur.com/respondio-catalog/wa/ar/p-445-b110.html?v=20260731-4,https://www.mad-parfumeur.com/respondio-catalog/media/ar/p-445-b110.jpg?v=20260731-4,"London - Burberry
الكود: B110
السعر: 100 ILS
عودة للمراسلة: https://wa.me/972524033442?text=%D9%85%D8%B1%D8%AD%D8%A8%D8%A7%D8%8C%20%D8%A3%D8%B1%D9%8A%D8%AF%20%D8%B7%D9%84%D8%A8%20%D8%A7%D9%84%D9%85%D9%86%D8%AA%D8%AC%20B110",https://wa.me/972524033442?text=%D9%85%D8%B1%D8%AD%D8%A8%D8%A7%D8%8C%20%D8%A3%D8%B1%D9%8A%D8%AF%20%D8%B7%D9%84%D8%A8%20%D8%A7%D9%84%D9%85%D9%86%D8%AA%D8%AC%20B110,https://madperfume.ps/?app=product.show.445,https://www.mad-parfumeur.com/respondio-catalog/og/ar/p-445-b110.jpg?v=20260731-4,https://madperfume.ps/upload/06-2025/product/110.png
ar,V114,Voce Viva – من Valentino,عطور النساء,100,https://www.mad-parfumeur.com/respondio-catalog/wa/ar/p-446-v114.html?v=20260731-4,https://www.mad-parfumeur.com/respondio-catalog/media/ar/p-446-v114.jpg?v=20260731-4,"Voce Viva – من Valentino
الكود: V114
السعر: 100 ILS
عودة للمراسلة: https://wa.me/972524033442?text=%D9%85%D8%B1%D8%AD%D8%A8%D8%A7%D8%8C%20%D8%A3%D8%B1%D9%8A%D8%AF%20%D8%B7%D9%84%D8%A8%20%D8%A7%D9%84%D9%85%D9%86%D8%AA%D8%AC%20V114",https://wa.me/972524033442?text=%D9%85%D8%B1%D8%AD%D8%A8%D8%A7%D8%8C%20%D8%A3%D8%B1%D9%8A%D8%AF%20%D8%B7%D9%84%D8%A8%20%D8%A7%D9%84%D9%85%D9%86%D8%AA%D8%AC%20V114,https://madperfume.ps/?app=product.show.446,https://www.mad-parfumeur.com/respondio-catalog/og/ar/p-446-v114.jpg?v=20260731-4,https://madperfume.ps/upload/06-2025/product/115.png
ar,W152,Versace Pour Femme Dylan Purple,عطور النساء,100,https://www.mad-parfumeur.com/respondio-catalog/wa/ar/p-447-w152.html?v=20260731-4,https://www.mad-parfumeur.com/respondio-catalog/media/ar/p-447-w152.jpg?v=20260731-4,"Versace Pour Femme Dylan Purple
الكود: W152
السعر: 100 ILS
عودة للمراسلة: https://wa.me/972524033442?text=%D9%85%D8%B1%D8%AD%D8%A8%D8%A7%D8%8C%20%D8%A3%D8%B1%D9%8A%D8%AF%20%D8%B7%D9%84%D8%A8%20%D8%A7%D9%84%D9%85%D9%86%D8%AA%D8%AC%20W152",https://wa.me/972524033442?text=%D9%85%D8%B1%D8%AD%D8%A8%D8%A7%D8%8C%20%D8%A3%D8%B1%D9%8A%D8%AF%20%D8%B7%D9%84%D8%A8%20%D8%A7%D9%84%D9%85%D9%86%D8%AA%D8%AC%20W152,https://madperfume.ps/?app=product.show.447,https://www.mad-parfumeur.com/respondio-catalog/og/ar/p-447-w152.jpg?v=20260731-4,https://madperfume.ps/upload/01-2026/product/697be21318171.png
ar,P105,Luna Rossa Sport - Prada,عطور الرجال,100,https://www.mad-parfumeur.com/respondio-catalog/wa/ar/p-448-p105.html?v=20260731-4,https://www.mad-parfumeur.com/respondio-catalog/media/ar/p-448-p105.jpg?v=20260731-4,"Luna Rossa Sport - Prada
الكود: P105
السعر: 100 ILS
عودة للمراسلة: https://wa.me/972524033442?text=%D9%85%D8%B1%D8%AD%D8%A8%D8%A7%D8%8C%20%D8%A3%D8%B1%D9%8A%D8%AF%20%D8%B7%D9%84%D8%A8%20%D8%A7%D9%84%D9%85%D9%86%D8%AA%D8%AC%20P105",https://wa.me/972524033442?text=%D9%85%D8%B1%D8%AD%D8%A8%D8%A7%D8%8C%20%D8%A3%D8%B1%D9%8A%D8%AF%20%D8%B7%D9%84%D8%A8%20%D8%A7%D9%84%D9%85%D9%86%D8%AA%D8%AC%20P105,https://madperfume.ps/?app=product.show.448,https://www.mad-parfumeur.com/respondio-catalog/og/ar/p-448-p105.jpg?v=20260731-4,https://madperfume.ps/upload/03-2026/product/3B9E57FA-186A-4896-9AF5-48B7FF305F87.png
ar,Q117,Oud Ispahan - Dior,عطور الرجال,100,https://www.mad-parfumeur.com/respondio-catalog/wa/ar/p-449-q117.html?v=20260731-4,https://www.mad-parfumeur.com/respondio-catalog/media/ar/p-449-q117.jpg?v=20260731-4,"Oud Ispahan - Dior
الكود: Q117
السعر: 100 ILS
عودة للمراسلة: https://wa.me/972524033442?text=%D9%85%D8%B1%D8%AD%D8%A8%D8%A7%D8%8C%20%D8%A3%D8%B1%D9%8A%D8%AF%20%D8%B7%D9%84%D8%A8%20%D8%A7%D9%84%D9%85%D9%86%D8%AA%D8%AC%20Q117",https://wa.me/972524033442?text=%D9%85%D8%B1%D8%AD%D8%A8%D8%A7%D8%8C%20%D8%A3%D8%B1%D9%8A%D8%AF%20%D8%B7%D9%84%D8%A8%20%D8%A7%D9%84%D9%85%D9%86%D8%AA%D8%AC%20Q117,https://madperfume.ps/?app=product.show.449,https://www.mad-parfumeur.com/respondio-catalog/og/ar/p-449-q117.jpg?v=20260731-4,https://madperfume.ps/upload/03-2026/product/E42C67C8-3FBD-42D8-8D5E-C03C21C881C2.png
ar,Q114,Atlantide - Tiziana Terenzi,عطور الرجال,100,https://www.mad-parfumeur.com/respondio-catalog/wa/ar/p-451-q114.html?v=20260731-4,https://www.mad-parfumeur.com/respondio-catalog/media/ar/p-451-q114.jpg?v=20260731-4,"Atlantide - Tiziana Terenzi
الكود: Q114
السعر: 100 ILS
عودة للمراسلة: https://wa.me/972524033442?text=%D9%85%D8%B1%D8%AD%D8%A8%D8%A7%D8%8C%20%D8%A3%D8%B1%D9%8A%D8%AF%20%D8%B7%D9%84%D8%A8%20%D8%A7%D9%84%D9%85%D9%86%D8%AA%D8%AC%20Q114",https://wa.me/972524033442?text=%D9%85%D8%B1%D8%AD%D8%A8%D8%A7%D8%8C%20%D8%A3%D8%B1%D9%8A%D8%AF%20%D8%B7%D9%84%D8%A8%20%D8%A7%D9%84%D9%85%D9%86%D8%AA%D8%AC%20Q114,https://madperfume.ps/?app=product.show.451,https://www.mad-parfumeur.com/respondio-catalog/og/ar/p-451-q114.jpg?v=20260731-4,https://madperfume.ps/upload/03-2026/product/F523BD9A-35F0-4CBA-8E0E-C226F226BF01.png
ar,Mad Japanese Cherry Blossom 200 ml Kolonya,Mad Japanese Cherry Blossom 200 ml Kolonya,عطور الكولونيا,30,https://www.mad-parfumeur.com/respondio-catalog/wa/ar/p-455-mad-japanese-cherry-blossom-200-ml-kolonya.html?v=20260731-4,https://www.mad-parfumeur.com/respondio-catalog/media/ar/p-455-mad-japanese-cherry-blossom-200-ml-kolonya.jpg?v=20260731-4,"Mad Japanese Cherry Blossom 200 ml Kolonya
الكود: Mad Japanese Cherry Blossom 200 ml Kolonya
السعر: 30 ILS
عودة للمراسلة: https://wa.me/972524033442?text=%D9%85%D8%B1%D8%AD%D8%A8%D8%A7%D8%8C%20%D8%A3%D8%B1%D9%8A%D8%AF%20%D8%B7%D9%84%D8%A8%20%D8%A7%D9%84%D9%85%D9%86%D8%AA%D8%AC%20Mad%20Japanese%20Cherry%20Blossom%20200%20ml%20Kolonya",https://wa.me/972524033442?text=%D9%85%D8%B1%D8%AD%D8%A8%D8%A7%D8%8C%20%D8%A3%D8%B1%D9%8A%D8%AF%20%D8%B7%D9%84%D8%A8%20%D8%A7%D9%84%D9%85%D9%86%D8%AA%D8%AC%20Mad%20Japanese%20Cherry%20Blossom%20200%20ml%20Kolonya,https://madperfume.ps/?app=product.show.455,https://www.mad-parfumeur.com/respondio-catalog/og/ar/p-455-mad-japanese-cherry-blossom-200-ml-kolonya.jpg?v=20260731-4,https://madperfume.ps/upload/08-2024/product/66b86e93e4b31.png
ar,Mad Amber 200 ml Kolonya,Mad Amber 200 ml Kolonya,عطور الكولونيا,30,https://www.mad-parfumeur.com/respondio-catalog/wa/ar/p-456-mad-amber-200-ml-kolonya.html?v=20260731-4,https://www.mad-parfumeur.com/respondio-catalog/media/ar/p-456-mad-amber-200-ml-kolonya.jpg?v=20260731-4,"Mad Amber 200 ml Kolonya
الكود: Mad Amber 200 ml Kolonya
السعر: 30 ILS
عودة للمراسلة: https://wa.me/972524033442?text=%D9%85%D8%B1%D8%AD%D8%A8%D8%A7%D8%8C%20%D8%A3%D8%B1%D9%8A%D8%AF%20%D8%B7%D9%84%D8%A8%20%D8%A7%D9%84%D9%85%D9%86%D8%AA%D8%AC%20Mad%20Amber%20200%20ml%20Kolonya",https://wa.me/972524033442?text=%D9%85%D8%B1%D8%AD%D8%A8%D8%A7%D8%8C%20%D8%A3%D8%B1%D9%8A%D8%AF%20%D8%B7%D9%84%D8%A8%20%D8%A7%D9%84%D9%85%D9%86%D8%AA%D8%AC%20Mad%20Amber%20200%20ml%20Kolonya,https://madperfume.ps/?app=product.show.456,https://www.mad-parfumeur.com/respondio-catalog/og/ar/p-456-mad-amber-200-ml-kolonya.jpg?v=20260731-4,https://madperfume.ps/upload/08-2024/product/66b86edc34d87.png
ar,Mad Dream Bouquet 200 ml Kolonya,Mad Dream Bouquet 200 ml Kolonya,عطور الكولونيا,30,https://www.mad-parfumeur.com/respondio-catalog/wa/ar/p-457-mad-dream-bouquet-200-ml-kolonya.html?v=20260731-4,https://www.mad-parfumeur.com/respondio-catalog/media/ar/p-457-mad-dream-bouquet-200-ml-kolonya.jpg?v=20260731-4,"Mad Dream Bouquet 200 ml Kolonya
الكود: Mad Dream Bouquet 200 ml Kolonya
السعر: 30 ILS
عودة للمراسلة: https://wa.me/972524033442?text=%D9%85%D8%B1%D8%AD%D8%A8%D8%A7%D8%8C%20%D8%A3%D8%B1%D9%8A%D8%AF%20%D8%B7%D9%84%D8%A8%20%D8%A7%D9%84%D9%85%D9%86%D8%AA%D8%AC%20Mad%20Dream%20Bouquet%20200%20ml%20Kolonya",https://wa.me/972524033442?text=%D9%85%D8%B1%D8%AD%D8%A8%D8%A7%D8%8C%20%D8%A3%D8%B1%D9%8A%D8%AF%20%D8%B7%D9%84%D8%A8%20%D8%A7%D9%84%D9%85%D9%86%D8%AA%D8%AC%20Mad%20Dream%20Bouquet%20200%20ml%20Kolonya,https://madperfume.ps/?app=product.show.457,https://www.mad-parfumeur.com/respondio-catalog/og/ar/p-457-mad-dream-bouquet-200-ml-kolonya.jpg?v=20260731-4,https://madperfume.ps/upload/08-2024/product/66b86f27a8590.png
ar,Mad Mimosa 200 ml Kolonya,Mad Mimosa 200 ml Kolonya,عطور الكولونيا,30,https://www.mad-parfumeur.com/respondio-catalog/wa/ar/p-458-mad-mimosa-200-ml-kolonya.html?v=20260731-4,https://www.mad-parfumeur.com/respondio-catalog/media/ar/p-458-mad-mimosa-200-ml-kolonya.jpg?v=20260731-4,"Mad Mimosa 200 ml Kolonya
الكود: Mad Mimosa 200 ml Kolonya
السعر: 30 ILS
عودة للمراسلة: https://wa.me/972524033442?text=%D9%85%D8%B1%D8%AD%D8%A8%D8%A7%D8%8C%20%D8%A3%D8%B1%D9%8A%D8%AF%20%D8%B7%D9%84%D8%A8%20%D8%A7%D9%84%D9%85%D9%86%D8%AA%D8%AC%20Mad%20Mimosa%20200%20ml%20Kolonya",https://wa.me/972524033442?text=%D9%85%D8%B1%D8%AD%D8%A8%D8%A7%D8%8C%20%D8%A3%D8%B1%D9%8A%D8%AF%20%D8%B7%D9%84%D8%A8%20%D8%A7%D9%84%D9%85%D9%86%D8%AA%D8%AC%20Mad%20Mimosa%20200%20ml%20Kolonya,https://madperfume.ps/?app=product.show.458,https://www.mad-parfumeur.com/respondio-catalog/og/ar/p-458-mad-mimosa-200-ml-kolonya.jpg?v=20260731-4,https://madperfume.ps/upload/08-2024/product/66b86f4b305c5.png
ar,Mad Aqua Di Blue 200 ml Kolonya,Mad Aqua Di Blue 200 ml Kolonya,عطور الكولونيا,30,https://www.mad-parfumeur.com/respondio-catalog/wa/ar/p-459-mad-aqua-di-blue-200-ml-kolonya.html?v=20260731-4,https://www.mad-parfumeur.com/respondio-catalog/media/ar/p-459-mad-aqua-di-blue-200-ml-kolonya.jpg?v=20260731-4,"Mad Aqua Di Blue 200 ml Kolonya
الكود: Mad Aqua Di Blue 200 ml Kolonya
السعر: 30 ILS
عودة للمراسلة: https://wa.me/972524033442?text=%D9%85%D8%B1%D8%AD%D8%A8%D8%A7%D8%8C%20%D8%A3%D8%B1%D9%8A%D8%AF%20%D8%B7%D9%84%D8%A8%20%D8%A7%D9%84%D9%85%D9%86%D8%AA%D8%AC%20Mad%20Aqua%20Di%20Blue%20200%20ml%20Kolonya",https://wa.me/972524033442?text=%D9%85%D8%B1%D8%AD%D8%A8%D8%A7%D8%8C%20%D8%A3%D8%B1%D9%8A%D8%AF%20%D8%B7%D9%84%D8%A8%20%D8%A7%D9%84%D9%85%D9%86%D8%AA%D8%AC%20Mad%20Aqua%20Di%20Blue%20200%20ml%20Kolonya,https://madperfume.ps/?app=product.show.459,https://www.mad-parfumeur.com/respondio-catalog/og/ar/p-459-mad-aqua-di-blue-200-ml-kolonya.jpg?v=20260731-4,https://madperfume.ps/upload/08-2024/product/66b86f67c4661.png
ar,Mad Bodrum Tangerine 200 ml Kolonya,Mad Bodrum Tangerine 200 ml Kolonya,عطور الكولونيا,30,https://www.mad-parfumeur.com/respondio-catalog/wa/ar/p-460-mad-bodrum-tangerine-200-ml-kolonya.html?v=20260731-4,https://www.mad-parfumeur.com/respondio-catalog/media/ar/p-460-mad-bodrum-tangerine-200-ml-kolonya.jpg?v=20260731-4,"Mad Bodrum Tangerine 200 ml Kolonya
الكود: Mad Bodrum Tangerine 200 ml Kolonya
السعر: 30 ILS
عودة للمراسلة: https://wa.me/972524033442?text=%D9%85%D8%B1%D8%AD%D8%A8%D8%A7%D8%8C%20%D8%A3%D8%B1%D9%8A%D8%AF%20%D8%B7%D9%84%D8%A8%20%D8%A7%D9%84%D9%85%D9%86%D8%AA%D8%AC%20Mad%20Bodrum%20Tangerine%20200%20ml%20Kolonya",https://wa.me/972524033442?text=%D9%85%D8%B1%D8%AD%D8%A8%D8%A7%D8%8C%20%D8%A3%D8%B1%D9%8A%D8%AF%20%D8%B7%D9%84%D8%A8%20%D8%A7%D9%84%D9%85%D9%86%D8%AA%D8%AC%20Mad%20Bodrum%20Tangerine%20200%20ml%20Kolonya,https://madperfume.ps/?app=product.show.460,https://www.mad-parfumeur.com/respondio-catalog/og/ar/p-460-mad-bodrum-tangerine-200-ml-kolonya.jpg?v=20260731-4,https://madperfume.ps/upload/08-2024/product/66b86f8a56024.png
ar,Mad Fig Desert 200 ml Kolonya,Mad Fig Desert 200 ml Kolonya,عطور الكولونيا,30,https://www.mad-parfumeur.com/respondio-catalog/wa/ar/p-461-mad-fig-desert-200-ml-kolonya.html?v=20260731-4,https://www.mad-parfumeur.com/respondio-catalog/media/ar/p-461-mad-fig-desert-200-ml-kolonya.jpg?v=20260731-4,"Mad Fig Desert 200 ml Kolonya
الكود: Mad Fig Desert 200 ml Kolonya
السعر: 30 ILS
عودة للمراسلة: https://wa.me/972524033442?text=%D9%85%D8%B1%D8%AD%D8%A8%D8%A7%D8%8C%20%D8%A3%D8%B1%D9%8A%D8%AF%20%D8%B7%D9%84%D8%A8%20%D8%A7%D9%84%D9%85%D9%86%D8%AA%D8%AC%20Mad%20Fig%20Desert%20200%20ml%20Kolonya",https://wa.me/972524033442?text=%D9%85%D8%B1%D8%AD%D8%A8%D8%A7%D8%8C%20%D8%A3%D8%B1%D9%8A%D8%AF%20%D8%B7%D9%84%D8%A8%20%D8%A7%D9%84%D9%85%D9%86%D8%AA%D8%AC%20Mad%20Fig%20Desert%20200%20ml%20Kolonya,https://madperfume.ps/?app=product.show.461,https://www.mad-parfumeur.com/respondio-catalog/og/ar/p-461-mad-fig-desert-200-ml-kolonya.jpg?v=20260731-4,https://madperfume.ps/upload/08-2024/product/66b86fcb96444.png
ar,Mad Lavender 200 ml Kolonya,Mad Lavender 200 ml Kolonya,عطور الكولونيا,30,https://www.mad-parfumeur.com/respondio-catalog/wa/ar/p-462-mad-lavender-200-ml-kolonya.html?v=20260731-4,https://www.mad-parfumeur.com/respondio-catalog/media/ar/p-462-mad-lavender-200-ml-kolonya.jpg?v=20260731-4,"Mad Lavender 200 ml Kolonya
الكود: Mad Lavender 200 ml Kolonya
السعر: 30 ILS
عودة للمراسلة: https://wa.me/972524033442?text=%D9%85%D8%B1%D8%AD%D8%A8%D8%A7%D8%8C%20%D8%A3%D8%B1%D9%8A%D8%AF%20%D8%B7%D9%84%D8%A8%20%D8%A7%D9%84%D9%85%D9%86%D8%AA%D8%AC%20Mad%20Lavender%20200%20ml%20Kolonya",https://wa.me/972524033442?text=%D9%85%D8%B1%D8%AD%D8%A8%D8%A7%D8%8C%20%D8%A3%D8%B1%D9%8A%D8%AF%20%D8%B7%D9%84%D8%A8%20%D8%A7%D9%84%D9%85%D9%86%D8%AA%D8%AC%20Mad%20Lavender%20200%20ml%20Kolonya,https://madperfume.ps/?app=product.show.462,https://www.mad-parfumeur.com/respondio-catalog/og/ar/p-462-mad-lavender-200-ml-kolonya.jpg?v=20260731-4,https://madperfume.ps/upload/08-2024/product/66b8704c45aa8.png
ar,Mad Bergamot 200 ml Kolonya,Mad Bergamot 200 ml Kolonya,عطور الكولونيا,30,https://www.mad-parfumeur.com/respondio-catalog/wa/ar/p-463-mad-bergamot-200-ml-kolonya.html?v=20260731-4,https://www.mad-parfumeur.com/respondio-catalog/media/ar/p-463-mad-bergamot-200-ml-kolonya.jpg?v=20260731-4,"Mad Bergamot 200 ml Kolonya
الكود: Mad Bergamot 200 ml Kolonya
السعر: 30 ILS
عودة للمراسلة: https://wa.me/972524033442?text=%D9%85%D8%B1%D8%AD%D8%A8%D8%A7%D8%8C%20%D8%A3%D8%B1%D9%8A%D8%AF%20%D8%B7%D9%84%D8%A8%20%D8%A7%D9%84%D9%85%D9%86%D8%AA%D8%AC%20Mad%20Bergamot%20200%20ml%20Kolonya",https://wa.me/972524033442?text=%D9%85%D8%B1%D8%AD%D8%A8%D8%A7%D8%8C%20%D8%A3%D8%B1%D9%8A%D8%AF%20%D8%B7%D9%84%D8%A8%20%D8%A7%D9%84%D9%85%D9%86%D8%AA%D8%AC%20Mad%20Bergamot%20200%20ml%20Kolonya,https://madperfume.ps/?app=product.show.463,https://www.mad-parfumeur.com/respondio-catalog/og/ar/p-463-mad-bergamot-200-ml-kolonya.jpg?v=20260731-4,https://madperfume.ps/upload/08-2024/product/66b87094a61d6.png
ar,Mad Ice 200 ml Kolonya,Mad Ice 200 ml Kolonya,عطور الكولونيا,30,https://www.mad-parfumeur.com/respondio-catalog/wa/ar/p-464-mad-ice-200-ml-kolonya.html?v=20260731-4,https://www.mad-parfumeur.com/respondio-catalog/media/ar/p-464-mad-ice-200-ml-kolonya.jpg?v=20260731-4,"Mad Ice 200 ml Kolonya
الكود: Mad Ice 200 ml Kolonya
السعر: 30 ILS
عودة للمراسلة: https://wa.me/972524033442?text=%D9%85%D8%B1%D8%AD%D8%A8%D8%A7%D8%8C%20%D8%A3%D8%B1%D9%8A%D8%AF%20%D8%B7%D9%84%D8%A8%20%D8%A7%D9%84%D9%85%D9%86%D8%AA%D8%AC%20Mad%20Ice%20200%20ml%20Kolonya",https://wa.me/972524033442?text=%D9%85%D8%B1%D8%AD%D8%A8%D8%A7%D8%8C%20%D8%A3%D8%B1%D9%8A%D8%AF%20%D8%B7%D9%84%D8%A8%20%D8%A7%D9%84%D9%85%D9%86%D8%AA%D8%AC%20Mad%20Ice%20200%20ml%20Kolonya,https://madperfume.ps/?app=product.show.464,https://www.mad-parfumeur.com/respondio-catalog/og/ar/p-464-mad-ice-200-ml-kolonya.jpg?v=20260731-4,https://madperfume.ps/upload/08-2024/product/66b8712085a98.png
ar,Mad Neroli 200 ml Kolonya,Mad Neroli 200 ml Kolonya,عطور الكولونيا,30,https://www.mad-parfumeur.com/respondio-catalog/wa/ar/p-465-mad-neroli-200-ml-kolonya.html?v=20260731-4,https://www.mad-parfumeur.com/respondio-catalog/media/ar/p-465-mad-neroli-200-ml-kolonya.jpg?v=20260731-4,"Mad Neroli 200 ml Kolonya
الكود: Mad Neroli 200 ml Kolonya
السعر: 30 ILS
عودة للمراسلة: https://wa.me/972524033442?text=%D9%85%D8%B1%D8%AD%D8%A8%D8%A7%D8%8C%20%D8%A3%D8%B1%D9%8A%D8%AF%20%D8%B7%D9%84%D8%A8%20%D8%A7%D9%84%D9%85%D9%86%D8%AA%D8%AC%20Mad%20Neroli%20200%20ml%20Kolonya",https://wa.me/972524033442?text=%D9%85%D8%B1%D8%AD%D8%A8%D8%A7%D8%8C%20%D8%A3%D8%B1%D9%8A%D8%AF%20%D8%B7%D9%84%D8%A8%20%D8%A7%D9%84%D9%85%D9%86%D8%AA%D8%AC%20Mad%20Neroli%20200%20ml%20Kolonya,https://madperfume.ps/?app=product.show.465,https://www.mad-parfumeur.com/respondio-catalog/og/ar/p-465-mad-neroli-200-ml-kolonya.jpg?v=20260731-4,https://madperfume.ps/upload/08-2024/product/66b87144b6c27.png
ar,Mad Green Tea 200 ml Kolonya,Mad Green Tea 200 ml Kolonya,عطور الكولونيا,30,https://www.mad-parfumeur.com/respondio-catalog/wa/ar/p-466-mad-green-tea-200-ml-kolonya.html?v=20260731-4,https://www.mad-parfumeur.com/respondio-catalog/media/ar/p-466-mad-green-tea-200-ml-kolonya.jpg?v=20260731-4,"Mad Green Tea 200 ml Kolonya
الكود: Mad Green Tea 200 ml Kolonya
السعر: 30 ILS
عودة للمراسلة: https://wa.me/972524033442?text=%D9%85%D8%B1%D8%AD%D8%A8%D8%A7%D8%8C%20%D8%A3%D8%B1%D9%8A%D8%AF%20%D8%B7%D9%84%D8%A8%20%D8%A7%D9%84%D9%85%D9%86%D8%AA%D8%AC%20Mad%20Green%20Tea%20200%20ml%20Kolonya",https://wa.me/972524033442?text=%D9%85%D8%B1%D8%AD%D8%A8%D8%A7%D8%8C%20%D8%A3%D8%B1%D9%8A%D8%AF%20%D8%B7%D9%84%D8%A8%20%D8%A7%D9%84%D9%85%D9%86%D8%AA%D8%AC%20Mad%20Green%20Tea%20200%20ml%20Kolonya,https://madperfume.ps/?app=product.show.466,https://www.mad-parfumeur.com/respondio-catalog/og/ar/p-466-mad-green-tea-200-ml-kolonya.jpg?v=20260731-4,https://madperfume.ps/upload/08-2024/product/66b87164f0d95.png
ar,Mad Lime 200 ml Kolonya,Mad Lime 200 ml Kolonya,عطور الكولونيا,30,https://www.mad-parfumeur.com/respondio-catalog/wa/ar/p-467-mad-lime-200-ml-kolonya.html?v=20260731-4,https://www.mad-parfumeur.com/respondio-catalog/media/ar/p-467-mad-lime-200-ml-kolonya.jpg?v=20260731-4,"Mad Lime 200 ml Kolonya
الكود: Mad Lime 200 ml Kolonya
السعر: 30 ILS
عودة للمراسلة: https://wa.me/972524033442?text=%D9%85%D8%B1%D8%AD%D8%A8%D8%A7%D8%8C%20%D8%A3%D8%B1%D9%8A%D8%AF%20%D8%B7%D9%84%D8%A8%20%D8%A7%D9%84%D9%85%D9%86%D8%AA%D8%AC%20Mad%20Lime%20200%20ml%20Kolonya",https://wa.me/972524033442?text=%D9%85%D8%B1%D8%AD%D8%A8%D8%A7%D8%8C%20%D8%A3%D8%B1%D9%8A%D8%AF%20%D8%B7%D9%84%D8%A8%20%D8%A7%D9%84%D9%85%D9%86%D8%AA%D8%AC%20Mad%20Lime%20200%20ml%20Kolonya,https://madperfume.ps/?app=product.show.467,https://www.mad-parfumeur.com/respondio-catalog/og/ar/p-467-mad-lime-200-ml-kolonya.jpg?v=20260731-4,https://madperfume.ps/upload/08-2024/product/66b8718095f2a.png
ar,Mad Velvet Lavender 200 ml Kolonya,Mad Velvet Lavender 200 ml Kolonya,عطور الكولونيا,30,https://www.mad-parfumeur.com/respondio-catalog/wa/ar/p-468-mad-velvet-lavender-200-ml-kolonya.html?v=20260731-4,https://www.mad-parfumeur.com/respondio-catalog/media/ar/p-468-mad-velvet-lavender-200-ml-kolonya.jpg?v=20260731-4,"Mad Velvet Lavender 200 ml Kolonya
الكود: Mad Velvet Lavender 200 ml Kolonya
السعر: 30 ILS
عودة للمراسلة: https://wa.me/972524033442?text=%D9%85%D8%B1%D8%AD%D8%A8%D8%A7%D8%8C%20%D8%A3%D8%B1%D9%8A%D8%AF%20%D8%B7%D9%84%D8%A8%20%D8%A7%D9%84%D9%85%D9%86%D8%AA%D8%AC%20Mad%20Velvet%20Lavender%20200%20ml%20Kolonya",https://wa.me/972524033442?text=%D9%85%D8%B1%D8%AD%D8%A8%D8%A7%D8%8C%20%D8%A3%D8%B1%D9%8A%D8%AF%20%D8%B7%D9%84%D8%A8%20%D8%A7%D9%84%D9%85%D9%86%D8%AA%D8%AC%20Mad%20Velvet%20Lavender%20200%20ml%20Kolonya,https://madperfume.ps/?app=product.show.468,https://www.mad-parfumeur.com/respondio-catalog/og/ar/p-468-mad-velvet-lavender-200-ml-kolonya.jpg?v=20260731-4,https://madperfume.ps/upload/08-2024/product/66b8719bd68d1.png
ar,Mad Amber 110 ml Kolonya,Mad Amber 110 ml Kolonya,عطور الكولونيا,15,https://www.mad-parfumeur.com/respondio-catalog/wa/ar/p-469-mad-amber-110-ml-kolonya.html?v=20260731-4,https://www.mad-parfumeur.com/respondio-catalog/media/ar/p-469-mad-amber-110-ml-kolonya.jpg?v=20260731-4,"Mad Amber 110 ml Kolonya
الكود: Mad Amber 110 ml Kolonya
السعر: 15 ILS
عودة للمراسلة: https://wa.me/972524033442?text=%D9%85%D8%B1%D8%AD%D8%A8%D8%A7%D8%8C%20%D8%A3%D8%B1%D9%8A%D8%AF%20%D8%B7%D9%84%D8%A8%20%D8%A7%D9%84%D9%85%D9%86%D8%AA%D8%AC%20Mad%20Amber%20110%20ml%20Kolonya",https://wa.me/972524033442?text=%D9%85%D8%B1%D8%AD%D8%A8%D8%A7%D8%8C%20%D8%A3%D8%B1%D9%8A%D8%AF%20%D8%B7%D9%84%D8%A8%20%D8%A7%D9%84%D9%85%D9%86%D8%AA%D8%AC%20Mad%20Amber%20110%20ml%20Kolonya,https://madperfume.ps/?app=product.show.469,https://www.mad-parfumeur.com/respondio-catalog/og/ar/p-469-mad-amber-110-ml-kolonya.jpg?v=20260731-4,https://madperfume.ps/upload/08-2024/product/66b8726e43a9a.png
ar,Mad Dream Bouquet 110 ml Kolonya,Mad Dream Bouquet 110 ml Kolonya,عطور الكولونيا,15,https://www.mad-parfumeur.com/respondio-catalog/wa/ar/p-470-mad-dream-bouquet-110-ml-kolonya.html?v=20260731-4,https://www.mad-parfumeur.com/respondio-catalog/media/ar/p-470-mad-dream-bouquet-110-ml-kolonya.jpg?v=20260731-4,"Mad Dream Bouquet 110 ml Kolonya
الكود: Mad Dream Bouquet 110 ml Kolonya
السعر: 15 ILS
عودة للمراسلة: https://wa.me/972524033442?text=%D9%85%D8%B1%D8%AD%D8%A8%D8%A7%D8%8C%20%D8%A3%D8%B1%D9%8A%D8%AF%20%D8%B7%D9%84%D8%A8%20%D8%A7%D9%84%D9%85%D9%86%D8%AA%D8%AC%20Mad%20Dream%20Bouquet%20110%20ml%20Kolonya",https://wa.me/972524033442?text=%D9%85%D8%B1%D8%AD%D8%A8%D8%A7%D8%8C%20%D8%A3%D8%B1%D9%8A%D8%AF%20%D8%B7%D9%84%D8%A8%20%D8%A7%D9%84%D9%85%D9%86%D8%AA%D8%AC%20Mad%20Dream%20Bouquet%20110%20ml%20Kolonya,https://madperfume.ps/?app=product.show.470,https://www.mad-parfumeur.com/respondio-catalog/og/ar/p-470-mad-dream-bouquet-110-ml-kolonya.jpg?v=20260731-4,https://madperfume.ps/upload/08-2024/product/66b872a3a6ed3.png
ar,Mad Japanese Cherry Blossom 110 ml Kolonya,Mad Japanese Cherry Blossom 110 ml Kolonya,عطور الكولونيا,15,https://www.mad-parfumeur.com/respondio-catalog/wa/ar/p-471-mad-japanese-cherry-blossom-110-ml-kolonya.html?v=20260731-4,https://www.mad-parfumeur.com/respondio-catalog/media/ar/p-471-mad-japanese-cherry-blossom-110-ml-kolonya.jpg?v=20260731-4,"Mad Japanese Cherry Blossom 110 ml Kolonya
الكود: Mad Japanese Cherry Blossom 110 ml Kolonya
السعر: 15 ILS
عودة للمراسلة: https://wa.me/972524033442?text=%D9%85%D8%B1%D8%AD%D8%A8%D8%A7%D8%8C%20%D8%A3%D8%B1%D9%8A%D8%AF%20%D8%B7%D9%84%D8%A8%20%D8%A7%D9%84%D9%85%D9%86%D8%AA%D8%AC%20Mad%20Japanese%20Cherry%20Blossom%20110%20ml%20Kolonya",https://wa.me/972524033442?text=%D9%85%D8%B1%D8%AD%D8%A8%D8%A7%D8%8C%20%D8%A3%D8%B1%D9%8A%D8%AF%20%D8%B7%D9%84%D8%A8%20%D8%A7%D9%84%D9%85%D9%86%D8%AA%D8%AC%20Mad%20Japanese%20Cherry%20Blossom%20110%20ml%20Kolonya,https://madperfume.ps/?app=product.show.471,https://www.mad-parfumeur.com/respondio-catalog/og/ar/p-471-mad-japanese-cherry-blossom-110-ml-kolonya.jpg?v=20260731-4,https://madperfume.ps/upload/08-2024/product/66b872d239cc9.png
ar,Mad Mimosa 110 ml Kolonya,Mad Mimosa 110 ml Kolonya,عطور الكولونيا,15,https://www.mad-parfumeur.com/respondio-catalog/wa/ar/p-472-mad-mimosa-110-ml-kolonya.html?v=20260731-4,https://www.mad-parfumeur.com/respondio-catalog/media/ar/p-472-mad-mimosa-110-ml-kolonya.jpg?v=20260731-4,"Mad Mimosa 110 ml Kolonya
الكود: Mad Mimosa 110 ml Kolonya
السعر: 15 ILS
عودة للمراسلة: https://wa.me/972524033442?text=%D9%85%D8%B1%D8%AD%D8%A8%D8%A7%D8%8C%20%D8%A3%D8%B1%D9%8A%D8%AF%20%D8%B7%D9%84%D8%A8%20%D8%A7%D9%84%D9%85%D9%86%D8%AA%D8%AC%20Mad%20Mimosa%20110%20ml%20Kolonya",https://wa.me/972524033442?text=%D9%85%D8%B1%D8%AD%D8%A8%D8%A7%D8%8C%20%D8%A3%D8%B1%D9%8A%D8%AF%20%D8%B7%D9%84%D8%A8%20%D8%A7%D9%84%D9%85%D9%86%D8%AA%D8%AC%20Mad%20Mimosa%20110%20ml%20Kolonya,https://madperfume.ps/?app=product.show.472,https://www.mad-parfumeur.com/respondio-catalog/og/ar/p-472-mad-mimosa-110-ml-kolonya.jpg?v=20260731-4,https://madperfume.ps/upload/08-2024/product/66b872fd367a3.png
ar,Mad Green Tea 110 ml Kolonya,Mad Green Tea 110 ml Kolonya,عطور الكولونيا,15,https://www.mad-parfumeur.com/respondio-catalog/wa/ar/p-473-mad-green-tea-110-ml-kolonya.html?v=20260731-4,https://www.mad-parfumeur.com/respondio-catalog/media/ar/p-473-mad-green-tea-110-ml-kolonya.jpg?v=20260731-4,"Mad Green Tea 110 ml Kolonya
الكود: Mad Green Tea 110 ml Kolonya
السعر: 15 ILS
عودة للمراسلة: https://wa.me/972524033442?text=%D9%85%D8%B1%D8%AD%D8%A8%D8%A7%D8%8C%20%D8%A3%D8%B1%D9%8A%D8%AF%20%D8%B7%D9%84%D8%A8%20%D8%A7%D9%84%D9%85%D9%86%D8%AA%D8%AC%20Mad%20Green%20Tea%20110%20ml%20Kolonya",https://wa.me/972524033442?text=%D9%85%D8%B1%D8%AD%D8%A8%D8%A7%D8%8C%20%D8%A3%D8%B1%D9%8A%D8%AF%20%D8%B7%D9%84%D8%A8%20%D8%A7%D9%84%D9%85%D9%86%D8%AA%D8%AC%20Mad%20Green%20Tea%20110%20ml%20Kolonya,https://madperfume.ps/?app=product.show.473,https://www.mad-parfumeur.com/respondio-catalog/og/ar/p-473-mad-green-tea-110-ml-kolonya.jpg?v=20260731-4,https://madperfume.ps/upload/08-2024/product/66b873278e2d4.png
ar,Mad Fig Desert 110 ml Kolonya,Mad Fig Desert 110 ml Kolonya,عطور الكولونيا,15,https://www.mad-parfumeur.com/respondio-catalog/wa/ar/p-474-mad-fig-desert-110-ml-kolonya.html?v=20260731-4,https://www.mad-parfumeur.com/respondio-catalog/media/ar/p-474-mad-fig-desert-110-ml-kolonya.jpg?v=20260731-4,"Mad Fig Desert 110 ml Kolonya
الكود: Mad Fig Desert 110 ml Kolonya
السعر: 15 ILS
عودة للمراسلة: https://wa.me/972524033442?text=%D9%85%D8%B1%D8%AD%D8%A8%D8%A7%D8%8C%20%D8%A3%D8%B1%D9%8A%D8%AF%20%D8%B7%D9%84%D8%A8%20%D8%A7%D9%84%D9%85%D9%86%D8%AA%D8%AC%20Mad%20Fig%20Desert%20110%20ml%20Kolonya",https://wa.me/972524033442?text=%D9%85%D8%B1%D8%AD%D8%A8%D8%A7%D8%8C%20%D8%A3%D8%B1%D9%8A%D8%AF%20%D8%B7%D9%84%D8%A8%20%D8%A7%D9%84%D9%85%D9%86%D8%AA%D8%AC%20Mad%20Fig%20Desert%20110%20ml%20Kolonya,https://madperfume.ps/?app=product.show.474,https://www.mad-parfumeur.com/respondio-catalog/og/ar/p-474-mad-fig-desert-110-ml-kolonya.jpg?v=20260731-4,https://madperfume.ps/upload/08-2024/product/66b8737a3500c.png
ar,Mad Aqua Di Blue 110 ml Kolonya,Mad Aqua Di Blue 110 ml Kolonya,عطور الكولونيا,15,https://www.mad-parfumeur.com/respondio-catalog/wa/ar/p-475-mad-aqua-di-blue-110-ml-kolonya.html?v=20260731-4,https://www.mad-parfumeur.com/respondio-catalog/media/ar/p-475-mad-aqua-di-blue-110-ml-kolonya.jpg?v=20260731-4,"Mad Aqua Di Blue 110 ml Kolonya
الكود: Mad Aqua Di Blue 110 ml Kolonya
السعر: 15 ILS
عودة للمراسلة: https://wa.me/972524033442?text=%D9%85%D8%B1%D8%AD%D8%A8%D8%A7%D8%8C%20%D8%A3%D8%B1%D9%8A%D8%AF%20%D8%B7%D9%84%D8%A8%20%D8%A7%D9%84%D9%85%D9%86%D8%AA%D8%AC%20Mad%20Aqua%20Di%20Blue%20110%20ml%20Kolonya",https://wa.me/972524033442?text=%D9%85%D8%B1%D8%AD%D8%A8%D8%A7%D8%8C%20%D8%A3%D8%B1%D9%8A%D8%AF%20%D8%B7%D9%84%D8%A8%20%D8%A7%D9%84%D9%85%D9%86%D8%AA%D8%AC%20Mad%20Aqua%20Di%20Blue%20110%20ml%20Kolonya,https://madperfume.ps/?app=product.show.475,https://www.mad-parfumeur.com/respondio-catalog/og/ar/p-475-mad-aqua-di-blue-110-ml-kolonya.jpg?v=20260731-4,https://madperfume.ps/upload/08-2024/product/66b873a989725.png
ar,Mad Bodrum Tangerine 110 ml Kolonya,Mad Bodrum Tangerine 110 ml Kolonya,عطور الكولونيا,15,https://www.mad-parfumeur.com/respondio-catalog/wa/ar/p-476-mad-bodrum-tangerine-110-ml-kolonya.html?v=20260731-4,https://www.mad-parfumeur.com/respondio-catalog/media/ar/p-476-mad-bodrum-tangerine-110-ml-kolonya.jpg?v=20260731-4,"Mad Bodrum Tangerine 110 ml Kolonya
الكود: Mad Bodrum Tangerine 110 ml Kolonya
السعر: 15 ILS
عودة للمراسلة: https://wa.me/972524033442?text=%D9%85%D8%B1%D8%AD%D8%A8%D8%A7%D8%8C%20%D8%A3%D8%B1%D9%8A%D8%AF%20%D8%B7%D9%84%D8%A8%20%D8%A7%D9%84%D9%85%D9%86%D8%AA%D8%AC%20Mad%20Bodrum%20Tangerine%20110%20ml%20Kolonya",https://wa.me/972524033442?text=%D9%85%D8%B1%D8%AD%D8%A8%D8%A7%D8%8C%20%D8%A3%D8%B1%D9%8A%D8%AF%20%D8%B7%D9%84%D8%A8%20%D8%A7%D9%84%D9%85%D9%86%D8%AA%D8%AC%20Mad%20Bodrum%20Tangerine%20110%20ml%20Kolonya,https://madperfume.ps/?app=product.show.476,https://www.mad-parfumeur.com/respondio-catalog/og/ar/p-476-mad-bodrum-tangerine-110-ml-kolonya.jpg?v=20260731-4,https://madperfume.ps/upload/08-2024/product/66b873cc3fcf2.png
ar,Mad Lime 110 ml Kolonya,Mad Lime 110 ml Kolonya,عطور الكولونيا,15,https://www.mad-parfumeur.com/respondio-catalog/wa/ar/p-477-mad-lime-110-ml-kolonya.html?v=20260731-4,https://www.mad-parfumeur.com/respondio-catalog/media/ar/p-477-mad-lime-110-ml-kolonya.jpg?v=20260731-4,"Mad Lime 110 ml Kolonya
الكود: Mad Lime 110 ml Kolonya
السعر: 15 ILS
عودة للمراسلة: https://wa.me/972524033442?text=%D9%85%D8%B1%D8%AD%D8%A8%D8%A7%D8%8C%20%D8%A3%D8%B1%D9%8A%D8%AF%20%D8%B7%D9%84%D8%A8%20%D8%A7%D9%84%D9%85%D9%86%D8%AA%D8%AC%20Mad%20Lime%20110%20ml%20Kolonya",https://wa.me/972524033442?text=%D9%85%D8%B1%D8%AD%D8%A8%D8%A7%D8%8C%20%D8%A3%D8%B1%D9%8A%D8%AF%20%D8%B7%D9%84%D8%A8%20%D8%A7%D9%84%D9%85%D9%86%D8%AA%D8%AC%20Mad%20Lime%20110%20ml%20Kolonya,https://madperfume.ps/?app=product.show.477,https://www.mad-parfumeur.com/respondio-catalog/og/ar/p-477-mad-lime-110-ml-kolonya.jpg?v=20260731-4,https://madperfume.ps/upload/08-2024/product/66b873f4f2b5e.png
ar,Mad Classic Lemon 110 ml Kolonya,Mad Classic Lemon 110 ml Kolonya,عطور الكولونيا,15,https://www.mad-parfumeur.com/respondio-catalog/wa/ar/p-478-mad-classic-lemon-110-ml-kolonya.html?v=20260731-4,https://www.mad-parfumeur.com/respondio-catalog/media/ar/p-478-mad-classic-lemon-110-ml-kolonya.jpg?v=20260731-4,"Mad Classic Lemon 110 ml Kolonya
الكود: Mad Classic Lemon 110 ml Kolonya
السعر: 15 ILS
عودة للمراسلة: https://wa.me/972524033442?text=%D9%85%D8%B1%D8%AD%D8%A8%D8%A7%D8%8C%20%D8%A3%D8%B1%D9%8A%D8%AF%20%D8%B7%D9%84%D8%A8%20%D8%A7%D9%84%D9%85%D9%86%D8%AA%D8%AC%20Mad%20Classic%20Lemon%20110%20ml%20Kolonya",https://wa.me/972524033442?text=%D9%85%D8%B1%D8%AD%D8%A8%D8%A7%D8%8C%20%D8%A3%D8%B1%D9%8A%D8%AF%20%D8%B7%D9%84%D8%A8%20%D8%A7%D9%84%D9%85%D9%86%D8%AA%D8%AC%20Mad%20Classic%20Lemon%20110%20ml%20Kolonya,https://madperfume.ps/?app=product.show.478,https://www.mad-parfumeur.com/respondio-catalog/og/ar/p-478-mad-classic-lemon-110-ml-kolonya.jpg?v=20260731-4,https://madperfume.ps/upload/08-2024/product/66b874c38ae3a.png
ar,Mad Ice 110 ml Kolonya,Mad Ice 110 ml Kolonya,عطور الكولونيا,15,https://www.mad-parfumeur.com/respondio-catalog/wa/ar/p-479-mad-ice-110-ml-kolonya.html?v=20260731-4,https://www.mad-parfumeur.com/respondio-catalog/media/ar/p-479-mad-ice-110-ml-kolonya.jpg?v=20260731-4,"Mad Ice 110 ml Kolonya
الكود: Mad Ice 110 ml Kolonya
السعر: 15 ILS
عودة للمراسلة: https://wa.me/972524033442?text=%D9%85%D8%B1%D8%AD%D8%A8%D8%A7%D8%8C%20%D8%A3%D8%B1%D9%8A%D8%AF%20%D8%B7%D9%84%D8%A8%20%D8%A7%D9%84%D9%85%D9%86%D8%AA%D8%AC%20Mad%20Ice%20110%20ml%20Kolonya",https://wa.me/972524033442?text=%D9%85%D8%B1%D8%AD%D8%A8%D8%A7%D8%8C%20%D8%A3%D8%B1%D9%8A%D8%AF%20%D8%B7%D9%84%D8%A8%20%D8%A7%D9%84%D9%85%D9%86%D8%AA%D8%AC%20Mad%20Ice%20110%20ml%20Kolonya,https://madperfume.ps/?app=product.show.479,https://www.mad-parfumeur.com/respondio-catalog/og/ar/p-479-mad-ice-110-ml-kolonya.jpg?v=20260731-4,https://madperfume.ps/upload/08-2024/product/66b8744cbb37a.png
ar,W183 W191 T105 T109 Q113,tom ford neroli -sauvage -creed -fucking fabulous -tomas 4,الحملات والعروض الرجاليه,500,https://www.mad-parfumeur.com/respondio-catalog/wa/ar/p-487-w183-w191-t105-t109-q113.html?v=20260731-4,https://www.mad-parfumeur.com/respondio-catalog/media/ar/p-487-w183-w191-t105-t109-q113.jpg?v=20260731-4,"tom ford neroli -sauvage -creed -fucking fabulous -tomas 4
الكود: W183 W191 T105 T109 Q113
السعر: 500 ILS
عودة للمراسلة: https://wa.me/972524033442?text=%D9%85%D8%B1%D8%AD%D8%A8%D8%A7%D8%8C%20%D8%A3%D8%B1%D9%8A%D8%AF%20%D8%B7%D9%84%D8%A8%20%D8%A7%D9%84%D9%85%D9%86%D8%AA%D8%AC%20W183%20W191%20T105%20T109%20Q113",https://wa.me/972524033442?text=%D9%85%D8%B1%D8%AD%D8%A8%D8%A7%D8%8C%20%D8%A3%D8%B1%D9%8A%D8%AF%20%D8%B7%D9%84%D8%A8%20%D8%A7%D9%84%D9%85%D9%86%D8%AA%D8%AC%20W183%20W191%20T105%20T109%20Q113,https://madperfume.ps/?app=product.show.487,https://www.mad-parfumeur.com/respondio-catalog/og/ar/p-487-w183-w191-t105-t109-q113.jpg?v=20260731-4,https://madperfume.ps/upload/08-2024/product/66c3331250f0e.jpg
ar,ماد كوكونت شاين 250 مل معطر للجسم,ماد كوكونت شاين 250 مل معطر للجسم,عطور الجسم,60,https://www.mad-parfumeur.com/respondio-catalog/wa/ar/p-494-250.html?v=20260731-4,https://www.mad-parfumeur.com/respondio-catalog/media/ar/p-494-250.jpg?v=20260731-4,"ماد كوكونت شاين 250 مل معطر للجسم
الكود: ماد كوكونت شاين 250 مل معطر للجسم
السعر: 60 ILS
عودة للمراسلة: https://wa.me/972524033442?text=%D9%85%D8%B1%D8%AD%D8%A8%D8%A7%D8%8C%20%D8%A3%D8%B1%D9%8A%D8%AF%20%D8%B7%D9%84%D8%A8%20%D8%A7%D9%84%D9%85%D9%86%D8%AA%D8%AC%20%D9%85%D8%A7%D8%AF%20%D9%83%D9%88%D9%83%D9%88%D9%86%D8%AA%20%D8%B4%D8%A7%D9%8A%D9%86%20250%20%D9%85%D9%84%20%D9%85%D8%B9%D8%B7%D8%B1%20%D9%84%D9%84%D8%AC%D8%B3%D9%85",https://wa.me/972524033442?text=%D9%85%D8%B1%D8%AD%D8%A8%D8%A7%D8%8C%20%D8%A3%D8%B1%D9%8A%D8%AF%20%D8%B7%D9%84%D8%A8%20%D8%A7%D9%84%D9%85%D9%86%D8%AA%D8%AC%20%D9%85%D8%A7%D8%AF%20%D9%83%D9%88%D9%83%D9%88%D9%86%D8%AA%20%D8%B4%D8%A7%D9%8A%D9%86%20250%20%D9%85%D9%84%20%D9%85%D8%B9%D8%B7%D8%B1%20%D9%84%D9%84%D8%AC%D8%B3%D9%85,https://madperfume.ps/?app=product.show.494,https://www.mad-parfumeur.com/respondio-catalog/og/ar/p-494-250.jpg?v=20260731-4,https://madperfume.ps/upload/09-2024/product/66e69606eed0a.png
ar,معطر الجسم ماد ميستيك سمر 250 مل,معطر الجسم ماد ميستيك سمر 250 مل,عطور الجسم,60,https://www.mad-parfumeur.com/respondio-catalog/wa/ar/p-495-250.html?v=20260731-4,https://www.mad-parfumeur.com/respondio-catalog/media/ar/p-495-250.jpg?v=20260731-4,"معطر الجسم ماد ميستيك سمر 250 مل
الكود: معطر الجسم ماد ميستيك سمر 250 مل
السعر: 60 ILS
عودة للمراسلة: https://wa.me/972524033442?text=%D9%85%D8%B1%D8%AD%D8%A8%D8%A7%D8%8C%20%D8%A3%D8%B1%D9%8A%D8%AF%20%D8%B7%D9%84%D8%A8%20%D8%A7%D9%84%D9%85%D9%86%D8%AA%D8%AC%20%D9%85%D8%B9%D8%B7%D8%B1%20%D8%A7%D9%84%D8%AC%D8%B3%D9%85%20%D9%85%D8%A7%D8%AF%20%D9%85%D9%8A%D8%B3%D8%AA%D9%8A%D9%83%20%D8%B3%D9%85%D8%B1%20250%20%D9%85%D9%84",https://wa.me/972524033442?text=%D9%85%D8%B1%D8%AD%D8%A8%D8%A7%D8%8C%20%D8%A3%D8%B1%D9%8A%D8%AF%20%D8%B7%D9%84%D8%A8%20%D8%A7%D9%84%D9%85%D9%86%D8%AA%D8%AC%20%D9%85%D8%B9%D8%B7%D8%B1%20%D8%A7%D9%84%D8%AC%D8%B3%D9%85%20%D9%85%D8%A7%D8%AF%20%D9%85%D9%8A%D8%B3%D8%AA%D9%8A%D9%83%20%D8%B3%D9%85%D8%B1%20250%20%D9%85%D9%84,https://madperfume.ps/?app=product.show.495,https://www.mad-parfumeur.com/respondio-catalog/og/ar/p-495-250.jpg?v=20260731-4,https://madperfume.ps/upload/09-2024/product/66e6a2a94e5d1.png
ar,معطر الجسم ماد داي دريم 250 مل,معطر الجسم ماد داي دريم 250 مل,عطور الجسم,60,https://www.mad-parfumeur.com/respondio-catalog/wa/ar/p-496-250.html?v=20260731-4,https://www.mad-parfumeur.com/respondio-catalog/media/ar/p-496-250.jpg?v=20260731-4,"معطر الجسم ماد داي دريم 250 مل
الكود: معطر الجسم ماد داي دريم 250 مل
السعر: 60 ILS
عودة للمراسلة: https://wa.me/972524033442?text=%D9%85%D8%B1%D8%AD%D8%A8%D8%A7%D8%8C%20%D8%A3%D8%B1%D9%8A%D8%AF%20%D8%B7%D9%84%D8%A8%20%D8%A7%D9%84%D9%85%D9%86%D8%AA%D8%AC%20%D9%85%D8%B9%D8%B7%D8%B1%20%D8%A7%D9%84%D8%AC%D8%B3%D9%85%20%D9%85%D8%A7%D8%AF%20%D8%AF%D8%A7%D9%8A%20%D8%AF%D8%B1%D9%8A%D9%85%20250%20%D9%85%D9%84",https://wa.me/972524033442?text=%D9%85%D8%B1%D8%AD%D8%A8%D8%A7%D8%8C%20%D8%A3%D8%B1%D9%8A%D8%AF%20%D8%B7%D9%84%D8%A8%20%D8%A7%D9%84%D9%85%D9%86%D8%AA%D8%AC%20%D9%85%D8%B9%D8%B7%D8%B1%20%D8%A7%D9%84%D8%AC%D8%B3%D9%85%20%D9%85%D8%A7%D8%AF%20%D8%AF%D8%A7%D9%8A%20%D8%AF%D8%B1%D9%8A%D9%85%20250%20%D9%85%D9%84,https://madperfume.ps/?app=product.show.496,https://www.mad-parfumeur.com/respondio-catalog/og/ar/p-496-250.jpg?v=20260731-4,https://madperfume.ps/upload/09-2024/product/66e6a3ce0b411.png
ar,معطر الجسم ماد سي ميست 250 مل,معطر الجسم ماد سي ميست 250 مل,عطور الجسم,60,https://www.mad-parfumeur.com/respondio-catalog/wa/ar/p-497-250.html?v=20260731-4,https://www.mad-parfumeur.com/respondio-catalog/media/ar/p-497-250.jpg?v=20260731-4,"معطر الجسم ماد سي ميست 250 مل
الكود: معطر الجسم ماد سي ميست 250 مل
السعر: 60 ILS
عودة للمراسلة: https://wa.me/972524033442?text=%D9%85%D8%B1%D8%AD%D8%A8%D8%A7%D8%8C%20%D8%A3%D8%B1%D9%8A%D8%AF%20%D8%B7%D9%84%D8%A8%20%D8%A7%D9%84%D9%85%D9%86%D8%AA%D8%AC%20%D9%85%D8%B9%D8%B7%D8%B1%20%D8%A7%D9%84%D8%AC%D8%B3%D9%85%20%D9%85%D8%A7%D8%AF%20%D8%B3%D9%8A%20%D9%85%D9%8A%D8%B3%D8%AA%20250%20%D9%85%D9%84",https://wa.me/972524033442?text=%D9%85%D8%B1%D8%AD%D8%A8%D8%A7%D8%8C%20%D8%A3%D8%B1%D9%8A%D8%AF%20%D8%B7%D9%84%D8%A8%20%D8%A7%D9%84%D9%85%D9%86%D8%AA%D8%AC%20%D9%85%D8%B9%D8%B7%D8%B1%20%D8%A7%D9%84%D8%AC%D8%B3%D9%85%20%D9%85%D8%A7%D8%AF%20%D8%B3%D9%8A%20%D9%85%D9%8A%D8%B3%D8%AA%20250%20%D9%85%D9%84,https://madperfume.ps/?app=product.show.497,https://www.mad-parfumeur.com/respondio-catalog/og/ar/p-497-250.jpg?v=20260731-4,https://madperfume.ps/upload/09-2024/product/66e6a5029fc32.png
ar,ماد فانيلا سكاي 250 مل معطر للجسم,ماد فانيلا سكاي 250 مل معطر للجسم,عطور الجسم,60,https://www.mad-parfumeur.com/respondio-catalog/wa/ar/p-498-250.html?v=20260731-4,https://www.mad-parfumeur.com/respondio-catalog/media/ar/p-498-250.jpg?v=20260731-4,"ماد فانيلا سكاي 250 مل معطر للجسم
الكود: ماد فانيلا سكاي 250 مل معطر للجسم
السعر: 60 ILS
عودة للمراسلة: https://wa.me/972524033442?text=%D9%85%D8%B1%D8%AD%D8%A8%D8%A7%D8%8C%20%D8%A3%D8%B1%D9%8A%D8%AF%20%D8%B7%D9%84%D8%A8%20%D8%A7%D9%84%D9%85%D9%86%D8%AA%D8%AC%20%D9%85%D8%A7%D8%AF%20%D9%81%D8%A7%D9%86%D9%8A%D9%84%D8%A7%20%D8%B3%D9%83%D8%A7%D9%8A%20250%20%D9%85%D9%84%20%D9%85%D8%B9%D8%B7%D8%B1%20%D9%84%D9%84%D8%AC%D8%B3%D9%85",https://wa.me/972524033442?text=%D9%85%D8%B1%D8%AD%D8%A8%D8%A7%D8%8C%20%D8%A3%D8%B1%D9%8A%D8%AF%20%D8%B7%D9%84%D8%A8%20%D8%A7%D9%84%D9%85%D9%86%D8%AA%D8%AC%20%D9%85%D8%A7%D8%AF%20%D9%81%D8%A7%D9%86%D9%8A%D9%84%D8%A7%20%D8%B3%D9%83%D8%A7%D9%8A%20250%20%D9%85%D9%84%20%D9%85%D8%B9%D8%B7%D8%B1%20%D9%84%D9%84%D8%AC%D8%B3%D9%85,https://madperfume.ps/?app=product.show.498,https://www.mad-parfumeur.com/respondio-catalog/og/ar/p-498-250.jpg?v=20260731-4,https://madperfume.ps/upload/09-2024/product/66e6a550c2789.png
ar,ماد كوكونت شاين 250 مل معطر للجسم,ماد كوكونت شاين 250 مل معطر للجسم,عطور الجسم,60,https://www.mad-parfumeur.com/respondio-catalog/wa/ar/p-499-250.html?v=20260731-4,https://www.mad-parfumeur.com/respondio-catalog/media/ar/p-499-250.jpg?v=20260731-4,"ماد كوكونت شاين 250 مل معطر للجسم
الكود: ماد كوكونت شاين 250 مل معطر للجسم
السعر: 60 ILS
عودة للمراسلة: https://wa.me/972524033442?text=%D9%85%D8%B1%D8%AD%D8%A8%D8%A7%D8%8C%20%D8%A3%D8%B1%D9%8A%D8%AF%20%D8%B7%D9%84%D8%A8%20%D8%A7%D9%84%D9%85%D9%86%D8%AA%D8%AC%20%D9%85%D8%A7%D8%AF%20%D9%83%D9%88%D9%83%D9%88%D9%86%D8%AA%20%D8%B4%D8%A7%D9%8A%D9%86%20250%20%D9%85%D9%84%20%D9%85%D8%B9%D8%B7%D8%B1%20%D9%84%D9%84%D8%AC%D8%B3%D9%85",https://wa.me/972524033442?text=%D9%85%D8%B1%D8%AD%D8%A8%D8%A7%D8%8C%20%D8%A3%D8%B1%D9%8A%D8%AF%20%D8%B7%D9%84%D8%A8%20%D8%A7%D9%84%D9%85%D9%86%D8%AA%D8%AC%20%D9%85%D8%A7%D8%AF%20%D9%83%D9%88%D9%83%D9%88%D9%86%D8%AA%20%D8%B4%D8%A7%D9%8A%D9%86%20250%20%D9%85%D9%84%20%D9%85%D8%B9%D8%B7%D8%B1%20%D9%84%D9%84%D8%AC%D8%B3%D9%85,https://madperfume.ps/?app=product.show.499,https://www.mad-parfumeur.com/respondio-catalog/og/ar/p-499-250.jpg?v=20260731-4,https://madperfume.ps/upload/09-2024/product/66e6a5ca2b4f3.png
ar,ماد تشارم 250 مل معطر للجسم,ماد تشارم 250 مل معطر للجسم,عطور الجسم,60,https://www.mad-parfumeur.com/respondio-catalog/wa/ar/p-500-250.html?v=20260731-4,https://www.mad-parfumeur.com/respondio-catalog/media/ar/p-500-250.jpg?v=20260731-4,"ماد تشارم 250 مل معطر للجسم
الكود: ماد تشارم 250 مل معطر للجسم
السعر: 60 ILS
عودة للمراسلة: https://wa.me/972524033442?text=%D9%85%D8%B1%D8%AD%D8%A8%D8%A7%D8%8C%20%D8%A3%D8%B1%D9%8A%D8%AF%20%D8%B7%D9%84%D8%A8%20%D8%A7%D9%84%D9%85%D9%86%D8%AA%D8%AC%20%D9%85%D8%A7%D8%AF%20%D8%AA%D8%B4%D8%A7%D8%B1%D9%85%20250%20%D9%85%D9%84%20%D9%85%D8%B9%D8%B7%D8%B1%20%D9%84%D9%84%D8%AC%D8%B3%D9%85",https://wa.me/972524033442?text=%D9%85%D8%B1%D8%AD%D8%A8%D8%A7%D8%8C%20%D8%A3%D8%B1%D9%8A%D8%AF%20%D8%B7%D9%84%D8%A8%20%D8%A7%D9%84%D9%85%D9%86%D8%AA%D8%AC%20%D9%85%D8%A7%D8%AF%20%D8%AA%D8%B4%D8%A7%D8%B1%D9%85%20250%20%D9%85%D9%84%20%D9%85%D8%B9%D8%B7%D8%B1%20%D9%84%D9%84%D8%AC%D8%B3%D9%85,https://madperfume.ps/?app=product.show.500,https://www.mad-parfumeur.com/respondio-catalog/og/ar/p-500-250.jpg?v=20260731-4,https://madperfume.ps/upload/09-2024/product/66e6a6e97dc76.png
ar,ماد صن كيس 250 مل معطر للجسم,ماد صن كيس 250 مل معطر للجسم,عطور الجسم,60,https://www.mad-parfumeur.com/respondio-catalog/wa/ar/p-501-250.html?v=20260731-4,https://www.mad-parfumeur.com/respondio-catalog/media/ar/p-501-250.jpg?v=20260731-4,"ماد صن كيس 250 مل معطر للجسم
الكود: ماد صن كيس 250 مل معطر للجسم
السعر: 60 ILS
عودة للمراسلة: https://wa.me/972524033442?text=%D9%85%D8%B1%D8%AD%D8%A8%D8%A7%D8%8C%20%D8%A3%D8%B1%D9%8A%D8%AF%20%D8%B7%D9%84%D8%A8%20%D8%A7%D9%84%D9%85%D9%86%D8%AA%D8%AC%20%D9%85%D8%A7%D8%AF%20%D8%B5%D9%86%20%D9%83%D9%8A%D8%B3%20250%20%D9%85%D9%84%20%D9%85%D8%B9%D8%B7%D8%B1%20%D9%84%D9%84%D8%AC%D8%B3%D9%85",https://wa.me/972524033442?text=%D9%85%D8%B1%D8%AD%D8%A8%D8%A7%D8%8C%20%D8%A3%D8%B1%D9%8A%D8%AF%20%D8%B7%D9%84%D8%A8%20%D8%A7%D9%84%D9%85%D9%86%D8%AA%D8%AC%20%D9%85%D8%A7%D8%AF%20%D8%B5%D9%86%20%D9%83%D9%8A%D8%B3%20250%20%D9%85%D9%84%20%D9%85%D8%B9%D8%B7%D8%B1%20%D9%84%D9%84%D8%AC%D8%B3%D9%85,https://madperfume.ps/?app=product.show.501,https://www.mad-parfumeur.com/respondio-catalog/og/ar/p-501-250.jpg?v=20260731-4,https://madperfume.ps/upload/09-2024/product/66e6a734aa10a.png
ar,p107 W203 H103,p107 W203 H103,الحملات والعروض الرجاليه,300,https://www.mad-parfumeur.com/respondio-catalog/wa/ar/p-504-p107-w203-h103.html?v=20260731-4,https://www.mad-parfumeur.com/respondio-catalog/media/ar/p-504-p107-w203-h103.jpg?v=20260731-4,"p107 W203 H103
الكود: p107 W203 H103
السعر: 300 ILS
عودة للمراسلة: https://wa.me/972524033442?text=%D9%85%D8%B1%D8%AD%D8%A8%D8%A7%D8%8C%20%D8%A3%D8%B1%D9%8A%D8%AF%20%D8%B7%D9%84%D8%A8%20%D8%A7%D9%84%D9%85%D9%86%D8%AA%D8%AC%20p107%20W203%20H103",https://wa.me/972524033442?text=%D9%85%D8%B1%D8%AD%D8%A8%D8%A7%D8%8C%20%D8%A3%D8%B1%D9%8A%D8%AF%20%D8%B7%D9%84%D8%A8%20%D8%A7%D9%84%D9%85%D9%86%D8%AA%D8%AC%20p107%20W203%20H103,https://madperfume.ps/?app=product.show.504,https://www.mad-parfumeur.com/respondio-catalog/og/ar/p-504-p107-w203-h103.jpg?v=20260731-4,https://madperfume.ps/upload/09-2024/product/66ea9c2feb04a.jpg
ar,SIVI SABUN MAD VELVET LAVENDER 250ml,SIVI SABUN MAD VELVET LAVENDER 250ml,صابون,20,https://www.mad-parfumeur.com/respondio-catalog/wa/ar/p-505-sivi-sabun-mad-velvet-lavender-250ml.html?v=20260731-4,https://www.mad-parfumeur.com/respondio-catalog/media/ar/p-505-sivi-sabun-mad-velvet-lavender-250ml.jpg?v=20260731-4,"SIVI SABUN MAD VELVET LAVENDER 250ml
الكود: SIVI SABUN MAD VELVET LAVENDER 250ml
السعر: 20 ILS
عودة للمراسلة: https://wa.me/972524033442?text=%D9%85%D8%B1%D8%AD%D8%A8%D8%A7%D8%8C%20%D8%A3%D8%B1%D9%8A%D8%AF%20%D8%B7%D9%84%D8%A8%20%D8%A7%D9%84%D9%85%D9%86%D8%AA%D8%AC%20SIVI%20SABUN%20MAD%20VELVET%20LAVENDER%20250ml",https://wa.me/972524033442?text=%D9%85%D8%B1%D8%AD%D8%A8%D8%A7%D8%8C%20%D8%A3%D8%B1%D9%8A%D8%AF%20%D8%B7%D9%84%D8%A8%20%D8%A7%D9%84%D9%85%D9%86%D8%AA%D8%AC%20SIVI%20SABUN%20MAD%20VELVET%20LAVENDER%20250ml,https://madperfume.ps/?app=product.show.505,https://www.mad-parfumeur.com/respondio-catalog/og/ar/p-505-sivi-sabun-mad-velvet-lavender-250ml.jpg?v=20260731-4,https://madperfume.ps/upload/10-2024/product/670f81a251619.jpg
ar,Sify Soap Mad Ice 250ml,Sify Soap Mad Ice 250ml,صابون,20,https://www.mad-parfumeur.com/respondio-catalog/wa/ar/p-506-sify-soap-mad-ice-250ml.html?v=20260731-4,https://www.mad-parfumeur.com/respondio-catalog/media/ar/p-506-sify-soap-mad-ice-250ml.jpg?v=20260731-4,"Sify Soap Mad Ice 250ml
الكود: Sify Soap Mad Ice 250ml
السعر: 20 ILS
عودة للمراسلة: https://wa.me/972524033442?text=%D9%85%D8%B1%D8%AD%D8%A8%D8%A7%D8%8C%20%D8%A3%D8%B1%D9%8A%D8%AF%20%D8%B7%D9%84%D8%A8%20%D8%A7%D9%84%D9%85%D9%86%D8%AA%D8%AC%20Sify%20Soap%20Mad%20Ice%20250ml",https://wa.me/972524033442?text=%D9%85%D8%B1%D8%AD%D8%A8%D8%A7%D8%8C%20%D8%A3%D8%B1%D9%8A%D8%AF%20%D8%B7%D9%84%D8%A8%20%D8%A7%D9%84%D9%85%D9%86%D8%AA%D8%AC%20Sify%20Soap%20Mad%20Ice%20250ml,https://madperfume.ps/?app=product.show.506,https://www.mad-parfumeur.com/respondio-catalog/og/ar/p-506-sify-soap-mad-ice-250ml.jpg?v=20260731-4,https://madperfume.ps/upload/10-2024/product/670f81e8d16d4.jpg
ar,SIVI SABUN MAD JAPANESE CHERRY BLOSSOM 250ml,SIVI SABUN MAD JAPANESE CHERRY BLOSSOM 250ml,صابون,20,https://www.mad-parfumeur.com/respondio-catalog/wa/ar/p-507-sivi-sabun-mad-japanese-cherry-blossom-250ml.html?v=20260731-4,https://www.mad-parfumeur.com/respondio-catalog/media/ar/p-507-sivi-sabun-mad-japanese-cherry-blossom-250ml.jpg?v=20260731-4,"SIVI SABUN MAD JAPANESE CHERRY BLOSSOM 250ml
الكود: SIVI SABUN MAD JAPANESE CHERRY BLOSSOM 250ml
السعر: 20 ILS
عودة للمراسلة: https://wa.me/972524033442?text=%D9%85%D8%B1%D8%AD%D8%A8%D8%A7%D8%8C%20%D8%A3%D8%B1%D9%8A%D8%AF%20%D8%B7%D9%84%D8%A8%20%D8%A7%D9%84%D9%85%D9%86%D8%AA%D8%AC%20SIVI%20SABUN%20MAD%20JAPANESE%20CHERRY%20BLOSSOM%20250ml",https://wa.me/972524033442?text=%D9%85%D8%B1%D8%AD%D8%A8%D8%A7%D8%8C%20%D8%A3%D8%B1%D9%8A%D8%AF%20%D8%B7%D9%84%D8%A8%20%D8%A7%D9%84%D9%85%D9%86%D8%AA%D8%AC%20SIVI%20SABUN%20MAD%20JAPANESE%20CHERRY%20BLOSSOM%20250ml,https://madperfume.ps/?app=product.show.507,https://www.mad-parfumeur.com/respondio-catalog/og/ar/p-507-sivi-sabun-mad-japanese-cherry-blossom-250ml.jpg?v=20260731-4,https://madperfume.ps/upload/10-2024/product/670f820a596b0.jpg
ar,SIVI SABUN MAD AMBER250ml,SIVI SABUN MAD AMBER250ml,صابون,20,https://www.mad-parfumeur.com/respondio-catalog/wa/ar/p-508-sivi-sabun-mad-amber250ml.html?v=20260731-4,https://www.mad-parfumeur.com/respondio-catalog/media/ar/p-508-sivi-sabun-mad-amber250ml.jpg?v=20260731-4,"SIVI SABUN MAD AMBER250ml
الكود: SIVI SABUN MAD AMBER250ml
السعر: 20 ILS
عودة للمراسلة: https://wa.me/972524033442?text=%D9%85%D8%B1%D8%AD%D8%A8%D8%A7%D8%8C%20%D8%A3%D8%B1%D9%8A%D8%AF%20%D8%B7%D9%84%D8%A8%20%D8%A7%D9%84%D9%85%D9%86%D8%AA%D8%AC%20SIVI%20SABUN%20MAD%20AMBER250ml",https://wa.me/972524033442?text=%D9%85%D8%B1%D8%AD%D8%A8%D8%A7%D8%8C%20%D8%A3%D8%B1%D9%8A%D8%AF%20%D8%B7%D9%84%D8%A8%20%D8%A7%D9%84%D9%85%D9%86%D8%AA%D8%AC%20SIVI%20SABUN%20MAD%20AMBER250ml,https://madperfume.ps/?app=product.show.508,https://www.mad-parfumeur.com/respondio-catalog/og/ar/p-508-sivi-sabun-mad-amber250ml.jpg?v=20260731-4,https://madperfume.ps/upload/10-2024/product/670f822727631.jpg
ar,W183 Extra,Aventus - Creed,عطور الرجال,150,https://www.mad-parfumeur.com/respondio-catalog/wa/ar/p-510-w183-extra.html?v=20260731-4,https://www.mad-parfumeur.com/respondio-catalog/media/ar/p-510-w183-extra.jpg?v=20260731-4,"Aventus - Creed
الكود: W183 Extra
السعر: 150 ILS
عودة للمراسلة: https://wa.me/972524033442?text=%D9%85%D8%B1%D8%AD%D8%A8%D8%A7%D8%8C%20%D8%A3%D8%B1%D9%8A%D8%AF%20%D8%B7%D9%84%D8%A8%20%D8%A7%D9%84%D9%85%D9%86%D8%AA%D8%AC%20W183%20Extra",https://wa.me/972524033442?text=%D9%85%D8%B1%D8%AD%D8%A8%D8%A7%D8%8C%20%D8%A3%D8%B1%D9%8A%D8%AF%20%D8%B7%D9%84%D8%A8%20%D8%A7%D9%84%D9%85%D9%86%D8%AA%D8%AC%20W183%20Extra,https://madperfume.ps/?app=product.show.510,https://www.mad-parfumeur.com/respondio-catalog/og/ar/p-510-w183-extra.jpg?v=20260731-4,https://madperfume.ps/upload/06-2025/product/6.png
ar,L103 EXTRA,Imagination - Louis Vuitton,عطور الرجال,150,https://www.mad-parfumeur.com/respondio-catalog/wa/ar/p-511-l103-extra.html?v=20260731-4,https://www.mad-parfumeur.com/respondio-catalog/media/ar/p-511-l103-extra.jpg?v=20260731-4,"Imagination - Louis Vuitton
الكود: L103 EXTRA
السعر: 150 ILS
عودة للمراسلة: https://wa.me/972524033442?text=%D9%85%D8%B1%D8%AD%D8%A8%D8%A7%D8%8C%20%D8%A3%D8%B1%D9%8A%D8%AF%20%D8%B7%D9%84%D8%A8%20%D8%A7%D9%84%D9%85%D9%86%D8%AA%D8%AC%20L103%20EXTRA",https://wa.me/972524033442?text=%D9%85%D8%B1%D8%AD%D8%A8%D8%A7%D8%8C%20%D8%A3%D8%B1%D9%8A%D8%AF%20%D8%B7%D9%84%D8%A8%20%D8%A7%D9%84%D9%85%D9%86%D8%AA%D8%AC%20L103%20EXTRA,https://madperfume.ps/?app=product.show.511,https://www.mad-parfumeur.com/respondio-catalog/og/ar/p-511-l103-extra.jpg?v=20260731-4,https://madperfume.ps/upload/06-2025/product/5.png
ar,T109 EXTRA,Après l’Amour - Thomas Kosmala,عطور الرجال,150,https://www.mad-parfumeur.com/respondio-catalog/wa/ar/p-512-t109-extra.html?v=20260731-4,https://www.mad-parfumeur.com/respondio-catalog/media/ar/p-512-t109-extra.jpg?v=20260731-4,"Après l’Amour - Thomas Kosmala
الكود: T109 EXTRA
السعر: 150 ILS
عودة للمراسلة: https://wa.me/972524033442?text=%D9%85%D8%B1%D8%AD%D8%A8%D8%A7%D8%8C%20%D8%A3%D8%B1%D9%8A%D8%AF%20%D8%B7%D9%84%D8%A8%20%D8%A7%D9%84%D9%85%D9%86%D8%AA%D8%AC%20T109%20EXTRA",https://wa.me/972524033442?text=%D9%85%D8%B1%D8%AD%D8%A8%D8%A7%D8%8C%20%D8%A3%D8%B1%D9%8A%D8%AF%20%D8%B7%D9%84%D8%A8%20%D8%A7%D9%84%D9%85%D9%86%D8%AA%D8%AC%20T109%20EXTRA,https://madperfume.ps/?app=product.show.512,https://www.mad-parfumeur.com/respondio-catalog/og/ar/p-512-t109-extra.jpg?v=20260731-4,https://madperfume.ps/upload/06-2025/product/7.png
ar,Mad Midnight,عطر الاغراء,عطور النيش الرجاليه,300,https://www.mad-parfumeur.com/respondio-catalog/wa/ar/p-515-mad-midnight.html?v=20260731-4,https://www.mad-parfumeur.com/respondio-catalog/media/ar/p-515-mad-midnight.jpg?v=20260731-4,"عطر الاغراء
الكود: Mad Midnight
السعر: 300 ILS
عودة للمراسلة: https://wa.me/972524033442?text=%D9%85%D8%B1%D8%AD%D8%A8%D8%A7%D8%8C%20%D8%A3%D8%B1%D9%8A%D8%AF%20%D8%B7%D9%84%D8%A8%20%D8%A7%D9%84%D9%85%D9%86%D8%AA%D8%AC%20Mad%20Midnight",https://wa.me/972524033442?text=%D9%85%D8%B1%D8%AD%D8%A8%D8%A7%D8%8C%20%D8%A3%D8%B1%D9%8A%D8%AF%20%D8%B7%D9%84%D8%A8%20%D8%A7%D9%84%D9%85%D9%86%D8%AA%D8%AC%20Mad%20Midnight,https://madperfume.ps/?app=product.show.515,https://www.mad-parfumeur.com/respondio-catalog/og/ar/p-515-mad-midnight.jpg?v=20260731-4,https://madperfume.ps/upload/01-2026/product/a95b6150-a436-4b09-9896-8fc7bf76bbb0_size640_cropCenter.jpg
ar,New York Night,Bond Number One Bond No 9,عطور النيش النسائيه,300,https://www.mad-parfumeur.com/respondio-catalog/wa/ar/p-516-new-york-night.html?v=20260731-4,https://www.mad-parfumeur.com/respondio-catalog/media/ar/p-516-new-york-night.jpg?v=20260731-4,"Bond Number One Bond No 9
الكود: New York Night
السعر: 300 ILS
عودة للمراسلة: https://wa.me/972524033442?text=%D9%85%D8%B1%D8%AD%D8%A8%D8%A7%D8%8C%20%D8%A3%D8%B1%D9%8A%D8%AF%20%D8%B7%D9%84%D8%A8%20%D8%A7%D9%84%D9%85%D9%86%D8%AA%D8%AC%20New%20York%20Night",https://wa.me/972524033442?text=%D9%85%D8%B1%D8%AD%D8%A8%D8%A7%D8%8C%20%D8%A3%D8%B1%D9%8A%D8%AF%20%D8%B7%D9%84%D8%A8%20%D8%A7%D9%84%D9%85%D9%86%D8%AA%D8%AC%20New%20York%20Night,https://madperfume.ps/?app=product.show.516,https://www.mad-parfumeur.com/respondio-catalog/og/ar/p-516-new-york-night.jpg?v=20260731-4,https://madperfume.ps/upload/01-2026/product/697a3a93ea8d6.png
ar,G104 Y102 c120,G104 Y102 c120,الحملات والعروض الرجاليه,300,https://www.mad-parfumeur.com/respondio-catalog/wa/ar/p-517-g104-y102-c120.html?v=20260731-4,https://www.mad-parfumeur.com/respondio-catalog/media/ar/p-517-g104-y102-c120.jpg?v=20260731-4,"G104 Y102 c120
الكود: G104 Y102 c120
السعر: 300 ILS
عودة للمراسلة: https://wa.me/972524033442?text=%D9%85%D8%B1%D8%AD%D8%A8%D8%A7%D8%8C%20%D8%A3%D8%B1%D9%8A%D8%AF%20%D8%B7%D9%84%D8%A8%20%D8%A7%D9%84%D9%85%D9%86%D8%AA%D8%AC%20G104%20Y102%20c120",https://wa.me/972524033442?text=%D9%85%D8%B1%D8%AD%D8%A8%D8%A7%D8%8C%20%D8%A3%D8%B1%D9%8A%D8%AF%20%D8%B7%D9%84%D8%A8%20%D8%A7%D9%84%D9%85%D9%86%D8%AA%D8%AC%20G104%20Y102%20c120,https://madperfume.ps/?app=product.show.517,https://www.mad-parfumeur.com/respondio-catalog/og/ar/p-517-g104-y102-c120.jpg?v=20260731-4,https://madperfume.ps/upload/11-2024/product/673120813ea14.jpg
ar,L103 W183 W158,L103 W183 W158,الحملات والعروض الرجاليه,300,https://www.mad-parfumeur.com/respondio-catalog/wa/ar/p-519-l103-w183-w158.html?v=20260731-4,https://www.mad-parfumeur.com/respondio-catalog/media/ar/p-519-l103-w183-w158.jpg?v=20260731-4,"L103 W183 W158
الكود: L103 W183 W158
السعر: 300 ILS
عودة للمراسلة: https://wa.me/972524033442?text=%D9%85%D8%B1%D8%AD%D8%A8%D8%A7%D8%8C%20%D8%A3%D8%B1%D9%8A%D8%AF%20%D8%B7%D9%84%D8%A8%20%D8%A7%D9%84%D9%85%D9%86%D8%AA%D8%AC%20L103%20W183%20W158",https://wa.me/972524033442?text=%D9%85%D8%B1%D8%AD%D8%A8%D8%A7%D8%8C%20%D8%A3%D8%B1%D9%8A%D8%AF%20%D8%B7%D9%84%D8%A8%20%D8%A7%D9%84%D9%85%D9%86%D8%AA%D8%AC%20L103%20W183%20W158,https://madperfume.ps/?app=product.show.519,https://www.mad-parfumeur.com/respondio-catalog/og/ar/p-519-l103-w183-w158.jpg?v=20260731-4,https://madperfume.ps/upload/11-2024/product/SPECIAL DISCOUNT.jpg
ar,p107 y102 G104 C120 B103,هذه افضل مجموعه نسائيه,الحملات والعروض النسائيه,500,https://www.mad-parfumeur.com/respondio-catalog/wa/ar/p-520-p107-y102-g104-c120-b103.html?v=20260731-4,https://www.mad-parfumeur.com/respondio-catalog/media/ar/p-520-p107-y102-g104-c120-b103.jpg?v=20260731-4,"هذه افضل مجموعه نسائيه
الكود: p107 y102 G104 C120 B103
السعر: 500 ILS
عودة للمراسلة: https://wa.me/972524033442?text=%D9%85%D8%B1%D8%AD%D8%A8%D8%A7%D8%8C%20%D8%A3%D8%B1%D9%8A%D8%AF%20%D8%B7%D9%84%D8%A8%20%D8%A7%D9%84%D9%85%D9%86%D8%AA%D8%AC%20p107%20y102%20G104%20C120%20B103",https://wa.me/972524033442?text=%D9%85%D8%B1%D8%AD%D8%A8%D8%A7%D8%8C%20%D8%A3%D8%B1%D9%8A%D8%AF%20%D8%B7%D9%84%D8%A8%20%D8%A7%D9%84%D9%85%D9%86%D8%AA%D8%AC%20p107%20y102%20G104%20C120%20B103,https://madperfume.ps/?app=product.show.520,https://www.mad-parfumeur.com/respondio-catalog/og/ar/p-520-p107-y102-g104-c120-b103.jpg?v=20260731-4,https://madperfume.ps/upload/11-2024/product/67347e0479157.jpg
ar,L103 L102 W183 Q105,6500 شيكل توفير,الحملات والعروض الرجاليه,400,https://www.mad-parfumeur.com/respondio-catalog/wa/ar/p-525-l103-l102-w183-q105.html?v=20260731-4,https://www.mad-parfumeur.com/respondio-catalog/media/ar/p-525-l103-l102-w183-q105.jpg?v=20260731-4,"6500 شيكل توفير
الكود: L103 L102 W183 Q105
السعر: 400 ILS
عودة للمراسلة: https://wa.me/972524033442?text=%D9%85%D8%B1%D8%AD%D8%A8%D8%A7%D8%8C%20%D8%A3%D8%B1%D9%8A%D8%AF%20%D8%B7%D9%84%D8%A8%20%D8%A7%D9%84%D9%85%D9%86%D8%AA%D8%AC%20L103%20L102%20W183%20Q105",https://wa.me/972524033442?text=%D9%85%D8%B1%D8%AD%D8%A8%D8%A7%D8%8C%20%D8%A3%D8%B1%D9%8A%D8%AF%20%D8%B7%D9%84%D8%A8%20%D8%A7%D9%84%D9%85%D9%86%D8%AA%D8%AC%20L103%20L102%20W183%20Q105,https://madperfume.ps/?app=product.show.525,https://www.mad-parfumeur.com/respondio-catalog/og/ar/p-525-l103-l102-w183-q105.jpg?v=20260731-4,https://madperfume.ps/upload/12-2024/product/6765ba8154174.jpg
ar,W183 P101 J101,الاكثر طلباً,الحملات والعروض الرجاليه,300,https://www.mad-parfumeur.com/respondio-catalog/wa/ar/p-526-w183-p101-j101.html?v=20260731-4,https://www.mad-parfumeur.com/respondio-catalog/media/ar/p-526-w183-p101-j101.jpg?v=20260731-4,"الاكثر طلباً
الكود: W183 P101 J101
السعر: 300 ILS
عودة للمراسلة: https://wa.me/972524033442?text=%D9%85%D8%B1%D8%AD%D8%A8%D8%A7%D8%8C%20%D8%A3%D8%B1%D9%8A%D8%AF%20%D8%B7%D9%84%D8%A8%20%D8%A7%D9%84%D9%85%D9%86%D8%AA%D8%AC%20W183%20P101%20J101",https://wa.me/972524033442?text=%D9%85%D8%B1%D8%AD%D8%A8%D8%A7%D8%8C%20%D8%A3%D8%B1%D9%8A%D8%AF%20%D8%B7%D9%84%D8%A8%20%D8%A7%D9%84%D9%85%D9%86%D8%AA%D8%AC%20W183%20P101%20J101,https://madperfume.ps/?app=product.show.526,https://www.mad-parfumeur.com/respondio-catalog/og/ar/p-526-w183-p101-j101.jpg?v=20260731-4,https://madperfume.ps/upload/07-2025/product/2.jpg
ar,L102 Q112 T109,L102 Q112 T109,الحملات والعروض الرجاليه,300,https://www.mad-parfumeur.com/respondio-catalog/wa/ar/p-528-l102-q112-t109.html?v=20260731-4,https://www.mad-parfumeur.com/respondio-catalog/media/ar/p-528-l102-q112-t109.jpg?v=20260731-4,"L102 Q112 T109
الكود: L102 Q112 T109
السعر: 300 ILS
عودة للمراسلة: https://wa.me/972524033442?text=%D9%85%D8%B1%D8%AD%D8%A8%D8%A7%D8%8C%20%D8%A3%D8%B1%D9%8A%D8%AF%20%D8%B7%D9%84%D8%A8%20%D8%A7%D9%84%D9%85%D9%86%D8%AA%D8%AC%20L102%20Q112%20T109",https://wa.me/972524033442?text=%D9%85%D8%B1%D8%AD%D8%A8%D8%A7%D8%8C%20%D8%A3%D8%B1%D9%8A%D8%AF%20%D8%B7%D9%84%D8%A8%20%D8%A7%D9%84%D9%85%D9%86%D8%AA%D8%AC%20L102%20Q112%20T109,https://madperfume.ps/?app=product.show.528,https://www.mad-parfumeur.com/respondio-catalog/og/ar/p-528-l102-q112-t109.jpg?v=20260731-4,https://madperfume.ps/upload/01-2025/product/678f713d6c992.jpg
ar,Q112 Q113 J105,Q112 Q113 J105,الحملات والعروض الرجاليه,300,https://www.mad-parfumeur.com/respondio-catalog/wa/ar/p-530-q112-q113-j105.html?v=20260731-4,https://www.mad-parfumeur.com/respondio-catalog/media/ar/p-530-q112-q113-j105.jpg?v=20260731-4,"Q112 Q113 J105
الكود: Q112 Q113 J105
السعر: 300 ILS
عودة للمراسلة: https://wa.me/972524033442?text=%D9%85%D8%B1%D8%AD%D8%A8%D8%A7%D8%8C%20%D8%A3%D8%B1%D9%8A%D8%AF%20%D8%B7%D9%84%D8%A8%20%D8%A7%D9%84%D9%85%D9%86%D8%AA%D8%AC%20Q112%20Q113%20J105",https://wa.me/972524033442?text=%D9%85%D8%B1%D8%AD%D8%A8%D8%A7%D8%8C%20%D8%A3%D8%B1%D9%8A%D8%AF%20%D8%B7%D9%84%D8%A8%20%D8%A7%D9%84%D9%85%D9%86%D8%AA%D8%AC%20Q112%20Q113%20J105,https://madperfume.ps/?app=product.show.530,https://www.mad-parfumeur.com/respondio-catalog/og/ar/p-530-q112-q113-j105.jpg?v=20260731-4,https://madperfume.ps/upload/01-2025/product/678f6e6a35bdc.jpg
ar,Q118 L102 Q120,350 شيكل فقط – شامل التوصيل 🚚,الحملات والعروض الرجاليه,300,https://www.mad-parfumeur.com/respondio-catalog/wa/ar/p-542-q118-l102-q120.html?v=20260731-4,https://www.mad-parfumeur.com/respondio-catalog/media/ar/p-542-q118-l102-q120.jpg?v=20260731-4,"350 شيكل فقط – شامل التوصيل 🚚
الكود: Q118 L102 Q120
السعر: 300 ILS
عودة للمراسلة: https://wa.me/972524033442?text=%D9%85%D8%B1%D8%AD%D8%A8%D8%A7%D8%8C%20%D8%A3%D8%B1%D9%8A%D8%AF%20%D8%B7%D9%84%D8%A8%20%D8%A7%D9%84%D9%85%D9%86%D8%AA%D8%AC%20Q118%20L102%20Q120",https://wa.me/972524033442?text=%D9%85%D8%B1%D8%AD%D8%A8%D8%A7%D8%8C%20%D8%A3%D8%B1%D9%8A%D8%AF%20%D8%B7%D9%84%D8%A8%20%D8%A7%D9%84%D9%85%D9%86%D8%AA%D8%AC%20Q118%20L102%20Q120,https://madperfume.ps/?app=product.show.542,https://www.mad-parfumeur.com/respondio-catalog/og/ar/p-542-q118-l102-q120.jpg?v=20260731-4,https://madperfume.ps/upload/07-2025/product/L102.png
ar,Narcotic Intense 100 ml,Narcotic Intense,عطور النيش الرجاليه,300,https://www.mad-parfumeur.com/respondio-catalog/wa/ar/p-546-narcotic-intense-100-ml.html?v=20260731-4,https://www.mad-parfumeur.com/respondio-catalog/media/ar/p-546-narcotic-intense-100-ml.jpg?v=20260731-4,"Narcotic Intense
الكود: Narcotic Intense 100 ml
السعر: 300 ILS
عودة للمراسلة: https://wa.me/972524033442?text=%D9%85%D8%B1%D8%AD%D8%A8%D8%A7%D8%8C%20%D8%A3%D8%B1%D9%8A%D8%AF%20%D8%B7%D9%84%D8%A8%20%D8%A7%D9%84%D9%85%D9%86%D8%AA%D8%AC%20Narcotic%20Intense%20100%20ml",https://wa.me/972524033442?text=%D9%85%D8%B1%D8%AD%D8%A8%D8%A7%D8%8C%20%D8%A3%D8%B1%D9%8A%D8%AF%20%D8%B7%D9%84%D8%A8%20%D8%A7%D9%84%D9%85%D9%86%D8%AA%D8%AC%20Narcotic%20Intense%20100%20ml,https://madperfume.ps/?app=product.show.546,https://www.mad-parfumeur.com/respondio-catalog/og/ar/p-546-narcotic-intense-100-ml.jpg?v=20260731-4,https://madperfume.ps/upload/01-2026/product/ac7faf22-6223-435b-b841-7f6f4f7fcce1_size640_cropCenter.jpg
ar,D102,Green Irish Tweed من Creed,عطور الرجال,100,https://www.mad-parfumeur.com/respondio-catalog/wa/ar/p-553-d102.html?v=20260731-4,https://www.mad-parfumeur.com/respondio-catalog/media/ar/p-553-d102.jpg?v=20260731-4,"Green Irish Tweed من Creed
الكود: D102
السعر: 100 ILS
عودة للمراسلة: https://wa.me/972524033442?text=%D9%85%D8%B1%D8%AD%D8%A8%D8%A7%D8%8C%20%D8%A3%D8%B1%D9%8A%D8%AF%20%D8%B7%D9%84%D8%A8%20%D8%A7%D9%84%D9%85%D9%86%D8%AA%D8%AC%20D102",https://wa.me/972524033442?text=%D9%85%D8%B1%D8%AD%D8%A8%D8%A7%D8%8C%20%D8%A3%D8%B1%D9%8A%D8%AF%20%D8%B7%D9%84%D8%A8%20%D8%A7%D9%84%D9%85%D9%86%D8%AA%D8%AC%20D102,https://madperfume.ps/?app=product.show.553,https://www.mad-parfumeur.com/respondio-catalog/og/ar/p-553-d102.jpg?v=20260731-4,https://madperfume.ps/upload/03-2026/product/AE86DC26-7382-4446-B6DF-8BF17B5B87B8.png
ar,A105,Wanted من Azzaro,عطور الرجال,100,https://www.mad-parfumeur.com/respondio-catalog/wa/ar/p-568-a105.html?v=20260731-4,https://www.mad-parfumeur.com/respondio-catalog/media/ar/p-568-a105.jpg?v=20260731-4,"Wanted من Azzaro
الكود: A105
السعر: 100 ILS
عودة للمراسلة: https://wa.me/972524033442?text=%D9%85%D8%B1%D8%AD%D8%A8%D8%A7%D8%8C%20%D8%A3%D8%B1%D9%8A%D8%AF%20%D8%B7%D9%84%D8%A8%20%D8%A7%D9%84%D9%85%D9%86%D8%AA%D8%AC%20A105",https://wa.me/972524033442?text=%D9%85%D8%B1%D8%AD%D8%A8%D8%A7%D8%8C%20%D8%A3%D8%B1%D9%8A%D8%AF%20%D8%B7%D9%84%D8%A8%20%D8%A7%D9%84%D9%85%D9%86%D8%AA%D8%AC%20A105,https://madperfume.ps/?app=product.show.568,https://www.mad-parfumeur.com/respondio-catalog/og/ar/p-568-a105.jpg?v=20260731-4,https://madperfume.ps/upload/01-2026/product/697d03a4c50fd.png
ar,A104 women,Angel – من Mugler,عطور النساء,100,https://www.mad-parfumeur.com/respondio-catalog/wa/ar/p-574-a104-women.html?v=20260731-4,https://www.mad-parfumeur.com/respondio-catalog/media/ar/p-574-a104-women.jpg?v=20260731-4,"Angel – من Mugler
الكود: A104 women
السعر: 100 ILS
عودة للمراسلة: https://wa.me/972524033442?text=%D9%85%D8%B1%D8%AD%D8%A8%D8%A7%D8%8C%20%D8%A3%D8%B1%D9%8A%D8%AF%20%D8%B7%D9%84%D8%A8%20%D8%A7%D9%84%D9%85%D9%86%D8%AA%D8%AC%20A104%20women",https://wa.me/972524033442?text=%D9%85%D8%B1%D8%AD%D8%A8%D8%A7%D8%8C%20%D8%A3%D8%B1%D9%8A%D8%AF%20%D8%B7%D9%84%D8%A8%20%D8%A7%D9%84%D9%85%D9%86%D8%AA%D8%AC%20A104%20women,https://madperfume.ps/?app=product.show.574,https://www.mad-parfumeur.com/respondio-catalog/og/ar/p-574-a104-women.jpg?v=20260731-4,https://madperfume.ps/upload/06-2025/product/6852ae61431b2.png
ar,LOVE ME,"Love, Don’t Be Shy",عطور النيش النسائيه,300,https://www.mad-parfumeur.com/respondio-catalog/wa/ar/p-575-love-me.html?v=20260731-4,https://www.mad-parfumeur.com/respondio-catalog/media/ar/p-575-love-me.jpg?v=20260731-4,"Love, Don’t Be Shy
الكود: LOVE ME
السعر: 300 ILS
عودة للمراسلة: https://wa.me/972524033442?text=%D9%85%D8%B1%D8%AD%D8%A8%D8%A7%D8%8C%20%D8%A3%D8%B1%D9%8A%D8%AF%20%D8%B7%D9%84%D8%A8%20%D8%A7%D9%84%D9%85%D9%86%D8%AA%D8%AC%20LOVE%20ME",https://wa.me/972524033442?text=%D9%85%D8%B1%D8%AD%D8%A8%D8%A7%D8%8C%20%D8%A3%D8%B1%D9%8A%D8%AF%20%D8%B7%D9%84%D8%A8%20%D8%A7%D9%84%D9%85%D9%86%D8%AA%D8%AC%20LOVE%20ME,https://madperfume.ps/?app=product.show.575,https://www.mad-parfumeur.com/respondio-catalog/og/ar/p-575-love-me.jpg?v=20260731-4,https://madperfume.ps/upload/03-2026/product/IMG_0323.jpeg
ar,wizard,جديد,عطور البيت والمكتب,65,https://www.mad-parfumeur.com/respondio-catalog/wa/ar/p-576-wizard.html?v=20260731-4,https://www.mad-parfumeur.com/respondio-catalog/media/ar/p-576-wizard.jpg?v=20260731-4,"جديد
الكود: wizard
السعر: 65 ILS
عودة للمراسلة: https://wa.me/972524033442?text=%D9%85%D8%B1%D8%AD%D8%A8%D8%A7%D8%8C%20%D8%A3%D8%B1%D9%8A%D8%AF%20%D8%B7%D9%84%D8%A8%20%D8%A7%D9%84%D9%85%D9%86%D8%AA%D8%AC%20wizard",https://wa.me/972524033442?text=%D9%85%D8%B1%D8%AD%D8%A8%D8%A7%D8%8C%20%D8%A3%D8%B1%D9%8A%D8%AF%20%D8%B7%D9%84%D8%A8%20%D8%A7%D9%84%D9%85%D9%86%D8%AA%D8%AC%20wizard,https://madperfume.ps/?app=product.show.576,https://www.mad-parfumeur.com/respondio-catalog/og/ar/p-576-wizard.jpg?v=20260731-4,https://madperfume.ps/upload/04-2025/product/67f24c8dd8b74.jpg
ar,love me,جديد,عطور البيت والمكتب,65,https://www.mad-parfumeur.com/respondio-catalog/wa/ar/p-577-love-me.html?v=20260731-4,https://www.mad-parfumeur.com/respondio-catalog/media/ar/p-577-love-me.jpg?v=20260731-4,"جديد
الكود: love me
السعر: 65 ILS
عودة للمراسلة: https://wa.me/972524033442?text=%D9%85%D8%B1%D8%AD%D8%A8%D8%A7%D8%8C%20%D8%A3%D8%B1%D9%8A%D8%AF%20%D8%B7%D9%84%D8%A8%20%D8%A7%D9%84%D9%85%D9%86%D8%AA%D8%AC%20love%20me",https://wa.me/972524033442?text=%D9%85%D8%B1%D8%AD%D8%A8%D8%A7%D8%8C%20%D8%A3%D8%B1%D9%8A%D8%AF%20%D8%B7%D9%84%D8%A8%20%D8%A7%D9%84%D9%85%D9%86%D8%AA%D8%AC%20love%20me,https://madperfume.ps/?app=product.show.577,https://www.mad-parfumeur.com/respondio-catalog/og/ar/p-577-love-me.jpg?v=20260731-4,https://madperfume.ps/upload/04-2025/product/love me.jpg
ar,COFFE BISCUIT,جديد,عطور البيت والمكتب,65,https://www.mad-parfumeur.com/respondio-catalog/wa/ar/p-578-coffe-biscuit.html?v=20260731-4,https://www.mad-parfumeur.com/respondio-catalog/media/ar/p-578-coffe-biscuit.jpg?v=20260731-4,"جديد
الكود: COFFE BISCUIT
السعر: 65 ILS
عودة للمراسلة: https://wa.me/972524033442?text=%D9%85%D8%B1%D8%AD%D8%A8%D8%A7%D8%8C%20%D8%A3%D8%B1%D9%8A%D8%AF%20%D8%B7%D9%84%D8%A8%20%D8%A7%D9%84%D9%85%D9%86%D8%AA%D8%AC%20COFFE%20BISCUIT",https://wa.me/972524033442?text=%D9%85%D8%B1%D8%AD%D8%A8%D8%A7%D8%8C%20%D8%A3%D8%B1%D9%8A%D8%AF%20%D8%B7%D9%84%D8%A8%20%D8%A7%D9%84%D9%85%D9%86%D8%AA%D8%AC%20COFFE%20BISCUIT,https://madperfume.ps/?app=product.show.578,https://www.mad-parfumeur.com/respondio-catalog/og/ar/p-578-coffe-biscuit.jpg?v=20260731-4,https://madperfume.ps/upload/04-2025/product/mad-coffee-biscuit-160-ml-ortam-kokusu-48ce-9.webp
ar,ROUGH NIGHT 160 ML,جديد,عطور البيت والمكتب,65,https://www.mad-parfumeur.com/respondio-catalog/wa/ar/p-579-rough-night-160-ml.html?v=20260731-4,https://www.mad-parfumeur.com/respondio-catalog/media/ar/p-579-rough-night-160-ml.jpg?v=20260731-4,"جديد
الكود: ROUGH NIGHT 160 ML
السعر: 65 ILS
عودة للمراسلة: https://wa.me/972524033442?text=%D9%85%D8%B1%D8%AD%D8%A8%D8%A7%D8%8C%20%D8%A3%D8%B1%D9%8A%D8%AF%20%D8%B7%D9%84%D8%A8%20%D8%A7%D9%84%D9%85%D9%86%D8%AA%D8%AC%20ROUGH%20NIGHT%20160%20ML",https://wa.me/972524033442?text=%D9%85%D8%B1%D8%AD%D8%A8%D8%A7%D8%8C%20%D8%A3%D8%B1%D9%8A%D8%AF%20%D8%B7%D9%84%D8%A8%20%D8%A7%D9%84%D9%85%D9%86%D8%AA%D8%AC%20ROUGH%20NIGHT%20160%20ML,https://madperfume.ps/?app=product.show.579,https://www.mad-parfumeur.com/respondio-catalog/og/ar/p-579-rough-night-160-ml.jpg?v=20260731-4,https://madperfume.ps/upload/04-2025/product/67f24d1e80af3.webp
ar,PREVIL 160ML,جديد,عطور البيت والمكتب,65,https://www.mad-parfumeur.com/respondio-catalog/wa/ar/p-581-previl-160ml.html?v=20260731-4,https://www.mad-parfumeur.com/respondio-catalog/media/ar/p-581-previl-160ml.jpg?v=20260731-4,"جديد
الكود: PREVIL 160ML
السعر: 65 ILS
عودة للمراسلة: https://wa.me/972524033442?text=%D9%85%D8%B1%D8%AD%D8%A8%D8%A7%D8%8C%20%D8%A3%D8%B1%D9%8A%D8%AF%20%D8%B7%D9%84%D8%A8%20%D8%A7%D9%84%D9%85%D9%86%D8%AA%D8%AC%20PREVIL%20160ML",https://wa.me/972524033442?text=%D9%85%D8%B1%D8%AD%D8%A8%D8%A7%D8%8C%20%D8%A3%D8%B1%D9%8A%D8%AF%20%D8%B7%D9%84%D8%A8%20%D8%A7%D9%84%D9%85%D9%86%D8%AA%D8%AC%20PREVIL%20160ML,https://madperfume.ps/?app=product.show.581,https://www.mad-parfumeur.com/respondio-catalog/og/ar/p-581-previl-160ml.jpg?v=20260731-4,https://madperfume.ps/upload/04-2025/product/mad-prevail-160-ml-ortam-kokusu160-ml-7f3-86.webp
ar,Mad Spicy Apple,جديد,عطور البيت والمكتب,65,https://www.mad-parfumeur.com/respondio-catalog/wa/ar/p-582-mad-spicy-apple.html?v=20260731-4,https://www.mad-parfumeur.com/respondio-catalog/media/ar/p-582-mad-spicy-apple.jpg?v=20260731-4,"جديد
الكود: Mad Spicy Apple
السعر: 65 ILS
عودة للمراسلة: https://wa.me/972524033442?text=%D9%85%D8%B1%D8%AD%D8%A8%D8%A7%D8%8C%20%D8%A3%D8%B1%D9%8A%D8%AF%20%D8%B7%D9%84%D8%A8%20%D8%A7%D9%84%D9%85%D9%86%D8%AA%D8%AC%20Mad%20Spicy%20Apple",https://wa.me/972524033442?text=%D9%85%D8%B1%D8%AD%D8%A8%D8%A7%D8%8C%20%D8%A3%D8%B1%D9%8A%D8%AF%20%D8%B7%D9%84%D8%A8%20%D8%A7%D9%84%D9%85%D9%86%D8%AA%D8%AC%20Mad%20Spicy%20Apple,https://madperfume.ps/?app=product.show.582,https://www.mad-parfumeur.com/respondio-catalog/og/ar/p-582-mad-spicy-apple.jpg?v=20260731-4,https://madperfume.ps/upload/04-2025/product/mad-spicy-apple-160-ml-ortam-kokusu160--84bb-.webp
ar,VANILLA CARNAVAL,جديد,عطور البيت والمكتب,65,https://www.mad-parfumeur.com/respondio-catalog/wa/ar/p-583-vanilla-carnaval.html?v=20260731-4,https://www.mad-parfumeur.com/respondio-catalog/media/ar/p-583-vanilla-carnaval.jpg?v=20260731-4,"جديد
الكود: VANILLA CARNAVAL
السعر: 65 ILS
عودة للمراسلة: https://wa.me/972524033442?text=%D9%85%D8%B1%D8%AD%D8%A8%D8%A7%D8%8C%20%D8%A3%D8%B1%D9%8A%D8%AF%20%D8%B7%D9%84%D8%A8%20%D8%A7%D9%84%D9%85%D9%86%D8%AA%D8%AC%20VANILLA%20CARNAVAL",https://wa.me/972524033442?text=%D9%85%D8%B1%D8%AD%D8%A8%D8%A7%D8%8C%20%D8%A3%D8%B1%D9%8A%D8%AF%20%D8%B7%D9%84%D8%A8%20%D8%A7%D9%84%D9%85%D9%86%D8%AA%D8%AC%20VANILLA%20CARNAVAL,https://madperfume.ps/?app=product.show.583,https://www.mad-parfumeur.com/respondio-catalog/og/ar/p-583-vanilla-carnaval.jpg?v=20260731-4,https://madperfume.ps/upload/04-2025/product/mad-vanilla-carnaval-160-ml-ortam-koku-b3-e07.webp
ar,SUN SHINE,جديد,عطور البيت والمكتب,65,https://www.mad-parfumeur.com/respondio-catalog/wa/ar/p-584-sun-shine.html?v=20260731-4,https://www.mad-parfumeur.com/respondio-catalog/media/ar/p-584-sun-shine.jpg?v=20260731-4,"جديد
الكود: SUN SHINE
السعر: 65 ILS
عودة للمراسلة: https://wa.me/972524033442?text=%D9%85%D8%B1%D8%AD%D8%A8%D8%A7%D8%8C%20%D8%A3%D8%B1%D9%8A%D8%AF%20%D8%B7%D9%84%D8%A8%20%D8%A7%D9%84%D9%85%D9%86%D8%AA%D8%AC%20SUN%20SHINE",https://wa.me/972524033442?text=%D9%85%D8%B1%D8%AD%D8%A8%D8%A7%D8%8C%20%D8%A3%D8%B1%D9%8A%D8%AF%20%D8%B7%D9%84%D8%A8%20%D8%A7%D9%84%D9%85%D9%86%D8%AA%D8%AC%20SUN%20SHINE,https://madperfume.ps/?app=product.show.584,https://www.mad-parfumeur.com/respondio-catalog/og/ar/p-584-sun-shine.jpg?v=20260731-4,https://madperfume.ps/upload/04-2025/product/mad-sunshine-160-ml-ortam-kokusu160-ml-baa3-d.webp
ar,Mad Vanilla,50 ml,عطور البيت والمكتب,30,https://www.mad-parfumeur.com/respondio-catalog/wa/ar/p-585-mad-vanilla.html?v=20260731-4,https://www.mad-parfumeur.com/respondio-catalog/media/ar/p-585-mad-vanilla.jpg?v=20260731-4,"50 ml
الكود: Mad Vanilla
السعر: 30 ILS
عودة للمراسلة: https://wa.me/972524033442?text=%D9%85%D8%B1%D8%AD%D8%A8%D8%A7%D8%8C%20%D8%A3%D8%B1%D9%8A%D8%AF%20%D8%B7%D9%84%D8%A8%20%D8%A7%D9%84%D9%85%D9%86%D8%AA%D8%AC%20Mad%20Vanilla",https://wa.me/972524033442?text=%D9%85%D8%B1%D8%AD%D8%A8%D8%A7%D8%8C%20%D8%A3%D8%B1%D9%8A%D8%AF%20%D8%B7%D9%84%D8%A8%20%D8%A7%D9%84%D9%85%D9%86%D8%AA%D8%AC%20Mad%20Vanilla,https://madperfume.ps/?app=product.show.585,https://www.mad-parfumeur.com/respondio-catalog/og/ar/p-585-mad-vanilla.jpg?v=20260731-4,https://madperfume.ps/upload/04-2025/product/mad-vanilla-effect-50-ml-ortam-kokusu5-0dd-0f.webp
ar,Mad Rose&Coffee,50 ml,عطور البيت والمكتب,30,https://www.mad-parfumeur.com/respondio-catalog/wa/ar/p-586-mad-rose-coffee.html?v=20260731-4,https://www.mad-parfumeur.com/respondio-catalog/media/ar/p-586-mad-rose-coffee.jpg?v=20260731-4,"50 ml
الكود: Mad Rose&Coffee
السعر: 30 ILS
عودة للمراسلة: https://wa.me/972524033442?text=%D9%85%D8%B1%D8%AD%D8%A8%D8%A7%D8%8C%20%D8%A3%D8%B1%D9%8A%D8%AF%20%D8%B7%D9%84%D8%A8%20%D8%A7%D9%84%D9%85%D9%86%D8%AA%D8%AC%20Mad%20Rose%26Coffee",https://wa.me/972524033442?text=%D9%85%D8%B1%D8%AD%D8%A8%D8%A7%D8%8C%20%D8%A3%D8%B1%D9%8A%D8%AF%20%D8%B7%D9%84%D8%A8%20%D8%A7%D9%84%D9%85%D9%86%D8%AA%D8%AC%20Mad%20Rose%26Coffee,https://madperfume.ps/?app=product.show.586,https://www.mad-parfumeur.com/respondio-catalog/og/ar/p-586-mad-rose-coffee.jpg?v=20260731-4,https://madperfume.ps/upload/04-2025/product/mad-rosecoffee-50-ml-ortam-kokusu50ml-8-5d3e.webp
ar,Mad Red Moon,50 ml,عطور البيت والمكتب,30,https://www.mad-parfumeur.com/respondio-catalog/wa/ar/p-587-mad-red-moon.html?v=20260731-4,https://www.mad-parfumeur.com/respondio-catalog/media/ar/p-587-mad-red-moon.jpg?v=20260731-4,"50 ml
الكود: Mad Red Moon
السعر: 30 ILS
عودة للمراسلة: https://wa.me/972524033442?text=%D9%85%D8%B1%D8%AD%D8%A8%D8%A7%D8%8C%20%D8%A3%D8%B1%D9%8A%D8%AF%20%D8%B7%D9%84%D8%A8%20%D8%A7%D9%84%D9%85%D9%86%D8%AA%D8%AC%20Mad%20Red%20Moon",https://wa.me/972524033442?text=%D9%85%D8%B1%D8%AD%D8%A8%D8%A7%D8%8C%20%D8%A3%D8%B1%D9%8A%D8%AF%20%D8%B7%D9%84%D8%A8%20%D8%A7%D9%84%D9%85%D9%86%D8%AA%D8%AC%20Mad%20Red%20Moon,https://madperfume.ps/?app=product.show.587,https://www.mad-parfumeur.com/respondio-catalog/og/ar/p-587-mad-red-moon.jpg?v=20260731-4,https://madperfume.ps/upload/04-2025/product/mad-red-moon-50-ml-ortam-kokusu50ml-9-bc5d.webp
ar,Mad Pure Shine,50 ml,عطور البيت والمكتب,30,https://www.mad-parfumeur.com/respondio-catalog/wa/ar/p-588-mad-pure-shine.html?v=20260731-4,https://www.mad-parfumeur.com/respondio-catalog/media/ar/p-588-mad-pure-shine.jpg?v=20260731-4,"50 ml
الكود: Mad Pure Shine
السعر: 30 ILS
عودة للمراسلة: https://wa.me/972524033442?text=%D9%85%D8%B1%D8%AD%D8%A8%D8%A7%D8%8C%20%D8%A3%D8%B1%D9%8A%D8%AF%20%D8%B7%D9%84%D8%A8%20%D8%A7%D9%84%D9%85%D9%86%D8%AA%D8%AC%20Mad%20Pure%20Shine",https://wa.me/972524033442?text=%D9%85%D8%B1%D8%AD%D8%A8%D8%A7%D8%8C%20%D8%A3%D8%B1%D9%8A%D8%AF%20%D8%B7%D9%84%D8%A8%20%D8%A7%D9%84%D9%85%D9%86%D8%AA%D8%AC%20Mad%20Pure%20Shine,https://madperfume.ps/?app=product.show.588,https://www.mad-parfumeur.com/respondio-catalog/og/ar/p-588-mad-pure-shine.jpg?v=20260731-4,https://madperfume.ps/upload/04-2025/product/mad-pure-shine-50-ml-ortam-kokusu50ml-46-40d.webp
ar,Mad Osmanthus,50 ml,عطور البيت والمكتب,30,https://www.mad-parfumeur.com/respondio-catalog/wa/ar/p-589-mad-osmanthus.html?v=20260731-4,https://www.mad-parfumeur.com/respondio-catalog/media/ar/p-589-mad-osmanthus.jpg?v=20260731-4,"50 ml
الكود: Mad Osmanthus
السعر: 30 ILS
عودة للمراسلة: https://wa.me/972524033442?text=%D9%85%D8%B1%D8%AD%D8%A8%D8%A7%D8%8C%20%D8%A3%D8%B1%D9%8A%D8%AF%20%D8%B7%D9%84%D8%A8%20%D8%A7%D9%84%D9%85%D9%86%D8%AA%D8%AC%20Mad%20Osmanthus",https://wa.me/972524033442?text=%D9%85%D8%B1%D8%AD%D8%A8%D8%A7%D8%8C%20%D8%A3%D8%B1%D9%8A%D8%AF%20%D8%B7%D9%84%D8%A8%20%D8%A7%D9%84%D9%85%D9%86%D8%AA%D8%AC%20Mad%20Osmanthus,https://madperfume.ps/?app=product.show.589,https://www.mad-parfumeur.com/respondio-catalog/og/ar/p-589-mad-osmanthus.jpg?v=20260731-4,https://madperfume.ps/upload/04-2025/product/mad-osmanthus-50-ml-ortam-kokusu50ml-29700c.webp
ar,Mad Kiwi,50 ml,عطور البيت والمكتب,30,https://www.mad-parfumeur.com/respondio-catalog/wa/ar/p-590-mad-kiwi.html?v=20260731-4,https://www.mad-parfumeur.com/respondio-catalog/media/ar/p-590-mad-kiwi.jpg?v=20260731-4,"50 ml
الكود: Mad Kiwi
السعر: 30 ILS
عودة للمراسلة: https://wa.me/972524033442?text=%D9%85%D8%B1%D8%AD%D8%A8%D8%A7%D8%8C%20%D8%A3%D8%B1%D9%8A%D8%AF%20%D8%B7%D9%84%D8%A8%20%D8%A7%D9%84%D9%85%D9%86%D8%AA%D8%AC%20Mad%20Kiwi",https://wa.me/972524033442?text=%D9%85%D8%B1%D8%AD%D8%A8%D8%A7%D8%8C%20%D8%A3%D8%B1%D9%8A%D8%AF%20%D8%B7%D9%84%D8%A8%20%D8%A7%D9%84%D9%85%D9%86%D8%AA%D8%AC%20Mad%20Kiwi,https://madperfume.ps/?app=product.show.590,https://www.mad-parfumeur.com/respondio-catalog/og/ar/p-590-mad-kiwi.jpg?v=20260731-4,https://madperfume.ps/upload/04-2025/product/mad-kiwi-50-ml-ortam-kokusu50ml-5db-9b.webp
ar,Mad Exotic Oud,50 ml,عطور البيت والمكتب,30,https://www.mad-parfumeur.com/respondio-catalog/wa/ar/p-592-mad-exotic-oud.html?v=20260731-4,https://www.mad-parfumeur.com/respondio-catalog/media/ar/p-592-mad-exotic-oud.jpg?v=20260731-4,"50 ml
الكود: Mad Exotic Oud
السعر: 30 ILS
عودة للمراسلة: https://wa.me/972524033442?text=%D9%85%D8%B1%D8%AD%D8%A8%D8%A7%D8%8C%20%D8%A3%D8%B1%D9%8A%D8%AF%20%D8%B7%D9%84%D8%A8%20%D8%A7%D9%84%D9%85%D9%86%D8%AA%D8%AC%20Mad%20Exotic%20Oud",https://wa.me/972524033442?text=%D9%85%D8%B1%D8%AD%D8%A8%D8%A7%D8%8C%20%D8%A3%D8%B1%D9%8A%D8%AF%20%D8%B7%D9%84%D8%A8%20%D8%A7%D9%84%D9%85%D9%86%D8%AA%D8%AC%20Mad%20Exotic%20Oud,https://madperfume.ps/?app=product.show.592,https://www.mad-parfumeur.com/respondio-catalog/og/ar/p-592-mad-exotic-oud.jpg?v=20260731-4,https://madperfume.ps/upload/04-2025/product/mad-exotic-oud-50-ml-ortam-kokusu50ml-951ba8.webp
ar,Mad Coconut,50 ml,عطور البيت والمكتب,30,https://www.mad-parfumeur.com/respondio-catalog/wa/ar/p-593-mad-coconut.html?v=20260731-4,https://www.mad-parfumeur.com/respondio-catalog/media/ar/p-593-mad-coconut.jpg?v=20260731-4,"50 ml
الكود: Mad Coconut
السعر: 30 ILS
عودة للمراسلة: https://wa.me/972524033442?text=%D9%85%D8%B1%D8%AD%D8%A8%D8%A7%D8%8C%20%D8%A3%D8%B1%D9%8A%D8%AF%20%D8%B7%D9%84%D8%A8%20%D8%A7%D9%84%D9%85%D9%86%D8%AA%D8%AC%20Mad%20Coconut",https://wa.me/972524033442?text=%D9%85%D8%B1%D8%AD%D8%A8%D8%A7%D8%8C%20%D8%A3%D8%B1%D9%8A%D8%AF%20%D8%B7%D9%84%D8%A8%20%D8%A7%D9%84%D9%85%D9%86%D8%AA%D8%AC%20Mad%20Coconut,https://madperfume.ps/?app=product.show.593,https://www.mad-parfumeur.com/respondio-catalog/og/ar/p-593-mad-coconut.jpg?v=20260731-4,https://madperfume.ps/upload/04-2025/product/mad-coconut-50-ml-ortam-kokusu50ml-f-dd29.webp
ar,Mad Caramel,50 ml,عطور البيت والمكتب,30,https://www.mad-parfumeur.com/respondio-catalog/wa/ar/p-594-mad-caramel.html?v=20260731-4,https://www.mad-parfumeur.com/respondio-catalog/media/ar/p-594-mad-caramel.jpg?v=20260731-4,"50 ml
الكود: Mad Caramel
السعر: 30 ILS
عودة للمراسلة: https://wa.me/972524033442?text=%D9%85%D8%B1%D8%AD%D8%A8%D8%A7%D8%8C%20%D8%A3%D8%B1%D9%8A%D8%AF%20%D8%B7%D9%84%D8%A8%20%D8%A7%D9%84%D9%85%D9%86%D8%AA%D8%AC%20Mad%20Caramel",https://wa.me/972524033442?text=%D9%85%D8%B1%D8%AD%D8%A8%D8%A7%D8%8C%20%D8%A3%D8%B1%D9%8A%D8%AF%20%D8%B7%D9%84%D8%A8%20%D8%A7%D9%84%D9%85%D9%86%D8%AA%D8%AC%20Mad%20Caramel,https://madperfume.ps/?app=product.show.594,https://www.mad-parfumeur.com/respondio-catalog/og/ar/p-594-mad-caramel.jpg?v=20260731-4,https://madperfume.ps/upload/04-2025/product/mad-caramel-50-ml-ortam-kokusu50ml-0ce0ea.webp
ar,Mad Bubble&Sandal,50 ml,عطور البيت والمكتب,30,https://www.mad-parfumeur.com/respondio-catalog/wa/ar/p-595-mad-bubble-sandal.html?v=20260731-4,https://www.mad-parfumeur.com/respondio-catalog/media/ar/p-595-mad-bubble-sandal.jpg?v=20260731-4,"50 ml
الكود: Mad Bubble&Sandal
السعر: 30 ILS
عودة للمراسلة: https://wa.me/972524033442?text=%D9%85%D8%B1%D8%AD%D8%A8%D8%A7%D8%8C%20%D8%A3%D8%B1%D9%8A%D8%AF%20%D8%B7%D9%84%D8%A8%20%D8%A7%D9%84%D9%85%D9%86%D8%AA%D8%AC%20Mad%20Bubble%26Sandal",https://wa.me/972524033442?text=%D9%85%D8%B1%D8%AD%D8%A8%D8%A7%D8%8C%20%D8%A3%D8%B1%D9%8A%D8%AF%20%D8%B7%D9%84%D8%A8%20%D8%A7%D9%84%D9%85%D9%86%D8%AA%D8%AC%20Mad%20Bubble%26Sandal,https://madperfume.ps/?app=product.show.595,https://www.mad-parfumeur.com/respondio-catalog/og/ar/p-595-mad-bubble-sandal.jpg?v=20260731-4,https://madperfume.ps/upload/04-2025/product/mad-bubblesandal-50-ml-ortam-kokusu50m-03d-4e.webp
ar,TURKISH BATH,TURKISH BATH,معطر الجو 250 مل جديد,35,https://www.mad-parfumeur.com/respondio-catalog/wa/ar/p-596-turkish-bath.html?v=20260731-4,https://www.mad-parfumeur.com/respondio-catalog/media/ar/p-596-turkish-bath.jpg?v=20260731-4,"TURKISH BATH
الكود: TURKISH BATH
السعر: 35 ILS
عودة للمراسلة: https://wa.me/972524033442?text=%D9%85%D8%B1%D8%AD%D8%A8%D8%A7%D8%8C%20%D8%A3%D8%B1%D9%8A%D8%AF%20%D8%B7%D9%84%D8%A8%20%D8%A7%D9%84%D9%85%D9%86%D8%AA%D8%AC%20TURKISH%20BATH",https://wa.me/972524033442?text=%D9%85%D8%B1%D8%AD%D8%A8%D8%A7%D8%8C%20%D8%A3%D8%B1%D9%8A%D8%AF%20%D8%B7%D9%84%D8%A8%20%D8%A7%D9%84%D9%85%D9%86%D8%AA%D8%AC%20TURKISH%20BATH,https://madperfume.ps/?app=product.show.596,https://www.mad-parfumeur.com/respondio-catalog/og/ar/p-596-turkish-bath.jpg?v=20260731-4,https://madperfume.ps/upload/04-2025/product/mad-turkish-bath-250-ml-luks-oda-sprey-acdd-9.webp
ar,DEREAM BOUQET,DEREAM BOUQET,معطر الجو 250 مل جديد,35,https://www.mad-parfumeur.com/respondio-catalog/wa/ar/p-597-deream-bouqet.html?v=20260731-4,https://www.mad-parfumeur.com/respondio-catalog/media/ar/p-597-deream-bouqet.jpg?v=20260731-4,"DEREAM BOUQET
الكود: DEREAM BOUQET
السعر: 35 ILS
عودة للمراسلة: https://wa.me/972524033442?text=%D9%85%D8%B1%D8%AD%D8%A8%D8%A7%D8%8C%20%D8%A3%D8%B1%D9%8A%D8%AF%20%D8%B7%D9%84%D8%A8%20%D8%A7%D9%84%D9%85%D9%86%D8%AA%D8%AC%20DEREAM%20BOUQET",https://wa.me/972524033442?text=%D9%85%D8%B1%D8%AD%D8%A8%D8%A7%D8%8C%20%D8%A3%D8%B1%D9%8A%D8%AF%20%D8%B7%D9%84%D8%A8%20%D8%A7%D9%84%D9%85%D9%86%D8%AA%D8%AC%20DEREAM%20BOUQET,https://madperfume.ps/?app=product.show.597,https://www.mad-parfumeur.com/respondio-catalog/og/ar/p-597-deream-bouqet.jpg?v=20260731-4,https://madperfume.ps/upload/04-2025/product/mad-dream-bouquet-250-ml-luks-oda-spre-3d8abc.webp
ar,MONA ROSA,MONA ROSA,معطر الجو 250 مل جديد,35,https://www.mad-parfumeur.com/respondio-catalog/wa/ar/p-598-mona-rosa.html?v=20260731-4,https://www.mad-parfumeur.com/respondio-catalog/media/ar/p-598-mona-rosa.jpg?v=20260731-4,"MONA ROSA
الكود: MONA ROSA
السعر: 35 ILS
عودة للمراسلة: https://wa.me/972524033442?text=%D9%85%D8%B1%D8%AD%D8%A8%D8%A7%D8%8C%20%D8%A3%D8%B1%D9%8A%D8%AF%20%D8%B7%D9%84%D8%A8%20%D8%A7%D9%84%D9%85%D9%86%D8%AA%D8%AC%20MONA%20ROSA",https://wa.me/972524033442?text=%D9%85%D8%B1%D8%AD%D8%A8%D8%A7%D8%8C%20%D8%A3%D8%B1%D9%8A%D8%AF%20%D8%B7%D9%84%D8%A8%20%D8%A7%D9%84%D9%85%D9%86%D8%AA%D8%AC%20MONA%20ROSA,https://madperfume.ps/?app=product.show.598,https://www.mad-parfumeur.com/respondio-catalog/og/ar/p-598-mona-rosa.jpg?v=20260731-4,https://madperfume.ps/upload/04-2025/product/mad-mona-rosa-250-ml-luks-oda-spreyi25-2-185c.webp
ar,RAIN FORREST,RAIN FORREST,معطر الجو 250 مل جديد,35,https://www.mad-parfumeur.com/respondio-catalog/wa/ar/p-599-rain-forrest.html?v=20260731-4,https://www.mad-parfumeur.com/respondio-catalog/media/ar/p-599-rain-forrest.jpg?v=20260731-4,"RAIN FORREST
الكود: RAIN FORREST
السعر: 35 ILS
عودة للمراسلة: https://wa.me/972524033442?text=%D9%85%D8%B1%D8%AD%D8%A8%D8%A7%D8%8C%20%D8%A3%D8%B1%D9%8A%D8%AF%20%D8%B7%D9%84%D8%A8%20%D8%A7%D9%84%D9%85%D9%86%D8%AA%D8%AC%20RAIN%20FORREST",https://wa.me/972524033442?text=%D9%85%D8%B1%D8%AD%D8%A8%D8%A7%D8%8C%20%D8%A3%D8%B1%D9%8A%D8%AF%20%D8%B7%D9%84%D8%A8%20%D8%A7%D9%84%D9%85%D9%86%D8%AA%D8%AC%20RAIN%20FORREST,https://madperfume.ps/?app=product.show.599,https://www.mad-parfumeur.com/respondio-catalog/og/ar/p-599-rain-forrest.jpg?v=20260731-4,https://madperfume.ps/upload/04-2025/product/mad-rain-forest-250-ml-luks-oda-spreyi-338-d0.webp
ar,PURE NATURAL,PURE NATURAL,معطر الجو 250 مل جديد,35,https://www.mad-parfumeur.com/respondio-catalog/wa/ar/p-600-pure-natural.html?v=20260731-4,https://www.mad-parfumeur.com/respondio-catalog/media/ar/p-600-pure-natural.jpg?v=20260731-4,"PURE NATURAL
الكود: PURE NATURAL
السعر: 35 ILS
عودة للمراسلة: https://wa.me/972524033442?text=%D9%85%D8%B1%D8%AD%D8%A8%D8%A7%D8%8C%20%D8%A3%D8%B1%D9%8A%D8%AF%20%D8%B7%D9%84%D8%A8%20%D8%A7%D9%84%D9%85%D9%86%D8%AA%D8%AC%20PURE%20NATURAL",https://wa.me/972524033442?text=%D9%85%D8%B1%D8%AD%D8%A8%D8%A7%D8%8C%20%D8%A3%D8%B1%D9%8A%D8%AF%20%D8%B7%D9%84%D8%A8%20%D8%A7%D9%84%D9%85%D9%86%D8%AA%D8%AC%20PURE%20NATURAL,https://madperfume.ps/?app=product.show.600,https://www.mad-parfumeur.com/respondio-catalog/og/ar/p-600-pure-natural.jpg?v=20260731-4,https://madperfume.ps/upload/04-2025/product/mad-pure-natural-250-ml-luks-oda-sprey-86f4b5.webp
ar,HIPONYTZYA,HIPONYTZYA,معطر الجو 250 مل جديد,35,https://www.mad-parfumeur.com/respondio-catalog/wa/ar/p-601-hiponytzya.html?v=20260731-4,https://www.mad-parfumeur.com/respondio-catalog/media/ar/p-601-hiponytzya.jpg?v=20260731-4,"HIPONYTZYA
الكود: HIPONYTZYA
السعر: 35 ILS
عودة للمراسلة: https://wa.me/972524033442?text=%D9%85%D8%B1%D8%AD%D8%A8%D8%A7%D8%8C%20%D8%A3%D8%B1%D9%8A%D8%AF%20%D8%B7%D9%84%D8%A8%20%D8%A7%D9%84%D9%85%D9%86%D8%AA%D8%AC%20HIPONYTZYA",https://wa.me/972524033442?text=%D9%85%D8%B1%D8%AD%D8%A8%D8%A7%D8%8C%20%D8%A3%D8%B1%D9%8A%D8%AF%20%D8%B7%D9%84%D8%A8%20%D8%A7%D9%84%D9%85%D9%86%D8%AA%D8%AC%20HIPONYTZYA,https://madperfume.ps/?app=product.show.601,https://www.mad-parfumeur.com/respondio-catalog/og/ar/p-601-hiponytzya.jpg?v=20260731-4,https://madperfume.ps/upload/04-2025/product/mad-hipnotizya-250-ml-luks-oda-spreyi2-78c183.webp
ar,B107 women,Goddess – من Burberry,عطور النساء,100,https://www.mad-parfumeur.com/respondio-catalog/wa/ar/p-602-b107-women.html?v=20260731-4,https://www.mad-parfumeur.com/respondio-catalog/media/ar/p-602-b107-women.jpg?v=20260731-4,"Goddess – من Burberry
الكود: B107 women
السعر: 100 ILS
عودة للمراسلة: https://wa.me/972524033442?text=%D9%85%D8%B1%D8%AD%D8%A8%D8%A7%D8%8C%20%D8%A3%D8%B1%D9%8A%D8%AF%20%D8%B7%D9%84%D8%A8%20%D8%A7%D9%84%D9%85%D9%86%D8%AA%D8%AC%20B107%20women",https://wa.me/972524033442?text=%D9%85%D8%B1%D8%AD%D8%A8%D8%A7%D8%8C%20%D8%A3%D8%B1%D9%8A%D8%AF%20%D8%B7%D9%84%D8%A8%20%D8%A7%D9%84%D9%85%D9%86%D8%AA%D8%AC%20B107%20women,https://madperfume.ps/?app=product.show.602,https://www.mad-parfumeur.com/respondio-catalog/og/ar/p-602-b107-women.jpg?v=20260731-4,https://madperfume.ps/upload/01-2026/product/697bdd71a69fd.png
ar,C114,Euphoria Men – Calvin Klein,عطور الرجال,100,https://www.mad-parfumeur.com/respondio-catalog/wa/ar/p-603-c114.html?v=20260731-4,https://www.mad-parfumeur.com/respondio-catalog/media/ar/p-603-c114.jpg?v=20260731-4,"Euphoria Men – Calvin Klein
الكود: C114
السعر: 100 ILS
عودة للمراسلة: https://wa.me/972524033442?text=%D9%85%D8%B1%D8%AD%D8%A8%D8%A7%D8%8C%20%D8%A3%D8%B1%D9%8A%D8%AF%20%D8%B7%D9%84%D8%A8%20%D8%A7%D9%84%D9%85%D9%86%D8%AA%D8%AC%20C114",https://wa.me/972524033442?text=%D9%85%D8%B1%D8%AD%D8%A8%D8%A7%D8%8C%20%D8%A3%D8%B1%D9%8A%D8%AF%20%D8%B7%D9%84%D8%A8%20%D8%A7%D9%84%D9%85%D9%86%D8%AA%D8%AC%20C114,https://madperfume.ps/?app=product.show.603,https://www.mad-parfumeur.com/respondio-catalog/og/ar/p-603-c114.jpg?v=20260731-4,https://madperfume.ps/upload/01-2026/product/697d044fdcb3d.png
ar,H102,H24 – Hermès,عطور الرجال,100,https://www.mad-parfumeur.com/respondio-catalog/wa/ar/p-604-h102.html?v=20260731-4,https://www.mad-parfumeur.com/respondio-catalog/media/ar/p-604-h102.jpg?v=20260731-4,"H24 – Hermès
الكود: H102
السعر: 100 ILS
عودة للمراسلة: https://wa.me/972524033442?text=%D9%85%D8%B1%D8%AD%D8%A8%D8%A7%D8%8C%20%D8%A3%D8%B1%D9%8A%D8%AF%20%D8%B7%D9%84%D8%A8%20%D8%A7%D9%84%D9%85%D9%86%D8%AA%D8%AC%20H102",https://wa.me/972524033442?text=%D9%85%D8%B1%D8%AD%D8%A8%D8%A7%D8%8C%20%D8%A3%D8%B1%D9%8A%D8%AF%20%D8%B7%D9%84%D8%A8%20%D8%A7%D9%84%D9%85%D9%86%D8%AA%D8%AC%20H102,https://madperfume.ps/?app=product.show.604,https://www.mad-parfumeur.com/respondio-catalog/og/ar/p-604-h102.jpg?v=20260731-4,https://madperfume.ps/upload/03-2026/product/7548A855-9ABC-49FA-BF59-A4B2189848FE.png
ar,COFFEE BISQUIT,جديد,شموع,80,https://www.mad-parfumeur.com/respondio-catalog/wa/ar/p-605-coffee-bisquit.html?v=20260731-4,https://www.mad-parfumeur.com/respondio-catalog/media/ar/p-605-coffee-bisquit.jpg?v=20260731-4,"جديد
الكود: COFFEE BISQUIT
السعر: 80 ILS
عودة للمراسلة: https://wa.me/972524033442?text=%D9%85%D8%B1%D8%AD%D8%A8%D8%A7%D8%8C%20%D8%A3%D8%B1%D9%8A%D8%AF%20%D8%B7%D9%84%D8%A8%20%D8%A7%D9%84%D9%85%D9%86%D8%AA%D8%AC%20COFFEE%20BISQUIT",https://wa.me/972524033442?text=%D9%85%D8%B1%D8%AD%D8%A8%D8%A7%D8%8C%20%D8%A3%D8%B1%D9%8A%D8%AF%20%D8%B7%D9%84%D8%A8%20%D8%A7%D9%84%D9%85%D9%86%D8%AA%D8%AC%20COFFEE%20BISQUIT,https://madperfume.ps/?app=product.show.605,https://www.mad-parfumeur.com/respondio-catalog/og/ar/p-605-coffee-bisquit.jpg?v=20260731-4,https://madperfume.ps/upload/04-2025/product/mad-coffee-biscuit-200-gr-mum-cam-bard-cae02a.webp
ar,WIZARD,جديد,شموع,80,https://www.mad-parfumeur.com/respondio-catalog/wa/ar/p-606-wizard.html?v=20260731-4,https://www.mad-parfumeur.com/respondio-catalog/media/ar/p-606-wizard.jpg?v=20260731-4,"جديد
الكود: WIZARD
السعر: 80 ILS
عودة للمراسلة: https://wa.me/972524033442?text=%D9%85%D8%B1%D8%AD%D8%A8%D8%A7%D8%8C%20%D8%A3%D8%B1%D9%8A%D8%AF%20%D8%B7%D9%84%D8%A8%20%D8%A7%D9%84%D9%85%D9%86%D8%AA%D8%AC%20WIZARD",https://wa.me/972524033442?text=%D9%85%D8%B1%D8%AD%D8%A8%D8%A7%D8%8C%20%D8%A3%D8%B1%D9%8A%D8%AF%20%D8%B7%D9%84%D8%A8%20%D8%A7%D9%84%D9%85%D9%86%D8%AA%D8%AC%20WIZARD,https://madperfume.ps/?app=product.show.606,https://www.mad-parfumeur.com/respondio-catalog/og/ar/p-606-wizard.jpg?v=20260731-4,https://madperfume.ps/upload/04-2025/product/mad-wizard-200-gr-mum-cam-bardak200-gr-b-48e1.webp
ar,SUMMER TIME,جديد,شموع,80,https://www.mad-parfumeur.com/respondio-catalog/wa/ar/p-607-summer-time.html?v=20260731-4,https://www.mad-parfumeur.com/respondio-catalog/media/ar/p-607-summer-time.jpg?v=20260731-4,"جديد
الكود: SUMMER TIME
السعر: 80 ILS
عودة للمراسلة: https://wa.me/972524033442?text=%D9%85%D8%B1%D8%AD%D8%A8%D8%A7%D8%8C%20%D8%A3%D8%B1%D9%8A%D8%AF%20%D8%B7%D9%84%D8%A8%20%D8%A7%D9%84%D9%85%D9%86%D8%AA%D8%AC%20SUMMER%20TIME",https://wa.me/972524033442?text=%D9%85%D8%B1%D8%AD%D8%A8%D8%A7%D8%8C%20%D8%A3%D8%B1%D9%8A%D8%AF%20%D8%B7%D9%84%D8%A8%20%D8%A7%D9%84%D9%85%D9%86%D8%AA%D8%AC%20SUMMER%20TIME,https://madperfume.ps/?app=product.show.607,https://www.mad-parfumeur.com/respondio-catalog/og/ar/p-607-summer-time.jpg?v=20260731-4,https://madperfume.ps/upload/04-2025/product/Summer-Time1-r.jpg
ar,SUN SHINE,جديد,شموع,80,https://www.mad-parfumeur.com/respondio-catalog/wa/ar/p-608-sun-shine.html?v=20260731-4,https://www.mad-parfumeur.com/respondio-catalog/media/ar/p-608-sun-shine.jpg?v=20260731-4,"جديد
الكود: SUN SHINE
السعر: 80 ILS
عودة للمراسلة: https://wa.me/972524033442?text=%D9%85%D8%B1%D8%AD%D8%A8%D8%A7%D8%8C%20%D8%A3%D8%B1%D9%8A%D8%AF%20%D8%B7%D9%84%D8%A8%20%D8%A7%D9%84%D9%85%D9%86%D8%AA%D8%AC%20SUN%20SHINE",https://wa.me/972524033442?text=%D9%85%D8%B1%D8%AD%D8%A8%D8%A7%D8%8C%20%D8%A3%D8%B1%D9%8A%D8%AF%20%D8%B7%D9%84%D8%A8%20%D8%A7%D9%84%D9%85%D9%86%D8%AA%D8%AC%20SUN%20SHINE,https://madperfume.ps/?app=product.show.608,https://www.mad-parfumeur.com/respondio-catalog/og/ar/p-608-sun-shine.jpg?v=20260731-4,https://madperfume.ps/upload/04-2025/product/mad-sunshine-200-gr-mum-cam-bardak200--b7c-19.webp
ar,WINTER TALE,جديد,شموع,80,https://www.mad-parfumeur.com/respondio-catalog/wa/ar/p-609-winter-tale.html?v=20260731-4,https://www.mad-parfumeur.com/respondio-catalog/media/ar/p-609-winter-tale.jpg?v=20260731-4,"جديد
الكود: WINTER TALE
السعر: 80 ILS
عودة للمراسلة: https://wa.me/972524033442?text=%D9%85%D8%B1%D8%AD%D8%A8%D8%A7%D8%8C%20%D8%A3%D8%B1%D9%8A%D8%AF%20%D8%B7%D9%84%D8%A8%20%D8%A7%D9%84%D9%85%D9%86%D8%AA%D8%AC%20WINTER%20TALE",https://wa.me/972524033442?text=%D9%85%D8%B1%D8%AD%D8%A8%D8%A7%D8%8C%20%D8%A3%D8%B1%D9%8A%D8%AF%20%D8%B7%D9%84%D8%A8%20%D8%A7%D9%84%D9%85%D9%86%D8%AA%D8%AC%20WINTER%20TALE,https://madperfume.ps/?app=product.show.609,https://www.mad-parfumeur.com/respondio-catalog/og/ar/p-609-winter-tale.jpg?v=20260731-4,https://madperfume.ps/upload/04-2025/product/Winter-Tale1-r-1.jpg
ar,SPRING,جديد,شموع,80,https://www.mad-parfumeur.com/respondio-catalog/wa/ar/p-610-spring.html?v=20260731-4,https://www.mad-parfumeur.com/respondio-catalog/media/ar/p-610-spring.jpg?v=20260731-4,"جديد
الكود: SPRING
السعر: 80 ILS
عودة للمراسلة: https://wa.me/972524033442?text=%D9%85%D8%B1%D8%AD%D8%A8%D8%A7%D8%8C%20%D8%A3%D8%B1%D9%8A%D8%AF%20%D8%B7%D9%84%D8%A8%20%D8%A7%D9%84%D9%85%D9%86%D8%AA%D8%AC%20SPRING",https://wa.me/972524033442?text=%D9%85%D8%B1%D8%AD%D8%A8%D8%A7%D8%8C%20%D8%A3%D8%B1%D9%8A%D8%AF%20%D8%B7%D9%84%D8%A8%20%D8%A7%D9%84%D9%85%D9%86%D8%AA%D8%AC%20SPRING,https://madperfume.ps/?app=product.show.610,https://www.mad-parfumeur.com/respondio-catalog/og/ar/p-610-spring.jpg?v=20260731-4,https://madperfume.ps/upload/04-2025/product/spring.jpg
ar,AUTUMN WIND,جديد,شموع,80,https://www.mad-parfumeur.com/respondio-catalog/wa/ar/p-611-autumn-wind.html?v=20260731-4,https://www.mad-parfumeur.com/respondio-catalog/media/ar/p-611-autumn-wind.jpg?v=20260731-4,"جديد
الكود: AUTUMN WIND
السعر: 80 ILS
عودة للمراسلة: https://wa.me/972524033442?text=%D9%85%D8%B1%D8%AD%D8%A8%D8%A7%D8%8C%20%D8%A3%D8%B1%D9%8A%D8%AF%20%D8%B7%D9%84%D8%A8%20%D8%A7%D9%84%D9%85%D9%86%D8%AA%D8%AC%20AUTUMN%20WIND",https://wa.me/972524033442?text=%D9%85%D8%B1%D8%AD%D8%A8%D8%A7%D8%8C%20%D8%A3%D8%B1%D9%8A%D8%AF%20%D8%B7%D9%84%D8%A8%20%D8%A7%D9%84%D9%85%D9%86%D8%AA%D8%AC%20AUTUMN%20WIND,https://madperfume.ps/?app=product.show.611,https://www.mad-parfumeur.com/respondio-catalog/og/ar/p-611-autumn-wind.jpg?v=20260731-4,https://madperfume.ps/upload/04-2025/product/AUTUMN.jpg
ar,SPICY APPLE,جديد,شموع,80,https://www.mad-parfumeur.com/respondio-catalog/wa/ar/p-612-spicy-apple.html?v=20260731-4,https://www.mad-parfumeur.com/respondio-catalog/media/ar/p-612-spicy-apple.jpg?v=20260731-4,"جديد
الكود: SPICY APPLE
السعر: 80 ILS
عودة للمراسلة: https://wa.me/972524033442?text=%D9%85%D8%B1%D8%AD%D8%A8%D8%A7%D8%8C%20%D8%A3%D8%B1%D9%8A%D8%AF%20%D8%B7%D9%84%D8%A8%20%D8%A7%D9%84%D9%85%D9%86%D8%AA%D8%AC%20SPICY%20APPLE",https://wa.me/972524033442?text=%D9%85%D8%B1%D8%AD%D8%A8%D8%A7%D8%8C%20%D8%A3%D8%B1%D9%8A%D8%AF%20%D8%B7%D9%84%D8%A8%20%D8%A7%D9%84%D9%85%D9%86%D8%AA%D8%AC%20SPICY%20APPLE,https://madperfume.ps/?app=product.show.612,https://www.mad-parfumeur.com/respondio-catalog/og/ar/p-612-spicy-apple.jpg?v=20260731-4,https://madperfume.ps/upload/04-2025/product/mad-spicy-apple-200-gr-mum200-gr-3e3-ad.webp
ar,VANILLA CARNIVAL,جديد,شموع,80,https://www.mad-parfumeur.com/respondio-catalog/wa/ar/p-613-vanilla-carnival.html?v=20260731-4,https://www.mad-parfumeur.com/respondio-catalog/media/ar/p-613-vanilla-carnival.jpg?v=20260731-4,"جديد
الكود: VANILLA CARNIVAL
السعر: 80 ILS
عودة للمراسلة: https://wa.me/972524033442?text=%D9%85%D8%B1%D8%AD%D8%A8%D8%A7%D8%8C%20%D8%A3%D8%B1%D9%8A%D8%AF%20%D8%B7%D9%84%D8%A8%20%D8%A7%D9%84%D9%85%D9%86%D8%AA%D8%AC%20VANILLA%20CARNIVAL",https://wa.me/972524033442?text=%D9%85%D8%B1%D8%AD%D8%A8%D8%A7%D8%8C%20%D8%A3%D8%B1%D9%8A%D8%AF%20%D8%B7%D9%84%D8%A8%20%D8%A7%D9%84%D9%85%D9%86%D8%AA%D8%AC%20VANILLA%20CARNIVAL,https://madperfume.ps/?app=product.show.613,https://www.mad-parfumeur.com/respondio-catalog/og/ar/p-613-vanilla-carnival.jpg?v=20260731-4,https://madperfume.ps/upload/04-2025/product/mad-vanilla-carnaval-200-gr-mum200-gr--fdbb-.webp
ar,Dependece,Barakkat Rouge 540 Extrait de Parfum Fragrance,عطور النيش الرجاليه,190,https://www.mad-parfumeur.com/respondio-catalog/wa/ar/p-614-dependece.html?v=20260731-4,https://www.mad-parfumeur.com/respondio-catalog/media/ar/p-614-dependece.jpg?v=20260731-4,"Barakkat Rouge 540 Extrait de Parfum Fragrance
الكود: Dependece
السعر: 190 ILS
عودة للمراسلة: https://wa.me/972524033442?text=%D9%85%D8%B1%D8%AD%D8%A8%D8%A7%D8%8C%20%D8%A3%D8%B1%D9%8A%D8%AF%20%D8%B7%D9%84%D8%A8%20%D8%A7%D9%84%D9%85%D9%86%D8%AA%D8%AC%20Dependece",https://wa.me/972524033442?text=%D9%85%D8%B1%D8%AD%D8%A8%D8%A7%D8%8C%20%D8%A3%D8%B1%D9%8A%D8%AF%20%D8%B7%D9%84%D8%A8%20%D8%A7%D9%84%D9%85%D9%86%D8%AA%D8%AC%20Dependece,https://madperfume.ps/?app=product.show.614,https://www.mad-parfumeur.com/respondio-catalog/og/ar/p-614-dependece.jpg?v=20260731-4,https://madperfume.ps/upload/03-2026/product/IMG_0300.jpeg
ar,DRACO,Gris Charnel Extrait BDK Parfums,عطور النيش الرجاليه,350,https://www.mad-parfumeur.com/respondio-catalog/wa/ar/p-619-draco.html?v=20260731-4,https://www.mad-parfumeur.com/respondio-catalog/media/ar/p-619-draco.jpg?v=20260731-4,"Gris Charnel Extrait BDK Parfums
الكود: DRACO
السعر: 350 ILS
عودة للمراسلة: https://wa.me/972524033442?text=%D9%85%D8%B1%D8%AD%D8%A8%D8%A7%D8%8C%20%D8%A3%D8%B1%D9%8A%D8%AF%20%D8%B7%D9%84%D8%A8%20%D8%A7%D9%84%D9%85%D9%86%D8%AA%D8%AC%20DRACO",https://wa.me/972524033442?text=%D9%85%D8%B1%D8%AD%D8%A8%D8%A7%D8%8C%20%D8%A3%D8%B1%D9%8A%D8%AF%20%D8%B7%D9%84%D8%A8%20%D8%A7%D9%84%D9%85%D9%86%D8%AA%D8%AC%20DRACO,https://madperfume.ps/?app=product.show.619,https://www.mad-parfumeur.com/respondio-catalog/og/ar/p-619-draco.jpg?v=20260731-4,https://madperfume.ps/upload/03-2026/product/IMG_0325.jpeg
ar,B105,Burberry Her Elixir de Parfum,عطور النساء,100,https://www.mad-parfumeur.com/respondio-catalog/wa/ar/p-625-b105.html?v=20260731-4,https://www.mad-parfumeur.com/respondio-catalog/media/ar/p-625-b105.jpg?v=20260731-4,"Burberry Her Elixir de Parfum
الكود: B105
السعر: 100 ILS
عودة للمراسلة: https://wa.me/972524033442?text=%D9%85%D8%B1%D8%AD%D8%A8%D8%A7%D8%8C%20%D8%A3%D8%B1%D9%8A%D8%AF%20%D8%B7%D9%84%D8%A8%20%D8%A7%D9%84%D9%85%D9%86%D8%AA%D8%AC%20B105",https://wa.me/972524033442?text=%D9%85%D8%B1%D8%AD%D8%A8%D8%A7%D8%8C%20%D8%A3%D8%B1%D9%8A%D8%AF%20%D8%B7%D9%84%D8%A8%20%D8%A7%D9%84%D9%85%D9%86%D8%AA%D8%AC%20B105,https://madperfume.ps/?app=product.show.625,https://www.mad-parfumeur.com/respondio-catalog/og/ar/p-625-b105.jpg?v=20260731-4,https://madperfume.ps/upload/01-2026/product/697d081c50e5e.png
ar,E117,Escada Magnetism,عطور النساء,100,https://www.mad-parfumeur.com/respondio-catalog/wa/ar/p-626-e117.html?v=20260731-4,https://www.mad-parfumeur.com/respondio-catalog/media/ar/p-626-e117.jpg?v=20260731-4,"Escada Magnetism
الكود: E117
السعر: 100 ILS
عودة للمراسلة: https://wa.me/972524033442?text=%D9%85%D8%B1%D8%AD%D8%A8%D8%A7%D8%8C%20%D8%A3%D8%B1%D9%8A%D8%AF%20%D8%B7%D9%84%D8%A8%20%D8%A7%D9%84%D9%85%D9%86%D8%AA%D8%AC%20E117",https://wa.me/972524033442?text=%D9%85%D8%B1%D8%AD%D8%A8%D8%A7%D8%8C%20%D8%A3%D8%B1%D9%8A%D8%AF%20%D8%B7%D9%84%D8%A8%20%D8%A7%D9%84%D9%85%D9%86%D8%AA%D8%AC%20E117,https://madperfume.ps/?app=product.show.626,https://www.mad-parfumeur.com/respondio-catalog/og/ar/p-626-e117.jpg?v=20260731-4,https://madperfume.ps/upload/01-2026/product/697e4d61ef526.png
ar,J106,Divine Le Parfum,عطور النساء,100,https://www.mad-parfumeur.com/respondio-catalog/wa/ar/p-627-j106.html?v=20260731-4,https://www.mad-parfumeur.com/respondio-catalog/media/ar/p-627-j106.jpg?v=20260731-4,"Divine Le Parfum
الكود: J106
السعر: 100 ILS
عودة للمراسلة: https://wa.me/972524033442?text=%D9%85%D8%B1%D8%AD%D8%A8%D8%A7%D8%8C%20%D8%A3%D8%B1%D9%8A%D8%AF%20%D8%B7%D9%84%D8%A8%20%D8%A7%D9%84%D9%85%D9%86%D8%AA%D8%AC%20J106",https://wa.me/972524033442?text=%D9%85%D8%B1%D8%AD%D8%A8%D8%A7%D8%8C%20%D8%A3%D8%B1%D9%8A%D8%AF%20%D8%B7%D9%84%D8%A8%20%D8%A7%D9%84%D9%85%D9%86%D8%AA%D8%AC%20J106,https://madperfume.ps/?app=product.show.627,https://www.mad-parfumeur.com/respondio-catalog/og/ar/p-627-j106.jpg?v=20260731-4,https://madperfume.ps/upload/01-2026/product/697e429e9a46d.png
ar,D101,Divine Le Parfum,عطور النساء,100,https://www.mad-parfumeur.com/respondio-catalog/wa/ar/p-628-d101.html?v=20260731-4,https://www.mad-parfumeur.com/respondio-catalog/media/ar/p-628-d101.jpg?v=20260731-4,"Divine Le Parfum
الكود: D101
السعر: 100 ILS
عودة للمراسلة: https://wa.me/972524033442?text=%D9%85%D8%B1%D8%AD%D8%A8%D8%A7%D8%8C%20%D8%A3%D8%B1%D9%8A%D8%AF%20%D8%B7%D9%84%D8%A8%20%D8%A7%D9%84%D9%85%D9%86%D8%AA%D8%AC%20D101",https://wa.me/972524033442?text=%D9%85%D8%B1%D8%AD%D8%A8%D8%A7%D8%8C%20%D8%A3%D8%B1%D9%8A%D8%AF%20%D8%B7%D9%84%D8%A8%20%D8%A7%D9%84%D9%85%D9%86%D8%AA%D8%AC%20D101,https://madperfume.ps/?app=product.show.628,https://www.mad-parfumeur.com/respondio-catalog/og/ar/p-628-d101.jpg?v=20260731-4,https://madperfume.ps/upload/06-2025/product/204.png
ar,L113,Lacoste Pour Femme,عطور النساء,100,https://www.mad-parfumeur.com/respondio-catalog/wa/ar/p-630-l113.html?v=20260731-4,https://www.mad-parfumeur.com/respondio-catalog/media/ar/p-630-l113.jpg?v=20260731-4,"Lacoste Pour Femme
الكود: L113
السعر: 100 ILS
عودة للمراسلة: https://wa.me/972524033442?text=%D9%85%D8%B1%D8%AD%D8%A8%D8%A7%D8%8C%20%D8%A3%D8%B1%D9%8A%D8%AF%20%D8%B7%D9%84%D8%A8%20%D8%A7%D9%84%D9%85%D9%86%D8%AA%D8%AC%20L113",https://wa.me/972524033442?text=%D9%85%D8%B1%D8%AD%D8%A8%D8%A7%D8%8C%20%D8%A3%D8%B1%D9%8A%D8%AF%20%D8%B7%D9%84%D8%A8%20%D8%A7%D9%84%D9%85%D9%86%D8%AA%D8%AC%20L113,https://madperfume.ps/?app=product.show.630,https://www.mad-parfumeur.com/respondio-catalog/og/ar/p-630-l113.jpg?v=20260731-4,https://madperfume.ps/upload/01-2026/product/697e39e96ef21.png
ar,W212,Sexy Amber,عطور النساء,100,https://www.mad-parfumeur.com/respondio-catalog/wa/ar/p-631-w212.html?v=20260731-4,https://www.mad-parfumeur.com/respondio-catalog/media/ar/p-631-w212.jpg?v=20260731-4,"Sexy Amber
الكود: W212
السعر: 100 ILS
عودة للمراسلة: https://wa.me/972524033442?text=%D9%85%D8%B1%D8%AD%D8%A8%D8%A7%D8%8C%20%D8%A3%D8%B1%D9%8A%D8%AF%20%D8%B7%D9%84%D8%A8%20%D8%A7%D9%84%D9%85%D9%86%D8%AA%D8%AC%20W212",https://wa.me/972524033442?text=%D9%85%D8%B1%D8%AD%D8%A8%D8%A7%D8%8C%20%D8%A3%D8%B1%D9%8A%D8%AF%20%D8%B7%D9%84%D8%A8%20%D8%A7%D9%84%D9%85%D9%86%D8%AA%D8%AC%20W212,https://madperfume.ps/?app=product.show.631,https://www.mad-parfumeur.com/respondio-catalog/og/ar/p-631-w212.jpg?v=20260731-4,https://madperfume.ps/upload/02-2026/product/697e7b664072d.png
ar,M109,Armani Mania,عطور النساء,100,https://www.mad-parfumeur.com/respondio-catalog/wa/ar/p-632-m109.html?v=20260731-4,https://www.mad-parfumeur.com/respondio-catalog/media/ar/p-632-m109.jpg?v=20260731-4,"Armani Mania
الكود: M109
السعر: 100 ILS
عودة للمراسلة: https://wa.me/972524033442?text=%D9%85%D8%B1%D8%AD%D8%A8%D8%A7%D8%8C%20%D8%A3%D8%B1%D9%8A%D8%AF%20%D8%B7%D9%84%D8%A8%20%D8%A7%D9%84%D9%85%D9%86%D8%AA%D8%AC%20M109",https://wa.me/972524033442?text=%D9%85%D8%B1%D8%AD%D8%A8%D8%A7%D8%8C%20%D8%A3%D8%B1%D9%8A%D8%AF%20%D8%B7%D9%84%D8%A8%20%D8%A7%D9%84%D9%85%D9%86%D8%AA%D8%AC%20M109,https://madperfume.ps/?app=product.show.632,https://www.mad-parfumeur.com/respondio-catalog/og/ar/p-632-m109.jpg?v=20260731-4,https://madperfume.ps/upload/06-2025/product/176 (1).png
ar,G101 women,Envy Me,عطور النساء,100,https://www.mad-parfumeur.com/respondio-catalog/wa/ar/p-633-g101-women.html?v=20260731-4,https://www.mad-parfumeur.com/respondio-catalog/media/ar/p-633-g101-women.jpg?v=20260731-4,"Envy Me
الكود: G101 women
السعر: 100 ILS
عودة للمراسلة: https://wa.me/972524033442?text=%D9%85%D8%B1%D8%AD%D8%A8%D8%A7%D8%8C%20%D8%A3%D8%B1%D9%8A%D8%AF%20%D8%B7%D9%84%D8%A8%20%D8%A7%D9%84%D9%85%D9%86%D8%AA%D8%AC%20G101%20women",https://wa.me/972524033442?text=%D9%85%D8%B1%D8%AD%D8%A8%D8%A7%D8%8C%20%D8%A3%D8%B1%D9%8A%D8%AF%20%D8%B7%D9%84%D8%A8%20%D8%A7%D9%84%D9%85%D9%86%D8%AA%D8%AC%20G101%20women,https://madperfume.ps/?app=product.show.633,https://www.mad-parfumeur.com/respondio-catalog/og/ar/p-633-g101-women.jpg?v=20260731-4,https://madperfume.ps/upload/06-2025/product/136 (1).png
ar,L111,Lolita Lempicka Eau de Parfum,عطور النساء,100,https://www.mad-parfumeur.com/respondio-catalog/wa/ar/p-634-l111.html?v=20260731-4,https://www.mad-parfumeur.com/respondio-catalog/media/ar/p-634-l111.jpg?v=20260731-4,"Lolita Lempicka Eau de Parfum
الكود: L111
السعر: 100 ILS
عودة للمراسلة: https://wa.me/972524033442?text=%D9%85%D8%B1%D8%AD%D8%A8%D8%A7%D8%8C%20%D8%A3%D8%B1%D9%8A%D8%AF%20%D8%B7%D9%84%D8%A8%20%D8%A7%D9%84%D9%85%D9%86%D8%AA%D8%AC%20L111",https://wa.me/972524033442?text=%D9%85%D8%B1%D8%AD%D8%A8%D8%A7%D8%8C%20%D8%A3%D8%B1%D9%8A%D8%AF%20%D8%B7%D9%84%D8%A8%20%D8%A7%D9%84%D9%85%D9%86%D8%AA%D8%AC%20L111,https://madperfume.ps/?app=product.show.634,https://www.mad-parfumeur.com/respondio-catalog/og/ar/p-634-l111.jpg?v=20260731-4,https://madperfume.ps/upload/06-2025/product/197 (1).png
ar,K103,Flower by Kenzo Eau de Parfum,عطور النساء,100,https://www.mad-parfumeur.com/respondio-catalog/wa/ar/p-635-k103.html?v=20260731-4,https://www.mad-parfumeur.com/respondio-catalog/media/ar/p-635-k103.jpg?v=20260731-4,"Flower by Kenzo Eau de Parfum
الكود: K103
السعر: 100 ILS
عودة للمراسلة: https://wa.me/972524033442?text=%D9%85%D8%B1%D8%AD%D8%A8%D8%A7%D8%8C%20%D8%A3%D8%B1%D9%8A%D8%AF%20%D8%B7%D9%84%D8%A8%20%D8%A7%D9%84%D9%85%D9%86%D8%AA%D8%AC%20K103",https://wa.me/972524033442?text=%D9%85%D8%B1%D8%AD%D8%A8%D8%A7%D8%8C%20%D8%A3%D8%B1%D9%8A%D8%AF%20%D8%B7%D9%84%D8%A8%20%D8%A7%D9%84%D9%85%D9%86%D8%AA%D8%AC%20K103,https://madperfume.ps/?app=product.show.635,https://www.mad-parfumeur.com/respondio-catalog/og/ar/p-635-k103.jpg?v=20260731-4,https://madperfume.ps/upload/06-2025/product/178.png
ar,W183,Sexy Little Things Noir Tease Temptation,عطور النساء,100,https://www.mad-parfumeur.com/respondio-catalog/wa/ar/p-636-w183.html?v=20260731-4,https://www.mad-parfumeur.com/respondio-catalog/media/ar/p-636-w183.jpg?v=20260731-4,"Sexy Little Things Noir Tease Temptation
الكود: W183
السعر: 100 ILS
عودة للمراسلة: https://wa.me/972524033442?text=%D9%85%D8%B1%D8%AD%D8%A8%D8%A7%D8%8C%20%D8%A3%D8%B1%D9%8A%D8%AF%20%D8%B7%D9%84%D8%A8%20%D8%A7%D9%84%D9%85%D9%86%D8%AA%D8%AC%20W183",https://wa.me/972524033442?text=%D9%85%D8%B1%D8%AD%D8%A8%D8%A7%D8%8C%20%D8%A3%D8%B1%D9%8A%D8%AF%20%D8%B7%D9%84%D8%A8%20%D8%A7%D9%84%D9%85%D9%86%D8%AA%D8%AC%20W183,https://madperfume.ps/?app=product.show.636,https://www.mad-parfumeur.com/respondio-catalog/og/ar/p-636-w183.jpg?v=20260731-4,https://madperfume.ps/upload/01-2026/product/697e5569adb0c.png
ar,D110,Dior Homme Parfum,عطور الرجال,100,https://www.mad-parfumeur.com/respondio-catalog/wa/ar/p-638-d110.html?v=20260731-4,https://www.mad-parfumeur.com/respondio-catalog/media/ar/p-638-d110.jpg?v=20260731-4,"Dior Homme Parfum
الكود: D110
السعر: 100 ILS
عودة للمراسلة: https://wa.me/972524033442?text=%D9%85%D8%B1%D8%AD%D8%A8%D8%A7%D8%8C%20%D8%A3%D8%B1%D9%8A%D8%AF%20%D8%B7%D9%84%D8%A8%20%D8%A7%D9%84%D9%85%D9%86%D8%AA%D8%AC%20D110",https://wa.me/972524033442?text=%D9%85%D8%B1%D8%AD%D8%A8%D8%A7%D8%8C%20%D8%A3%D8%B1%D9%8A%D8%AF%20%D8%B7%D9%84%D8%A8%20%D8%A7%D9%84%D9%85%D9%86%D8%AA%D8%AC%20D110,https://madperfume.ps/?app=product.show.638,https://www.mad-parfumeur.com/respondio-catalog/og/ar/p-638-d110.jpg?v=20260731-4,https://madperfume.ps/upload/03-2026/product/CF33FC02-F76B-4B28-89E3-5F9C122B73DC.png
ar,معطر جو للسيارة ماد ميلون 7 مل,معطر جو للسيارة ماد ميلون 7 مل,عطور السياره,15,https://www.mad-parfumeur.com/respondio-catalog/wa/ar/p-640-7.html?v=20260731-4,https://www.mad-parfumeur.com/respondio-catalog/media/ar/p-640-7.jpg?v=20260731-4,"معطر جو للسيارة ماد ميلون 7 مل
الكود: معطر جو للسيارة ماد ميلون 7 مل
السعر: 15 ILS
عودة للمراسلة: https://wa.me/972524033442?text=%D9%85%D8%B1%D8%AD%D8%A8%D8%A7%D8%8C%20%D8%A3%D8%B1%D9%8A%D8%AF%20%D8%B7%D9%84%D8%A8%20%D8%A7%D9%84%D9%85%D9%86%D8%AA%D8%AC%20%D9%85%D8%B9%D8%B7%D8%B1%20%D8%AC%D9%88%20%D9%84%D9%84%D8%B3%D9%8A%D8%A7%D8%B1%D8%A9%20%D9%85%D8%A7%D8%AF%20%D9%85%D9%8A%D9%84%D9%88%D9%86%207%20%D9%85%D9%84",https://wa.me/972524033442?text=%D9%85%D8%B1%D8%AD%D8%A8%D8%A7%D8%8C%20%D8%A3%D8%B1%D9%8A%D8%AF%20%D8%B7%D9%84%D8%A8%20%D8%A7%D9%84%D9%85%D9%86%D8%AA%D8%AC%20%D9%85%D8%B9%D8%B7%D8%B1%20%D8%AC%D9%88%20%D9%84%D9%84%D8%B3%D9%8A%D8%A7%D8%B1%D8%A9%20%D9%85%D8%A7%D8%AF%20%D9%85%D9%8A%D9%84%D9%88%D9%86%207%20%D9%85%D9%84,https://madperfume.ps/?app=product.show.640,https://www.mad-parfumeur.com/respondio-catalog/og/ar/p-640-7.jpg?v=20260731-4,https://madperfume.ps/upload/06-2025/product/melon car.png
ar,معطر جو للسيارة ماد جود نايت 7 مل,معطر جو للسيارة ماد جود نايت 7 مل,عطور السياره,15,https://www.mad-parfumeur.com/respondio-catalog/wa/ar/p-641-7.html?v=20260731-4,https://www.mad-parfumeur.com/respondio-catalog/media/ar/p-641-7.jpg?v=20260731-4,"معطر جو للسيارة ماد جود نايت 7 مل
الكود: معطر جو للسيارة ماد جود نايت 7 مل
السعر: 15 ILS
عودة للمراسلة: https://wa.me/972524033442?text=%D9%85%D8%B1%D8%AD%D8%A8%D8%A7%D8%8C%20%D8%A3%D8%B1%D9%8A%D8%AF%20%D8%B7%D9%84%D8%A8%20%D8%A7%D9%84%D9%85%D9%86%D8%AA%D8%AC%20%D9%85%D8%B9%D8%B7%D8%B1%20%D8%AC%D9%88%20%D9%84%D9%84%D8%B3%D9%8A%D8%A7%D8%B1%D8%A9%20%D9%85%D8%A7%D8%AF%20%D8%AC%D9%88%D8%AF%20%D9%86%D8%A7%D9%8A%D8%AA%207%20%D9%85%D9%84",https://wa.me/972524033442?text=%D9%85%D8%B1%D8%AD%D8%A8%D8%A7%D8%8C%20%D8%A3%D8%B1%D9%8A%D8%AF%20%D8%B7%D9%84%D8%A8%20%D8%A7%D9%84%D9%85%D9%86%D8%AA%D8%AC%20%D9%85%D8%B9%D8%B7%D8%B1%20%D8%AC%D9%88%20%D9%84%D9%84%D8%B3%D9%8A%D8%A7%D8%B1%D8%A9%20%D9%85%D8%A7%D8%AF%20%D8%AC%D9%88%D8%AF%20%D9%86%D8%A7%D9%8A%D8%AA%207%20%D9%85%D9%84,https://madperfume.ps/?app=product.show.641,https://www.mad-parfumeur.com/respondio-catalog/og/ar/p-641-7.jpg?v=20260731-4,https://madperfume.ps/upload/06-2025/product/good night car.webp
ar,معطر جو للسيارة ماد مونا روزا 7 مل,معطر جو للسيارة ماد مونا روزا 7 مل,عطور السياره,15,https://www.mad-parfumeur.com/respondio-catalog/wa/ar/p-642-7.html?v=20260731-4,https://www.mad-parfumeur.com/respondio-catalog/media/ar/p-642-7.jpg?v=20260731-4,"معطر جو للسيارة ماد مونا روزا 7 مل
الكود: معطر جو للسيارة ماد مونا روزا 7 مل
السعر: 15 ILS
عودة للمراسلة: https://wa.me/972524033442?text=%D9%85%D8%B1%D8%AD%D8%A8%D8%A7%D8%8C%20%D8%A3%D8%B1%D9%8A%D8%AF%20%D8%B7%D9%84%D8%A8%20%D8%A7%D9%84%D9%85%D9%86%D8%AA%D8%AC%20%D9%85%D8%B9%D8%B7%D8%B1%20%D8%AC%D9%88%20%D9%84%D9%84%D8%B3%D9%8A%D8%A7%D8%B1%D8%A9%20%D9%85%D8%A7%D8%AF%20%D9%85%D9%88%D9%86%D8%A7%20%D8%B1%D9%88%D8%B2%D8%A7%207%20%D9%85%D9%84",https://wa.me/972524033442?text=%D9%85%D8%B1%D8%AD%D8%A8%D8%A7%D8%8C%20%D8%A3%D8%B1%D9%8A%D8%AF%20%D8%B7%D9%84%D8%A8%20%D8%A7%D9%84%D9%85%D9%86%D8%AA%D8%AC%20%D9%85%D8%B9%D8%B7%D8%B1%20%D8%AC%D9%88%20%D9%84%D9%84%D8%B3%D9%8A%D8%A7%D8%B1%D8%A9%20%D9%85%D8%A7%D8%AF%20%D9%85%D9%88%D9%86%D8%A7%20%D8%B1%D9%88%D8%B2%D8%A7%207%20%D9%85%D9%84,https://madperfume.ps/?app=product.show.642,https://www.mad-parfumeur.com/respondio-catalog/og/ar/p-642-7.jpg?v=20260731-4,https://madperfume.ps/upload/06-2025/product/1-8624e5aa.png
ar,L102 P101 J105,L102 P101 J105,الحملات والعروض الرجاليه,300,https://www.mad-parfumeur.com/respondio-catalog/wa/ar/p-643-l102-p101-j105.html?v=20260731-4,https://www.mad-parfumeur.com/respondio-catalog/media/ar/p-643-l102-p101-j105.jpg?v=20260731-4,"L102 P101 J105
الكود: L102 P101 J105
السعر: 300 ILS
عودة للمراسلة: https://wa.me/972524033442?text=%D9%85%D8%B1%D8%AD%D8%A8%D8%A7%D8%8C%20%D8%A3%D8%B1%D9%8A%D8%AF%20%D8%B7%D9%84%D8%A8%20%D8%A7%D9%84%D9%85%D9%86%D8%AA%D8%AC%20L102%20P101%20J105",https://wa.me/972524033442?text=%D9%85%D8%B1%D8%AD%D8%A8%D8%A7%D8%8C%20%D8%A3%D8%B1%D9%8A%D8%AF%20%D8%B7%D9%84%D8%A8%20%D8%A7%D9%84%D9%85%D9%86%D8%AA%D8%AC%20L102%20P101%20J105,https://madperfume.ps/?app=product.show.643,https://www.mad-parfumeur.com/respondio-catalog/og/ar/p-643-l102-p101-j105.jpg?v=20260731-4,https://madperfume.ps/upload/07-2025/product/3.jpg
ar,W183 P101 Q116,W183 P101 Q116,الحملات والعروض الرجاليه,300,https://www.mad-parfumeur.com/respondio-catalog/wa/ar/p-644-w183-p101-q116.html?v=20260731-4,https://www.mad-parfumeur.com/respondio-catalog/media/ar/p-644-w183-p101-q116.jpg?v=20260731-4,"W183 P101 Q116
الكود: W183 P101 Q116
السعر: 300 ILS
عودة للمراسلة: https://wa.me/972524033442?text=%D9%85%D8%B1%D8%AD%D8%A8%D8%A7%D8%8C%20%D8%A3%D8%B1%D9%8A%D8%AF%20%D8%B7%D9%84%D8%A8%20%D8%A7%D9%84%D9%85%D9%86%D8%AA%D8%AC%20W183%20P101%20Q116",https://wa.me/972524033442?text=%D9%85%D8%B1%D8%AD%D8%A8%D8%A7%D8%8C%20%D8%A3%D8%B1%D9%8A%D8%AF%20%D8%B7%D9%84%D8%A8%20%D8%A7%D9%84%D9%85%D9%86%D8%AA%D8%AC%20W183%20P101%20Q116,https://madperfume.ps/?app=product.show.644,https://www.mad-parfumeur.com/respondio-catalog/og/ar/p-644-w183-p101-q116.jpg?v=20260731-4,https://madperfume.ps/upload/07-2025/product/4.jpg
ar,Q116 W183 Q113,Q116 W183 Q113,الحملات والعروض الرجاليه,300,https://www.mad-parfumeur.com/respondio-catalog/wa/ar/p-645-q116-w183-q113.html?v=20260731-4,https://www.mad-parfumeur.com/respondio-catalog/media/ar/p-645-q116-w183-q113.jpg?v=20260731-4,"Q116 W183 Q113
الكود: Q116 W183 Q113
السعر: 300 ILS
عودة للمراسلة: https://wa.me/972524033442?text=%D9%85%D8%B1%D8%AD%D8%A8%D8%A7%D8%8C%20%D8%A3%D8%B1%D9%8A%D8%AF%20%D8%B7%D9%84%D8%A8%20%D8%A7%D9%84%D9%85%D9%86%D8%AA%D8%AC%20Q116%20W183%20Q113",https://wa.me/972524033442?text=%D9%85%D8%B1%D8%AD%D8%A8%D8%A7%D8%8C%20%D8%A3%D8%B1%D9%8A%D8%AF%20%D8%B7%D9%84%D8%A8%20%D8%A7%D9%84%D9%85%D9%86%D8%AA%D8%AC%20Q116%20W183%20Q113,https://madperfume.ps/?app=product.show.645,https://www.mad-parfumeur.com/respondio-catalog/og/ar/p-645-q116-w183-q113.jpg?v=20260731-4,https://madperfume.ps/upload/07-2025/product/5.jpg
ar,L102 Q114 Q121,L102 Q114 Q121,الحملات والعروض الرجاليه,300,https://www.mad-parfumeur.com/respondio-catalog/wa/ar/p-647-l102-q114-q121.html?v=20260731-4,https://www.mad-parfumeur.com/respondio-catalog/media/ar/p-647-l102-q114-q121.jpg?v=20260731-4,"L102 Q114 Q121
الكود: L102 Q114 Q121
السعر: 300 ILS
عودة للمراسلة: https://wa.me/972524033442?text=%D9%85%D8%B1%D8%AD%D8%A8%D8%A7%D8%8C%20%D8%A3%D8%B1%D9%8A%D8%AF%20%D8%B7%D9%84%D8%A8%20%D8%A7%D9%84%D9%85%D9%86%D8%AA%D8%AC%20L102%20Q114%20Q121",https://wa.me/972524033442?text=%D9%85%D8%B1%D8%AD%D8%A8%D8%A7%D8%8C%20%D8%A3%D8%B1%D9%8A%D8%AF%20%D8%B7%D9%84%D8%A8%20%D8%A7%D9%84%D9%85%D9%86%D8%AA%D8%AC%20L102%20Q114%20Q121,https://madperfume.ps/?app=product.show.647,https://www.mad-parfumeur.com/respondio-catalog/og/ar/p-647-l102-q114-q121.jpg?v=20260731-4,https://madperfume.ps/upload/07-2025/product/7.jpg
ar,P101 W183 Q114,P101 W183 Q114,الحملات والعروض الرجاليه,300,https://www.mad-parfumeur.com/respondio-catalog/wa/ar/p-648-p101-w183-q114.html?v=20260731-4,https://www.mad-parfumeur.com/respondio-catalog/media/ar/p-648-p101-w183-q114.jpg?v=20260731-4,"P101 W183 Q114
الكود: P101 W183 Q114
السعر: 300 ILS
عودة للمراسلة: https://wa.me/972524033442?text=%D9%85%D8%B1%D8%AD%D8%A8%D8%A7%D8%8C%20%D8%A3%D8%B1%D9%8A%D8%AF%20%D8%B7%D9%84%D8%A8%20%D8%A7%D9%84%D9%85%D9%86%D8%AA%D8%AC%20P101%20W183%20Q114",https://wa.me/972524033442?text=%D9%85%D8%B1%D8%AD%D8%A8%D8%A7%D8%8C%20%D8%A3%D8%B1%D9%8A%D8%AF%20%D8%B7%D9%84%D8%A8%20%D8%A7%D9%84%D9%85%D9%86%D8%AA%D8%AC%20P101%20W183%20Q114,https://madperfume.ps/?app=product.show.648,https://www.mad-parfumeur.com/respondio-catalog/og/ar/p-648-p101-w183-q114.jpg?v=20260731-4,https://madperfume.ps/upload/07-2025/product/8.jpg
ar,Q121 W183 Q114,Q121 W183 Q114,الحملات والعروض الرجاليه,300,https://www.mad-parfumeur.com/respondio-catalog/wa/ar/p-649-q121-w183-q114.html?v=20260731-4,https://www.mad-parfumeur.com/respondio-catalog/media/ar/p-649-q121-w183-q114.jpg?v=20260731-4,"Q121 W183 Q114
الكود: Q121 W183 Q114
السعر: 300 ILS
عودة للمراسلة: https://wa.me/972524033442?text=%D9%85%D8%B1%D8%AD%D8%A8%D8%A7%D8%8C%20%D8%A3%D8%B1%D9%8A%D8%AF%20%D8%B7%D9%84%D8%A8%20%D8%A7%D9%84%D9%85%D9%86%D8%AA%D8%AC%20Q121%20W183%20Q114",https://wa.me/972524033442?text=%D9%85%D8%B1%D8%AD%D8%A8%D8%A7%D8%8C%20%D8%A3%D8%B1%D9%8A%D8%AF%20%D8%B7%D9%84%D8%A8%20%D8%A7%D9%84%D9%85%D9%86%D8%AA%D8%AC%20Q121%20W183%20Q114,https://madperfume.ps/?app=product.show.649,https://www.mad-parfumeur.com/respondio-catalog/og/ar/p-649-q121-w183-q114.jpg?v=20260731-4,https://madperfume.ps/upload/07-2025/product/9.jpg
ar,A118 D117 B110,A118 D117 B110,الحملات والعروض الرجاليه,300,https://www.mad-parfumeur.com/respondio-catalog/wa/ar/p-650-a118-d117-b110.html?v=20260731-4,https://www.mad-parfumeur.com/respondio-catalog/media/ar/p-650-a118-d117-b110.jpg?v=20260731-4,"A118 D117 B110
الكود: A118 D117 B110
السعر: 300 ILS
عودة للمراسلة: https://wa.me/972524033442?text=%D9%85%D8%B1%D8%AD%D8%A8%D8%A7%D8%8C%20%D8%A3%D8%B1%D9%8A%D8%AF%20%D8%B7%D9%84%D8%A8%20%D8%A7%D9%84%D9%85%D9%86%D8%AA%D8%AC%20A118%20D117%20B110",https://wa.me/972524033442?text=%D9%85%D8%B1%D8%AD%D8%A8%D8%A7%D8%8C%20%D8%A3%D8%B1%D9%8A%D8%AF%20%D8%B7%D9%84%D8%A8%20%D8%A7%D9%84%D9%85%D9%86%D8%AA%D8%AC%20A118%20D117%20B110,https://madperfume.ps/?app=product.show.650,https://www.mad-parfumeur.com/respondio-catalog/og/ar/p-650-a118-d117-b110.jpg?v=20260731-4,https://madperfume.ps/upload/07-2025/product/10.jpg
ar,A118 C120 D117,A118 C120 D117,الحملات والعروض النسائيه,300,https://www.mad-parfumeur.com/respondio-catalog/wa/ar/p-651-a118-c120-d117.html?v=20260731-4,https://www.mad-parfumeur.com/respondio-catalog/media/ar/p-651-a118-c120-d117.jpg?v=20260731-4,"A118 C120 D117
الكود: A118 C120 D117
السعر: 300 ILS
عودة للمراسلة: https://wa.me/972524033442?text=%D9%85%D8%B1%D8%AD%D8%A8%D8%A7%D8%8C%20%D8%A3%D8%B1%D9%8A%D8%AF%20%D8%B7%D9%84%D8%A8%20%D8%A7%D9%84%D9%85%D9%86%D8%AA%D8%AC%20A118%20C120%20D117",https://wa.me/972524033442?text=%D9%85%D8%B1%D8%AD%D8%A8%D8%A7%D8%8C%20%D8%A3%D8%B1%D9%8A%D8%AF%20%D8%B7%D9%84%D8%A8%20%D8%A7%D9%84%D9%85%D9%86%D8%AA%D8%AC%20A118%20C120%20D117,https://madperfume.ps/?app=product.show.651,https://www.mad-parfumeur.com/respondio-catalog/og/ar/p-651-a118-c120-d117.jpg?v=20260731-4,https://madperfume.ps/upload/07-2025/product/11.jpg
ar,G109 G104 G110,G109 G104 G110,الحملات والعروض النسائيه,300,https://www.mad-parfumeur.com/respondio-catalog/wa/ar/p-652-g109-g104-g110.html?v=20260731-4,https://www.mad-parfumeur.com/respondio-catalog/media/ar/p-652-g109-g104-g110.jpg?v=20260731-4,"G109 G104 G110
الكود: G109 G104 G110
السعر: 300 ILS
عودة للمراسلة: https://wa.me/972524033442?text=%D9%85%D8%B1%D8%AD%D8%A8%D8%A7%D8%8C%20%D8%A3%D8%B1%D9%8A%D8%AF%20%D8%B7%D9%84%D8%A8%20%D8%A7%D9%84%D9%85%D9%86%D8%AA%D8%AC%20G109%20G104%20G110",https://wa.me/972524033442?text=%D9%85%D8%B1%D8%AD%D8%A8%D8%A7%D8%8C%20%D8%A3%D8%B1%D9%8A%D8%AF%20%D8%B7%D9%84%D8%A8%20%D8%A7%D9%84%D9%85%D9%86%D8%AA%D8%AC%20G109%20G104%20G110,https://madperfume.ps/?app=product.show.652,https://www.mad-parfumeur.com/respondio-catalog/og/ar/p-652-g109-g104-g110.jpg?v=20260731-4,https://madperfume.ps/upload/07-2025/product/12.jpg
ar,مجموعة MARVEL الجديده,مجموعة MARVEL الجديده,الحملات والعروض النسائيه,500,https://www.mad-parfumeur.com/respondio-catalog/wa/ar/p-654-marvel.html?v=20260731-4,https://www.mad-parfumeur.com/respondio-catalog/media/ar/p-654-marvel.jpg?v=20260731-4,"مجموعة MARVEL الجديده
الكود: مجموعة MARVEL الجديده
السعر: 500 ILS
عودة للمراسلة: https://wa.me/972524033442?text=%D9%85%D8%B1%D8%AD%D8%A8%D8%A7%D8%8C%20%D8%A3%D8%B1%D9%8A%D8%AF%20%D8%B7%D9%84%D8%A8%20%D8%A7%D9%84%D9%85%D9%86%D8%AA%D8%AC%20%D9%85%D8%AC%D9%85%D9%88%D8%B9%D8%A9%20MARVEL%20%D8%A7%D9%84%D8%AC%D8%AF%D9%8A%D8%AF%D9%87",https://wa.me/972524033442?text=%D9%85%D8%B1%D8%AD%D8%A8%D8%A7%D8%8C%20%D8%A3%D8%B1%D9%8A%D8%AF%20%D8%B7%D9%84%D8%A8%20%D8%A7%D9%84%D9%85%D9%86%D8%AA%D8%AC%20%D9%85%D8%AC%D9%85%D9%88%D8%B9%D8%A9%20MARVEL%20%D8%A7%D9%84%D8%AC%D8%AF%D9%8A%D8%AF%D9%87,https://madperfume.ps/?app=product.show.654,https://www.mad-parfumeur.com/respondio-catalog/og/ar/p-654-marvel.jpg?v=20260731-4,https://madperfume.ps/upload/09-2025/product/6598a2a9dd8749c282fa68eb5c3da06f.jpg
ar,مجموعة Miami الجديده,مجموعة Miami الجديده,الحملات والعروض الرجاليه,500,https://www.mad-parfumeur.com/respondio-catalog/wa/ar/p-655-miami.html?v=20260731-4,https://www.mad-parfumeur.com/respondio-catalog/media/ar/p-655-miami.jpg?v=20260731-4,"مجموعة Miami الجديده
الكود: مجموعة Miami الجديده
السعر: 500 ILS
عودة للمراسلة: https://wa.me/972524033442?text=%D9%85%D8%B1%D8%AD%D8%A8%D8%A7%D8%8C%20%D8%A3%D8%B1%D9%8A%D8%AF%20%D8%B7%D9%84%D8%A8%20%D8%A7%D9%84%D9%85%D9%86%D8%AA%D8%AC%20%D9%85%D8%AC%D9%85%D9%88%D8%B9%D8%A9%20Miami%20%D8%A7%D9%84%D8%AC%D8%AF%D9%8A%D8%AF%D9%87",https://wa.me/972524033442?text=%D9%85%D8%B1%D8%AD%D8%A8%D8%A7%D8%8C%20%D8%A3%D8%B1%D9%8A%D8%AF%20%D8%B7%D9%84%D8%A8%20%D8%A7%D9%84%D9%85%D9%86%D8%AA%D8%AC%20%D9%85%D8%AC%D9%85%D9%88%D8%B9%D8%A9%20Miami%20%D8%A7%D9%84%D8%AC%D8%AF%D9%8A%D8%AF%D9%87,https://madperfume.ps/?app=product.show.655,https://www.mad-parfumeur.com/respondio-catalog/og/ar/p-655-miami.jpg?v=20260731-4,https://madperfume.ps/upload/09-2025/product/c6f65a29bf184ed69d71a433d5fdb3f5.jpg
ar,مجموعة Berlin الجديده,مجموعة Berlin الجديده,الحملات والعروض النسائيه,300,https://www.mad-parfumeur.com/respondio-catalog/wa/ar/p-656-berlin.html?v=20260731-4,https://www.mad-parfumeur.com/respondio-catalog/media/ar/p-656-berlin.jpg?v=20260731-4,"مجموعة Berlin الجديده
الكود: مجموعة Berlin الجديده
السعر: 300 ILS
عودة للمراسلة: https://wa.me/972524033442?text=%D9%85%D8%B1%D8%AD%D8%A8%D8%A7%D8%8C%20%D8%A3%D8%B1%D9%8A%D8%AF%20%D8%B7%D9%84%D8%A8%20%D8%A7%D9%84%D9%85%D9%86%D8%AA%D8%AC%20%D9%85%D8%AC%D9%85%D9%88%D8%B9%D8%A9%20Berlin%20%D8%A7%D9%84%D8%AC%D8%AF%D9%8A%D8%AF%D9%87",https://wa.me/972524033442?text=%D9%85%D8%B1%D8%AD%D8%A8%D8%A7%D8%8C%20%D8%A3%D8%B1%D9%8A%D8%AF%20%D8%B7%D9%84%D8%A8%20%D8%A7%D9%84%D9%85%D9%86%D8%AA%D8%AC%20%D9%85%D8%AC%D9%85%D9%88%D8%B9%D8%A9%20Berlin%20%D8%A7%D9%84%D8%AC%D8%AF%D9%8A%D8%AF%D9%87,https://madperfume.ps/?app=product.show.656,https://www.mad-parfumeur.com/respondio-catalog/og/ar/p-656-berlin.jpg?v=20260731-4,https://madperfume.ps/upload/09-2025/product/e0bfd5efebe54f4eba6c3e4a79022553.jpg
ar,مجموعة Havana الجديده,مجموعة Havana الجديده,الحملات والعروض الرجاليه,300,https://www.mad-parfumeur.com/respondio-catalog/wa/ar/p-657-havana.html?v=20260731-4,https://www.mad-parfumeur.com/respondio-catalog/media/ar/p-657-havana.jpg?v=20260731-4,"مجموعة Havana الجديده
الكود: مجموعة Havana الجديده
السعر: 300 ILS
عودة للمراسلة: https://wa.me/972524033442?text=%D9%85%D8%B1%D8%AD%D8%A8%D8%A7%D8%8C%20%D8%A3%D8%B1%D9%8A%D8%AF%20%D8%B7%D9%84%D8%A8%20%D8%A7%D9%84%D9%85%D9%86%D8%AA%D8%AC%20%D9%85%D8%AC%D9%85%D9%88%D8%B9%D8%A9%20Havana%20%D8%A7%D9%84%D8%AC%D8%AF%D9%8A%D8%AF%D9%87",https://wa.me/972524033442?text=%D9%85%D8%B1%D8%AD%D8%A8%D8%A7%D8%8C%20%D8%A3%D8%B1%D9%8A%D8%AF%20%D8%B7%D9%84%D8%A8%20%D8%A7%D9%84%D9%85%D9%86%D8%AA%D8%AC%20%D9%85%D8%AC%D9%85%D9%88%D8%B9%D8%A9%20Havana%20%D8%A7%D9%84%D8%AC%D8%AF%D9%8A%D8%AF%D9%87,https://madperfume.ps/?app=product.show.657,https://www.mad-parfumeur.com/respondio-catalog/og/ar/p-657-havana.jpg?v=20260731-4,https://madperfume.ps/upload/09-2025/product/68b65f7315bee.jpg
ar,مجموعه norma النسائيه,مجموعه norma النسائيه,الحملات والعروض النسائيه,500,https://www.mad-parfumeur.com/respondio-catalog/wa/ar/p-658-norma.html?v=20260731-4,https://www.mad-parfumeur.com/respondio-catalog/media/ar/p-658-norma.jpg?v=20260731-4,"مجموعه norma النسائيه
الكود: مجموعه norma النسائيه
السعر: 500 ILS
عودة للمراسلة: https://wa.me/972524033442?text=%D9%85%D8%B1%D8%AD%D8%A8%D8%A7%D8%8C%20%D8%A3%D8%B1%D9%8A%D8%AF%20%D8%B7%D9%84%D8%A8%20%D8%A7%D9%84%D9%85%D9%86%D8%AA%D8%AC%20%D9%85%D8%AC%D9%85%D9%88%D8%B9%D9%87%20norma%20%D8%A7%D9%84%D9%86%D8%B3%D8%A7%D8%A6%D9%8A%D9%87",https://wa.me/972524033442?text=%D9%85%D8%B1%D8%AD%D8%A8%D8%A7%D8%8C%20%D8%A3%D8%B1%D9%8A%D8%AF%20%D8%B7%D9%84%D8%A8%20%D8%A7%D9%84%D9%85%D9%86%D8%AA%D8%AC%20%D9%85%D8%AC%D9%85%D9%88%D8%B9%D9%87%20norma%20%D8%A7%D9%84%D9%86%D8%B3%D8%A7%D8%A6%D9%8A%D9%87,https://madperfume.ps/?app=product.show.658,https://www.mad-parfumeur.com/respondio-catalog/og/ar/p-658-norma.jpg?v=20260731-4,https://madperfume.ps/upload/09-2025/product/68c69c6e8e3ed.jpg
ar,مجموعة infinite الرجاليه,مجموعة infinite الرجاليه,الحملات والعروض الرجاليه,500,https://www.mad-parfumeur.com/respondio-catalog/wa/ar/p-660-infinite.html?v=20260731-4,https://www.mad-parfumeur.com/respondio-catalog/media/ar/p-660-infinite.jpg?v=20260731-4,"مجموعة infinite الرجاليه
الكود: مجموعة infinite الرجاليه
السعر: 500 ILS
عودة للمراسلة: https://wa.me/972524033442?text=%D9%85%D8%B1%D8%AD%D8%A8%D8%A7%D8%8C%20%D8%A3%D8%B1%D9%8A%D8%AF%20%D8%B7%D9%84%D8%A8%20%D8%A7%D9%84%D9%85%D9%86%D8%AA%D8%AC%20%D9%85%D8%AC%D9%85%D9%88%D8%B9%D8%A9%20infinite%20%D8%A7%D9%84%D8%B1%D8%AC%D8%A7%D9%84%D9%8A%D9%87",https://wa.me/972524033442?text=%D9%85%D8%B1%D8%AD%D8%A8%D8%A7%D8%8C%20%D8%A3%D8%B1%D9%8A%D8%AF%20%D8%B7%D9%84%D8%A8%20%D8%A7%D9%84%D9%85%D9%86%D8%AA%D8%AC%20%D9%85%D8%AC%D9%85%D9%88%D8%B9%D8%A9%20infinite%20%D8%A7%D9%84%D8%B1%D8%AC%D8%A7%D9%84%D9%8A%D9%87,https://madperfume.ps/?app=product.show.660,https://www.mad-parfumeur.com/respondio-catalog/og/ar/p-660-infinite.jpg?v=20260731-4,https://madperfume.ps/upload/09-2025/product/68c69d335eb19.jpg
ar,مجموعه amoria,مجموعه amoria,الحملات والعروض النسائيه,500,https://www.mad-parfumeur.com/respondio-catalog/wa/ar/p-661-amoria.html?v=20260731-4,https://www.mad-parfumeur.com/respondio-catalog/media/ar/p-661-amoria.jpg?v=20260731-4,"مجموعه amoria
الكود: مجموعه amoria
السعر: 500 ILS
عودة للمراسلة: https://wa.me/972524033442?text=%D9%85%D8%B1%D8%AD%D8%A8%D8%A7%D8%8C%20%D8%A3%D8%B1%D9%8A%D8%AF%20%D8%B7%D9%84%D8%A8%20%D8%A7%D9%84%D9%85%D9%86%D8%AA%D8%AC%20%D9%85%D8%AC%D9%85%D9%88%D8%B9%D9%87%20amoria",https://wa.me/972524033442?text=%D9%85%D8%B1%D8%AD%D8%A8%D8%A7%D8%8C%20%D8%A3%D8%B1%D9%8A%D8%AF%20%D8%B7%D9%84%D8%A8%20%D8%A7%D9%84%D9%85%D9%86%D8%AA%D8%AC%20%D9%85%D8%AC%D9%85%D9%88%D8%B9%D9%87%20amoria,https://madperfume.ps/?app=product.show.661,https://www.mad-parfumeur.com/respondio-catalog/og/ar/p-661-amoria.jpg?v=20260731-4,https://madperfume.ps/upload/09-2025/product/68c7c7b261d82.png
ar,Y.104,Y.104,عطور النساء,100,https://www.mad-parfumeur.com/respondio-catalog/wa/ar/p-662-y-104.html?v=20260731-4,https://www.mad-parfumeur.com/respondio-catalog/media/ar/p-662-y-104.jpg?v=20260731-4,"Y.104
الكود: Y.104
السعر: 100 ILS
عودة للمراسلة: https://wa.me/972524033442?text=%D9%85%D8%B1%D8%AD%D8%A8%D8%A7%D8%8C%20%D8%A3%D8%B1%D9%8A%D8%AF%20%D8%B7%D9%84%D8%A8%20%D8%A7%D9%84%D9%85%D9%86%D8%AA%D8%AC%20Y.104",https://wa.me/972524033442?text=%D9%85%D8%B1%D8%AD%D8%A8%D8%A7%D8%8C%20%D8%A3%D8%B1%D9%8A%D8%AF%20%D8%B7%D9%84%D8%A8%20%D8%A7%D9%84%D9%85%D9%86%D8%AA%D8%AC%20Y.104,https://madperfume.ps/?app=product.show.662,https://www.mad-parfumeur.com/respondio-catalog/og/ar/p-662-y-104.jpg?v=20260731-4,https://madperfume.ps/upload/09-2025/product/68c9700e7d7d8.png
ar,GOLD W123,GOLD W123,عطور الرجال,120,https://www.mad-parfumeur.com/respondio-catalog/wa/ar/p-663-gold-w123.html?v=20260731-4,https://www.mad-parfumeur.com/respondio-catalog/media/ar/p-663-gold-w123.jpg?v=20260731-4,"GOLD W123
الكود: GOLD W123
السعر: 120 ILS
عودة للمراسلة: https://wa.me/972524033442?text=%D9%85%D8%B1%D8%AD%D8%A8%D8%A7%D8%8C%20%D8%A3%D8%B1%D9%8A%D8%AF%20%D8%B7%D9%84%D8%A8%20%D8%A7%D9%84%D9%85%D9%86%D8%AA%D8%AC%20GOLD%20W123",https://wa.me/972524033442?text=%D9%85%D8%B1%D8%AD%D8%A8%D8%A7%D8%8C%20%D8%A3%D8%B1%D9%8A%D8%AF%20%D8%B7%D9%84%D8%A8%20%D8%A7%D9%84%D9%85%D9%86%D8%AA%D8%AC%20GOLD%20W123,https://madperfume.ps/?app=product.show.663,https://www.mad-parfumeur.com/respondio-catalog/og/ar/p-663-gold-w123.jpg?v=20260731-4,https://madperfume.ps/upload/03-2026/product/IMG_0543.jpeg
ar,j108,Le Male Elixir Absolu Jean Paul Gaultier,عطور الرجال,100,https://www.mad-parfumeur.com/respondio-catalog/wa/ar/p-664-j108.html?v=20260731-4,https://www.mad-parfumeur.com/respondio-catalog/media/ar/p-664-j108.jpg?v=20260731-4,"Le Male Elixir Absolu Jean Paul Gaultier
الكود: j108
السعر: 100 ILS
عودة للمراسلة: https://wa.me/972524033442?text=%D9%85%D8%B1%D8%AD%D8%A8%D8%A7%D8%8C%20%D8%A3%D8%B1%D9%8A%D8%AF%20%D8%B7%D9%84%D8%A8%20%D8%A7%D9%84%D9%85%D9%86%D8%AA%D8%AC%20j108",https://wa.me/972524033442?text=%D9%85%D8%B1%D8%AD%D8%A8%D8%A7%D8%8C%20%D8%A3%D8%B1%D9%8A%D8%AF%20%D8%B7%D9%84%D8%A8%20%D8%A7%D9%84%D9%85%D9%86%D8%AA%D8%AC%20j108,https://madperfume.ps/?app=product.show.664,https://www.mad-parfumeur.com/respondio-catalog/og/ar/p-664-j108.jpg?v=20260731-4,https://madperfume.ps/upload/01-2026/product/697cf48604391.png
ar,GOLD j107,Jean Paul Gaultier Scandal Absolu For Women,عطور النساء,120,https://www.mad-parfumeur.com/respondio-catalog/wa/ar/p-665-gold-j107.html?v=20260731-4,https://www.mad-parfumeur.com/respondio-catalog/media/ar/p-665-gold-j107.jpg?v=20260731-4,"Jean Paul Gaultier Scandal Absolu For Women
الكود: GOLD j107
السعر: 120 ILS
عودة للمراسلة: https://wa.me/972524033442?text=%D9%85%D8%B1%D8%AD%D8%A8%D8%A7%D8%8C%20%D8%A3%D8%B1%D9%8A%D8%AF%20%D8%B7%D9%84%D8%A8%20%D8%A7%D9%84%D9%85%D9%86%D8%AA%D8%AC%20GOLD%20j107",https://wa.me/972524033442?text=%D9%85%D8%B1%D8%AD%D8%A8%D8%A7%D8%8C%20%D8%A3%D8%B1%D9%8A%D8%AF%20%D8%B7%D9%84%D8%A8%20%D8%A7%D9%84%D9%85%D9%86%D8%AA%D8%AC%20GOLD%20j107,https://madperfume.ps/?app=product.show.665,https://www.mad-parfumeur.com/respondio-catalog/og/ar/p-665-gold-j107.jpg?v=20260731-4,https://madperfume.ps/upload/09-2025/product/68d42ffc92fc2.png
ar,P107 DOLD,P107 DOLD,عطور النساء,120,https://www.mad-parfumeur.com/respondio-catalog/wa/ar/p-666-p107-dold.html?v=20260731-4,https://www.mad-parfumeur.com/respondio-catalog/media/ar/p-666-p107-dold.jpg?v=20260731-4,"P107 DOLD
الكود: P107 DOLD
السعر: 120 ILS
عودة للمراسلة: https://wa.me/972524033442?text=%D9%85%D8%B1%D8%AD%D8%A8%D8%A7%D8%8C%20%D8%A3%D8%B1%D9%8A%D8%AF%20%D8%B7%D9%84%D8%A8%20%D8%A7%D9%84%D9%85%D9%86%D8%AA%D8%AC%20P107%20DOLD",https://wa.me/972524033442?text=%D9%85%D8%B1%D8%AD%D8%A8%D8%A7%D8%8C%20%D8%A3%D8%B1%D9%8A%D8%AF%20%D8%B7%D9%84%D8%A8%20%D8%A7%D9%84%D9%85%D9%86%D8%AA%D8%AC%20P107%20DOLD,https://madperfume.ps/?app=product.show.666,https://www.mad-parfumeur.com/respondio-catalog/og/ar/p-666-p107-dold.jpg?v=20260731-4,https://madperfume.ps/upload/09-2025/product/68d4307e90966.png
ar,Y102 GOLD women,Y102 GOLD women,عطور النساء,120,https://www.mad-parfumeur.com/respondio-catalog/wa/ar/p-667-y102-gold-women.html?v=20260731-4,https://www.mad-parfumeur.com/respondio-catalog/media/ar/p-667-y102-gold-women.jpg?v=20260731-4,"Y102 GOLD women
الكود: Y102 GOLD women
السعر: 120 ILS
عودة للمراسلة: https://wa.me/972524033442?text=%D9%85%D8%B1%D8%AD%D8%A8%D8%A7%D8%8C%20%D8%A3%D8%B1%D9%8A%D8%AF%20%D8%B7%D9%84%D8%A8%20%D8%A7%D9%84%D9%85%D9%86%D8%AA%D8%AC%20Y102%20GOLD%20women",https://wa.me/972524033442?text=%D9%85%D8%B1%D8%AD%D8%A8%D8%A7%D8%8C%20%D8%A3%D8%B1%D9%8A%D8%AF%20%D8%B7%D9%84%D8%A8%20%D8%A7%D9%84%D9%85%D9%86%D8%AA%D8%AC%20Y102%20GOLD%20women,https://madperfume.ps/?app=product.show.667,https://www.mad-parfumeur.com/respondio-catalog/og/ar/p-667-y102-gold-women.jpg?v=20260731-4,https://madperfume.ps/upload/09-2025/product/68d430b3d2eab.png
ar,A118 GOLD,A118 GOLD,عطور النساء,120,https://www.mad-parfumeur.com/respondio-catalog/wa/ar/p-668-a118-gold.html?v=20260731-4,https://www.mad-parfumeur.com/respondio-catalog/media/ar/p-668-a118-gold.jpg?v=20260731-4,"A118 GOLD
الكود: A118 GOLD
السعر: 120 ILS
عودة للمراسلة: https://wa.me/972524033442?text=%D9%85%D8%B1%D8%AD%D8%A8%D8%A7%D8%8C%20%D8%A3%D8%B1%D9%8A%D8%AF%20%D8%B7%D9%84%D8%A8%20%D8%A7%D9%84%D9%85%D9%86%D8%AA%D8%AC%20A118%20GOLD",https://wa.me/972524033442?text=%D9%85%D8%B1%D8%AD%D8%A8%D8%A7%D8%8C%20%D8%A3%D8%B1%D9%8A%D8%AF%20%D8%B7%D9%84%D8%A8%20%D8%A7%D9%84%D9%85%D9%86%D8%AA%D8%AC%20A118%20GOLD,https://madperfume.ps/?app=product.show.668,https://www.mad-parfumeur.com/respondio-catalog/og/ar/p-668-a118-gold.jpg?v=20260731-4,https://madperfume.ps/upload/09-2025/product/68d430eb4522c.png
ar,B103 GOLD women,B103 GOLD women,عطور النساء,120,https://www.mad-parfumeur.com/respondio-catalog/wa/ar/p-669-b103-gold-women.html?v=20260731-4,https://www.mad-parfumeur.com/respondio-catalog/media/ar/p-669-b103-gold-women.jpg?v=20260731-4,"B103 GOLD women
الكود: B103 GOLD women
السعر: 120 ILS
عودة للمراسلة: https://wa.me/972524033442?text=%D9%85%D8%B1%D8%AD%D8%A8%D8%A7%D8%8C%20%D8%A3%D8%B1%D9%8A%D8%AF%20%D8%B7%D9%84%D8%A8%20%D8%A7%D9%84%D9%85%D9%86%D8%AA%D8%AC%20B103%20GOLD%20women",https://wa.me/972524033442?text=%D9%85%D8%B1%D8%AD%D8%A8%D8%A7%D8%8C%20%D8%A3%D8%B1%D9%8A%D8%AF%20%D8%B7%D9%84%D8%A8%20%D8%A7%D9%84%D9%85%D9%86%D8%AA%D8%AC%20B103%20GOLD%20women,https://madperfume.ps/?app=product.show.669,https://www.mad-parfumeur.com/respondio-catalog/og/ar/p-669-b103-gold-women.jpg?v=20260731-4,https://madperfume.ps/upload/09-2025/product/68d4311cb6c13.png
ar,G104 GOLD,G104 GOLD,عطور النساء,120,https://www.mad-parfumeur.com/respondio-catalog/wa/ar/p-670-g104-gold.html?v=20260731-4,https://www.mad-parfumeur.com/respondio-catalog/media/ar/p-670-g104-gold.jpg?v=20260731-4,"G104 GOLD
الكود: G104 GOLD
السعر: 120 ILS
عودة للمراسلة: https://wa.me/972524033442?text=%D9%85%D8%B1%D8%AD%D8%A8%D8%A7%D8%8C%20%D8%A3%D8%B1%D9%8A%D8%AF%20%D8%B7%D9%84%D8%A8%20%D8%A7%D9%84%D9%85%D9%86%D8%AA%D8%AC%20G104%20GOLD",https://wa.me/972524033442?text=%D9%85%D8%B1%D8%AD%D8%A8%D8%A7%D8%8C%20%D8%A3%D8%B1%D9%8A%D8%AF%20%D8%B7%D9%84%D8%A8%20%D8%A7%D9%84%D9%85%D9%86%D8%AA%D8%AC%20G104%20GOLD,https://madperfume.ps/?app=product.show.670,https://www.mad-parfumeur.com/respondio-catalog/og/ar/p-670-g104-gold.jpg?v=20260731-4,https://madperfume.ps/upload/09-2025/product/68d431548a974.png
ar,W191 GOLD,W191 GOLD,عطور الرجال,120,https://www.mad-parfumeur.com/respondio-catalog/wa/ar/p-671-w191-gold.html?v=20260731-4,https://www.mad-parfumeur.com/respondio-catalog/media/ar/p-671-w191-gold.jpg?v=20260731-4,"W191 GOLD
الكود: W191 GOLD
السعر: 120 ILS
عودة للمراسلة: https://wa.me/972524033442?text=%D9%85%D8%B1%D8%AD%D8%A8%D8%A7%D8%8C%20%D8%A3%D8%B1%D9%8A%D8%AF%20%D8%B7%D9%84%D8%A8%20%D8%A7%D9%84%D9%85%D9%86%D8%AA%D8%AC%20W191%20GOLD",https://wa.me/972524033442?text=%D9%85%D8%B1%D8%AD%D8%A8%D8%A7%D8%8C%20%D8%A3%D8%B1%D9%8A%D8%AF%20%D8%B7%D9%84%D8%A8%20%D8%A7%D9%84%D9%85%D9%86%D8%AA%D8%AC%20W191%20GOLD,https://madperfume.ps/?app=product.show.671,https://www.mad-parfumeur.com/respondio-catalog/og/ar/p-671-w191-gold.jpg?v=20260731-4,https://madperfume.ps/upload/03-2026/product/IMG_0541.jpeg
ar,Y102 GOLD,Y102 GOLD,عطور الرجال,120,https://www.mad-parfumeur.com/respondio-catalog/wa/ar/p-672-y102-gold.html?v=20260731-4,https://www.mad-parfumeur.com/respondio-catalog/media/ar/p-672-y102-gold.jpg?v=20260731-4,"Y102 GOLD
الكود: Y102 GOLD
السعر: 120 ILS
عودة للمراسلة: https://wa.me/972524033442?text=%D9%85%D8%B1%D8%AD%D8%A8%D8%A7%D8%8C%20%D8%A3%D8%B1%D9%8A%D8%AF%20%D8%B7%D9%84%D8%A8%20%D8%A7%D9%84%D9%85%D9%86%D8%AA%D8%AC%20Y102%20GOLD",https://wa.me/972524033442?text=%D9%85%D8%B1%D8%AD%D8%A8%D8%A7%D8%8C%20%D8%A3%D8%B1%D9%8A%D8%AF%20%D8%B7%D9%84%D8%A8%20%D8%A7%D9%84%D9%85%D9%86%D8%AA%D8%AC%20Y102%20GOLD,https://madperfume.ps/?app=product.show.672,https://www.mad-parfumeur.com/respondio-catalog/og/ar/p-672-y102-gold.jpg?v=20260731-4,https://madperfume.ps/upload/03-2026/product/IMG_0539.jpeg
ar,A115 GOLD,A115 GOLD,عطور الرجال,120,https://www.mad-parfumeur.com/respondio-catalog/wa/ar/p-673-a115-gold.html?v=20260731-4,https://www.mad-parfumeur.com/respondio-catalog/media/ar/p-673-a115-gold.jpg?v=20260731-4,"A115 GOLD
الكود: A115 GOLD
السعر: 120 ILS
عودة للمراسلة: https://wa.me/972524033442?text=%D9%85%D8%B1%D8%AD%D8%A8%D8%A7%D8%8C%20%D8%A3%D8%B1%D9%8A%D8%AF%20%D8%B7%D9%84%D8%A8%20%D8%A7%D9%84%D9%85%D9%86%D8%AA%D8%AC%20A115%20GOLD",https://wa.me/972524033442?text=%D9%85%D8%B1%D8%AD%D8%A8%D8%A7%D8%8C%20%D8%A3%D8%B1%D9%8A%D8%AF%20%D8%B7%D9%84%D8%A8%20%D8%A7%D9%84%D9%85%D9%86%D8%AA%D8%AC%20A115%20GOLD,https://madperfume.ps/?app=product.show.673,https://www.mad-parfumeur.com/respondio-catalog/og/ar/p-673-a115-gold.jpg?v=20260731-4,https://madperfume.ps/upload/03-2026/product/IMG_0551.jpeg
ar,J101 GOLD,J101 GOLD,عطور الرجال,120,https://www.mad-parfumeur.com/respondio-catalog/wa/ar/p-674-j101-gold.html?v=20260731-4,https://www.mad-parfumeur.com/respondio-catalog/media/ar/p-674-j101-gold.jpg?v=20260731-4,"J101 GOLD
الكود: J101 GOLD
السعر: 120 ILS
عودة للمراسلة: https://wa.me/972524033442?text=%D9%85%D8%B1%D8%AD%D8%A8%D8%A7%D8%8C%20%D8%A3%D8%B1%D9%8A%D8%AF%20%D8%B7%D9%84%D8%A8%20%D8%A7%D9%84%D9%85%D9%86%D8%AA%D8%AC%20J101%20GOLD",https://wa.me/972524033442?text=%D9%85%D8%B1%D8%AD%D8%A8%D8%A7%D8%8C%20%D8%A3%D8%B1%D9%8A%D8%AF%20%D8%B7%D9%84%D8%A8%20%D8%A7%D9%84%D9%85%D9%86%D8%AA%D8%AC%20J101%20GOLD,https://madperfume.ps/?app=product.show.674,https://www.mad-parfumeur.com/respondio-catalog/og/ar/p-674-j101-gold.jpg?v=20260731-4,https://madperfume.ps/upload/03-2026/product/IMG_0550.jpeg
ar,J105 GOLD,J105 GOLD,عطور الرجال,120,https://www.mad-parfumeur.com/respondio-catalog/wa/ar/p-675-j105-gold.html?v=20260731-4,https://www.mad-parfumeur.com/respondio-catalog/media/ar/p-675-j105-gold.jpg?v=20260731-4,"J105 GOLD
الكود: J105 GOLD
السعر: 120 ILS
عودة للمراسلة: https://wa.me/972524033442?text=%D9%85%D8%B1%D8%AD%D8%A8%D8%A7%D8%8C%20%D8%A3%D8%B1%D9%8A%D8%AF%20%D8%B7%D9%84%D8%A8%20%D8%A7%D9%84%D9%85%D9%86%D8%AA%D8%AC%20J105%20GOLD",https://wa.me/972524033442?text=%D9%85%D8%B1%D8%AD%D8%A8%D8%A7%D8%8C%20%D8%A3%D8%B1%D9%8A%D8%AF%20%D8%B7%D9%84%D8%A8%20%D8%A7%D9%84%D9%85%D9%86%D8%AA%D8%AC%20J105%20GOLD,https://madperfume.ps/?app=product.show.675,https://www.mad-parfumeur.com/respondio-catalog/og/ar/p-675-j105-gold.jpg?v=20260731-4,https://madperfume.ps/upload/03-2026/product/IMG_0545.jpeg
ar,SOFIA,SOFIA,الحملات والعروض النسائيه,200,https://www.mad-parfumeur.com/respondio-catalog/wa/ar/p-676-sofia.html?v=20260731-4,https://www.mad-parfumeur.com/respondio-catalog/media/ar/p-676-sofia.jpg?v=20260731-4,"SOFIA
الكود: SOFIA
السعر: 200 ILS
عودة للمراسلة: https://wa.me/972524033442?text=%D9%85%D8%B1%D8%AD%D8%A8%D8%A7%D8%8C%20%D8%A3%D8%B1%D9%8A%D8%AF%20%D8%B7%D9%84%D8%A8%20%D8%A7%D9%84%D9%85%D9%86%D8%AA%D8%AC%20SOFIA",https://wa.me/972524033442?text=%D9%85%D8%B1%D8%AD%D8%A8%D8%A7%D8%8C%20%D8%A3%D8%B1%D9%8A%D8%AF%20%D8%B7%D9%84%D8%A8%20%D8%A7%D9%84%D9%85%D9%86%D8%AA%D8%AC%20SOFIA,https://madperfume.ps/?app=product.show.676,https://www.mad-parfumeur.com/respondio-catalog/og/ar/p-676-sofia.jpg?v=20260731-4,https://madperfume.ps/upload/09-2025/product/68d51c0198401.jpg
ar,noy,noy,الحملات والعروض النسائيه,300,https://www.mad-parfumeur.com/respondio-catalog/wa/ar/p-677-noy.html?v=20260731-4,https://www.mad-parfumeur.com/respondio-catalog/media/ar/p-677-noy.jpg?v=20260731-4,"noy
الكود: noy
السعر: 300 ILS
عودة للمراسلة: https://wa.me/972524033442?text=%D9%85%D8%B1%D8%AD%D8%A8%D8%A7%D8%8C%20%D8%A3%D8%B1%D9%8A%D8%AF%20%D8%B7%D9%84%D8%A8%20%D8%A7%D9%84%D9%85%D9%86%D8%AA%D8%AC%20noy",https://wa.me/972524033442?text=%D9%85%D8%B1%D8%AD%D8%A8%D8%A7%D8%8C%20%D8%A3%D8%B1%D9%8A%D8%AF%20%D8%B7%D9%84%D8%A8%20%D8%A7%D9%84%D9%85%D9%86%D8%AA%D8%AC%20noy,https://madperfume.ps/?app=product.show.677,https://www.mad-parfumeur.com/respondio-catalog/og/ar/p-677-noy.jpg?v=20260731-4,https://madperfume.ps/upload/09-2025/product/68d51d9224af1.jpg
ar,Vagas,Vagas,الحملات والعروض الرجاليه,300,https://www.mad-parfumeur.com/respondio-catalog/wa/ar/p-678-vagas.html?v=20260731-4,https://www.mad-parfumeur.com/respondio-catalog/media/ar/p-678-vagas.jpg?v=20260731-4,"Vagas
الكود: Vagas
السعر: 300 ILS
عودة للمراسلة: https://wa.me/972524033442?text=%D9%85%D8%B1%D8%AD%D8%A8%D8%A7%D8%8C%20%D8%A3%D8%B1%D9%8A%D8%AF%20%D8%B7%D9%84%D8%A8%20%D8%A7%D9%84%D9%85%D9%86%D8%AA%D8%AC%20Vagas",https://wa.me/972524033442?text=%D9%85%D8%B1%D8%AD%D8%A8%D8%A7%D8%8C%20%D8%A3%D8%B1%D9%8A%D8%AF%20%D8%B7%D9%84%D8%A8%20%D8%A7%D9%84%D9%85%D9%86%D8%AA%D8%AC%20Vagas,https://madperfume.ps/?app=product.show.678,https://www.mad-parfumeur.com/respondio-catalog/og/ar/p-678-vagas.jpg?v=20260731-4,https://madperfume.ps/upload/09-2025/product/12.png
ar,Exotic Oud 50 ml,Mad Exotic Oud 50 ml Unisex,عطور النيش الرجاليه,350,https://www.mad-parfumeur.com/respondio-catalog/wa/ar/p-679-exotic-oud-50-ml.html?v=20260731-4,https://www.mad-parfumeur.com/respondio-catalog/media/ar/p-679-exotic-oud-50-ml.jpg?v=20260731-4,"Mad Exotic Oud 50 ml Unisex
الكود: Exotic Oud 50 ml
السعر: 350 ILS
عودة للمراسلة: https://wa.me/972524033442?text=%D9%85%D8%B1%D8%AD%D8%A8%D8%A7%D8%8C%20%D8%A3%D8%B1%D9%8A%D8%AF%20%D8%B7%D9%84%D8%A8%20%D8%A7%D9%84%D9%85%D9%86%D8%AA%D8%AC%20Exotic%20Oud%2050%20ml",https://wa.me/972524033442?text=%D9%85%D8%B1%D8%AD%D8%A8%D8%A7%D8%8C%20%D8%A3%D8%B1%D9%8A%D8%AF%20%D8%B7%D9%84%D8%A8%20%D8%A7%D9%84%D9%85%D9%86%D8%AA%D8%AC%20Exotic%20Oud%2050%20ml,https://madperfume.ps/?app=product.show.679,https://www.mad-parfumeur.com/respondio-catalog/og/ar/p-679-exotic-oud-50-ml.jpg?v=20260731-4,https://madperfume.ps/upload/01-2026/product/c3e017a8-49c9-45f5-adc3-5afd27184a21_size640_cropCenter.jpg
ar,Timeless Leather 50,Mad Timeless Leather 50 مل – عطر يونيكس,عطور النيش الرجاليه,350,https://www.mad-parfumeur.com/respondio-catalog/wa/ar/p-680-timeless-leather-50.html?v=20260731-4,https://www.mad-parfumeur.com/respondio-catalog/media/ar/p-680-timeless-leather-50.jpg?v=20260731-4,"Mad Timeless Leather 50 مل – عطر يونيكس
الكود: Timeless Leather 50
السعر: 350 ILS
عودة للمراسلة: https://wa.me/972524033442?text=%D9%85%D8%B1%D8%AD%D8%A8%D8%A7%D8%8C%20%D8%A3%D8%B1%D9%8A%D8%AF%20%D8%B7%D9%84%D8%A8%20%D8%A7%D9%84%D9%85%D9%86%D8%AA%D8%AC%20Timeless%20Leather%2050",https://wa.me/972524033442?text=%D9%85%D8%B1%D8%AD%D8%A8%D8%A7%D8%8C%20%D8%A3%D8%B1%D9%8A%D8%AF%20%D8%B7%D9%84%D8%A8%20%D8%A7%D9%84%D9%85%D9%86%D8%AA%D8%AC%20Timeless%20Leather%2050,https://madperfume.ps/?app=product.show.680,https://www.mad-parfumeur.com/respondio-catalog/og/ar/p-680-timeless-leather-50.jpg?v=20260731-4,https://madperfume.ps/upload/01-2026/product/a89138f6-574d-4314-8f8d-841a82bc6c5f_size640_cropCenter.jpg
ar,Mystic gourmand,Mystic Gourmand 50 مل – عطر للجنسين,عطور النيش الرجاليه,350,https://www.mad-parfumeur.com/respondio-catalog/wa/ar/p-681-mystic-gourmand.html?v=20260731-4,https://www.mad-parfumeur.com/respondio-catalog/media/ar/p-681-mystic-gourmand.jpg?v=20260731-4,"Mystic Gourmand 50 مل – عطر للجنسين
الكود: Mystic gourmand
السعر: 350 ILS
عودة للمراسلة: https://wa.me/972524033442?text=%D9%85%D8%B1%D8%AD%D8%A8%D8%A7%D8%8C%20%D8%A3%D8%B1%D9%8A%D8%AF%20%D8%B7%D9%84%D8%A8%20%D8%A7%D9%84%D9%85%D9%86%D8%AA%D8%AC%20Mystic%20gourmand",https://wa.me/972524033442?text=%D9%85%D8%B1%D8%AD%D8%A8%D8%A7%D8%8C%20%D8%A3%D8%B1%D9%8A%D8%AF%20%D8%B7%D9%84%D8%A8%20%D8%A7%D9%84%D9%85%D9%86%D8%AA%D8%AC%20Mystic%20gourmand,https://madperfume.ps/?app=product.show.681,https://www.mad-parfumeur.com/respondio-catalog/og/ar/p-681-mystic-gourmand.jpg?v=20260731-4,https://madperfume.ps/upload/01-2026/product/be216344-96cc-4fd1-a2cf-d30386913aac_size640_cropCenter (1).jpg
ar,Adria 100 ml Unisex,ADRIA,عطور النيش الرجاليه,350,https://www.mad-parfumeur.com/respondio-catalog/wa/ar/p-682-adria-100-ml-unisex.html?v=20260731-4,https://www.mad-parfumeur.com/respondio-catalog/media/ar/p-682-adria-100-ml-unisex.jpg?v=20260731-4,"ADRIA
الكود: Adria 100 ml Unisex
السعر: 350 ILS
عودة للمراسلة: https://wa.me/972524033442?text=%D9%85%D8%B1%D8%AD%D8%A8%D8%A7%D8%8C%20%D8%A3%D8%B1%D9%8A%D8%AF%20%D8%B7%D9%84%D8%A8%20%D8%A7%D9%84%D9%85%D9%86%D8%AA%D8%AC%20Adria%20100%20ml%20Unisex",https://wa.me/972524033442?text=%D9%85%D8%B1%D8%AD%D8%A8%D8%A7%D8%8C%20%D8%A3%D8%B1%D9%8A%D8%AF%20%D8%B7%D9%84%D8%A8%20%D8%A7%D9%84%D9%85%D9%86%D8%AA%D8%AC%20Adria%20100%20ml%20Unisex,https://madperfume.ps/?app=product.show.682,https://www.mad-parfumeur.com/respondio-catalog/og/ar/p-682-adria-100-ml-unisex.jpg?v=20260731-4,https://madperfume.ps/upload/01-2026/product/697a62e966bbb.png
ar,Treasure 100 ml,Treasure,عطور النيش الرجاليه,350,https://www.mad-parfumeur.com/respondio-catalog/wa/ar/p-683-treasure-100-ml.html?v=20260731-4,https://www.mad-parfumeur.com/respondio-catalog/media/ar/p-683-treasure-100-ml.jpg?v=20260731-4,"Treasure
الكود: Treasure 100 ml
السعر: 350 ILS
عودة للمراسلة: https://wa.me/972524033442?text=%D9%85%D8%B1%D8%AD%D8%A8%D8%A7%D8%8C%20%D8%A3%D8%B1%D9%8A%D8%AF%20%D8%B7%D9%84%D8%A8%20%D8%A7%D9%84%D9%85%D9%86%D8%AA%D8%AC%20Treasure%20100%20ml",https://wa.me/972524033442?text=%D9%85%D8%B1%D8%AD%D8%A8%D8%A7%D8%8C%20%D8%A3%D8%B1%D9%8A%D8%AF%20%D8%B7%D9%84%D8%A8%20%D8%A7%D9%84%D9%85%D9%86%D8%AA%D8%AC%20Treasure%20100%20ml,https://madperfume.ps/?app=product.show.683,https://www.mad-parfumeur.com/respondio-catalog/og/ar/p-683-treasure-100-ml.jpg?v=20260731-4,https://madperfume.ps/upload/01-2026/product/d5390a37-5baa-47ce-9b5d-f1bec7c58361_size640_cropCenter.jpg
ar,Marjorie 50 ml,Marjorie,عطور النساء,300,https://www.mad-parfumeur.com/respondio-catalog/wa/ar/p-684-marjorie-50-ml.html?v=20260731-4,https://www.mad-parfumeur.com/respondio-catalog/media/ar/p-684-marjorie-50-ml.jpg?v=20260731-4,"Marjorie
الكود: Marjorie 50 ml
السعر: 300 ILS
عودة للمراسلة: https://wa.me/972524033442?text=%D9%85%D8%B1%D8%AD%D8%A8%D8%A7%D8%8C%20%D8%A3%D8%B1%D9%8A%D8%AF%20%D8%B7%D9%84%D8%A8%20%D8%A7%D9%84%D9%85%D9%86%D8%AA%D8%AC%20Marjorie%2050%20ml",https://wa.me/972524033442?text=%D9%85%D8%B1%D8%AD%D8%A8%D8%A7%D8%8C%20%D8%A3%D8%B1%D9%8A%D8%AF%20%D8%B7%D9%84%D8%A8%20%D8%A7%D9%84%D9%85%D9%86%D8%AA%D8%AC%20Marjorie%2050%20ml,https://madperfume.ps/?app=product.show.684,https://www.mad-parfumeur.com/respondio-catalog/og/ar/p-684-marjorie-50-ml.jpg?v=20260731-4,https://madperfume.ps/upload/01-2026/product/697a647e65292.png
ar,H106 women,HERMES-BARENIA,عطور النساء,100,https://www.mad-parfumeur.com/respondio-catalog/wa/ar/p-685-h106-women.html?v=20260731-4,https://www.mad-parfumeur.com/respondio-catalog/media/ar/p-685-h106-women.jpg?v=20260731-4,"HERMES-BARENIA
الكود: H106 women
السعر: 100 ILS
عودة للمراسلة: https://wa.me/972524033442?text=%D9%85%D8%B1%D8%AD%D8%A8%D8%A7%D8%8C%20%D8%A3%D8%B1%D9%8A%D8%AF%20%D8%B7%D9%84%D8%A8%20%D8%A7%D9%84%D9%85%D9%86%D8%AA%D8%AC%20H106%20women",https://wa.me/972524033442?text=%D9%85%D8%B1%D8%AD%D8%A8%D8%A7%D8%8C%20%D8%A3%D8%B1%D9%8A%D8%AF%20%D8%B7%D9%84%D8%A8%20%D8%A7%D9%84%D9%85%D9%86%D8%AA%D8%AC%20H106%20women,https://madperfume.ps/?app=product.show.685,https://www.mad-parfumeur.com/respondio-catalog/og/ar/p-685-h106-women.jpg?v=20260731-4,https://madperfume.ps/upload/01-2026/product/697e376ec80e5.png
ar,L105,LANCOME-LA VIE BST BELLE LELIXIR,عطور النساء,100,https://www.mad-parfumeur.com/respondio-catalog/wa/ar/p-686-l105.html?v=20260731-4,https://www.mad-parfumeur.com/respondio-catalog/media/ar/p-686-l105.jpg?v=20260731-4,"LANCOME-LA VIE BST BELLE LELIXIR
الكود: L105
السعر: 100 ILS
عودة للمراسلة: https://wa.me/972524033442?text=%D9%85%D8%B1%D8%AD%D8%A8%D8%A7%D8%8C%20%D8%A3%D8%B1%D9%8A%D8%AF%20%D8%B7%D9%84%D8%A8%20%D8%A7%D9%84%D9%85%D9%86%D8%AA%D8%AC%20L105",https://wa.me/972524033442?text=%D9%85%D8%B1%D8%AD%D8%A8%D8%A7%D8%8C%20%D8%A3%D8%B1%D9%8A%D8%AF%20%D8%B7%D9%84%D8%A8%20%D8%A7%D9%84%D9%85%D9%86%D8%AA%D8%AC%20L105,https://madperfume.ps/?app=product.show.686,https://www.mad-parfumeur.com/respondio-catalog/og/ar/p-686-l105.jpg?v=20260731-4,https://madperfume.ps/upload/01-2026/product/697e3741950ee.png
ar,G112,GUCCI-FLORA GORGEOUS ORCHID,عطور النساء,100,https://www.mad-parfumeur.com/respondio-catalog/wa/ar/p-687-g112.html?v=20260731-4,https://www.mad-parfumeur.com/respondio-catalog/media/ar/p-687-g112.jpg?v=20260731-4,"GUCCI-FLORA GORGEOUS ORCHID
الكود: G112
السعر: 100 ILS
عودة للمراسلة: https://wa.me/972524033442?text=%D9%85%D8%B1%D8%AD%D8%A8%D8%A7%D8%8C%20%D8%A3%D8%B1%D9%8A%D8%AF%20%D8%B7%D9%84%D8%A8%20%D8%A7%D9%84%D9%85%D9%86%D8%AA%D8%AC%20G112",https://wa.me/972524033442?text=%D9%85%D8%B1%D8%AD%D8%A8%D8%A7%D8%8C%20%D8%A3%D8%B1%D9%8A%D8%AF%20%D8%B7%D9%84%D8%A8%20%D8%A7%D9%84%D9%85%D9%86%D8%AA%D8%AC%20G112,https://madperfume.ps/?app=product.show.687,https://www.mad-parfumeur.com/respondio-catalog/og/ar/p-687-g112.jpg?v=20260731-4,https://madperfume.ps/upload/01-2026/product/697cef4eb38b8.png
ar,J110,JEAN PAUL GAULTIER,عطور الرجال,100,https://www.mad-parfumeur.com/respondio-catalog/wa/ar/p-688-j110.html?v=20260731-4,https://www.mad-parfumeur.com/respondio-catalog/media/ar/p-688-j110.jpg?v=20260731-4,"JEAN PAUL GAULTIER
الكود: J110
السعر: 100 ILS
عودة للمراسلة: https://wa.me/972524033442?text=%D9%85%D8%B1%D8%AD%D8%A8%D8%A7%D8%8C%20%D8%A3%D8%B1%D9%8A%D8%AF%20%D8%B7%D9%84%D8%A8%20%D8%A7%D9%84%D9%85%D9%86%D8%AA%D8%AC%20J110",https://wa.me/972524033442?text=%D9%85%D8%B1%D8%AD%D8%A8%D8%A7%D8%8C%20%D8%A3%D8%B1%D9%8A%D8%AF%20%D8%B7%D9%84%D8%A8%20%D8%A7%D9%84%D9%85%D9%86%D8%AA%D8%AC%20J110,https://madperfume.ps/?app=product.show.688,https://www.mad-parfumeur.com/respondio-catalog/og/ar/p-688-j110.jpg?v=20260731-4,https://madperfume.ps/upload/01-2026/product/697e37087f43a.png
ar,W223,PACO RABANNE - OLYMPEA PARFUM,عطور النساء,100,https://www.mad-parfumeur.com/respondio-catalog/wa/ar/p-689-w223.html?v=20260731-4,https://www.mad-parfumeur.com/respondio-catalog/media/ar/p-689-w223.jpg?v=20260731-4,"PACO RABANNE - OLYMPEA PARFUM
الكود: W223
السعر: 100 ILS
عودة للمراسلة: https://wa.me/972524033442?text=%D9%85%D8%B1%D8%AD%D8%A8%D8%A7%D8%8C%20%D8%A3%D8%B1%D9%8A%D8%AF%20%D8%B7%D9%84%D8%A8%20%D8%A7%D9%84%D9%85%D9%86%D8%AA%D8%AC%20W223",https://wa.me/972524033442?text=%D9%85%D8%B1%D8%AD%D8%A8%D8%A7%D8%8C%20%D8%A3%D8%B1%D9%8A%D8%AF%20%D8%B7%D9%84%D8%A8%20%D8%A7%D9%84%D9%85%D9%86%D8%AA%D8%AC%20W223,https://madperfume.ps/?app=product.show.689,https://www.mad-parfumeur.com/respondio-catalog/og/ar/p-689-w223.jpg?v=20260731-4,https://madperfume.ps/upload/01-2026/product/697e36da98e51.png
ar,W127,PACO RABANNE - 1 MILLION ROYAL,عطور الرجال,100,https://www.mad-parfumeur.com/respondio-catalog/wa/ar/p-691-w127.html?v=20260731-4,https://www.mad-parfumeur.com/respondio-catalog/media/ar/p-691-w127.jpg?v=20260731-4,"PACO RABANNE - 1 MILLION ROYAL
الكود: W127
السعر: 100 ILS
عودة للمراسلة: https://wa.me/972524033442?text=%D9%85%D8%B1%D8%AD%D8%A8%D8%A7%D8%8C%20%D8%A3%D8%B1%D9%8A%D8%AF%20%D8%B7%D9%84%D8%A8%20%D8%A7%D9%84%D9%85%D9%86%D8%AA%D8%AC%20W127",https://wa.me/972524033442?text=%D9%85%D8%B1%D8%AD%D8%A8%D8%A7%D8%8C%20%D8%A3%D8%B1%D9%8A%D8%AF%20%D8%B7%D9%84%D8%A8%20%D8%A7%D9%84%D9%85%D9%86%D8%AA%D8%AC%20W127,https://madperfume.ps/?app=product.show.691,https://www.mad-parfumeur.com/respondio-catalog/og/ar/p-691-w127.jpg?v=20260731-4,https://madperfume.ps/upload/01-2026/product/697e36b54adbe.png
ar,P108,PACO RABANNE - MILLIN GOLD FOR HER,عطور النساء,100,https://www.mad-parfumeur.com/respondio-catalog/wa/ar/p-692-p108.html?v=20260731-4,https://www.mad-parfumeur.com/respondio-catalog/media/ar/p-692-p108.jpg?v=20260731-4,"PACO RABANNE - MILLIN GOLD FOR HER
الكود: P108
السعر: 100 ILS
عودة للمراسلة: https://wa.me/972524033442?text=%D9%85%D8%B1%D8%AD%D8%A8%D8%A7%D8%8C%20%D8%A3%D8%B1%D9%8A%D8%AF%20%D8%B7%D9%84%D8%A8%20%D8%A7%D9%84%D9%85%D9%86%D8%AA%D8%AC%20P108",https://wa.me/972524033442?text=%D9%85%D8%B1%D8%AD%D8%A8%D8%A7%D8%8C%20%D8%A3%D8%B1%D9%8A%D8%AF%20%D8%B7%D9%84%D8%A8%20%D8%A7%D9%84%D9%85%D9%86%D8%AA%D8%AC%20P108,https://madperfume.ps/?app=product.show.692,https://www.mad-parfumeur.com/respondio-catalog/og/ar/p-692-p108.jpg?v=20260731-4,https://madperfume.ps/upload/01-2026/product/697e3689804dc.png
ar,W179,W.179 – Paco Rabanne Invictus Parfum,عطور الرجال,100,https://www.mad-parfumeur.com/respondio-catalog/wa/ar/p-693-w179.html?v=20260731-4,https://www.mad-parfumeur.com/respondio-catalog/media/ar/p-693-w179.jpg?v=20260731-4,"W.179 – Paco Rabanne Invictus Parfum
الكود: W179
السعر: 100 ILS
عودة للمراسلة: https://wa.me/972524033442?text=%D9%85%D8%B1%D8%AD%D8%A8%D8%A7%D8%8C%20%D8%A3%D8%B1%D9%8A%D8%AF%20%D8%B7%D9%84%D8%A8%20%D8%A7%D9%84%D9%85%D9%86%D8%AA%D8%AC%20W179",https://wa.me/972524033442?text=%D9%85%D8%B1%D8%AD%D8%A8%D8%A7%D8%8C%20%D8%A3%D8%B1%D9%8A%D8%AF%20%D8%B7%D9%84%D8%A8%20%D8%A7%D9%84%D9%85%D9%86%D8%AA%D8%AC%20W179,https://madperfume.ps/?app=product.show.693,https://www.mad-parfumeur.com/respondio-catalog/og/ar/p-693-w179.jpg?v=20260731-4,https://madperfume.ps/upload/01-2026/product/697e364800bdf.png
ar,L101,Mad L101 – Floral Scent بخاخ عطر للجسم (Body Mist) – 200 مل,عطور الجسم,50,https://www.mad-parfumeur.com/respondio-catalog/wa/ar/p-694-l101.html?v=20260731-4,https://www.mad-parfumeur.com/respondio-catalog/media/ar/p-694-l101.jpg?v=20260731-4,"Mad L101 – Floral Scent بخاخ عطر للجسم (Body Mist) – 200 مل
الكود: L101
السعر: 50 ILS
عودة للمراسلة: https://wa.me/972524033442?text=%D9%85%D8%B1%D8%AD%D8%A8%D8%A7%D8%8C%20%D8%A3%D8%B1%D9%8A%D8%AF%20%D8%B7%D9%84%D8%A8%20%D8%A7%D9%84%D9%85%D9%86%D8%AA%D8%AC%20L101",https://wa.me/972524033442?text=%D9%85%D8%B1%D8%AD%D8%A8%D8%A7%D8%8C%20%D8%A3%D8%B1%D9%8A%D8%AF%20%D8%B7%D9%84%D8%A8%20%D8%A7%D9%84%D9%85%D9%86%D8%AA%D8%AC%20L101,https://madperfume.ps/?app=product.show.694,https://www.mad-parfumeur.com/respondio-catalog/og/ar/p-694-l101.jpg?v=20260731-4,https://madperfume.ps/upload/01-2026/product/d0d263e8-c76f-40fa-b88a-bde960a3c416_size640_cropCenter.jpg
ar,A118,Mad A.118 – Floral Scent بخاخ عطر للجسم (Body Mist) – 200 مل,عطور الجسم,50,https://www.mad-parfumeur.com/respondio-catalog/wa/ar/p-695-a118.html?v=20260731-4,https://www.mad-parfumeur.com/respondio-catalog/media/ar/p-695-a118.jpg?v=20260731-4,"Mad A.118 – Floral Scent بخاخ عطر للجسم (Body Mist) – 200 مل
الكود: A118
السعر: 50 ILS
عودة للمراسلة: https://wa.me/972524033442?text=%D9%85%D8%B1%D8%AD%D8%A8%D8%A7%D8%8C%20%D8%A3%D8%B1%D9%8A%D8%AF%20%D8%B7%D9%84%D8%A8%20%D8%A7%D9%84%D9%85%D9%86%D8%AA%D8%AC%20A118",https://wa.me/972524033442?text=%D9%85%D8%B1%D8%AD%D8%A8%D8%A7%D8%8C%20%D8%A3%D8%B1%D9%8A%D8%AF%20%D8%B7%D9%84%D8%A8%20%D8%A7%D9%84%D9%85%D9%86%D8%AA%D8%AC%20A118,https://madperfume.ps/?app=product.show.695,https://www.mad-parfumeur.com/respondio-catalog/og/ar/p-695-a118.jpg?v=20260731-4,https://madperfume.ps/upload/01-2026/product/38184a38-6413-47b1-8475-768931fff82b_size640_cropCenter.jpg
ar,Z101,Mad Z.101 – Oriental Scent بخاخ عطر للجسم (Body Mist) – 200 مل,عطور الجسم,50,https://www.mad-parfumeur.com/respondio-catalog/wa/ar/p-696-z101.html?v=20260731-4,https://www.mad-parfumeur.com/respondio-catalog/media/ar/p-696-z101.jpg?v=20260731-4,"Mad Z.101 – Oriental Scent بخاخ عطر للجسم (Body Mist) – 200 مل
الكود: Z101
السعر: 50 ILS
عودة للمراسلة: https://wa.me/972524033442?text=%D9%85%D8%B1%D8%AD%D8%A8%D8%A7%D8%8C%20%D8%A3%D8%B1%D9%8A%D8%AF%20%D8%B7%D9%84%D8%A8%20%D8%A7%D9%84%D9%85%D9%86%D8%AA%D8%AC%20Z101",https://wa.me/972524033442?text=%D9%85%D8%B1%D8%AD%D8%A8%D8%A7%D8%8C%20%D8%A3%D8%B1%D9%8A%D8%AF%20%D8%B7%D9%84%D8%A8%20%D8%A7%D9%84%D9%85%D9%86%D8%AA%D8%AC%20Z101,https://madperfume.ps/?app=product.show.696,https://www.mad-parfumeur.com/respondio-catalog/og/ar/p-696-z101.jpg?v=20260731-4,https://madperfume.ps/upload/01-2026/product/d7377816-d005-4e83-b3ae-efb82b225af9_size640_cropCenter.jpg
ar,W213,Mad W.213 – Oriental Scent بخاخ عطر للجسم (Body Mist) – 200 مل,عطور الجسم,50,https://www.mad-parfumeur.com/respondio-catalog/wa/ar/p-697-w213.html?v=20260731-4,https://www.mad-parfumeur.com/respondio-catalog/media/ar/p-697-w213.jpg?v=20260731-4,"Mad W.213 – Oriental Scent بخاخ عطر للجسم (Body Mist) – 200 مل
الكود: W213
السعر: 50 ILS
عودة للمراسلة: https://wa.me/972524033442?text=%D9%85%D8%B1%D8%AD%D8%A8%D8%A7%D8%8C%20%D8%A3%D8%B1%D9%8A%D8%AF%20%D8%B7%D9%84%D8%A8%20%D8%A7%D9%84%D9%85%D9%86%D8%AA%D8%AC%20W213",https://wa.me/972524033442?text=%D9%85%D8%B1%D8%AD%D8%A8%D8%A7%D8%8C%20%D8%A3%D8%B1%D9%8A%D8%AF%20%D8%B7%D9%84%D8%A8%20%D8%A7%D9%84%D9%85%D9%86%D8%AA%D8%AC%20W213,https://madperfume.ps/?app=product.show.697,https://www.mad-parfumeur.com/respondio-catalog/og/ar/p-697-w213.jpg?v=20260731-4,https://madperfume.ps/upload/01-2026/product/eef08009-97f6-4a7a-8b40-4b1275410473_size640_cropCenter.jpg
ar,Y102,Mad Y.102 – Oriental Scent بخاخ عطر للجسم (Body Mist) – 200 مل,عطور الجسم,50,https://www.mad-parfumeur.com/respondio-catalog/wa/ar/p-698-y102.html?v=20260731-4,https://www.mad-parfumeur.com/respondio-catalog/media/ar/p-698-y102.jpg?v=20260731-4,"Mad Y.102 – Oriental Scent بخاخ عطر للجسم (Body Mist) – 200 مل
الكود: Y102
السعر: 50 ILS
عودة للمراسلة: https://wa.me/972524033442?text=%D9%85%D8%B1%D8%AD%D8%A8%D8%A7%D8%8C%20%D8%A3%D8%B1%D9%8A%D8%AF%20%D8%B7%D9%84%D8%A8%20%D8%A7%D9%84%D9%85%D9%86%D8%AA%D8%AC%20Y102",https://wa.me/972524033442?text=%D9%85%D8%B1%D8%AD%D8%A8%D8%A7%D8%8C%20%D8%A3%D8%B1%D9%8A%D8%AF%20%D8%B7%D9%84%D8%A8%20%D8%A7%D9%84%D9%85%D9%86%D8%AA%D8%AC%20Y102,https://madperfume.ps/?app=product.show.698,https://www.mad-parfumeur.com/respondio-catalog/og/ar/p-698-y102.jpg?v=20260731-4,https://madperfume.ps/upload/01-2026/product/edf47198-11a7-48a9-9b47-fa0a0f7efb44_size640_cropCenter.jpg
ar,V112,Mad V.112 – Oriental Scent بخاخ عطر للجسم (Body Mist) – 200 مل,عطور الجسم,50,https://www.mad-parfumeur.com/respondio-catalog/wa/ar/p-699-v112.html?v=20260731-4,https://www.mad-parfumeur.com/respondio-catalog/media/ar/p-699-v112.jpg?v=20260731-4,"Mad V.112 – Oriental Scent بخاخ عطر للجسم (Body Mist) – 200 مل
الكود: V112
السعر: 50 ILS
عودة للمراسلة: https://wa.me/972524033442?text=%D9%85%D8%B1%D8%AD%D8%A8%D8%A7%D8%8C%20%D8%A3%D8%B1%D9%8A%D8%AF%20%D8%B7%D9%84%D8%A8%20%D8%A7%D9%84%D9%85%D9%86%D8%AA%D8%AC%20V112",https://wa.me/972524033442?text=%D9%85%D8%B1%D8%AD%D8%A8%D8%A7%D8%8C%20%D8%A3%D8%B1%D9%8A%D8%AF%20%D8%B7%D9%84%D8%A8%20%D8%A7%D9%84%D9%85%D9%86%D8%AA%D8%AC%20V112,https://madperfume.ps/?app=product.show.699,https://www.mad-parfumeur.com/respondio-catalog/og/ar/p-699-v112.jpg?v=20260731-4,https://madperfume.ps/upload/01-2026/product/3c4aa9ac-ae11-4b15-91b6-5d400404b0b9_size640_cropCenter.jpg
ar,V109,Mad V.109 – Gourmand Scent بخاخ عطر للجسم (Body Mist) – 200 مل,عطور الجسم,50,https://www.mad-parfumeur.com/respondio-catalog/wa/ar/p-700-v109.html?v=20260731-4,https://www.mad-parfumeur.com/respondio-catalog/media/ar/p-700-v109.jpg?v=20260731-4,"Mad V.109 – Gourmand Scent بخاخ عطر للجسم (Body Mist) – 200 مل
الكود: V109
السعر: 50 ILS
عودة للمراسلة: https://wa.me/972524033442?text=%D9%85%D8%B1%D8%AD%D8%A8%D8%A7%D8%8C%20%D8%A3%D8%B1%D9%8A%D8%AF%20%D8%B7%D9%84%D8%A8%20%D8%A7%D9%84%D9%85%D9%86%D8%AA%D8%AC%20V109",https://wa.me/972524033442?text=%D9%85%D8%B1%D8%AD%D8%A8%D8%A7%D8%8C%20%D8%A3%D8%B1%D9%8A%D8%AF%20%D8%B7%D9%84%D8%A8%20%D8%A7%D9%84%D9%85%D9%86%D8%AA%D8%AC%20V109,https://madperfume.ps/?app=product.show.700,https://www.mad-parfumeur.com/respondio-catalog/og/ar/p-700-v109.jpg?v=20260731-4,https://madperfume.ps/upload/01-2026/product/7afe3763-900d-41bb-af4a-973ba6628a32_size640_cropCenter.jpg
ar,B103,Mad B.103 – Fruity Scent بخاخ عطر للجسم (Body Mist) – 200 مل,عطور الجسم,50,https://www.mad-parfumeur.com/respondio-catalog/wa/ar/p-701-b103.html?v=20260731-4,https://www.mad-parfumeur.com/respondio-catalog/media/ar/p-701-b103.jpg?v=20260731-4,"Mad B.103 – Fruity Scent بخاخ عطر للجسم (Body Mist) – 200 مل
الكود: B103
السعر: 50 ILS
عودة للمراسلة: https://wa.me/972524033442?text=%D9%85%D8%B1%D8%AD%D8%A8%D8%A7%D8%8C%20%D8%A3%D8%B1%D9%8A%D8%AF%20%D8%B7%D9%84%D8%A8%20%D8%A7%D9%84%D9%85%D9%86%D8%AA%D8%AC%20B103",https://wa.me/972524033442?text=%D9%85%D8%B1%D8%AD%D8%A8%D8%A7%D8%8C%20%D8%A3%D8%B1%D9%8A%D8%AF%20%D8%B7%D9%84%D8%A8%20%D8%A7%D9%84%D9%85%D9%86%D8%AA%D8%AC%20B103,https://madperfume.ps/?app=product.show.701,https://www.mad-parfumeur.com/respondio-catalog/og/ar/p-701-b103.jpg?v=20260731-4,https://madperfume.ps/upload/01-2026/product/0bd0c7d9-ef7f-4dbf-a1fe-f36afd6f0b00_size640_cropCenter.jpg
ar,H105,Mad H.105 – Oriental Scent بخاخ عطر للجسم (Body Mist) – 200 مل,عطور الجسم,50,https://www.mad-parfumeur.com/respondio-catalog/wa/ar/p-702-h105.html?v=20260731-4,https://www.mad-parfumeur.com/respondio-catalog/media/ar/p-702-h105.jpg?v=20260731-4,"Mad H.105 – Oriental Scent بخاخ عطر للجسم (Body Mist) – 200 مل
الكود: H105
السعر: 50 ILS
عودة للمراسلة: https://wa.me/972524033442?text=%D9%85%D8%B1%D8%AD%D8%A8%D8%A7%D8%8C%20%D8%A3%D8%B1%D9%8A%D8%AF%20%D8%B7%D9%84%D8%A8%20%D8%A7%D9%84%D9%85%D9%86%D8%AA%D8%AC%20H105",https://wa.me/972524033442?text=%D9%85%D8%B1%D8%AD%D8%A8%D8%A7%D8%8C%20%D8%A3%D8%B1%D9%8A%D8%AF%20%D8%B7%D9%84%D8%A8%20%D8%A7%D9%84%D9%85%D9%86%D8%AA%D8%AC%20H105,https://madperfume.ps/?app=product.show.702,https://www.mad-parfumeur.com/respondio-catalog/og/ar/p-702-h105.jpg?v=20260731-4,https://madperfume.ps/upload/01-2026/product/3cba76cf-28ff-4295-8942-8b44c0f0797a_size640_cropCenter.jpg
ar,W201,Mad W.201 – Oriental Scent بخاخ عطر للجسم (Body Mist) – 200 مل,عطور الجسم,50,https://www.mad-parfumeur.com/respondio-catalog/wa/ar/p-703-w201.html?v=20260731-4,https://www.mad-parfumeur.com/respondio-catalog/media/ar/p-703-w201.jpg?v=20260731-4,"Mad W.201 – Oriental Scent بخاخ عطر للجسم (Body Mist) – 200 مل
الكود: W201
السعر: 50 ILS
عودة للمراسلة: https://wa.me/972524033442?text=%D9%85%D8%B1%D8%AD%D8%A8%D8%A7%D8%8C%20%D8%A3%D8%B1%D9%8A%D8%AF%20%D8%B7%D9%84%D8%A8%20%D8%A7%D9%84%D9%85%D9%86%D8%AA%D8%AC%20W201",https://wa.me/972524033442?text=%D9%85%D8%B1%D8%AD%D8%A8%D8%A7%D8%8C%20%D8%A3%D8%B1%D9%8A%D8%AF%20%D8%B7%D9%84%D8%A8%20%D8%A7%D9%84%D9%85%D9%86%D8%AA%D8%AC%20W201,https://madperfume.ps/?app=product.show.703,https://www.mad-parfumeur.com/respondio-catalog/og/ar/p-703-w201.jpg?v=20260731-4,https://madperfume.ps/upload/01-2026/product/f34e4bb8-b279-4edc-a70b-f6a899aa4682_size640_cropCenter.jpg
ar,Y101,Mad Y.101 – Floral Scent بخاخ عطر للجسم (Body Mist) – 200 مل,عطور الجسم,50,https://www.mad-parfumeur.com/respondio-catalog/wa/ar/p-704-y101.html?v=20260731-4,https://www.mad-parfumeur.com/respondio-catalog/media/ar/p-704-y101.jpg?v=20260731-4,"Mad Y.101 – Floral Scent بخاخ عطر للجسم (Body Mist) – 200 مل
الكود: Y101
السعر: 50 ILS
عودة للمراسلة: https://wa.me/972524033442?text=%D9%85%D8%B1%D8%AD%D8%A8%D8%A7%D8%8C%20%D8%A3%D8%B1%D9%8A%D8%AF%20%D8%B7%D9%84%D8%A8%20%D8%A7%D9%84%D9%85%D9%86%D8%AA%D8%AC%20Y101",https://wa.me/972524033442?text=%D9%85%D8%B1%D8%AD%D8%A8%D8%A7%D8%8C%20%D8%A3%D8%B1%D9%8A%D8%AF%20%D8%B7%D9%84%D8%A8%20%D8%A7%D9%84%D9%85%D9%86%D8%AA%D8%AC%20Y101,https://madperfume.ps/?app=product.show.704,https://www.mad-parfumeur.com/respondio-catalog/og/ar/p-704-y101.jpg?v=20260731-4,https://madperfume.ps/upload/01-2026/product/3f15a958-3195-49de-b392-80fc18b4fe59_size640_cropCenter.jpg
ar,H103,Mad H.103 – Oriental Scent بخاخ عطر للجسم (Body Mist) – 200 مل,عطور الجسم,50,https://www.mad-parfumeur.com/respondio-catalog/wa/ar/p-705-h103.html?v=20260731-4,https://www.mad-parfumeur.com/respondio-catalog/media/ar/p-705-h103.jpg?v=20260731-4,"Mad H.103 – Oriental Scent بخاخ عطر للجسم (Body Mist) – 200 مل
الكود: H103
السعر: 50 ILS
عودة للمراسلة: https://wa.me/972524033442?text=%D9%85%D8%B1%D8%AD%D8%A8%D8%A7%D8%8C%20%D8%A3%D8%B1%D9%8A%D8%AF%20%D8%B7%D9%84%D8%A8%20%D8%A7%D9%84%D9%85%D9%86%D8%AA%D8%AC%20H103",https://wa.me/972524033442?text=%D9%85%D8%B1%D8%AD%D8%A8%D8%A7%D8%8C%20%D8%A3%D8%B1%D9%8A%D8%AF%20%D8%B7%D9%84%D8%A8%20%D8%A7%D9%84%D9%85%D9%86%D8%AA%D8%AC%20H103,https://madperfume.ps/?app=product.show.705,https://www.mad-parfumeur.com/respondio-catalog/og/ar/p-705-h103.jpg?v=20260731-4,https://madperfume.ps/upload/01-2026/product/75766d0d-ddab-4d41-b6dd-d7c8b1f5f5a5_size640_cropCenter.jpg
ar,G103,Mad G103 – Oriental Scent بخاخ عطر للجسم (Body Mist) – 200 مل,عطور الجسم,50,https://www.mad-parfumeur.com/respondio-catalog/wa/ar/p-706-g103.html?v=20260731-4,https://www.mad-parfumeur.com/respondio-catalog/media/ar/p-706-g103.jpg?v=20260731-4,"Mad G103 – Oriental Scent بخاخ عطر للجسم (Body Mist) – 200 مل
الكود: G103
السعر: 50 ILS
عودة للمراسلة: https://wa.me/972524033442?text=%D9%85%D8%B1%D8%AD%D8%A8%D8%A7%D8%8C%20%D8%A3%D8%B1%D9%8A%D8%AF%20%D8%B7%D9%84%D8%A8%20%D8%A7%D9%84%D9%85%D9%86%D8%AA%D8%AC%20G103",https://wa.me/972524033442?text=%D9%85%D8%B1%D8%AD%D8%A8%D8%A7%D8%8C%20%D8%A3%D8%B1%D9%8A%D8%AF%20%D8%B7%D9%84%D8%A8%20%D8%A7%D9%84%D9%85%D9%86%D8%AA%D8%AC%20G103,https://madperfume.ps/?app=product.show.706,https://www.mad-parfumeur.com/respondio-catalog/og/ar/p-706-g103.jpg?v=20260731-4,https://madperfume.ps/upload/01-2026/product/e58ccb69-12d8-467f-bf89-2bba33fe9e11_size640_cropCenter.jpg
ar,Mad Wellbeing Loving,Mad Wellbeing Loving – معطر جو (Reed Diffuser) 190 مل,عطور البيت والمكتب,145,https://www.mad-parfumeur.com/respondio-catalog/wa/ar/p-707-mad-wellbeing-loving.html?v=20260731-4,https://www.mad-parfumeur.com/respondio-catalog/media/ar/p-707-mad-wellbeing-loving.jpg?v=20260731-4,"Mad Wellbeing Loving – معطر جو (Reed Diffuser) 190 مل
الكود: Mad Wellbeing Loving
السعر: 145 ILS
عودة للمراسلة: https://wa.me/972524033442?text=%D9%85%D8%B1%D8%AD%D8%A8%D8%A7%D8%8C%20%D8%A3%D8%B1%D9%8A%D8%AF%20%D8%B7%D9%84%D8%A8%20%D8%A7%D9%84%D9%85%D9%86%D8%AA%D8%AC%20Mad%20Wellbeing%20Loving",https://wa.me/972524033442?text=%D9%85%D8%B1%D8%AD%D8%A8%D8%A7%D8%8C%20%D8%A3%D8%B1%D9%8A%D8%AF%20%D8%B7%D9%84%D8%A8%20%D8%A7%D9%84%D9%85%D9%86%D8%AA%D8%AC%20Mad%20Wellbeing%20Loving,https://madperfume.ps/?app=product.show.707,https://www.mad-parfumeur.com/respondio-catalog/og/ar/p-707-mad-wellbeing-loving.jpg?v=20260731-4,https://madperfume.ps/upload/01-2026/product/0aeb36de-ffb5-4e87-a6b3-f992412ef15d_size640_cropCenter.jpg
ar,Mad Wellbeing Dreamy,Mad Wellbeing Dreamy – معطر جو (Reed Diffuser) 190 مل,عطور البيت والمكتب,145,https://www.mad-parfumeur.com/respondio-catalog/wa/ar/p-708-mad-wellbeing-dreamy.html?v=20260731-4,https://www.mad-parfumeur.com/respondio-catalog/media/ar/p-708-mad-wellbeing-dreamy.jpg?v=20260731-4,"Mad Wellbeing Dreamy – معطر جو (Reed Diffuser) 190 مل
الكود: Mad Wellbeing Dreamy
السعر: 145 ILS
عودة للمراسلة: https://wa.me/972524033442?text=%D9%85%D8%B1%D8%AD%D8%A8%D8%A7%D8%8C%20%D8%A3%D8%B1%D9%8A%D8%AF%20%D8%B7%D9%84%D8%A8%20%D8%A7%D9%84%D9%85%D9%86%D8%AA%D8%AC%20Mad%20Wellbeing%20Dreamy",https://wa.me/972524033442?text=%D9%85%D8%B1%D8%AD%D8%A8%D8%A7%D8%8C%20%D8%A3%D8%B1%D9%8A%D8%AF%20%D8%B7%D9%84%D8%A8%20%D8%A7%D9%84%D9%85%D9%86%D8%AA%D8%AC%20Mad%20Wellbeing%20Dreamy,https://madperfume.ps/?app=product.show.708,https://www.mad-parfumeur.com/respondio-catalog/og/ar/p-708-mad-wellbeing-dreamy.jpg?v=20260731-4,https://madperfume.ps/upload/01-2026/product/17f91ac8-a8b7-4d91-ad51-927c8e1d48ac_size640_cropCenter.jpg
ar,Mad Wellbeing Harmonious,Mad Wellbeing Harmonious – معطر جو (Reed Diffuser) 190 مل,عطور البيت والمكتب,145,https://www.mad-parfumeur.com/respondio-catalog/wa/ar/p-709-mad-wellbeing-harmonious.html?v=20260731-4,https://www.mad-parfumeur.com/respondio-catalog/media/ar/p-709-mad-wellbeing-harmonious.jpg?v=20260731-4,"Mad Wellbeing Harmonious – معطر جو (Reed Diffuser) 190 مل
الكود: Mad Wellbeing Harmonious
السعر: 145 ILS
عودة للمراسلة: https://wa.me/972524033442?text=%D9%85%D8%B1%D8%AD%D8%A8%D8%A7%D8%8C%20%D8%A3%D8%B1%D9%8A%D8%AF%20%D8%B7%D9%84%D8%A8%20%D8%A7%D9%84%D9%85%D9%86%D8%AA%D8%AC%20Mad%20Wellbeing%20Harmonious",https://wa.me/972524033442?text=%D9%85%D8%B1%D8%AD%D8%A8%D8%A7%D8%8C%20%D8%A3%D8%B1%D9%8A%D8%AF%20%D8%B7%D9%84%D8%A8%20%D8%A7%D9%84%D9%85%D9%86%D8%AA%D8%AC%20Mad%20Wellbeing%20Harmonious,https://madperfume.ps/?app=product.show.709,https://www.mad-parfumeur.com/respondio-catalog/og/ar/p-709-mad-wellbeing-harmonious.jpg?v=20260731-4,https://madperfume.ps/upload/01-2026/product/dd98770e-f116-45df-9cf7-0999359a2571_size640_cropCenter.jpg
ar,Reed Diffuser,Mad Wellbeing Refreshed 190 مل – معطر جو (Reed Diffuser),عطور البيت والمكتب,145,https://www.mad-parfumeur.com/respondio-catalog/wa/ar/p-710-reed-diffuser.html?v=20260731-4,https://www.mad-parfumeur.com/respondio-catalog/media/ar/p-710-reed-diffuser.jpg?v=20260731-4,"Mad Wellbeing Refreshed 190 مل – معطر جو (Reed Diffuser)
الكود: Reed Diffuser
السعر: 145 ILS
عودة للمراسلة: https://wa.me/972524033442?text=%D9%85%D8%B1%D8%AD%D8%A8%D8%A7%D8%8C%20%D8%A3%D8%B1%D9%8A%D8%AF%20%D8%B7%D9%84%D8%A8%20%D8%A7%D9%84%D9%85%D9%86%D8%AA%D8%AC%20Reed%20Diffuser",https://wa.me/972524033442?text=%D9%85%D8%B1%D8%AD%D8%A8%D8%A7%D8%8C%20%D8%A3%D8%B1%D9%8A%D8%AF%20%D8%B7%D9%84%D8%A8%20%D8%A7%D9%84%D9%85%D9%86%D8%AA%D8%AC%20Reed%20Diffuser,https://madperfume.ps/?app=product.show.710,https://www.mad-parfumeur.com/respondio-catalog/og/ar/p-710-reed-diffuser.jpg?v=20260731-4,https://madperfume.ps/upload/01-2026/product/6979032762788.jpg
ar,K102,K.102 – Kayali Vanilla Candy Rock Sugar,عطور النساء,100,https://www.mad-parfumeur.com/respondio-catalog/wa/ar/p-711-k102.html?v=20260731-4,https://www.mad-parfumeur.com/respondio-catalog/media/ar/p-711-k102.jpg?v=20260731-4,"K.102 – Kayali Vanilla Candy Rock Sugar
الكود: K102
السعر: 100 ILS
عودة للمراسلة: https://wa.me/972524033442?text=%D9%85%D8%B1%D8%AD%D8%A8%D8%A7%D8%8C%20%D8%A3%D8%B1%D9%8A%D8%AF%20%D8%B7%D9%84%D8%A8%20%D8%A7%D9%84%D9%85%D9%86%D8%AA%D8%AC%20K102",https://wa.me/972524033442?text=%D9%85%D8%B1%D8%AD%D8%A8%D8%A7%D8%8C%20%D8%A3%D8%B1%D9%8A%D8%AF%20%D8%B7%D9%84%D8%A8%20%D8%A7%D9%84%D9%85%D9%86%D8%AA%D8%AC%20K102,https://madperfume.ps/?app=product.show.711,https://www.mad-parfumeur.com/respondio-catalog/og/ar/p-711-k102.jpg?v=20260731-4,https://madperfume.ps/upload/01-2026/product/697ceca854f50.png
ar,Wellbeing Refreshed,Mad Wellbeing Refreshed 200 Gr Mum,شموع,80,https://www.mad-parfumeur.com/respondio-catalog/wa/ar/p-712-wellbeing-refreshed.html?v=20260731-4,https://www.mad-parfumeur.com/respondio-catalog/media/ar/p-712-wellbeing-refreshed.jpg?v=20260731-4,"Mad Wellbeing Refreshed 200 Gr Mum
الكود: Wellbeing Refreshed
السعر: 80 ILS
عودة للمراسلة: https://wa.me/972524033442?text=%D9%85%D8%B1%D8%AD%D8%A8%D8%A7%D8%8C%20%D8%A3%D8%B1%D9%8A%D8%AF%20%D8%B7%D9%84%D8%A8%20%D8%A7%D9%84%D9%85%D9%86%D8%AA%D8%AC%20Wellbeing%20Refreshed",https://wa.me/972524033442?text=%D9%85%D8%B1%D8%AD%D8%A8%D8%A7%D8%8C%20%D8%A3%D8%B1%D9%8A%D8%AF%20%D8%B7%D9%84%D8%A8%20%D8%A7%D9%84%D9%85%D9%86%D8%AA%D8%AC%20Wellbeing%20Refreshed,https://madperfume.ps/?app=product.show.712,https://www.mad-parfumeur.com/respondio-catalog/og/ar/p-712-wellbeing-refreshed.jpg?v=20260731-4,https://madperfume.ps/upload/01-2026/product/4bfeecc9-4bfb-49d7-9361-cde855d7ebe1_size640_cropCenter.jpg
ar,Wellbeing Loving,Mad Wellbeing Loving 200 Gr Mum,شموع,80,https://www.mad-parfumeur.com/respondio-catalog/wa/ar/p-713-wellbeing-loving.html?v=20260731-4,https://www.mad-parfumeur.com/respondio-catalog/media/ar/p-713-wellbeing-loving.jpg?v=20260731-4,"Mad Wellbeing Loving 200 Gr Mum
الكود: Wellbeing Loving
السعر: 80 ILS
عودة للمراسلة: https://wa.me/972524033442?text=%D9%85%D8%B1%D8%AD%D8%A8%D8%A7%D8%8C%20%D8%A3%D8%B1%D9%8A%D8%AF%20%D8%B7%D9%84%D8%A8%20%D8%A7%D9%84%D9%85%D9%86%D8%AA%D8%AC%20Wellbeing%20Loving",https://wa.me/972524033442?text=%D9%85%D8%B1%D8%AD%D8%A8%D8%A7%D8%8C%20%D8%A3%D8%B1%D9%8A%D8%AF%20%D8%B7%D9%84%D8%A8%20%D8%A7%D9%84%D9%85%D9%86%D8%AA%D8%AC%20Wellbeing%20Loving,https://madperfume.ps/?app=product.show.713,https://www.mad-parfumeur.com/respondio-catalog/og/ar/p-713-wellbeing-loving.jpg?v=20260731-4,https://madperfume.ps/upload/01-2026/product/cebf4646-eb62-4dc2-a8ba-5f6fe68b474a_size640_cropCenter.jpg
ar,Wellbeing Harmonious,Mad Wellbeing Harmonious 200 Gr Mum,شموع,80,https://www.mad-parfumeur.com/respondio-catalog/wa/ar/p-714-wellbeing-harmonious.html?v=20260731-4,https://www.mad-parfumeur.com/respondio-catalog/media/ar/p-714-wellbeing-harmonious.jpg?v=20260731-4,"Mad Wellbeing Harmonious 200 Gr Mum
الكود: Wellbeing Harmonious
السعر: 80 ILS
عودة للمراسلة: https://wa.me/972524033442?text=%D9%85%D8%B1%D8%AD%D8%A8%D8%A7%D8%8C%20%D8%A3%D8%B1%D9%8A%D8%AF%20%D8%B7%D9%84%D8%A8%20%D8%A7%D9%84%D9%85%D9%86%D8%AA%D8%AC%20Wellbeing%20Harmonious",https://wa.me/972524033442?text=%D9%85%D8%B1%D8%AD%D8%A8%D8%A7%D8%8C%20%D8%A3%D8%B1%D9%8A%D8%AF%20%D8%B7%D9%84%D8%A8%20%D8%A7%D9%84%D9%85%D9%86%D8%AA%D8%AC%20Wellbeing%20Harmonious,https://madperfume.ps/?app=product.show.714,https://www.mad-parfumeur.com/respondio-catalog/og/ar/p-714-wellbeing-harmonious.jpg?v=20260731-4,https://madperfume.ps/upload/01-2026/product/40235a8b-aa59-48da-818b-a39253a755ec_size640_cropCenter.jpg
ar,Wellbeing Dreamy,Mad Wellbeing Dreamy 200 Gr Mum,شموع,80,https://www.mad-parfumeur.com/respondio-catalog/wa/ar/p-715-wellbeing-dreamy.html?v=20260731-4,https://www.mad-parfumeur.com/respondio-catalog/media/ar/p-715-wellbeing-dreamy.jpg?v=20260731-4,"Mad Wellbeing Dreamy 200 Gr Mum
الكود: Wellbeing Dreamy
السعر: 80 ILS
عودة للمراسلة: https://wa.me/972524033442?text=%D9%85%D8%B1%D8%AD%D8%A8%D8%A7%D8%8C%20%D8%A3%D8%B1%D9%8A%D8%AF%20%D8%B7%D9%84%D8%A8%20%D8%A7%D9%84%D9%85%D9%86%D8%AA%D8%AC%20Wellbeing%20Dreamy",https://wa.me/972524033442?text=%D9%85%D8%B1%D8%AD%D8%A8%D8%A7%D8%8C%20%D8%A3%D8%B1%D9%8A%D8%AF%20%D8%B7%D9%84%D8%A8%20%D8%A7%D9%84%D9%85%D9%86%D8%AA%D8%AC%20Wellbeing%20Dreamy,https://madperfume.ps/?app=product.show.715,https://www.mad-parfumeur.com/respondio-catalog/og/ar/p-715-wellbeing-dreamy.jpg?v=20260731-4,https://madperfume.ps/upload/01-2026/product/c9af599b-3ca1-40af-bbb0-2f0a5635f332_size640_cropCenter.jpg
ar,Fruit Fusion,Mad Fruit Fusion 120 ml Ortam Kokusu,عطور البيت والمكتب,45,https://www.mad-parfumeur.com/respondio-catalog/wa/ar/p-716-fruit-fusion.html?v=20260731-4,https://www.mad-parfumeur.com/respondio-catalog/media/ar/p-716-fruit-fusion.jpg?v=20260731-4,"Mad Fruit Fusion 120 ml Ortam Kokusu
الكود: Fruit Fusion
السعر: 45 ILS
عودة للمراسلة: https://wa.me/972524033442?text=%D9%85%D8%B1%D8%AD%D8%A8%D8%A7%D8%8C%20%D8%A3%D8%B1%D9%8A%D8%AF%20%D8%B7%D9%84%D8%A8%20%D8%A7%D9%84%D9%85%D9%86%D8%AA%D8%AC%20Fruit%20Fusion",https://wa.me/972524033442?text=%D9%85%D8%B1%D8%AD%D8%A8%D8%A7%D8%8C%20%D8%A3%D8%B1%D9%8A%D8%AF%20%D8%B7%D9%84%D8%A8%20%D8%A7%D9%84%D9%85%D9%86%D8%AA%D8%AC%20Fruit%20Fusion,https://madperfume.ps/?app=product.show.716,https://www.mad-parfumeur.com/respondio-catalog/og/ar/p-716-fruit-fusion.jpg?v=20260731-4,https://madperfume.ps/upload/01-2026/product/e828201a-ddda-420e-828b-1c8cd0c3129b_size640_cropCenter.jpg
ar,Bruno Gold Intense,Bruno Gold Intense 100 مل – عطر رجالي,عطور النيش الرجاليه,300,https://www.mad-parfumeur.com/respondio-catalog/wa/ar/p-717-bruno-gold-intense.html?v=20260731-4,https://www.mad-parfumeur.com/respondio-catalog/media/ar/p-717-bruno-gold-intense.jpg?v=20260731-4,"Bruno Gold Intense 100 مل – عطر رجالي
الكود: Bruno Gold Intense
السعر: 300 ILS
عودة للمراسلة: https://wa.me/972524033442?text=%D9%85%D8%B1%D8%AD%D8%A8%D8%A7%D8%8C%20%D8%A3%D8%B1%D9%8A%D8%AF%20%D8%B7%D9%84%D8%A8%20%D8%A7%D9%84%D9%85%D9%86%D8%AA%D8%AC%20Bruno%20Gold%20Intense",https://wa.me/972524033442?text=%D9%85%D8%B1%D8%AD%D8%A8%D8%A7%D8%8C%20%D8%A3%D8%B1%D9%8A%D8%AF%20%D8%B7%D9%84%D8%A8%20%D8%A7%D9%84%D9%85%D9%86%D8%AA%D8%AC%20Bruno%20Gold%20Intense,https://madperfume.ps/?app=product.show.717,https://www.mad-parfumeur.com/respondio-catalog/og/ar/p-717-bruno-gold-intense.jpg?v=20260731-4,https://madperfume.ps/upload/01-2026/product/6979503f9d058.png
ar,Pink Coconut,Mad Pink Coconut 250 ml Body Mist,عطور الجسم,60,https://www.mad-parfumeur.com/respondio-catalog/wa/ar/p-719-pink-coconut.html?v=20260731-4,https://www.mad-parfumeur.com/respondio-catalog/media/ar/p-719-pink-coconut.jpg?v=20260731-4,"Mad Pink Coconut 250 ml Body Mist
الكود: Pink Coconut
السعر: 60 ILS
عودة للمراسلة: https://wa.me/972524033442?text=%D9%85%D8%B1%D8%AD%D8%A8%D8%A7%D8%8C%20%D8%A3%D8%B1%D9%8A%D8%AF%20%D8%B7%D9%84%D8%A8%20%D8%A7%D9%84%D9%85%D9%86%D8%AA%D8%AC%20Pink%20Coconut",https://wa.me/972524033442?text=%D9%85%D8%B1%D8%AD%D8%A8%D8%A7%D8%8C%20%D8%A3%D8%B1%D9%8A%D8%AF%20%D8%B7%D9%84%D8%A8%20%D8%A7%D9%84%D9%85%D9%86%D8%AA%D8%AC%20Pink%20Coconut,https://madperfume.ps/?app=product.show.719,https://www.mad-parfumeur.com/respondio-catalog/og/ar/p-719-pink-coconut.jpg?v=20260731-4,https://madperfume.ps/upload/01-2026/product/4d55a8f2-7a6e-4dd0-9808-997964a0cb0c_size640_cropCenter.jpg
ar,Y104,Black Opium Over Red Yves Saint Laurent,عطور النساء,100,https://www.mad-parfumeur.com/respondio-catalog/wa/ar/p-720-y104.html?v=20260731-4,https://www.mad-parfumeur.com/respondio-catalog/media/ar/p-720-y104.jpg?v=20260731-4,"Black Opium Over Red Yves Saint Laurent
الكود: Y104
السعر: 100 ILS
عودة للمراسلة: https://wa.me/972524033442?text=%D9%85%D8%B1%D8%AD%D8%A8%D8%A7%D8%8C%20%D8%A3%D8%B1%D9%8A%D8%AF%20%D8%B7%D9%84%D8%A8%20%D8%A7%D9%84%D9%85%D9%86%D8%AA%D8%AC%20Y104",https://wa.me/972524033442?text=%D9%85%D8%B1%D8%AD%D8%A8%D8%A7%D8%8C%20%D8%A3%D8%B1%D9%8A%D8%AF%20%D8%B7%D9%84%D8%A8%20%D8%A7%D9%84%D9%85%D9%86%D8%AA%D8%AC%20Y104,https://madperfume.ps/?app=product.show.720,https://www.mad-parfumeur.com/respondio-catalog/og/ar/p-720-y104.jpg?v=20260731-4,https://madperfume.ps/upload/01-2026/product/697ca24f9f620.png
ar,H102 women,Hugo Woman Hugo Boss,عطور النساء,100,https://www.mad-parfumeur.com/respondio-catalog/wa/ar/p-723-h102-women.html?v=20260731-4,https://www.mad-parfumeur.com/respondio-catalog/media/ar/p-723-h102-women.jpg?v=20260731-4,"Hugo Woman Hugo Boss
الكود: H102 women
السعر: 100 ILS
عودة للمراسلة: https://wa.me/972524033442?text=%D9%85%D8%B1%D8%AD%D8%A8%D8%A7%D8%8C%20%D8%A3%D8%B1%D9%8A%D8%AF%20%D8%B7%D9%84%D8%A8%20%D8%A7%D9%84%D9%85%D9%86%D8%AA%D8%AC%20H102%20women",https://wa.me/972524033442?text=%D9%85%D8%B1%D8%AD%D8%A8%D8%A7%D8%8C%20%D8%A3%D8%B1%D9%8A%D8%AF%20%D8%B7%D9%84%D8%A8%20%D8%A7%D9%84%D9%85%D9%86%D8%AA%D8%AC%20H102%20women,https://madperfume.ps/?app=product.show.723,https://www.mad-parfumeur.com/respondio-catalog/og/ar/p-723-h102-women.jpg?v=20260731-4,https://madperfume.ps/upload/02-2026/product/697e800dc91b0.png
ar,مجموعة الأحلام,L103 A115 T109 X102 W183,الحملات والعروض الرجاليه,500,https://www.mad-parfumeur.com/respondio-catalog/wa/ar/p-724-product.html?v=20260731-4,https://www.mad-parfumeur.com/respondio-catalog/media/ar/p-724-product.jpg?v=20260731-4,"L103 A115 T109 X102 W183
الكود: مجموعة الأحلام
السعر: 500 ILS
عودة للمراسلة: https://wa.me/972524033442?text=%D9%85%D8%B1%D8%AD%D8%A8%D8%A7%D8%8C%20%D8%A3%D8%B1%D9%8A%D8%AF%20%D8%B7%D9%84%D8%A8%20%D8%A7%D9%84%D9%85%D9%86%D8%AA%D8%AC%20%D9%85%D8%AC%D9%85%D9%88%D8%B9%D8%A9%20%D8%A7%D9%84%D8%A3%D8%AD%D9%84%D8%A7%D9%85",https://wa.me/972524033442?text=%D9%85%D8%B1%D8%AD%D8%A8%D8%A7%D8%8C%20%D8%A3%D8%B1%D9%8A%D8%AF%20%D8%B7%D9%84%D8%A8%20%D8%A7%D9%84%D9%85%D9%86%D8%AA%D8%AC%20%D9%85%D8%AC%D9%85%D9%88%D8%B9%D8%A9%20%D8%A7%D9%84%D8%A3%D8%AD%D9%84%D8%A7%D9%85,https://madperfume.ps/?app=product.show.724,https://www.mad-parfumeur.com/respondio-catalog/og/ar/p-724-product.jpg?v=20260731-4,https://madperfume.ps/upload/03-2026/product/IMG_0209.jpeg
ar,Mad Kraken,Mad Kraken,عطور النيش الرجاليه,280,https://www.mad-parfumeur.com/respondio-catalog/wa/ar/p-725-mad-kraken.html?v=20260731-4,https://www.mad-parfumeur.com/respondio-catalog/media/ar/p-725-mad-kraken.jpg?v=20260731-4,"Mad Kraken
الكود: Mad Kraken
السعر: 280 ILS
عودة للمراسلة: https://wa.me/972524033442?text=%D9%85%D8%B1%D8%AD%D8%A8%D8%A7%D8%8C%20%D8%A3%D8%B1%D9%8A%D8%AF%20%D8%B7%D9%84%D8%A8%20%D8%A7%D9%84%D9%85%D9%86%D8%AA%D8%AC%20Mad%20Kraken",https://wa.me/972524033442?text=%D9%85%D8%B1%D8%AD%D8%A8%D8%A7%D8%8C%20%D8%A3%D8%B1%D9%8A%D8%AF%20%D8%B7%D9%84%D8%A8%20%D8%A7%D9%84%D9%85%D9%86%D8%AA%D8%AC%20Mad%20Kraken,https://madperfume.ps/?app=product.show.725,https://www.mad-parfumeur.com/respondio-catalog/og/ar/p-725-mad-kraken.jpg?v=20260731-4,https://madperfume.ps/upload/03-2026/product/IMG_1315.jpeg
ar,Mad Griffin,Mad Griffin,عطور النيش الرجاليه,280,https://www.mad-parfumeur.com/respondio-catalog/wa/ar/p-726-mad-griffin.html?v=20260731-4,https://www.mad-parfumeur.com/respondio-catalog/media/ar/p-726-mad-griffin.jpg?v=20260731-4,"Mad Griffin
الكود: Mad Griffin
السعر: 280 ILS
عودة للمراسلة: https://wa.me/972524033442?text=%D9%85%D8%B1%D8%AD%D8%A8%D8%A7%D8%8C%20%D8%A3%D8%B1%D9%8A%D8%AF%20%D8%B7%D9%84%D8%A8%20%D8%A7%D9%84%D9%85%D9%86%D8%AA%D8%AC%20Mad%20Griffin",https://wa.me/972524033442?text=%D9%85%D8%B1%D8%AD%D8%A8%D8%A7%D8%8C%20%D8%A3%D8%B1%D9%8A%D8%AF%20%D8%B7%D9%84%D8%A8%20%D8%A7%D9%84%D9%85%D9%86%D8%AA%D8%AC%20Mad%20Griffin,https://madperfume.ps/?app=product.show.726,https://www.mad-parfumeur.com/respondio-catalog/og/ar/p-726-mad-griffin.jpg?v=20260731-4,https://madperfume.ps/upload/03-2026/product/IMG_1318.jpeg
ar,Mad Cold Spire,Mad Cold Spire,عطور النيش الرجاليه,280,https://www.mad-parfumeur.com/respondio-catalog/wa/ar/p-727-mad-cold-spire.html?v=20260731-4,https://www.mad-parfumeur.com/respondio-catalog/media/ar/p-727-mad-cold-spire.jpg?v=20260731-4,"Mad Cold Spire
الكود: Mad Cold Spire
السعر: 280 ILS
عودة للمراسلة: https://wa.me/972524033442?text=%D9%85%D8%B1%D8%AD%D8%A8%D8%A7%D8%8C%20%D8%A3%D8%B1%D9%8A%D8%AF%20%D8%B7%D9%84%D8%A8%20%D8%A7%D9%84%D9%85%D9%86%D8%AA%D8%AC%20Mad%20Cold%20Spire",https://wa.me/972524033442?text=%D9%85%D8%B1%D8%AD%D8%A8%D8%A7%D8%8C%20%D8%A3%D8%B1%D9%8A%D8%AF%20%D8%B7%D9%84%D8%A8%20%D8%A7%D9%84%D9%85%D9%86%D8%AA%D8%AC%20Mad%20Cold%20Spire,https://madperfume.ps/?app=product.show.727,https://www.mad-parfumeur.com/respondio-catalog/og/ar/p-727-mad-cold-spire.jpg?v=20260731-4,https://madperfume.ps/upload/03-2026/product/IMG_1321.jpeg
ar,Quarter,Quarter,عطور النيش الرجاليه,350,https://www.mad-parfumeur.com/respondio-catalog/wa/ar/p-728-quarter.html?v=20260731-4,https://www.mad-parfumeur.com/respondio-catalog/media/ar/p-728-quarter.jpg?v=20260731-4,"Quarter
الكود: Quarter
السعر: 350 ILS
عودة للمراسلة: https://wa.me/972524033442?text=%D9%85%D8%B1%D8%AD%D8%A8%D8%A7%D8%8C%20%D8%A3%D8%B1%D9%8A%D8%AF%20%D8%B7%D9%84%D8%A8%20%D8%A7%D9%84%D9%85%D9%86%D8%AA%D8%AC%20Quarter",https://wa.me/972524033442?text=%D9%85%D8%B1%D8%AD%D8%A8%D8%A7%D8%8C%20%D8%A3%D8%B1%D9%8A%D8%AF%20%D8%B7%D9%84%D8%A8%20%D8%A7%D9%84%D9%85%D9%86%D8%AA%D8%AC%20Quarter,https://madperfume.ps/?app=product.show.728,https://www.mad-parfumeur.com/respondio-catalog/og/ar/p-728-quarter.jpg?v=20260731-4,https://madperfume.ps/upload/03-2026/product/IMG_1324.jpeg
ar,C101,C101-CAROLINA HERRERA LA BOMBA,عطور النساء,100,https://www.mad-parfumeur.com/respondio-catalog/wa/ar/p-729-c101.html?v=20260731-4,https://www.mad-parfumeur.com/respondio-catalog/media/ar/p-729-c101.jpg?v=20260731-4,"C101-CAROLINA HERRERA LA BOMBA
الكود: C101
السعر: 100 ILS
عودة للمراسلة: https://wa.me/972524033442?text=%D9%85%D8%B1%D8%AD%D8%A8%D8%A7%D8%8C%20%D8%A3%D8%B1%D9%8A%D8%AF%20%D8%B7%D9%84%D8%A8%20%D8%A7%D9%84%D9%85%D9%86%D8%AA%D8%AC%20C101",https://wa.me/972524033442?text=%D9%85%D8%B1%D8%AD%D8%A8%D8%A7%D8%8C%20%D8%A3%D8%B1%D9%8A%D8%AF%20%D8%B7%D9%84%D8%A8%20%D8%A7%D9%84%D9%85%D9%86%D8%AA%D8%AC%20C101,https://madperfume.ps/?app=product.show.729,https://www.mad-parfumeur.com/respondio-catalog/og/ar/p-729-c101.jpg?v=20260731-4,https://madperfume.ps/upload/03-2026/product/IMG_1342.jpeg
ar,R104,R104-ROCHAS AUDACE,عطور النساء,100,https://www.mad-parfumeur.com/respondio-catalog/wa/ar/p-730-r104.html?v=20260731-4,https://www.mad-parfumeur.com/respondio-catalog/media/ar/p-730-r104.jpg?v=20260731-4,"R104-ROCHAS AUDACE
الكود: R104
السعر: 100 ILS
عودة للمراسلة: https://wa.me/972524033442?text=%D9%85%D8%B1%D8%AD%D8%A8%D8%A7%D8%8C%20%D8%A3%D8%B1%D9%8A%D8%AF%20%D8%B7%D9%84%D8%A8%20%D8%A7%D9%84%D9%85%D9%86%D8%AA%D8%AC%20R104",https://wa.me/972524033442?text=%D9%85%D8%B1%D8%AD%D8%A8%D8%A7%D8%8C%20%D8%A3%D8%B1%D9%8A%D8%AF%20%D8%B7%D9%84%D8%A8%20%D8%A7%D9%84%D9%85%D9%86%D8%AA%D8%AC%20R104,https://madperfume.ps/?app=product.show.730,https://www.mad-parfumeur.com/respondio-catalog/og/ar/p-730-r104.jpg?v=20260731-4,https://madperfume.ps/upload/03-2026/product/IMG_1337.jpeg
ar,V115,V115-VICTORIA'S SECRET TEASE SUGAR FLEUR,عطور النساء,100,https://www.mad-parfumeur.com/respondio-catalog/wa/ar/p-731-v115.html?v=20260731-4,https://www.mad-parfumeur.com/respondio-catalog/media/ar/p-731-v115.jpg?v=20260731-4,"V115-VICTORIA'S SECRET TEASE SUGAR FLEUR
الكود: V115
السعر: 100 ILS
عودة للمراسلة: https://wa.me/972524033442?text=%D9%85%D8%B1%D8%AD%D8%A8%D8%A7%D8%8C%20%D8%A3%D8%B1%D9%8A%D8%AF%20%D8%B7%D9%84%D8%A8%20%D8%A7%D9%84%D9%85%D9%86%D8%AA%D8%AC%20V115",https://wa.me/972524033442?text=%D9%85%D8%B1%D8%AD%D8%A8%D8%A7%D8%8C%20%D8%A3%D8%B1%D9%8A%D8%AF%20%D8%B7%D9%84%D8%A8%20%D8%A7%D9%84%D9%85%D9%86%D8%AA%D8%AC%20V115,https://madperfume.ps/?app=product.show.731,https://www.mad-parfumeur.com/respondio-catalog/og/ar/p-731-v115.jpg?v=20260731-4,https://madperfume.ps/upload/03-2026/product/IMG_1332.jpeg
ar,Y105,Y105-YVES SAINT LAURENT LIBRE VANILLA COUTURE EDP,عطور النساء,100,https://www.mad-parfumeur.com/respondio-catalog/wa/ar/p-732-y105.html?v=20260731-4,https://www.mad-parfumeur.com/respondio-catalog/media/ar/p-732-y105.jpg?v=20260731-4,"Y105-YVES SAINT LAURENT LIBRE VANILLA COUTURE EDP
الكود: Y105
السعر: 100 ILS
عودة للمراسلة: https://wa.me/972524033442?text=%D9%85%D8%B1%D8%AD%D8%A8%D8%A7%D8%8C%20%D8%A3%D8%B1%D9%8A%D8%AF%20%D8%B7%D9%84%D8%A8%20%D8%A7%D9%84%D9%85%D9%86%D8%AA%D8%AC%20Y105",https://wa.me/972524033442?text=%D9%85%D8%B1%D8%AD%D8%A8%D8%A7%D8%8C%20%D8%A3%D8%B1%D9%8A%D8%AF%20%D8%B7%D9%84%D8%A8%20%D8%A7%D9%84%D9%85%D9%86%D8%AA%D8%AC%20Y105,https://madperfume.ps/?app=product.show.732,https://www.mad-parfumeur.com/respondio-catalog/og/ar/p-732-y105.jpg?v=20260731-4,https://madperfume.ps/upload/03-2026/product/IMG_1327.jpeg
ar,חמשת המלכים - J101 W191 A115 T109 T102,חמשת המלכים,الحملات والعروض الرجاليه,500,https://www.mad-parfumeur.com/respondio-catalog/wa/ar/p-733-j101-w191-a115-t109-t102.html?v=20260731-4,https://www.mad-parfumeur.com/respondio-catalog/media/ar/p-733-j101-w191-a115-t109-t102.jpg?v=20260731-4,"חמשת המלכים
الكود: חמשת המלכים - J101 W191 A115 T109 T102
السعر: 500 ILS
عودة للمراسلة: https://wa.me/972524033442?text=%D9%85%D8%B1%D8%AD%D8%A8%D8%A7%D8%8C%20%D8%A3%D8%B1%D9%8A%D8%AF%20%D8%B7%D9%84%D8%A8%20%D8%A7%D9%84%D9%85%D9%86%D8%AA%D8%AC%20%D7%97%D7%9E%D7%A9%D7%AA%20%D7%94%D7%9E%D7%9C%D7%9B%D7%99%D7%9D%20-%20J101%20W191%20A115%20T109%20T102",https://wa.me/972524033442?text=%D9%85%D8%B1%D8%AD%D8%A8%D8%A7%D8%8C%20%D8%A3%D8%B1%D9%8A%D8%AF%20%D8%B7%D9%84%D8%A8%20%D8%A7%D9%84%D9%85%D9%86%D8%AA%D8%AC%20%D7%97%D7%9E%D7%A9%D7%AA%20%D7%94%D7%9E%D7%9C%D7%9B%D7%99%D7%9D%20-%20J101%20W191%20A115%20T109%20T102,https://madperfume.ps/?app=product.show.733,https://www.mad-parfumeur.com/respondio-catalog/og/ar/p-733-j101-w191-a115-t109-t102.jpg?v=20260731-4,https://madperfume.ps/upload/05-2026/product/6a0828d0ee631.png
he,W183,CREED AVENTUS,בשמי גברים,100,https://www.mad-parfumeur.com/respondio-catalog/wa/he/p-1-w183.html?v=20260731-4,https://www.mad-parfumeur.com/respondio-catalog/media/he/p-1-w183.jpg?v=20260731-4,"CREED AVENTUS
קוד: W183
מחיר: 100 ILS
חזרה לשיחה: https://wa.me/972524033442?text=%D7%A9%D7%9C%D7%95%D7%9D%2C%20%D7%90%D7%A0%D7%99%20%D7%A8%D7%95%D7%A6%D7%94%20%D7%9C%D7%94%D7%96%D7%9E%D7%99%D7%9F%20%D7%90%D7%AA%20%D7%94%D7%9E%D7%95%D7%A6%D7%A8%20W183",https://wa.me/972524033442?text=%D7%A9%D7%9C%D7%95%D7%9D%2C%20%D7%90%D7%A0%D7%99%20%D7%A8%D7%95%D7%A6%D7%94%20%D7%9C%D7%94%D7%96%D7%9E%D7%99%D7%9F%20%D7%90%D7%AA%20%D7%94%D7%9E%D7%95%D7%A6%D7%A8%20W183,https://madperfume.co.il/?app=product.show.1,https://www.mad-parfumeur.com/respondio-catalog/og/he/p-1-w183.jpg?v=20260731-4,https://madperfume.co.il/upload/01-2026/product/697bd9619ed27.png
he,I101,Invictus Intense Rabanne,בשמי גברים,100,https://www.mad-parfumeur.com/respondio-catalog/wa/he/p-2-i101.html?v=20260731-4,https://www.mad-parfumeur.com/respondio-catalog/media/he/p-2-i101.jpg?v=20260731-4,"Invictus Intense Rabanne
קוד: I101
מחיר: 100 ILS
חזרה לשיחה: https://wa.me/972524033442?text=%D7%A9%D7%9C%D7%95%D7%9D%2C%20%D7%90%D7%A0%D7%99%20%D7%A8%D7%95%D7%A6%D7%94%20%D7%9C%D7%94%D7%96%D7%9E%D7%99%D7%9F%20%D7%90%D7%AA%20%D7%94%D7%9E%D7%95%D7%A6%D7%A8%20I101",https://wa.me/972524033442?text=%D7%A9%D7%9C%D7%95%D7%9D%2C%20%D7%90%D7%A0%D7%99%20%D7%A8%D7%95%D7%A6%D7%94%20%D7%9C%D7%94%D7%96%D7%9E%D7%99%D7%9F%20%D7%90%D7%AA%20%D7%94%D7%9E%D7%95%D7%A6%D7%A8%20I101,https://madperfume.co.il/?app=product.show.2,https://www.mad-parfumeur.com/respondio-catalog/og/he/p-2-i101.jpg?v=20260731-4,https://madperfume.co.il/upload/01-2026/product/697cb00208b14.png
he,W189,Boss Bottled Intense Eau de Parfum - Hugo Boss,בשמי גברים,100,https://www.mad-parfumeur.com/respondio-catalog/wa/he/p-4-w189.html?v=20260731-4,https://www.mad-parfumeur.com/respondio-catalog/media/he/p-4-w189.jpg?v=20260731-4,"Boss Bottled Intense Eau de Parfum - Hugo Boss
קוד: W189
מחיר: 100 ILS
חזרה לשיחה: https://wa.me/972524033442?text=%D7%A9%D7%9C%D7%95%D7%9D%2C%20%D7%90%D7%A0%D7%99%20%D7%A8%D7%95%D7%A6%D7%94%20%D7%9C%D7%94%D7%96%D7%9E%D7%99%D7%9F%20%D7%90%D7%AA%20%D7%94%D7%9E%D7%95%D7%A6%D7%A8%20W189",https://wa.me/972524033442?text=%D7%A9%D7%9C%D7%95%D7%9D%2C%20%D7%90%D7%A0%D7%99%20%D7%A8%D7%95%D7%A6%D7%94%20%D7%9C%D7%94%D7%96%D7%9E%D7%99%D7%9F%20%D7%90%D7%AA%20%D7%94%D7%9E%D7%95%D7%A6%D7%A8%20W189,https://madperfume.co.il/?app=product.show.4,https://www.mad-parfumeur.com/respondio-catalog/og/he/p-4-w189.jpg?v=20260731-4,https://madperfume.co.il/upload/03-2026/product/C8F61B86-E8F8-4990-A78D-165536DCA724.png
he,W191,Sauvage by Dior,בשמי גברים,100,https://www.mad-parfumeur.com/respondio-catalog/wa/he/p-5-w191.html?v=20260731-4,https://www.mad-parfumeur.com/respondio-catalog/media/he/p-5-w191.jpg?v=20260731-4,"Sauvage by Dior
קוד: W191
מחיר: 100 ILS
חזרה לשיחה: https://wa.me/972524033442?text=%D7%A9%D7%9C%D7%95%D7%9D%2C%20%D7%90%D7%A0%D7%99%20%D7%A8%D7%95%D7%A6%D7%94%20%D7%9C%D7%94%D7%96%D7%9E%D7%99%D7%9F%20%D7%90%D7%AA%20%D7%94%D7%9E%D7%95%D7%A6%D7%A8%20W191",https://wa.me/972524033442?text=%D7%A9%D7%9C%D7%95%D7%9D%2C%20%D7%90%D7%A0%D7%99%20%D7%A8%D7%95%D7%A6%D7%94%20%D7%9C%D7%94%D7%96%D7%9E%D7%99%D7%9F%20%D7%90%D7%AA%20%D7%94%D7%9E%D7%95%D7%A6%D7%A8%20W191,https://madperfume.co.il/?app=product.show.5,https://www.mad-parfumeur.com/respondio-catalog/og/he/p-5-w191.jpg?v=20260731-4,https://madperfume.co.il/upload/01-2026/product/697bbaf669c9e.png
he,W192,Sauvage Eau de Parfum Dior,בשמי גברים,100,https://www.mad-parfumeur.com/respondio-catalog/wa/he/p-6-w192.html?v=20260731-4,https://www.mad-parfumeur.com/respondio-catalog/media/he/p-6-w192.jpg?v=20260731-4,"Sauvage Eau de Parfum Dior
קוד: W192
מחיר: 100 ILS
חזרה לשיחה: https://wa.me/972524033442?text=%D7%A9%D7%9C%D7%95%D7%9D%2C%20%D7%90%D7%A0%D7%99%20%D7%A8%D7%95%D7%A6%D7%94%20%D7%9C%D7%94%D7%96%D7%9E%D7%99%D7%9F%20%D7%90%D7%AA%20%D7%94%D7%9E%D7%95%D7%A6%D7%A8%20W192",https://wa.me/972524033442?text=%D7%A9%D7%9C%D7%95%D7%9D%2C%20%D7%90%D7%A0%D7%99%20%D7%A8%D7%95%D7%A6%D7%94%20%D7%9C%D7%94%D7%96%D7%9E%D7%99%D7%9F%20%D7%90%D7%AA%20%D7%94%D7%9E%D7%95%D7%A6%D7%A8%20W192,https://madperfume.co.il/?app=product.show.6,https://www.mad-parfumeur.com/respondio-catalog/og/he/p-6-w192.jpg?v=20260731-4,https://madperfume.co.il/upload/01-2026/product/697d008464760.png
he,W180,Invictus,בשמי גברים,100,https://www.mad-parfumeur.com/respondio-catalog/wa/he/p-7-w180.html?v=20260731-4,https://www.mad-parfumeur.com/respondio-catalog/media/he/p-7-w180.jpg?v=20260731-4,"Invictus
קוד: W180
מחיר: 100 ILS
חזרה לשיחה: https://wa.me/972524033442?text=%D7%A9%D7%9C%D7%95%D7%9D%2C%20%D7%90%D7%A0%D7%99%20%D7%A8%D7%95%D7%A6%D7%94%20%D7%9C%D7%94%D7%96%D7%9E%D7%99%D7%9F%20%D7%90%D7%AA%20%D7%94%D7%9E%D7%95%D7%A6%D7%A8%20W180",https://wa.me/972524033442?text=%D7%A9%D7%9C%D7%95%D7%9D%2C%20%D7%90%D7%A0%D7%99%20%D7%A8%D7%95%D7%A6%D7%94%20%D7%9C%D7%94%D7%96%D7%9E%D7%99%D7%9F%20%D7%90%D7%AA%20%D7%94%D7%9E%D7%95%D7%A6%D7%A8%20W180,https://madperfume.co.il/?app=product.show.7,https://www.mad-parfumeur.com/respondio-catalog/og/he/p-7-w180.jpg?v=20260731-4,https://madperfume.co.il/upload/01-2026/product/697babfc8f602.png
he,W163,Only The Brave Tattoo Diesel,בשמי גברים,100,https://www.mad-parfumeur.com/respondio-catalog/wa/he/p-9-w163.html?v=20260731-4,https://www.mad-parfumeur.com/respondio-catalog/media/he/p-9-w163.jpg?v=20260731-4,"Only The Brave Tattoo Diesel
קוד: W163
מחיר: 100 ILS
חזרה לשיחה: https://wa.me/972524033442?text=%D7%A9%D7%9C%D7%95%D7%9D%2C%20%D7%90%D7%A0%D7%99%20%D7%A8%D7%95%D7%A6%D7%94%20%D7%9C%D7%94%D7%96%D7%9E%D7%99%D7%9F%20%D7%90%D7%AA%20%D7%94%D7%9E%D7%95%D7%A6%D7%A8%20W163",https://wa.me/972524033442?text=%D7%A9%D7%9C%D7%95%D7%9D%2C%20%D7%90%D7%A0%D7%99%20%D7%A8%D7%95%D7%A6%D7%94%20%D7%9C%D7%94%D7%96%D7%9E%D7%99%D7%9F%20%D7%90%D7%AA%20%D7%94%D7%9E%D7%95%D7%A6%D7%A8%20W163,https://madperfume.co.il/?app=product.show.9,https://www.mad-parfumeur.com/respondio-catalog/og/he/p-9-w163.jpg?v=20260731-4,https://madperfume.co.il/upload/03-2026/product/2E7E598E-3116-477A-92D7-CC7503B30E67.png
he,W164,Guilty Pour Homme – Gucci,בשמי גברים,100,https://www.mad-parfumeur.com/respondio-catalog/wa/he/p-10-w164.html?v=20260731-4,https://www.mad-parfumeur.com/respondio-catalog/media/he/p-10-w164.jpg?v=20260731-4,"Guilty Pour Homme – Gucci
קוד: W164
מחיר: 100 ILS
חזרה לשיחה: https://wa.me/972524033442?text=%D7%A9%D7%9C%D7%95%D7%9D%2C%20%D7%90%D7%A0%D7%99%20%D7%A8%D7%95%D7%A6%D7%94%20%D7%9C%D7%94%D7%96%D7%9E%D7%99%D7%9F%20%D7%90%D7%AA%20%D7%94%D7%9E%D7%95%D7%A6%D7%A8%20W164",https://wa.me/972524033442?text=%D7%A9%D7%9C%D7%95%D7%9D%2C%20%D7%90%D7%A0%D7%99%20%D7%A8%D7%95%D7%A6%D7%94%20%D7%9C%D7%94%D7%96%D7%9E%D7%99%D7%9F%20%D7%90%D7%AA%20%D7%94%D7%9E%D7%95%D7%A6%D7%A8%20W164,https://madperfume.co.il/?app=product.show.10,https://www.mad-parfumeur.com/respondio-catalog/og/he/p-10-w164.jpg?v=20260731-4,https://madperfume.co.il/upload/03-2026/product/D4EE47EC-FCAB-4608-979D-0661CBB71C69.png
he,W171,Spicebomb – Viktor&Rolf,בשמי גברים,100,https://www.mad-parfumeur.com/respondio-catalog/wa/he/p-11-w171.html?v=20260731-4,https://www.mad-parfumeur.com/respondio-catalog/media/he/p-11-w171.jpg?v=20260731-4,"Spicebomb – Viktor&Rolf
קוד: W171
מחיר: 100 ILS
חזרה לשיחה: https://wa.me/972524033442?text=%D7%A9%D7%9C%D7%95%D7%9D%2C%20%D7%90%D7%A0%D7%99%20%D7%A8%D7%95%D7%A6%D7%94%20%D7%9C%D7%94%D7%96%D7%9E%D7%99%D7%9F%20%D7%90%D7%AA%20%D7%94%D7%9E%D7%95%D7%A6%D7%A8%20W171",https://wa.me/972524033442?text=%D7%A9%D7%9C%D7%95%D7%9D%2C%20%D7%90%D7%A0%D7%99%20%D7%A8%D7%95%D7%A6%D7%94%20%D7%9C%D7%94%D7%96%D7%9E%D7%99%D7%9F%20%D7%90%D7%AA%20%D7%94%D7%9E%D7%95%D7%A6%D7%A8%20W171,https://madperfume.co.il/?app=product.show.11,https://www.mad-parfumeur.com/respondio-catalog/og/he/p-11-w171.jpg?v=20260731-4,https://madperfume.co.il/upload/01-2026/product/697e42dc5669d.png
he,W190,Acqua di Giò Profumo Giorgio Armani,בשמי גברים,100,https://www.mad-parfumeur.com/respondio-catalog/wa/he/p-12-w190.html?v=20260731-4,https://www.mad-parfumeur.com/respondio-catalog/media/he/p-12-w190.jpg?v=20260731-4,"Acqua di Giò Profumo Giorgio Armani
קוד: W190
מחיר: 100 ILS
חזרה לשיחה: https://wa.me/972524033442?text=%D7%A9%D7%9C%D7%95%D7%9D%2C%20%D7%90%D7%A0%D7%99%20%D7%A8%D7%95%D7%A6%D7%94%20%D7%9C%D7%94%D7%96%D7%9E%D7%99%D7%9F%20%D7%90%D7%AA%20%D7%94%D7%9E%D7%95%D7%A6%D7%A8%20W190",https://wa.me/972524033442?text=%D7%A9%D7%9C%D7%95%D7%9D%2C%20%D7%90%D7%A0%D7%99%20%D7%A8%D7%95%D7%A6%D7%94%20%D7%9C%D7%94%D7%96%D7%9E%D7%99%D7%9F%20%D7%90%D7%AA%20%D7%94%D7%9E%D7%95%D7%A6%D7%A8%20W190,https://madperfume.co.il/?app=product.show.12,https://www.mad-parfumeur.com/respondio-catalog/og/he/p-12-w190.jpg?v=20260731-4,https://madperfume.co.il/upload/03-2026/product/77A37010-8EB9-41A6-AF49-C5A252B5E388.png
he,H106,Hugo Energise – Hugo Boss,בשמי גברים,100,https://www.mad-parfumeur.com/respondio-catalog/wa/he/p-14-h106.html?v=20260731-4,https://www.mad-parfumeur.com/respondio-catalog/media/he/p-14-h106.jpg?v=20260731-4,"Hugo Energise – Hugo Boss
קוד: H106
מחיר: 100 ILS
חזרה לשיחה: https://wa.me/972524033442?text=%D7%A9%D7%9C%D7%95%D7%9D%2C%20%D7%90%D7%A0%D7%99%20%D7%A8%D7%95%D7%A6%D7%94%20%D7%9C%D7%94%D7%96%D7%9E%D7%99%D7%9F%20%D7%90%D7%AA%20%D7%94%D7%9E%D7%95%D7%A6%D7%A8%20H106",https://wa.me/972524033442?text=%D7%A9%D7%9C%D7%95%D7%9D%2C%20%D7%90%D7%A0%D7%99%20%D7%A8%D7%95%D7%A6%D7%94%20%D7%9C%D7%94%D7%96%D7%9E%D7%99%D7%9F%20%D7%90%D7%AA%20%D7%94%D7%9E%D7%95%D7%A6%D7%A8%20H106,https://madperfume.co.il/?app=product.show.14,https://www.mad-parfumeur.com/respondio-catalog/og/he/p-14-h106.jpg?v=20260731-4,https://madperfume.co.il/upload/01-2026/product/697e7b1a8e90d.png
he,P104,The Blazing Mr. Sam by Penhaligon's,בשמי גברים,100,https://www.mad-parfumeur.com/respondio-catalog/wa/he/p-15-p104.html?v=20260731-4,https://www.mad-parfumeur.com/respondio-catalog/media/he/p-15-p104.jpg?v=20260731-4,"The Blazing Mr. Sam by Penhaligon's
קוד: P104
מחיר: 100 ILS
חזרה לשיחה: https://wa.me/972524033442?text=%D7%A9%D7%9C%D7%95%D7%9D%2C%20%D7%90%D7%A0%D7%99%20%D7%A8%D7%95%D7%A6%D7%94%20%D7%9C%D7%94%D7%96%D7%9E%D7%99%D7%9F%20%D7%90%D7%AA%20%D7%94%D7%9E%D7%95%D7%A6%D7%A8%20P104",https://wa.me/972524033442?text=%D7%A9%D7%9C%D7%95%D7%9D%2C%20%D7%90%D7%A0%D7%99%20%D7%A8%D7%95%D7%A6%D7%94%20%D7%9C%D7%94%D7%96%D7%9E%D7%99%D7%9F%20%D7%90%D7%AA%20%D7%94%D7%9E%D7%95%D7%A6%D7%A8%20P104,https://madperfume.co.il/?app=product.show.15,https://www.mad-parfumeur.com/respondio-catalog/og/he/p-15-p104.jpg?v=20260731-4,https://madperfume.co.il/upload/03-2026/product/AEBAB920-9411-4DB5-9778-6F006EA37EF3.png
he,S102,Sculpture Homme - Nikos,בשמי גברים,100,https://www.mad-parfumeur.com/respondio-catalog/wa/he/p-16-s102.html?v=20260731-4,https://www.mad-parfumeur.com/respondio-catalog/media/he/p-16-s102.jpg?v=20260731-4,"Sculpture Homme - Nikos
קוד: S102
מחיר: 100 ILS
חזרה לשיחה: https://wa.me/972524033442?text=%D7%A9%D7%9C%D7%95%D7%9D%2C%20%D7%90%D7%A0%D7%99%20%D7%A8%D7%95%D7%A6%D7%94%20%D7%9C%D7%94%D7%96%D7%9E%D7%99%D7%9F%20%D7%90%D7%AA%20%D7%94%D7%9E%D7%95%D7%A6%D7%A8%20S102",https://wa.me/972524033442?text=%D7%A9%D7%9C%D7%95%D7%9D%2C%20%D7%90%D7%A0%D7%99%20%D7%A8%D7%95%D7%A6%D7%94%20%D7%9C%D7%94%D7%96%D7%9E%D7%99%D7%9F%20%D7%90%D7%AA%20%D7%94%D7%9E%D7%95%D7%A6%D7%A8%20S102,https://madperfume.co.il/?app=product.show.16,https://www.mad-parfumeur.com/respondio-catalog/og/he/p-16-s102.jpg?v=20260731-4,https://madperfume.co.il/upload/03-2026/product/6DBA4662-CF7C-40CC-A366-78B932764462.png
he,B108,Bvlgari Man Terrae Essence - Bvlgari,בשמי גברים,100,https://www.mad-parfumeur.com/respondio-catalog/wa/he/p-17-b108.html?v=20260731-4,https://www.mad-parfumeur.com/respondio-catalog/media/he/p-17-b108.jpg?v=20260731-4,"Bvlgari Man Terrae Essence - Bvlgari
קוד: B108
מחיר: 100 ILS
חזרה לשיחה: https://wa.me/972524033442?text=%D7%A9%D7%9C%D7%95%D7%9D%2C%20%D7%90%D7%A0%D7%99%20%D7%A8%D7%95%D7%A6%D7%94%20%D7%9C%D7%94%D7%96%D7%9E%D7%99%D7%9F%20%D7%90%D7%AA%20%D7%94%D7%9E%D7%95%D7%A6%D7%A8%20B108",https://wa.me/972524033442?text=%D7%A9%D7%9C%D7%95%D7%9D%2C%20%D7%90%D7%A0%D7%99%20%D7%A8%D7%95%D7%A6%D7%94%20%D7%9C%D7%94%D7%96%D7%9E%D7%99%D7%9F%20%D7%90%D7%AA%20%D7%94%D7%9E%D7%95%D7%A6%D7%A8%20B108,https://madperfume.co.il/?app=product.show.17,https://www.mad-parfumeur.com/respondio-catalog/og/he/p-17-b108.jpg?v=20260731-4,https://madperfume.co.il/upload/03-2026/product/D4057BB8-D151-4B10-983E-20B51A67A4F7.png
he,W174,Eros Parfum Versace,בשמי גברים,100,https://www.mad-parfumeur.com/respondio-catalog/wa/he/p-18-w174.html?v=20260731-4,https://www.mad-parfumeur.com/respondio-catalog/media/he/p-18-w174.jpg?v=20260731-4,"Eros Parfum Versace
קוד: W174
מחיר: 100 ILS
חזרה לשיחה: https://wa.me/972524033442?text=%D7%A9%D7%9C%D7%95%D7%9D%2C%20%D7%90%D7%A0%D7%99%20%D7%A8%D7%95%D7%A6%D7%94%20%D7%9C%D7%94%D7%96%D7%9E%D7%99%D7%9F%20%D7%90%D7%AA%20%D7%94%D7%9E%D7%95%D7%A6%D7%A8%20W174",https://wa.me/972524033442?text=%D7%A9%D7%9C%D7%95%D7%9D%2C%20%D7%90%D7%A0%D7%99%20%D7%A8%D7%95%D7%A6%D7%94%20%D7%9C%D7%94%D7%96%D7%9E%D7%99%D7%9F%20%D7%90%D7%AA%20%D7%94%D7%9E%D7%95%D7%A6%D7%A8%20W174,https://madperfume.co.il/?app=product.show.18,https://www.mad-parfumeur.com/respondio-catalog/og/he/p-18-w174.jpg?v=20260731-4,https://madperfume.co.il/upload/01-2026/product/697bd6d3e8251.png
he,W150,Bleu de Chanel – Eau de Parfum,בשמי גברים,100,https://www.mad-parfumeur.com/respondio-catalog/wa/he/p-19-w150.html?v=20260731-4,https://www.mad-parfumeur.com/respondio-catalog/media/he/p-19-w150.jpg?v=20260731-4,"Bleu de Chanel – Eau de Parfum
קוד: W150
מחיר: 100 ILS
חזרה לשיחה: https://wa.me/972524033442?text=%D7%A9%D7%9C%D7%95%D7%9D%2C%20%D7%90%D7%A0%D7%99%20%D7%A8%D7%95%D7%A6%D7%94%20%D7%9C%D7%94%D7%96%D7%9E%D7%99%D7%9F%20%D7%90%D7%AA%20%D7%94%D7%9E%D7%95%D7%A6%D7%A8%20W150",https://wa.me/972524033442?text=%D7%A9%D7%9C%D7%95%D7%9D%2C%20%D7%90%D7%A0%D7%99%20%D7%A8%D7%95%D7%A6%D7%94%20%D7%9C%D7%94%D7%96%D7%9E%D7%99%D7%9F%20%D7%90%D7%AA%20%D7%94%D7%9E%D7%95%D7%A6%D7%A8%20W150,https://madperfume.co.il/?app=product.show.19,https://www.mad-parfumeur.com/respondio-catalog/og/he/p-19-w150.jpg?v=20260731-4,https://madperfume.co.il/upload/03-2026/product/8D854A49-1BAA-4787-9489-60AB5FAA2B45.png
he,W129,1 Million Elixir Rabanne,בשמי גברים,100,https://www.mad-parfumeur.com/respondio-catalog/wa/he/p-20-w129.html?v=20260731-4,https://www.mad-parfumeur.com/respondio-catalog/media/he/p-20-w129.jpg?v=20260731-4,"1 Million Elixir Rabanne
קוד: W129
מחיר: 100 ILS
חזרה לשיחה: https://wa.me/972524033442?text=%D7%A9%D7%9C%D7%95%D7%9D%2C%20%D7%90%D7%A0%D7%99%20%D7%A8%D7%95%D7%A6%D7%94%20%D7%9C%D7%94%D7%96%D7%9E%D7%99%D7%9F%20%D7%90%D7%AA%20%D7%94%D7%9E%D7%95%D7%A6%D7%A8%20W129",https://wa.me/972524033442?text=%D7%A9%D7%9C%D7%95%D7%9D%2C%20%D7%90%D7%A0%D7%99%20%D7%A8%D7%95%D7%A6%D7%94%20%D7%9C%D7%94%D7%96%D7%9E%D7%99%D7%9F%20%D7%90%D7%AA%20%D7%94%D7%9E%D7%95%D7%A6%D7%A8%20W129,https://madperfume.co.il/?app=product.show.20,https://www.mad-parfumeur.com/respondio-catalog/og/he/p-20-w129.jpg?v=20260731-4,https://madperfume.co.il/upload/01-2026/product/697be38bcd683.png
he,W160,La Nuit de l’Homme – Yves Saint Laurent,בשמי גברים,100,https://www.mad-parfumeur.com/respondio-catalog/wa/he/p-22-w160.html?v=20260731-4,https://www.mad-parfumeur.com/respondio-catalog/media/he/p-22-w160.jpg?v=20260731-4,"La Nuit de l’Homme – Yves Saint Laurent
קוד: W160
מחיר: 100 ILS
חזרה לשיחה: https://wa.me/972524033442?text=%D7%A9%D7%9C%D7%95%D7%9D%2C%20%D7%90%D7%A0%D7%99%20%D7%A8%D7%95%D7%A6%D7%94%20%D7%9C%D7%94%D7%96%D7%9E%D7%99%D7%9F%20%D7%90%D7%AA%20%D7%94%D7%9E%D7%95%D7%A6%D7%A8%20W160",https://wa.me/972524033442?text=%D7%A9%D7%9C%D7%95%D7%9D%2C%20%D7%90%D7%A0%D7%99%20%D7%A8%D7%95%D7%A6%D7%94%20%D7%9C%D7%94%D7%96%D7%9E%D7%99%D7%9F%20%D7%90%D7%AA%20%D7%94%D7%9E%D7%95%D7%A6%D7%A8%20W160,https://madperfume.co.il/?app=product.show.22,https://www.mad-parfumeur.com/respondio-catalog/og/he/p-22-w160.jpg?v=20260731-4,https://madperfume.co.il/upload/02-2026/product/697e7d66ac864.png
he,W161,212 VIP Men Carolina Herrera,בשמי גברים,100,https://www.mad-parfumeur.com/respondio-catalog/wa/he/p-23-w161.html?v=20260731-4,https://www.mad-parfumeur.com/respondio-catalog/media/he/p-23-w161.jpg?v=20260731-4,"212 VIP Men Carolina Herrera
קוד: W161
מחיר: 100 ILS
חזרה לשיחה: https://wa.me/972524033442?text=%D7%A9%D7%9C%D7%95%D7%9D%2C%20%D7%90%D7%A0%D7%99%20%D7%A8%D7%95%D7%A6%D7%94%20%D7%9C%D7%94%D7%96%D7%9E%D7%99%D7%9F%20%D7%90%D7%AA%20%D7%94%D7%9E%D7%95%D7%A6%D7%A8%20W161",https://wa.me/972524033442?text=%D7%A9%D7%9C%D7%95%D7%9D%2C%20%D7%90%D7%A0%D7%99%20%D7%A8%D7%95%D7%A6%D7%94%20%D7%9C%D7%94%D7%96%D7%9E%D7%99%D7%9F%20%D7%90%D7%AA%20%D7%94%D7%9E%D7%95%D7%A6%D7%A8%20W161,https://madperfume.co.il/?app=product.show.23,https://www.mad-parfumeur.com/respondio-catalog/og/he/p-23-w161.jpg?v=20260731-4,https://madperfume.co.il/upload/01-2026/product/697bec5005120.png
he,W128,1 Million – Paco Rabanne,בשמי גברים,100,https://www.mad-parfumeur.com/respondio-catalog/wa/he/p-25-w128.html?v=20260731-4,https://www.mad-parfumeur.com/respondio-catalog/media/he/p-25-w128.jpg?v=20260731-4,"1 Million – Paco Rabanne
קוד: W128
מחיר: 100 ILS
חזרה לשיחה: https://wa.me/972524033442?text=%D7%A9%D7%9C%D7%95%D7%9D%2C%20%D7%90%D7%A0%D7%99%20%D7%A8%D7%95%D7%A6%D7%94%20%D7%9C%D7%94%D7%96%D7%9E%D7%99%D7%9F%20%D7%90%D7%AA%20%D7%94%D7%9E%D7%95%D7%A6%D7%A8%20W128",https://wa.me/972524033442?text=%D7%A9%D7%9C%D7%95%D7%9D%2C%20%D7%90%D7%A0%D7%99%20%D7%A8%D7%95%D7%A6%D7%94%20%D7%9C%D7%94%D7%96%D7%9E%D7%99%D7%9F%20%D7%90%D7%AA%20%D7%94%D7%9E%D7%95%D7%A6%D7%A8%20W128,https://madperfume.co.il/?app=product.show.25,https://www.mad-parfumeur.com/respondio-catalog/og/he/p-25-w128.jpg?v=20260731-4,https://madperfume.co.il/upload/01-2026/product/697e4dd915fdc.png
he,W133,The One for Men – Dolce & Gabbana,בשמי גברים,100,https://www.mad-parfumeur.com/respondio-catalog/wa/he/p-26-w133.html?v=20260731-4,https://www.mad-parfumeur.com/respondio-catalog/media/he/p-26-w133.jpg?v=20260731-4,"The One for Men – Dolce & Gabbana
קוד: W133
מחיר: 100 ILS
חזרה לשיחה: https://wa.me/972524033442?text=%D7%A9%D7%9C%D7%95%D7%9D%2C%20%D7%90%D7%A0%D7%99%20%D7%A8%D7%95%D7%A6%D7%94%20%D7%9C%D7%94%D7%96%D7%9E%D7%99%D7%9F%20%D7%90%D7%AA%20%D7%94%D7%9E%D7%95%D7%A6%D7%A8%20W133",https://wa.me/972524033442?text=%D7%A9%D7%9C%D7%95%D7%9D%2C%20%D7%90%D7%A0%D7%99%20%D7%A8%D7%95%D7%A6%D7%94%20%D7%9C%D7%94%D7%96%D7%9E%D7%99%D7%9F%20%D7%90%D7%AA%20%D7%94%D7%9E%D7%95%D7%A6%D7%A8%20W133,https://madperfume.co.il/?app=product.show.26,https://www.mad-parfumeur.com/respondio-catalog/og/he/p-26-w133.jpg?v=20260731-4,https://madperfume.co.il/upload/03-2026/product/1BAB9566-FC5F-4109-AABA-1C5E15E16A5F.png
he,W139,Only The Brave - Diesel,בשמי גברים,100,https://www.mad-parfumeur.com/respondio-catalog/wa/he/p-27-w139.html?v=20260731-4,https://www.mad-parfumeur.com/respondio-catalog/media/he/p-27-w139.jpg?v=20260731-4,"Only The Brave - Diesel
קוד: W139
מחיר: 100 ILS
חזרה לשיחה: https://wa.me/972524033442?text=%D7%A9%D7%9C%D7%95%D7%9D%2C%20%D7%90%D7%A0%D7%99%20%D7%A8%D7%95%D7%A6%D7%94%20%D7%9C%D7%94%D7%96%D7%9E%D7%99%D7%9F%20%D7%90%D7%AA%20%D7%94%D7%9E%D7%95%D7%A6%D7%A8%20W139",https://wa.me/972524033442?text=%D7%A9%D7%9C%D7%95%D7%9D%2C%20%D7%90%D7%A0%D7%99%20%D7%A8%D7%95%D7%A6%D7%94%20%D7%9C%D7%94%D7%96%D7%9E%D7%99%D7%9F%20%D7%90%D7%AA%20%D7%94%D7%9E%D7%95%D7%A6%D7%A8%20W139,https://madperfume.co.il/?app=product.show.27,https://www.mad-parfumeur.com/respondio-catalog/og/he/p-27-w139.jpg?v=20260731-4,https://madperfume.co.il/upload/01-2026/product/697ca659a7d52.png
he,W143,Terre d’Hermès Eau Intense Vétiver – Hermès,בשמי גברים,100,https://www.mad-parfumeur.com/respondio-catalog/wa/he/p-28-w143.html?v=20260731-4,https://www.mad-parfumeur.com/respondio-catalog/media/he/p-28-w143.jpg?v=20260731-4,"Terre d’Hermès Eau Intense Vétiver – Hermès
קוד: W143
מחיר: 100 ILS
חזרה לשיחה: https://wa.me/972524033442?text=%D7%A9%D7%9C%D7%95%D7%9D%2C%20%D7%90%D7%A0%D7%99%20%D7%A8%D7%95%D7%A6%D7%94%20%D7%9C%D7%94%D7%96%D7%9E%D7%99%D7%9F%20%D7%90%D7%AA%20%D7%94%D7%9E%D7%95%D7%A6%D7%A8%20W143",https://wa.me/972524033442?text=%D7%A9%D7%9C%D7%95%D7%9D%2C%20%D7%90%D7%A0%D7%99%20%D7%A8%D7%95%D7%A6%D7%94%20%D7%9C%D7%94%D7%96%D7%9E%D7%99%D7%9F%20%D7%90%D7%AA%20%D7%94%D7%9E%D7%95%D7%A6%D7%A8%20W143,https://madperfume.co.il/?app=product.show.28,https://www.mad-parfumeur.com/respondio-catalog/og/he/p-28-w143.jpg?v=20260731-4,https://madperfume.co.il/upload/03-2026/product/9FE00963-501A-47B1-BF39-3F724614071F.png
he,W111,Black XS – Paco Rabanne,בשמי גברים,100,https://www.mad-parfumeur.com/respondio-catalog/wa/he/p-29-w111.html?v=20260731-4,https://www.mad-parfumeur.com/respondio-catalog/media/he/p-29-w111.jpg?v=20260731-4,"Black XS – Paco Rabanne
קוד: W111
מחיר: 100 ILS
חזרה לשיחה: https://wa.me/972524033442?text=%D7%A9%D7%9C%D7%95%D7%9D%2C%20%D7%90%D7%A0%D7%99%20%D7%A8%D7%95%D7%A6%D7%94%20%D7%9C%D7%94%D7%96%D7%9E%D7%99%D7%9F%20%D7%90%D7%AA%20%D7%94%D7%9E%D7%95%D7%A6%D7%A8%20W111",https://wa.me/972524033442?text=%D7%A9%D7%9C%D7%95%D7%9D%2C%20%D7%90%D7%A0%D7%99%20%D7%A8%D7%95%D7%A6%D7%94%20%D7%9C%D7%94%D7%96%D7%9E%D7%99%D7%9F%20%D7%90%D7%AA%20%D7%94%D7%9E%D7%95%D7%A6%D7%A8%20W111,https://madperfume.co.il/?app=product.show.29,https://www.mad-parfumeur.com/respondio-catalog/og/he/p-29-w111.jpg?v=20260731-4,https://madperfume.co.il/upload/03-2026/product/B239BA5D-ADF2-4CAA-9803-1E2E8C650E99.png
he,W120,212 Sexy Men Carolina Herrera,בשמי גברים,100,https://www.mad-parfumeur.com/respondio-catalog/wa/he/p-30-w120.html?v=20260731-4,https://www.mad-parfumeur.com/respondio-catalog/media/he/p-30-w120.jpg?v=20260731-4,"212 Sexy Men Carolina Herrera
קוד: W120
מחיר: 100 ILS
חזרה לשיחה: https://wa.me/972524033442?text=%D7%A9%D7%9C%D7%95%D7%9D%2C%20%D7%90%D7%A0%D7%99%20%D7%A8%D7%95%D7%A6%D7%94%20%D7%9C%D7%94%D7%96%D7%9E%D7%99%D7%9F%20%D7%90%D7%AA%20%D7%94%D7%9E%D7%95%D7%A6%D7%A8%20W120",https://wa.me/972524033442?text=%D7%A9%D7%9C%D7%95%D7%9D%2C%20%D7%90%D7%A0%D7%99%20%D7%A8%D7%95%D7%A6%D7%94%20%D7%9C%D7%94%D7%96%D7%9E%D7%99%D7%9F%20%D7%90%D7%AA%20%D7%94%D7%9E%D7%95%D7%A6%D7%A8%20W120,https://madperfume.co.il/?app=product.show.30,https://www.mad-parfumeur.com/respondio-catalog/og/he/p-30-w120.jpg?v=20260731-4,https://madperfume.co.il/upload/01-2026/product/697e4db0e08b1.png
he,T102,Oud Wood by Tom Ford,בשמי גברים,100,https://www.mad-parfumeur.com/respondio-catalog/wa/he/p-31-t102.html?v=20260731-4,https://www.mad-parfumeur.com/respondio-catalog/media/he/p-31-t102.jpg?v=20260731-4,"Oud Wood by Tom Ford
קוד: T102
מחיר: 100 ILS
חזרה לשיחה: https://wa.me/972524033442?text=%D7%A9%D7%9C%D7%95%D7%9D%2C%20%D7%90%D7%A0%D7%99%20%D7%A8%D7%95%D7%A6%D7%94%20%D7%9C%D7%94%D7%96%D7%9E%D7%99%D7%9F%20%D7%90%D7%AA%20%D7%94%D7%9E%D7%95%D7%A6%D7%A8%20T102",https://wa.me/972524033442?text=%D7%A9%D7%9C%D7%95%D7%9D%2C%20%D7%90%D7%A0%D7%99%20%D7%A8%D7%95%D7%A6%D7%94%20%D7%9C%D7%94%D7%96%D7%9E%D7%99%D7%9F%20%D7%90%D7%AA%20%D7%94%D7%9E%D7%95%D7%A6%D7%A8%20T102,https://madperfume.co.il/?app=product.show.31,https://www.mad-parfumeur.com/respondio-catalog/og/he/p-31-t102.jpg?v=20260731-4,https://madperfume.co.il/upload/03-2026/product/ED60511F-FED9-42F3-98E3-1A2929240132.png
he,W126,Fuel for Life Homme – Diesel,בשמי גברים,100,https://www.mad-parfumeur.com/respondio-catalog/wa/he/p-33-w126.html?v=20260731-4,https://www.mad-parfumeur.com/respondio-catalog/media/he/p-33-w126.jpg?v=20260731-4,"Fuel for Life Homme – Diesel
קוד: W126
מחיר: 100 ILS
חזרה לשיחה: https://wa.me/972524033442?text=%D7%A9%D7%9C%D7%95%D7%9D%2C%20%D7%90%D7%A0%D7%99%20%D7%A8%D7%95%D7%A6%D7%94%20%D7%9C%D7%94%D7%96%D7%9E%D7%99%D7%9F%20%D7%90%D7%AA%20%D7%94%D7%9E%D7%95%D7%A6%D7%A8%20W126",https://wa.me/972524033442?text=%D7%A9%D7%9C%D7%95%D7%9D%2C%20%D7%90%D7%A0%D7%99%20%D7%A8%D7%95%D7%A6%D7%94%20%D7%9C%D7%94%D7%96%D7%9E%D7%99%D7%9F%20%D7%90%D7%AA%20%D7%94%D7%9E%D7%95%D7%A6%D7%A8%20W126,https://madperfume.co.il/?app=product.show.33,https://www.mad-parfumeur.com/respondio-catalog/og/he/p-33-w126.jpg?v=20260731-4,https://madperfume.co.il/upload/01-2026/product/697e460860fc2.png
he,T104 או Q106,Vanille Fatale – Tom Ford,בשמי גברים,100,https://www.mad-parfumeur.com/respondio-catalog/wa/he/p-34-t104-q106.html?v=20260731-4,https://www.mad-parfumeur.com/respondio-catalog/media/he/p-34-t104-q106.jpg?v=20260731-4,"Vanille Fatale – Tom Ford
קוד: T104 או Q106
מחיר: 100 ILS
חזרה לשיחה: https://wa.me/972524033442?text=%D7%A9%D7%9C%D7%95%D7%9D%2C%20%D7%90%D7%A0%D7%99%20%D7%A8%D7%95%D7%A6%D7%94%20%D7%9C%D7%94%D7%96%D7%9E%D7%99%D7%9F%20%D7%90%D7%AA%20%D7%94%D7%9E%D7%95%D7%A6%D7%A8%20T104%20%D7%90%D7%95%20Q106",https://wa.me/972524033442?text=%D7%A9%D7%9C%D7%95%D7%9D%2C%20%D7%90%D7%A0%D7%99%20%D7%A8%D7%95%D7%A6%D7%94%20%D7%9C%D7%94%D7%96%D7%9E%D7%99%D7%9F%20%D7%90%D7%AA%20%D7%94%D7%9E%D7%95%D7%A6%D7%A8%20T104%20%D7%90%D7%95%20Q106,https://madperfume.co.il/?app=product.show.34,https://www.mad-parfumeur.com/respondio-catalog/og/he/p-34-t104-q106.jpg?v=20260731-4,https://madperfume.co.il/upload/03-2026/product/81556DC1-0562-48A4-AACE-946F9EE2B4B0.jpeg
he,T105 או Q107,Fucking Fabulous – Tom Ford,בשמי גברים,100,https://www.mad-parfumeur.com/respondio-catalog/wa/he/p-35-t105-q107.html?v=20260731-4,https://www.mad-parfumeur.com/respondio-catalog/media/he/p-35-t105-q107.jpg?v=20260731-4,"Fucking Fabulous – Tom Ford
קוד: T105 או Q107
מחיר: 100 ILS
חזרה לשיחה: https://wa.me/972524033442?text=%D7%A9%D7%9C%D7%95%D7%9D%2C%20%D7%90%D7%A0%D7%99%20%D7%A8%D7%95%D7%A6%D7%94%20%D7%9C%D7%94%D7%96%D7%9E%D7%99%D7%9F%20%D7%90%D7%AA%20%D7%94%D7%9E%D7%95%D7%A6%D7%A8%20T105%20%D7%90%D7%95%20Q107",https://wa.me/972524033442?text=%D7%A9%D7%9C%D7%95%D7%9D%2C%20%D7%90%D7%A0%D7%99%20%D7%A8%D7%95%D7%A6%D7%94%20%D7%9C%D7%94%D7%96%D7%9E%D7%99%D7%9F%20%D7%90%D7%AA%20%D7%94%D7%9E%D7%95%D7%A6%D7%A8%20T105%20%D7%90%D7%95%20Q107,https://madperfume.co.il/?app=product.show.35,https://www.mad-parfumeur.com/respondio-catalog/og/he/p-35-t105-q107.jpg?v=20260731-4,https://madperfume.co.il/upload/03-2026/product/IMG_0358.jpeg
he,T106 או Q108,Noir Extreme by Tom Ford,בשמי גברים,100,https://www.mad-parfumeur.com/respondio-catalog/wa/he/p-36-t106-q108.html?v=20260731-4,https://www.mad-parfumeur.com/respondio-catalog/media/he/p-36-t106-q108.jpg?v=20260731-4,"Noir Extreme by Tom Ford
קוד: T106 או Q108
מחיר: 100 ILS
חזרה לשיחה: https://wa.me/972524033442?text=%D7%A9%D7%9C%D7%95%D7%9D%2C%20%D7%90%D7%A0%D7%99%20%D7%A8%D7%95%D7%A6%D7%94%20%D7%9C%D7%94%D7%96%D7%9E%D7%99%D7%9F%20%D7%90%D7%AA%20%D7%94%D7%9E%D7%95%D7%A6%D7%A8%20T106%20%D7%90%D7%95%20Q108",https://wa.me/972524033442?text=%D7%A9%D7%9C%D7%95%D7%9D%2C%20%D7%90%D7%A0%D7%99%20%D7%A8%D7%95%D7%A6%D7%94%20%D7%9C%D7%94%D7%96%D7%9E%D7%99%D7%9F%20%D7%90%D7%AA%20%D7%94%D7%9E%D7%95%D7%A6%D7%A8%20T106%20%D7%90%D7%95%20Q108,https://madperfume.co.il/?app=product.show.36,https://www.mad-parfumeur.com/respondio-catalog/og/he/p-36-t106-q108.jpg?v=20260731-4,https://madperfume.co.il/upload/01-2026/product/697e4285b1350.png
he,P103,Phantom – Paco Rabanne,בשמי גברים,100,https://www.mad-parfumeur.com/respondio-catalog/wa/he/p-38-p103.html?v=20260731-4,https://www.mad-parfumeur.com/respondio-catalog/media/he/p-38-p103.jpg?v=20260731-4,"Phantom – Paco Rabanne
קוד: P103
מחיר: 100 ILS
חזרה לשיחה: https://wa.me/972524033442?text=%D7%A9%D7%9C%D7%95%D7%9D%2C%20%D7%90%D7%A0%D7%99%20%D7%A8%D7%95%D7%A6%D7%94%20%D7%9C%D7%94%D7%96%D7%9E%D7%99%D7%9F%20%D7%90%D7%AA%20%D7%94%D7%9E%D7%95%D7%A6%D7%A8%20P103",https://wa.me/972524033442?text=%D7%A9%D7%9C%D7%95%D7%9D%2C%20%D7%90%D7%A0%D7%99%20%D7%A8%D7%95%D7%A6%D7%94%20%D7%9C%D7%94%D7%96%D7%9E%D7%99%D7%9F%20%D7%90%D7%AA%20%D7%94%D7%9E%D7%95%D7%A6%D7%A8%20P103,https://madperfume.co.il/?app=product.show.38,https://www.mad-parfumeur.com/respondio-catalog/og/he/p-38-p103.jpg?v=20260731-4,https://madperfume.co.il/upload/01-2026/product/697e5a2db987b.png
he,P109,Polo Blue Eau de Parfum – Ralph Lauren,בשמי גברים,100,https://www.mad-parfumeur.com/respondio-catalog/wa/he/p-39-p109.html?v=20260731-4,https://www.mad-parfumeur.com/respondio-catalog/media/he/p-39-p109.jpg?v=20260731-4,"Polo Blue Eau de Parfum – Ralph Lauren
קוד: P109
מחיר: 100 ILS
חזרה לשיחה: https://wa.me/972524033442?text=%D7%A9%D7%9C%D7%95%D7%9D%2C%20%D7%90%D7%A0%D7%99%20%D7%A8%D7%95%D7%A6%D7%94%20%D7%9C%D7%94%D7%96%D7%9E%D7%99%D7%9F%20%D7%90%D7%AA%20%D7%94%D7%9E%D7%95%D7%A6%D7%A8%20P109",https://wa.me/972524033442?text=%D7%A9%D7%9C%D7%95%D7%9D%2C%20%D7%90%D7%A0%D7%99%20%D7%A8%D7%95%D7%A6%D7%94%20%D7%9C%D7%94%D7%96%D7%9E%D7%99%D7%9F%20%D7%90%D7%AA%20%D7%94%D7%9E%D7%95%D7%A6%D7%A8%20P109,https://madperfume.co.il/?app=product.show.39,https://www.mad-parfumeur.com/respondio-catalog/og/he/p-39-p109.jpg?v=20260731-4,https://madperfume.co.il/upload/01-2026/product/697ca0ac07a17.png
he,L105,Lacoste Style In Play - Lacoste,בשמי גברים,100,https://www.mad-parfumeur.com/respondio-catalog/wa/he/p-42-l105.html?v=20260731-4,https://www.mad-parfumeur.com/respondio-catalog/media/he/p-42-l105.jpg?v=20260731-4,"Lacoste Style In Play - Lacoste
קוד: L105
מחיר: 100 ILS
חזרה לשיחה: https://wa.me/972524033442?text=%D7%A9%D7%9C%D7%95%D7%9D%2C%20%D7%90%D7%A0%D7%99%20%D7%A8%D7%95%D7%A6%D7%94%20%D7%9C%D7%94%D7%96%D7%9E%D7%99%D7%9F%20%D7%90%D7%AA%20%D7%94%D7%9E%D7%95%D7%A6%D7%A8%20L105",https://wa.me/972524033442?text=%D7%A9%D7%9C%D7%95%D7%9D%2C%20%D7%90%D7%A0%D7%99%20%D7%A8%D7%95%D7%A6%D7%94%20%D7%9C%D7%94%D7%96%D7%9E%D7%99%D7%9F%20%D7%90%D7%AA%20%D7%94%D7%9E%D7%95%D7%A6%D7%A8%20L105,https://madperfume.co.il/?app=product.show.42,https://www.mad-parfumeur.com/respondio-catalog/og/he/p-42-l105.jpg?v=20260731-4,https://madperfume.co.il/upload/01-2026/product/697c9f9fddd69.png
he,L106,Lacoste Essential Collector Edition - Lacoste,בשמי גברים,100,https://www.mad-parfumeur.com/respondio-catalog/wa/he/p-43-l106.html?v=20260731-4,https://www.mad-parfumeur.com/respondio-catalog/media/he/p-43-l106.jpg?v=20260731-4,"Lacoste Essential Collector Edition - Lacoste
קוד: L106
מחיר: 100 ILS
חזרה לשיחה: https://wa.me/972524033442?text=%D7%A9%D7%9C%D7%95%D7%9D%2C%20%D7%90%D7%A0%D7%99%20%D7%A8%D7%95%D7%A6%D7%94%20%D7%9C%D7%94%D7%96%D7%9E%D7%99%D7%9F%20%D7%90%D7%AA%20%D7%94%D7%9E%D7%95%D7%A6%D7%A8%20L106",https://wa.me/972524033442?text=%D7%A9%D7%9C%D7%95%D7%9D%2C%20%D7%90%D7%A0%D7%99%20%D7%A8%D7%95%D7%A6%D7%94%20%D7%9C%D7%94%D7%96%D7%9E%D7%99%D7%9F%20%D7%90%D7%AA%20%D7%94%D7%9E%D7%95%D7%A6%D7%A8%20L106,https://madperfume.co.il/?app=product.show.43,https://www.mad-parfumeur.com/respondio-catalog/og/he/p-43-l106.jpg?v=20260731-4,https://madperfume.co.il/upload/01-2026/product/697e45e4bb4d7.png
he,P101,Pegasus – Parfums de Marly,בשמי גברים,100,https://www.mad-parfumeur.com/respondio-catalog/wa/he/p-44-p101.html?v=20260731-4,https://www.mad-parfumeur.com/respondio-catalog/media/he/p-44-p101.jpg?v=20260731-4,"Pegasus – Parfums de Marly
קוד: P101
מחיר: 100 ILS
חזרה לשיחה: https://wa.me/972524033442?text=%D7%A9%D7%9C%D7%95%D7%9D%2C%20%D7%90%D7%A0%D7%99%20%D7%A8%D7%95%D7%A6%D7%94%20%D7%9C%D7%94%D7%96%D7%9E%D7%99%D7%9F%20%D7%90%D7%AA%20%D7%94%D7%9E%D7%95%D7%A6%D7%A8%20P101",https://wa.me/972524033442?text=%D7%A9%D7%9C%D7%95%D7%9D%2C%20%D7%90%D7%A0%D7%99%20%D7%A8%D7%95%D7%A6%D7%94%20%D7%9C%D7%94%D7%96%D7%9E%D7%99%D7%9F%20%D7%90%D7%AA%20%D7%94%D7%9E%D7%95%D7%A6%D7%A8%20P101,https://madperfume.co.il/?app=product.show.44,https://www.mad-parfumeur.com/respondio-catalog/og/he/p-44-p101.jpg?v=20260731-4,https://madperfume.co.il/upload/03-2026/product/F7548EA0-E6D5-4D27-84B1-4890CFF5141E.png
he,P102,1 Million Lucky – Paco Rabanne,בשמי גברים,100,https://www.mad-parfumeur.com/respondio-catalog/wa/he/p-45-p102.html?v=20260731-4,https://www.mad-parfumeur.com/respondio-catalog/media/he/p-45-p102.jpg?v=20260731-4,"1 Million Lucky – Paco Rabanne
קוד: P102
מחיר: 100 ILS
חזרה לשיחה: https://wa.me/972524033442?text=%D7%A9%D7%9C%D7%95%D7%9D%2C%20%D7%90%D7%A0%D7%99%20%D7%A8%D7%95%D7%A6%D7%94%20%D7%9C%D7%94%D7%96%D7%9E%D7%99%D7%9F%20%D7%90%D7%AA%20%D7%94%D7%9E%D7%95%D7%A6%D7%A8%20P102",https://wa.me/972524033442?text=%D7%A9%D7%9C%D7%95%D7%9D%2C%20%D7%90%D7%A0%D7%99%20%D7%A8%D7%95%D7%A6%D7%94%20%D7%9C%D7%94%D7%96%D7%9E%D7%99%D7%9F%20%D7%90%D7%AA%20%D7%94%D7%9E%D7%95%D7%A6%D7%A8%20P102,https://madperfume.co.il/?app=product.show.45,https://www.mad-parfumeur.com/respondio-catalog/og/he/p-45-p102.jpg?v=20260731-4,https://madperfume.co.il/upload/01-2026/product/697ba7de55094.png
he,W158,Dior Homme Intense – Dior,בשמי גברים,100,https://www.mad-parfumeur.com/respondio-catalog/wa/he/p-46-w158.html?v=20260731-4,https://www.mad-parfumeur.com/respondio-catalog/media/he/p-46-w158.jpg?v=20260731-4,"Dior Homme Intense – Dior
קוד: W158
מחיר: 100 ILS
חזרה לשיחה: https://wa.me/972524033442?text=%D7%A9%D7%9C%D7%95%D7%9D%2C%20%D7%90%D7%A0%D7%99%20%D7%A8%D7%95%D7%A6%D7%94%20%D7%9C%D7%94%D7%96%D7%9E%D7%99%D7%9F%20%D7%90%D7%AA%20%D7%94%D7%9E%D7%95%D7%A6%D7%A8%20W158",https://wa.me/972524033442?text=%D7%A9%D7%9C%D7%95%D7%9D%2C%20%D7%90%D7%A0%D7%99%20%D7%A8%D7%95%D7%A6%D7%94%20%D7%9C%D7%94%D7%96%D7%9E%D7%99%D7%9F%20%D7%90%D7%AA%20%D7%94%D7%9E%D7%95%D7%A6%D7%A8%20W158,https://madperfume.co.il/?app=product.show.46,https://www.mad-parfumeur.com/respondio-catalog/og/he/p-46-w158.jpg?v=20260731-4,https://madperfume.co.il/upload/03-2026/product/A3B90F25-81C7-4F1A-B17B-7EAFF226A111.png
he,J102,Le Male – Jean Paul Gaultier,בשמי גברים,100,https://www.mad-parfumeur.com/respondio-catalog/wa/he/p-47-j102.html?v=20260731-4,https://www.mad-parfumeur.com/respondio-catalog/media/he/p-47-j102.jpg?v=20260731-4,"Le Male – Jean Paul Gaultier
קוד: J102
מחיר: 100 ILS
חזרה לשיחה: https://wa.me/972524033442?text=%D7%A9%D7%9C%D7%95%D7%9D%2C%20%D7%90%D7%A0%D7%99%20%D7%A8%D7%95%D7%A6%D7%94%20%D7%9C%D7%94%D7%96%D7%9E%D7%99%D7%9F%20%D7%90%D7%AA%20%D7%94%D7%9E%D7%95%D7%A6%D7%A8%20J102",https://wa.me/972524033442?text=%D7%A9%D7%9C%D7%95%D7%9D%2C%20%D7%90%D7%A0%D7%99%20%D7%A8%D7%95%D7%A6%D7%94%20%D7%9C%D7%94%D7%96%D7%9E%D7%99%D7%9F%20%D7%90%D7%AA%20%D7%94%D7%9E%D7%95%D7%A6%D7%A8%20J102,https://madperfume.co.il/?app=product.show.47,https://www.mad-parfumeur.com/respondio-catalog/og/he/p-47-j102.jpg?v=20260731-4,https://madperfume.co.il/upload/01-2026/product/697cf080af26d.png
he,J104,J104,בשמי גברים,100,https://www.mad-parfumeur.com/respondio-catalog/wa/he/p-48-j104.html?v=20260731-4,https://www.mad-parfumeur.com/respondio-catalog/media/he/p-48-j104.jpg?v=20260731-4,"J104
קוד: J104
מחיר: 100 ILS
חזרה לשיחה: https://wa.me/972524033442?text=%D7%A9%D7%9C%D7%95%D7%9D%2C%20%D7%90%D7%A0%D7%99%20%D7%A8%D7%95%D7%A6%D7%94%20%D7%9C%D7%94%D7%96%D7%9E%D7%99%D7%9F%20%D7%90%D7%AA%20%D7%94%D7%9E%D7%95%D7%A6%D7%A8%20J104",https://wa.me/972524033442?text=%D7%A9%D7%9C%D7%95%D7%9D%2C%20%D7%90%D7%A0%D7%99%20%D7%A8%D7%95%D7%A6%D7%94%20%D7%9C%D7%94%D7%96%D7%9E%D7%99%D7%9F%20%D7%90%D7%AA%20%D7%94%D7%9E%D7%95%D7%A6%D7%A8%20J104,https://madperfume.co.il/?app=product.show.48,https://www.mad-parfumeur.com/respondio-catalog/og/he/p-48-j104.jpg?v=20260731-4,https://madperfume.co.il/upload/01-2026/product/697e401be20d5.png
he,K101,Kenzo Pour Homme – Kenzo,בשמי גברים,100,https://www.mad-parfumeur.com/respondio-catalog/wa/he/p-49-k101.html?v=20260731-4,https://www.mad-parfumeur.com/respondio-catalog/media/he/p-49-k101.jpg?v=20260731-4,"Kenzo Pour Homme – Kenzo
קוד: K101
מחיר: 100 ILS
חזרה לשיחה: https://wa.me/972524033442?text=%D7%A9%D7%9C%D7%95%D7%9D%2C%20%D7%90%D7%A0%D7%99%20%D7%A8%D7%95%D7%A6%D7%94%20%D7%9C%D7%94%D7%96%D7%9E%D7%99%D7%9F%20%D7%90%D7%AA%20%D7%94%D7%9E%D7%95%D7%A6%D7%A8%20K101",https://wa.me/972524033442?text=%D7%A9%D7%9C%D7%95%D7%9D%2C%20%D7%90%D7%A0%D7%99%20%D7%A8%D7%95%D7%A6%D7%94%20%D7%9C%D7%94%D7%96%D7%9E%D7%99%D7%9F%20%D7%90%D7%AA%20%D7%94%D7%9E%D7%95%D7%A6%D7%A8%20K101,https://madperfume.co.il/?app=product.show.49,https://www.mad-parfumeur.com/respondio-catalog/og/he/p-49-k101.jpg?v=20260731-4,https://madperfume.co.il/upload/01-2026/product/697e45c3d9d4b.png
he,L101,Santal 33 by Le Labo,בשמי גברים,100,https://www.mad-parfumeur.com/respondio-catalog/wa/he/p-50-l101.html?v=20260731-4,https://www.mad-parfumeur.com/respondio-catalog/media/he/p-50-l101.jpg?v=20260731-4,"Santal 33 by Le Labo
קוד: L101
מחיר: 100 ILS
חזרה לשיחה: https://wa.me/972524033442?text=%D7%A9%D7%9C%D7%95%D7%9D%2C%20%D7%90%D7%A0%D7%99%20%D7%A8%D7%95%D7%A6%D7%94%20%D7%9C%D7%94%D7%96%D7%9E%D7%99%D7%9F%20%D7%90%D7%AA%20%D7%94%D7%9E%D7%95%D7%A6%D7%A8%20L101",https://wa.me/972524033442?text=%D7%A9%D7%9C%D7%95%D7%9D%2C%20%D7%90%D7%A0%D7%99%20%D7%A8%D7%95%D7%A6%D7%94%20%D7%9C%D7%94%D7%96%D7%9E%D7%99%D7%9F%20%D7%90%D7%AA%20%D7%94%D7%9E%D7%95%D7%A6%D7%A8%20L101,https://madperfume.co.il/?app=product.show.50,https://www.mad-parfumeur.com/respondio-catalog/og/he/p-50-l101.jpg?v=20260731-4,https://madperfume.co.il/upload/03-2026/product/ACC6BE66-19FD-450F-B147-5400A12EA589.png
he,I104,Invictus Aqua – Paco Rabanne,בשמי גברים,100,https://www.mad-parfumeur.com/respondio-catalog/wa/he/p-52-i104.html?v=20260731-4,https://www.mad-parfumeur.com/respondio-catalog/media/he/p-52-i104.jpg?v=20260731-4,"Invictus Aqua – Paco Rabanne
קוד: I104
מחיר: 100 ILS
חזרה לשיחה: https://wa.me/972524033442?text=%D7%A9%D7%9C%D7%95%D7%9D%2C%20%D7%90%D7%A0%D7%99%20%D7%A8%D7%95%D7%A6%D7%94%20%D7%9C%D7%94%D7%96%D7%9E%D7%99%D7%9F%20%D7%90%D7%AA%20%D7%94%D7%9E%D7%95%D7%A6%D7%A8%20I104",https://wa.me/972524033442?text=%D7%A9%D7%9C%D7%95%D7%9D%2C%20%D7%90%D7%A0%D7%99%20%D7%A8%D7%95%D7%A6%D7%94%20%D7%9C%D7%94%D7%96%D7%9E%D7%99%D7%9F%20%D7%90%D7%AA%20%D7%94%D7%9E%D7%95%D7%A6%D7%A8%20I104,https://madperfume.co.il/?app=product.show.52,https://www.mad-parfumeur.com/respondio-catalog/og/he/p-52-i104.jpg?v=20260731-4,https://madperfume.co.il/upload/01-2026/product/697d014f6b758.png
he,G101,Pi – Givenchy,בשמי גברים,100,https://www.mad-parfumeur.com/respondio-catalog/wa/he/p-54-g101.html?v=20260731-4,https://www.mad-parfumeur.com/respondio-catalog/media/he/p-54-g101.jpg?v=20260731-4,"Pi – Givenchy
קוד: G101
מחיר: 100 ILS
חזרה לשיחה: https://wa.me/972524033442?text=%D7%A9%D7%9C%D7%95%D7%9D%2C%20%D7%90%D7%A0%D7%99%20%D7%A8%D7%95%D7%A6%D7%94%20%D7%9C%D7%94%D7%96%D7%9E%D7%99%D7%9F%20%D7%90%D7%AA%20%D7%94%D7%9E%D7%95%D7%A6%D7%A8%20G101",https://wa.me/972524033442?text=%D7%A9%D7%9C%D7%95%D7%9D%2C%20%D7%90%D7%A0%D7%99%20%D7%A8%D7%95%D7%A6%D7%94%20%D7%9C%D7%94%D7%96%D7%9E%D7%99%D7%9F%20%D7%90%D7%AA%20%D7%94%D7%9E%D7%95%D7%A6%D7%A8%20G101,https://madperfume.co.il/?app=product.show.54,https://www.mad-parfumeur.com/respondio-catalog/og/he/p-54-g101.jpg?v=20260731-4,https://madperfume.co.il/upload/03-2026/product/8F705A86-A14D-4B1D-BEC7-5D52A767B1C1.png
he,F101,Fahrenheit Le Parfum by Dior,בשמי גברים,100,https://www.mad-parfumeur.com/respondio-catalog/wa/he/p-55-f101.html?v=20260731-4,https://www.mad-parfumeur.com/respondio-catalog/media/he/p-55-f101.jpg?v=20260731-4,"Fahrenheit Le Parfum by Dior
קוד: F101
מחיר: 100 ILS
חזרה לשיחה: https://wa.me/972524033442?text=%D7%A9%D7%9C%D7%95%D7%9D%2C%20%D7%90%D7%A0%D7%99%20%D7%A8%D7%95%D7%A6%D7%94%20%D7%9C%D7%94%D7%96%D7%9E%D7%99%D7%9F%20%D7%90%D7%AA%20%D7%94%D7%9E%D7%95%D7%A6%D7%A8%20F101",https://wa.me/972524033442?text=%D7%A9%D7%9C%D7%95%D7%9D%2C%20%D7%90%D7%A0%D7%99%20%D7%A8%D7%95%D7%A6%D7%94%20%D7%9C%D7%94%D7%96%D7%9E%D7%99%D7%9F%20%D7%90%D7%AA%20%D7%94%D7%9E%D7%95%D7%A6%D7%A8%20F101,https://madperfume.co.il/?app=product.show.55,https://www.mad-parfumeur.com/respondio-catalog/og/he/p-55-f101.jpg?v=20260731-4,https://madperfume.co.il/upload/01-2026/product/697cae39afeaf.png
he,E104,Emporio Armani He – Giorgio Armani,בשמי גברים,100,https://www.mad-parfumeur.com/respondio-catalog/wa/he/p-56-e104.html?v=20260731-4,https://www.mad-parfumeur.com/respondio-catalog/media/he/p-56-e104.jpg?v=20260731-4,"Emporio Armani He – Giorgio Armani
קוד: E104
מחיר: 100 ILS
חזרה לשיחה: https://wa.me/972524033442?text=%D7%A9%D7%9C%D7%95%D7%9D%2C%20%D7%90%D7%A0%D7%99%20%D7%A8%D7%95%D7%A6%D7%94%20%D7%9C%D7%94%D7%96%D7%9E%D7%99%D7%9F%20%D7%90%D7%AA%20%D7%94%D7%9E%D7%95%D7%A6%D7%A8%20E104",https://wa.me/972524033442?text=%D7%A9%D7%9C%D7%95%D7%9D%2C%20%D7%90%D7%A0%D7%99%20%D7%A8%D7%95%D7%A6%D7%94%20%D7%9C%D7%94%D7%96%D7%9E%D7%99%D7%9F%20%D7%90%D7%AA%20%D7%94%D7%9E%D7%95%D7%A6%D7%A8%20E104,https://madperfume.co.il/?app=product.show.56,https://www.mad-parfumeur.com/respondio-catalog/og/he/p-56-e104.jpg?v=20260731-4,https://madperfume.co.il/upload/03-2026/product/61BFA1AC-EF08-4842-979A-806CB249AE37.png
he,C108,Bad Boy – Carolina Herrera,בשמי גברים,100,https://www.mad-parfumeur.com/respondio-catalog/wa/he/p-57-c108.html?v=20260731-4,https://www.mad-parfumeur.com/respondio-catalog/media/he/p-57-c108.jpg?v=20260731-4,"Bad Boy – Carolina Herrera
קוד: C108
מחיר: 100 ILS
חזרה לשיחה: https://wa.me/972524033442?text=%D7%A9%D7%9C%D7%95%D7%9D%2C%20%D7%90%D7%A0%D7%99%20%D7%A8%D7%95%D7%A6%D7%94%20%D7%9C%D7%94%D7%96%D7%9E%D7%99%D7%9F%20%D7%90%D7%AA%20%D7%94%D7%9E%D7%95%D7%A6%D7%A8%20C108",https://wa.me/972524033442?text=%D7%A9%D7%9C%D7%95%D7%9D%2C%20%D7%90%D7%A0%D7%99%20%D7%A8%D7%95%D7%A6%D7%94%20%D7%9C%D7%94%D7%96%D7%9E%D7%99%D7%9F%20%D7%90%D7%AA%20%D7%94%D7%9E%D7%95%D7%A6%D7%A8%20C108,https://madperfume.co.il/?app=product.show.57,https://www.mad-parfumeur.com/respondio-catalog/og/he/p-57-c108.jpg?v=20260731-4,https://madperfume.co.il/upload/01-2026/product/697beb5e42074.png
he,C109,212 Heroes - Carolina Herrera,בשמי גברים,100,https://www.mad-parfumeur.com/respondio-catalog/wa/he/p-58-c109.html?v=20260731-4,https://www.mad-parfumeur.com/respondio-catalog/media/he/p-58-c109.jpg?v=20260731-4,"212 Heroes - Carolina Herrera
קוד: C109
מחיר: 100 ILS
חזרה לשיחה: https://wa.me/972524033442?text=%D7%A9%D7%9C%D7%95%D7%9D%2C%20%D7%90%D7%A0%D7%99%20%D7%A8%D7%95%D7%A6%D7%94%20%D7%9C%D7%94%D7%96%D7%9E%D7%99%D7%9F%20%D7%90%D7%AA%20%D7%94%D7%9E%D7%95%D7%A6%D7%A8%20C109",https://wa.me/972524033442?text=%D7%A9%D7%9C%D7%95%D7%9D%2C%20%D7%90%D7%A0%D7%99%20%D7%A8%D7%95%D7%A6%D7%94%20%D7%9C%D7%94%D7%96%D7%9E%D7%99%D7%9F%20%D7%90%D7%AA%20%D7%94%D7%9E%D7%95%D7%A6%D7%A8%20C109,https://madperfume.co.il/?app=product.show.58,https://www.mad-parfumeur.com/respondio-catalog/og/he/p-58-c109.jpg?v=20260731-4,https://madperfume.co.il/upload/03-2026/product/FF975633-DA99-4877-A122-FB490905CD2A.png
he,B106,Burberry for Men – Burberry,בשמי גברים,100,https://www.mad-parfumeur.com/respondio-catalog/wa/he/p-60-b106.html?v=20260731-4,https://www.mad-parfumeur.com/respondio-catalog/media/he/p-60-b106.jpg?v=20260731-4,"Burberry for Men – Burberry
קוד: B106
מחיר: 100 ILS
חזרה לשיחה: https://wa.me/972524033442?text=%D7%A9%D7%9C%D7%95%D7%9D%2C%20%D7%90%D7%A0%D7%99%20%D7%A8%D7%95%D7%A6%D7%94%20%D7%9C%D7%94%D7%96%D7%9E%D7%99%D7%9F%20%D7%90%D7%AA%20%D7%94%D7%9E%D7%95%D7%A6%D7%A8%20B106",https://wa.me/972524033442?text=%D7%A9%D7%9C%D7%95%D7%9D%2C%20%D7%90%D7%A0%D7%99%20%D7%A8%D7%95%D7%A6%D7%94%20%D7%9C%D7%94%D7%96%D7%9E%D7%99%D7%9F%20%D7%90%D7%AA%20%D7%94%D7%9E%D7%95%D7%A6%D7%A8%20B106,https://madperfume.co.il/?app=product.show.60,https://www.mad-parfumeur.com/respondio-catalog/og/he/p-60-b106.jpg?v=20260731-4,https://madperfume.co.il/upload/01-2026/product/697e3feeeff56.png
he,B107,Bvlgari Man In Black – Bvlgari,בשמי גברים,100,https://www.mad-parfumeur.com/respondio-catalog/wa/he/p-61-b107.html?v=20260731-4,https://www.mad-parfumeur.com/respondio-catalog/media/he/p-61-b107.jpg?v=20260731-4,"Bvlgari Man In Black – Bvlgari
קוד: B107
מחיר: 100 ILS
חזרה לשיחה: https://wa.me/972524033442?text=%D7%A9%D7%9C%D7%95%D7%9D%2C%20%D7%90%D7%A0%D7%99%20%D7%A8%D7%95%D7%A6%D7%94%20%D7%9C%D7%94%D7%96%D7%9E%D7%99%D7%9F%20%D7%90%D7%AA%20%D7%94%D7%9E%D7%95%D7%A6%D7%A8%20B107",https://wa.me/972524033442?text=%D7%A9%D7%9C%D7%95%D7%9D%2C%20%D7%90%D7%A0%D7%99%20%D7%A8%D7%95%D7%A6%D7%94%20%D7%9C%D7%94%D7%96%D7%9E%D7%99%D7%9F%20%D7%90%D7%AA%20%D7%94%D7%9E%D7%95%D7%A6%D7%A8%20B107,https://madperfume.co.il/?app=product.show.61,https://www.mad-parfumeur.com/respondio-catalog/og/he/p-61-b107.jpg?v=20260731-4,https://madperfume.co.il/upload/03-2026/product/6875B924-7ABE-41C1-AA78-0E2E7407675E.png
he,B101,Black Afgano Nasomatto,בשמי גברים,100,https://www.mad-parfumeur.com/respondio-catalog/wa/he/p-64-b101.html?v=20260731-4,https://www.mad-parfumeur.com/respondio-catalog/media/he/p-64-b101.jpg?v=20260731-4,"Black Afgano Nasomatto
קוד: B101
מחיר: 100 ILS
חזרה לשיחה: https://wa.me/972524033442?text=%D7%A9%D7%9C%D7%95%D7%9D%2C%20%D7%90%D7%A0%D7%99%20%D7%A8%D7%95%D7%A6%D7%94%20%D7%9C%D7%94%D7%96%D7%9E%D7%99%D7%9F%20%D7%90%D7%AA%20%D7%94%D7%9E%D7%95%D7%A6%D7%A8%20B101",https://wa.me/972524033442?text=%D7%A9%D7%9C%D7%95%D7%9D%2C%20%D7%90%D7%A0%D7%99%20%D7%A8%D7%95%D7%A6%D7%94%20%D7%9C%D7%94%D7%96%D7%9E%D7%99%D7%9F%20%D7%90%D7%AA%20%D7%94%D7%9E%D7%95%D7%A6%D7%A8%20B101,https://madperfume.co.il/?app=product.show.64,https://www.mad-parfumeur.com/respondio-catalog/og/he/p-64-b101.jpg?v=20260731-4,https://madperfume.co.il/upload/03-2026/product/AFA85D59-7252-4B53-9DDA-2922830165A7.png
he,B102,Bvlgari Man Wood Essence – Bvlgari,בשמי גברים,100,https://www.mad-parfumeur.com/respondio-catalog/wa/he/p-65-b102.html?v=20260731-4,https://www.mad-parfumeur.com/respondio-catalog/media/he/p-65-b102.jpg?v=20260731-4,"Bvlgari Man Wood Essence – Bvlgari
קוד: B102
מחיר: 100 ILS
חזרה לשיחה: https://wa.me/972524033442?text=%D7%A9%D7%9C%D7%95%D7%9D%2C%20%D7%90%D7%A0%D7%99%20%D7%A8%D7%95%D7%A6%D7%94%20%D7%9C%D7%94%D7%96%D7%9E%D7%99%D7%9F%20%D7%90%D7%AA%20%D7%94%D7%9E%D7%95%D7%A6%D7%A8%20B102",https://wa.me/972524033442?text=%D7%A9%D7%9C%D7%95%D7%9D%2C%20%D7%90%D7%A0%D7%99%20%D7%A8%D7%95%D7%A6%D7%94%20%D7%9C%D7%94%D7%96%D7%9E%D7%99%D7%9F%20%D7%90%D7%AA%20%D7%94%D7%9E%D7%95%D7%A6%D7%A8%20B102,https://madperfume.co.il/?app=product.show.65,https://www.mad-parfumeur.com/respondio-catalog/og/he/p-65-b102.jpg?v=20260731-4,https://madperfume.co.il/upload/03-2026/product/2454B0BC-18AD-49A2-8AD9-55F94496553F.png
he,B103,Burberry Hero,בשמי גברים,100,https://www.mad-parfumeur.com/respondio-catalog/wa/he/p-66-b103.html?v=20260731-4,https://www.mad-parfumeur.com/respondio-catalog/media/he/p-66-b103.jpg?v=20260731-4,"Burberry Hero
קוד: B103
מחיר: 100 ILS
חזרה לשיחה: https://wa.me/972524033442?text=%D7%A9%D7%9C%D7%95%D7%9D%2C%20%D7%90%D7%A0%D7%99%20%D7%A8%D7%95%D7%A6%D7%94%20%D7%9C%D7%94%D7%96%D7%9E%D7%99%D7%9F%20%D7%90%D7%AA%20%D7%94%D7%9E%D7%95%D7%A6%D7%A8%20B103",https://wa.me/972524033442?text=%D7%A9%D7%9C%D7%95%D7%9D%2C%20%D7%90%D7%A0%D7%99%20%D7%A8%D7%95%D7%A6%D7%94%20%D7%9C%D7%94%D7%96%D7%9E%D7%99%D7%9F%20%D7%90%D7%AA%20%D7%94%D7%9E%D7%95%D7%A6%D7%A8%20B103,https://madperfume.co.il/?app=product.show.66,https://www.mad-parfumeur.com/respondio-catalog/og/he/p-66-b103.jpg?v=20260731-4,https://madperfume.co.il/upload/01-2026/product/697d07a61e24d.png
he,A102,Acqua di Giò by Giorgio Armani,בשמי גברים,100,https://www.mad-parfumeur.com/respondio-catalog/wa/he/p-68-a102.html?v=20260731-4,https://www.mad-parfumeur.com/respondio-catalog/media/he/p-68-a102.jpg?v=20260731-4,"Acqua di Giò by Giorgio Armani
קוד: A102
מחיר: 100 ILS
חזרה לשיחה: https://wa.me/972524033442?text=%D7%A9%D7%9C%D7%95%D7%9D%2C%20%D7%90%D7%A0%D7%99%20%D7%A8%D7%95%D7%A6%D7%94%20%D7%9C%D7%94%D7%96%D7%9E%D7%99%D7%9F%20%D7%90%D7%AA%20%D7%94%D7%9E%D7%95%D7%A6%D7%A8%20A102",https://wa.me/972524033442?text=%D7%A9%D7%9C%D7%95%D7%9D%2C%20%D7%90%D7%A0%D7%99%20%D7%A8%D7%95%D7%A6%D7%94%20%D7%9C%D7%94%D7%96%D7%9E%D7%99%D7%9F%20%D7%90%D7%AA%20%D7%94%D7%9E%D7%95%D7%A6%D7%A8%20A102,https://madperfume.co.il/?app=product.show.68,https://www.mad-parfumeur.com/respondio-catalog/og/he/p-68-a102.jpg?v=20260731-4,https://madperfume.co.il/upload/01-2026/product/697ceed744648.png
he,A104,Acqua di Giò Absolu – Giorgio Armani,בשמי גברים,100,https://www.mad-parfumeur.com/respondio-catalog/wa/he/p-69-a104.html?v=20260731-4,https://www.mad-parfumeur.com/respondio-catalog/media/he/p-69-a104.jpg?v=20260731-4,"Acqua di Giò Absolu – Giorgio Armani
קוד: A104
מחיר: 100 ILS
חזרה לשיחה: https://wa.me/972524033442?text=%D7%A9%D7%9C%D7%95%D7%9D%2C%20%D7%90%D7%A0%D7%99%20%D7%A8%D7%95%D7%A6%D7%94%20%D7%9C%D7%94%D7%96%D7%9E%D7%99%D7%9F%20%D7%90%D7%AA%20%D7%94%D7%9E%D7%95%D7%A6%D7%A8%20A104",https://wa.me/972524033442?text=%D7%A9%D7%9C%D7%95%D7%9D%2C%20%D7%90%D7%A0%D7%99%20%D7%A8%D7%95%D7%A6%D7%94%20%D7%9C%D7%94%D7%96%D7%9E%D7%99%D7%9F%20%D7%90%D7%AA%20%D7%94%D7%9E%D7%95%D7%A6%D7%A8%20A104,https://madperfume.co.il/?app=product.show.69,https://www.mad-parfumeur.com/respondio-catalog/og/he/p-69-a104.jpg?v=20260731-4,https://madperfume.co.il/upload/02-2026/product/697e7bcd3e5dd.png
he,A113,Armani Code – Giorgio Armani,בשמי גברים,100,https://www.mad-parfumeur.com/respondio-catalog/wa/he/p-70-a113.html?v=20260731-4,https://www.mad-parfumeur.com/respondio-catalog/media/he/p-70-a113.jpg?v=20260731-4,"Armani Code – Giorgio Armani
קוד: A113
מחיר: 100 ILS
חזרה לשיחה: https://wa.me/972524033442?text=%D7%A9%D7%9C%D7%95%D7%9D%2C%20%D7%90%D7%A0%D7%99%20%D7%A8%D7%95%D7%A6%D7%94%20%D7%9C%D7%94%D7%96%D7%9E%D7%99%D7%9F%20%D7%90%D7%AA%20%D7%94%D7%9E%D7%95%D7%A6%D7%A8%20A113",https://wa.me/972524033442?text=%D7%A9%D7%9C%D7%95%D7%9D%2C%20%D7%90%D7%A0%D7%99%20%D7%A8%D7%95%D7%A6%D7%94%20%D7%9C%D7%94%D7%96%D7%9E%D7%99%D7%9F%20%D7%90%D7%AA%20%D7%94%D7%9E%D7%95%D7%A6%D7%A8%20A113,https://madperfume.co.il/?app=product.show.70,https://www.mad-parfumeur.com/respondio-catalog/og/he/p-70-a113.jpg?v=20260731-4,https://madperfume.co.il/upload/01-2026/product/697ca766ab4e7.png
he,W170,Scent Intense CoSTUME NATIONAL,בשמי גברים,100,https://www.mad-parfumeur.com/respondio-catalog/wa/he/p-72-w170.html?v=20260731-4,https://www.mad-parfumeur.com/respondio-catalog/media/he/p-72-w170.jpg?v=20260731-4,"Scent Intense CoSTUME NATIONAL
קוד: W170
מחיר: 100 ILS
חזרה לשיחה: https://wa.me/972524033442?text=%D7%A9%D7%9C%D7%95%D7%9D%2C%20%D7%90%D7%A0%D7%99%20%D7%A8%D7%95%D7%A6%D7%94%20%D7%9C%D7%94%D7%96%D7%9E%D7%99%D7%9F%20%D7%90%D7%AA%20%D7%94%D7%9E%D7%95%D7%A6%D7%A8%20W170",https://wa.me/972524033442?text=%D7%A9%D7%9C%D7%95%D7%9D%2C%20%D7%90%D7%A0%D7%99%20%D7%A8%D7%95%D7%A6%D7%94%20%D7%9C%D7%94%D7%96%D7%9E%D7%99%D7%9F%20%D7%90%D7%AA%20%D7%94%D7%9E%D7%95%D7%A6%D7%A8%20W170,https://madperfume.co.il/?app=product.show.72,https://www.mad-parfumeur.com/respondio-catalog/og/he/p-72-w170.jpg?v=20260731-4,https://madperfume.co.il/upload/03-2026/product/4D0D214E-B868-4B48-9457-238C76E3A951.png
he,W173,Jil Sander Man Absolute – Jil Sander,בשמי גברים,100,https://www.mad-parfumeur.com/respondio-catalog/wa/he/p-74-w173.html?v=20260731-4,https://www.mad-parfumeur.com/respondio-catalog/media/he/p-74-w173.jpg?v=20260731-4,"Jil Sander Man Absolute – Jil Sander
קוד: W173
מחיר: 100 ILS
חזרה לשיחה: https://wa.me/972524033442?text=%D7%A9%D7%9C%D7%95%D7%9D%2C%20%D7%90%D7%A0%D7%99%20%D7%A8%D7%95%D7%A6%D7%94%20%D7%9C%D7%94%D7%96%D7%9E%D7%99%D7%9F%20%D7%90%D7%AA%20%D7%94%D7%9E%D7%95%D7%A6%D7%A8%20W173",https://wa.me/972524033442?text=%D7%A9%D7%9C%D7%95%D7%9D%2C%20%D7%90%D7%A0%D7%99%20%D7%A8%D7%95%D7%A6%D7%94%20%D7%9C%D7%94%D7%96%D7%9E%D7%99%D7%9F%20%D7%90%D7%AA%20%D7%94%D7%9E%D7%95%D7%A6%D7%A8%20W173,https://madperfume.co.il/?app=product.show.74,https://www.mad-parfumeur.com/respondio-catalog/og/he/p-74-w173.jpg?v=20260731-4,https://madperfume.co.il/upload/03-2026/product/627CF6B8-27C5-4C6D-9322-B72585BE9AE0.png
he,ROUGE,Barakkat Rouge 540 Extrait de Parfum Fragrance,בשמי נישה גברים,300,https://www.mad-parfumeur.com/respondio-catalog/wa/he/p-76-rouge.html?v=20260731-4,https://www.mad-parfumeur.com/respondio-catalog/media/he/p-76-rouge.jpg?v=20260731-4,"Barakkat Rouge 540 Extrait de Parfum Fragrance
קוד: ROUGE
מחיר: 300 ILS
חזרה לשיחה: https://wa.me/972524033442?text=%D7%A9%D7%9C%D7%95%D7%9D%2C%20%D7%90%D7%A0%D7%99%20%D7%A8%D7%95%D7%A6%D7%94%20%D7%9C%D7%94%D7%96%D7%9E%D7%99%D7%9F%20%D7%90%D7%AA%20%D7%94%D7%9E%D7%95%D7%A6%D7%A8%20ROUGE",https://wa.me/972524033442?text=%D7%A9%D7%9C%D7%95%D7%9D%2C%20%D7%90%D7%A0%D7%99%20%D7%A8%D7%95%D7%A6%D7%94%20%D7%9C%D7%94%D7%96%D7%9E%D7%99%D7%9F%20%D7%90%D7%AA%20%D7%94%D7%9E%D7%95%D7%A6%D7%A8%20ROUGE,https://madperfume.co.il/?app=product.show.76,https://www.mad-parfumeur.com/respondio-catalog/og/he/p-76-rouge.jpg?v=20260731-4,https://madperfume.co.il/upload/01-2026/product/69794b6d70352.png
he,NO47,Sirrah Tiziana Terenzi,בשמי נישה גברים,280,https://www.mad-parfumeur.com/respondio-catalog/wa/he/p-77-no47.html?v=20260731-4,https://www.mad-parfumeur.com/respondio-catalog/media/he/p-77-no47.jpg?v=20260731-4,"Sirrah Tiziana Terenzi
קוד: NO47
מחיר: 280 ILS
חזרה לשיחה: https://wa.me/972524033442?text=%D7%A9%D7%9C%D7%95%D7%9D%2C%20%D7%90%D7%A0%D7%99%20%D7%A8%D7%95%D7%A6%D7%94%20%D7%9C%D7%94%D7%96%D7%9E%D7%99%D7%9F%20%D7%90%D7%AA%20%D7%94%D7%9E%D7%95%D7%A6%D7%A8%20NO47",https://wa.me/972524033442?text=%D7%A9%D7%9C%D7%95%D7%9D%2C%20%D7%90%D7%A0%D7%99%20%D7%A8%D7%95%D7%A6%D7%94%20%D7%9C%D7%94%D7%96%D7%9E%D7%99%D7%9F%20%D7%90%D7%AA%20%D7%94%D7%9E%D7%95%D7%A6%D7%A8%20NO47,https://madperfume.co.il/?app=product.show.77,https://www.mad-parfumeur.com/respondio-catalog/og/he/p-77-no47.jpg?v=20260731-4,https://madperfume.co.il/upload/03-2026/product/IMG_1304.jpeg
he,A122,Sì Passione Giorgio Armani,בשמי נשים,100,https://www.mad-parfumeur.com/respondio-catalog/wa/he/p-78-a122.html?v=20260731-4,https://www.mad-parfumeur.com/respondio-catalog/media/he/p-78-a122.jpg?v=20260731-4,"Sì Passione Giorgio Armani
קוד: A122
מחיר: 100 ILS
חזרה לשיחה: https://wa.me/972524033442?text=%D7%A9%D7%9C%D7%95%D7%9D%2C%20%D7%90%D7%A0%D7%99%20%D7%A8%D7%95%D7%A6%D7%94%20%D7%9C%D7%94%D7%96%D7%9E%D7%99%D7%9F%20%D7%90%D7%AA%20%D7%94%D7%9E%D7%95%D7%A6%D7%A8%20A122",https://wa.me/972524033442?text=%D7%A9%D7%9C%D7%95%D7%9D%2C%20%D7%90%D7%A0%D7%99%20%D7%A8%D7%95%D7%A6%D7%94%20%D7%9C%D7%94%D7%96%D7%9E%D7%99%D7%9F%20%D7%90%D7%AA%20%D7%94%D7%9E%D7%95%D7%A6%D7%A8%20A122,https://madperfume.co.il/?app=product.show.78,https://www.mad-parfumeur.com/respondio-catalog/og/he/p-78-a122.jpg?v=20260731-4,https://madperfume.co.il/upload/06-2025/product/68502ddf4b256.png
he,L101 women,Idôle,בשמי נשים,100,https://www.mad-parfumeur.com/respondio-catalog/wa/he/p-79-l101-women.html?v=20260731-4,https://www.mad-parfumeur.com/respondio-catalog/media/he/p-79-l101-women.jpg?v=20260731-4,"Idôle
קוד: L101 women
מחיר: 100 ILS
חזרה לשיחה: https://wa.me/972524033442?text=%D7%A9%D7%9C%D7%95%D7%9D%2C%20%D7%90%D7%A0%D7%99%20%D7%A8%D7%95%D7%A6%D7%94%20%D7%9C%D7%94%D7%96%D7%9E%D7%99%D7%9F%20%D7%90%D7%AA%20%D7%94%D7%9E%D7%95%D7%A6%D7%A8%20L101%20women",https://wa.me/972524033442?text=%D7%A9%D7%9C%D7%95%D7%9D%2C%20%D7%90%D7%A0%D7%99%20%D7%A8%D7%95%D7%A6%D7%94%20%D7%9C%D7%94%D7%96%D7%9E%D7%99%D7%9F%20%D7%90%D7%AA%20%D7%94%D7%9E%D7%95%D7%A6%D7%A8%20L101%20women,https://madperfume.co.il/?app=product.show.79,https://www.mad-parfumeur.com/respondio-catalog/og/he/p-79-l101-women.jpg?v=20260731-4,https://madperfume.co.il/upload/01-2026/product/697be5d1568cd.png
he,W160 women,212 VIP Carolina Herrera,בשמי נשים,100,https://www.mad-parfumeur.com/respondio-catalog/wa/he/p-80-w160-women.html?v=20260731-4,https://www.mad-parfumeur.com/respondio-catalog/media/he/p-80-w160-women.jpg?v=20260731-4,"212 VIP Carolina Herrera
קוד: W160 women
מחיר: 100 ILS
חזרה לשיחה: https://wa.me/972524033442?text=%D7%A9%D7%9C%D7%95%D7%9D%2C%20%D7%90%D7%A0%D7%99%20%D7%A8%D7%95%D7%A6%D7%94%20%D7%9C%D7%94%D7%96%D7%9E%D7%99%D7%9F%20%D7%90%D7%AA%20%D7%94%D7%9E%D7%95%D7%A6%D7%A8%20W160%20women",https://wa.me/972524033442?text=%D7%A9%D7%9C%D7%95%D7%9D%2C%20%D7%90%D7%A0%D7%99%20%D7%A8%D7%95%D7%A6%D7%94%20%D7%9C%D7%94%D7%96%D7%9E%D7%99%D7%9F%20%D7%90%D7%AA%20%D7%94%D7%9E%D7%95%D7%A6%D7%A8%20W160%20women,https://madperfume.co.il/?app=product.show.80,https://www.mad-parfumeur.com/respondio-catalog/og/he/p-80-w160-women.jpg?v=20260731-4,https://madperfume.co.il/upload/06-2025/product/6852acb6c8eb9.png
he,W162,Love Chloé,בשמי נשים,100,https://www.mad-parfumeur.com/respondio-catalog/wa/he/p-81-w162.html?v=20260731-4,https://www.mad-parfumeur.com/respondio-catalog/media/he/p-81-w162.jpg?v=20260731-4,"Love Chloé
קוד: W162
מחיר: 100 ILS
חזרה לשיחה: https://wa.me/972524033442?text=%D7%A9%D7%9C%D7%95%D7%9D%2C%20%D7%90%D7%A0%D7%99%20%D7%A8%D7%95%D7%A6%D7%94%20%D7%9C%D7%94%D7%96%D7%9E%D7%99%D7%9F%20%D7%90%D7%AA%20%D7%94%D7%9E%D7%95%D7%A6%D7%A8%20W162",https://wa.me/972524033442?text=%D7%A9%D7%9C%D7%95%D7%9D%2C%20%D7%90%D7%A0%D7%99%20%D7%A8%D7%95%D7%A6%D7%94%20%D7%9C%D7%94%D7%96%D7%9E%D7%99%D7%9F%20%D7%90%D7%AA%20%D7%94%D7%9E%D7%95%D7%A6%D7%A8%20W162,https://madperfume.co.il/?app=product.show.81,https://www.mad-parfumeur.com/respondio-catalog/og/he/p-81-w162.jpg?v=20260731-4,https://madperfume.co.il/upload/06-2025/product/6852ab1d83582.png
he,W164 women,Beauty Calvin Klein,בשמי נשים,100,https://www.mad-parfumeur.com/respondio-catalog/wa/he/p-82-w164-women.html?v=20260731-4,https://www.mad-parfumeur.com/respondio-catalog/media/he/p-82-w164-women.jpg?v=20260731-4,"Beauty Calvin Klein
קוד: W164 women
מחיר: 100 ILS
חזרה לשיחה: https://wa.me/972524033442?text=%D7%A9%D7%9C%D7%95%D7%9D%2C%20%D7%90%D7%A0%D7%99%20%D7%A8%D7%95%D7%A6%D7%94%20%D7%9C%D7%94%D7%96%D7%9E%D7%99%D7%9F%20%D7%90%D7%AA%20%D7%94%D7%9E%D7%95%D7%A6%D7%A8%20W164%20women",https://wa.me/972524033442?text=%D7%A9%D7%9C%D7%95%D7%9D%2C%20%D7%90%D7%A0%D7%99%20%D7%A8%D7%95%D7%A6%D7%94%20%D7%9C%D7%94%D7%96%D7%9E%D7%99%D7%9F%20%D7%90%D7%AA%20%D7%94%D7%9E%D7%95%D7%A6%D7%A8%20W164%20women,https://madperfume.co.il/?app=product.show.82,https://www.mad-parfumeur.com/respondio-catalog/og/he/p-82-w164-women.jpg?v=20260731-4,https://madperfume.co.il/upload/01-2026/product/697d061033bde.png
he,L102 women,La Nuit Tresor Caresse Lancôme,בשמי נשים,100,https://www.mad-parfumeur.com/respondio-catalog/wa/he/p-83-l102-women.html?v=20260731-4,https://www.mad-parfumeur.com/respondio-catalog/media/he/p-83-l102-women.jpg?v=20260731-4,"La Nuit Tresor Caresse Lancôme
קוד: L102 women
מחיר: 100 ILS
חזרה לשיחה: https://wa.me/972524033442?text=%D7%A9%D7%9C%D7%95%D7%9D%2C%20%D7%90%D7%A0%D7%99%20%D7%A8%D7%95%D7%A6%D7%94%20%D7%9C%D7%94%D7%96%D7%9E%D7%99%D7%9F%20%D7%90%D7%AA%20%D7%94%D7%9E%D7%95%D7%A6%D7%A8%20L102%20women",https://wa.me/972524033442?text=%D7%A9%D7%9C%D7%95%D7%9D%2C%20%D7%90%D7%A0%D7%99%20%D7%A8%D7%95%D7%A6%D7%94%20%D7%9C%D7%94%D7%96%D7%9E%D7%99%D7%9F%20%D7%90%D7%AA%20%D7%94%D7%9E%D7%95%D7%A6%D7%A8%20L102%20women,https://madperfume.co.il/?app=product.show.83,https://www.mad-parfumeur.com/respondio-catalog/og/he/p-83-l102-women.jpg?v=20260731-4,https://madperfume.co.il/upload/01-2026/product/697e39c5c8463.png
he,W144,Chloé Eau de Parfum Chloé,בשמי נשים,100,https://www.mad-parfumeur.com/respondio-catalog/wa/he/p-84-w144.html?v=20260731-4,https://www.mad-parfumeur.com/respondio-catalog/media/he/p-84-w144.jpg?v=20260731-4,"Chloé Eau de Parfum Chloé
קוד: W144
מחיר: 100 ILS
חזרה לשיחה: https://wa.me/972524033442?text=%D7%A9%D7%9C%D7%95%D7%9D%2C%20%D7%90%D7%A0%D7%99%20%D7%A8%D7%95%D7%A6%D7%94%20%D7%9C%D7%94%D7%96%D7%9E%D7%99%D7%9F%20%D7%90%D7%AA%20%D7%94%D7%9E%D7%95%D7%A6%D7%A8%20W144",https://wa.me/972524033442?text=%D7%A9%D7%9C%D7%95%D7%9D%2C%20%D7%90%D7%A0%D7%99%20%D7%A8%D7%95%D7%A6%D7%94%20%D7%9C%D7%94%D7%96%D7%9E%D7%99%D7%9F%20%D7%90%D7%AA%20%D7%94%D7%9E%D7%95%D7%A6%D7%A8%20W144,https://madperfume.co.il/?app=product.show.84,https://www.mad-parfumeur.com/respondio-catalog/og/he/p-84-w144.jpg?v=20260731-4,https://madperfume.co.il/upload/06-2025/product/6852a88652de9.png
he,W150 women,Crystal Noir Versace,בשמי נשים,100,https://www.mad-parfumeur.com/respondio-catalog/wa/he/p-85-w150-women.html?v=20260731-4,https://www.mad-parfumeur.com/respondio-catalog/media/he/p-85-w150-women.jpg?v=20260731-4,"Crystal Noir Versace
קוד: W150 women
מחיר: 100 ILS
חזרה לשיחה: https://wa.me/972524033442?text=%D7%A9%D7%9C%D7%95%D7%9D%2C%20%D7%90%D7%A0%D7%99%20%D7%A8%D7%95%D7%A6%D7%94%20%D7%9C%D7%94%D7%96%D7%9E%D7%99%D7%9F%20%D7%90%D7%AA%20%D7%94%D7%9E%D7%95%D7%A6%D7%A8%20W150%20women",https://wa.me/972524033442?text=%D7%A9%D7%9C%D7%95%D7%9D%2C%20%D7%90%D7%A0%D7%99%20%D7%A8%D7%95%D7%A6%D7%94%20%D7%9C%D7%94%D7%96%D7%9E%D7%99%D7%9F%20%D7%90%D7%AA%20%D7%94%D7%9E%D7%95%D7%A6%D7%A8%20W150%20women,https://madperfume.co.il/?app=product.show.85,https://www.mad-parfumeur.com/respondio-catalog/og/he/p-85-w150-women.jpg?v=20260731-4,https://madperfume.co.il/upload/01-2026/product/697e3c4c7e929.png
he,A112,Alien Mugler,בשמי נשים,100,https://www.mad-parfumeur.com/respondio-catalog/wa/he/p-87-a112.html?v=20260731-4,https://www.mad-parfumeur.com/respondio-catalog/media/he/p-87-a112.jpg?v=20260731-4,"Alien Mugler
קוד: A112
מחיר: 100 ILS
חזרה לשיחה: https://wa.me/972524033442?text=%D7%A9%D7%9C%D7%95%D7%9D%2C%20%D7%90%D7%A0%D7%99%20%D7%A8%D7%95%D7%A6%D7%94%20%D7%9C%D7%94%D7%96%D7%9E%D7%99%D7%9F%20%D7%90%D7%AA%20%D7%94%D7%9E%D7%95%D7%A6%D7%A8%20A112",https://wa.me/972524033442?text=%D7%A9%D7%9C%D7%95%D7%9D%2C%20%D7%90%D7%A0%D7%99%20%D7%A8%D7%95%D7%A6%D7%94%20%D7%9C%D7%94%D7%96%D7%9E%D7%99%D7%9F%20%D7%90%D7%AA%20%D7%94%D7%9E%D7%95%D7%A6%D7%A8%20A112,https://madperfume.co.il/?app=product.show.87,https://www.mad-parfumeur.com/respondio-catalog/og/he/p-87-a112.jpg?v=20260731-4,https://madperfume.co.il/upload/06-2025/product/6852a668ceda7.png
he,N105,Narciso Rodriguez for Her Eau de Parfum,בשמי נשים,100,https://www.mad-parfumeur.com/respondio-catalog/wa/he/p-88-n105.html?v=20260731-4,https://www.mad-parfumeur.com/respondio-catalog/media/he/p-88-n105.jpg?v=20260731-4,"Narciso Rodriguez for Her Eau de Parfum
קוד: N105
מחיר: 100 ILS
חזרה לשיחה: https://wa.me/972524033442?text=%D7%A9%D7%9C%D7%95%D7%9D%2C%20%D7%90%D7%A0%D7%99%20%D7%A8%D7%95%D7%A6%D7%94%20%D7%9C%D7%94%D7%96%D7%9E%D7%99%D7%9F%20%D7%90%D7%AA%20%D7%94%D7%9E%D7%95%D7%A6%D7%A8%20N105",https://wa.me/972524033442?text=%D7%A9%D7%9C%D7%95%D7%9D%2C%20%D7%90%D7%A0%D7%99%20%D7%A8%D7%95%D7%A6%D7%94%20%D7%9C%D7%94%D7%96%D7%9E%D7%99%D7%9F%20%D7%90%D7%AA%20%D7%94%D7%9E%D7%95%D7%A6%D7%A8%20N105,https://madperfume.co.il/?app=product.show.88,https://www.mad-parfumeur.com/respondio-catalog/og/he/p-88-n105.jpg?v=20260731-4,https://madperfume.co.il/upload/02-2026/product/697e8052ebf9f.png
he,n105,Chance Eau Vive Chanel,בשמי נשים,100,https://www.mad-parfumeur.com/respondio-catalog/wa/he/p-89-n105.html?v=20260731-4,https://www.mad-parfumeur.com/respondio-catalog/media/he/p-89-n105.jpg?v=20260731-4,"Chance Eau Vive Chanel
קוד: n105
מחיר: 100 ILS
חזרה לשיחה: https://wa.me/972524033442?text=%D7%A9%D7%9C%D7%95%D7%9D%2C%20%D7%90%D7%A0%D7%99%20%D7%A8%D7%95%D7%A6%D7%94%20%D7%9C%D7%94%D7%96%D7%9E%D7%99%D7%9F%20%D7%90%D7%AA%20%D7%94%D7%9E%D7%95%D7%A6%D7%A8%20n105",https://wa.me/972524033442?text=%D7%A9%D7%9C%D7%95%D7%9D%2C%20%D7%90%D7%A0%D7%99%20%D7%A8%D7%95%D7%A6%D7%94%20%D7%9C%D7%94%D7%96%D7%9E%D7%99%D7%9F%20%D7%90%D7%AA%20%D7%94%D7%9E%D7%95%D7%A6%D7%A8%20n105,https://madperfume.co.il/?app=product.show.89,https://www.mad-parfumeur.com/respondio-catalog/og/he/p-89-n105.jpg?v=20260731-4,https://madperfume.co.il/upload/06-2025/product/685031a481d65.png
he,V107,Very Sexy-Victoria's Secret,בשמי נשים,100,https://www.mad-parfumeur.com/respondio-catalog/wa/he/p-90-v107.html?v=20260731-4,https://www.mad-parfumeur.com/respondio-catalog/media/he/p-90-v107.jpg?v=20260731-4,"Very Sexy-Victoria's Secret
קוד: V107
מחיר: 100 ILS
חזרה לשיחה: https://wa.me/972524033442?text=%D7%A9%D7%9C%D7%95%D7%9D%2C%20%D7%90%D7%A0%D7%99%20%D7%A8%D7%95%D7%A6%D7%94%20%D7%9C%D7%94%D7%96%D7%9E%D7%99%D7%9F%20%D7%90%D7%AA%20%D7%94%D7%9E%D7%95%D7%A6%D7%A8%20V107",https://wa.me/972524033442?text=%D7%A9%D7%9C%D7%95%D7%9D%2C%20%D7%90%D7%A0%D7%99%20%D7%A8%D7%95%D7%A6%D7%94%20%D7%9C%D7%94%D7%96%D7%9E%D7%99%D7%9F%20%D7%90%D7%AA%20%D7%94%D7%9E%D7%95%D7%A6%D7%A8%20V107,https://madperfume.co.il/?app=product.show.90,https://www.mad-parfumeur.com/respondio-catalog/og/he/p-90-v107.jpg?v=20260731-4,https://madperfume.co.il/upload/06-2025/product/6852a270f1047.png
he,C126,212 Sexy Carolina Herrera,בשמי נשים,100,https://www.mad-parfumeur.com/respondio-catalog/wa/he/p-91-c126.html?v=20260731-4,https://www.mad-parfumeur.com/respondio-catalog/media/he/p-91-c126.jpg?v=20260731-4,"212 Sexy Carolina Herrera
קוד: C126
מחיר: 100 ILS
חזרה לשיחה: https://wa.me/972524033442?text=%D7%A9%D7%9C%D7%95%D7%9D%2C%20%D7%90%D7%A0%D7%99%20%D7%A8%D7%95%D7%A6%D7%94%20%D7%9C%D7%94%D7%96%D7%9E%D7%99%D7%9F%20%D7%90%D7%AA%20%D7%94%D7%9E%D7%95%D7%A6%D7%A8%20C126",https://wa.me/972524033442?text=%D7%A9%D7%9C%D7%95%D7%9D%2C%20%D7%90%D7%A0%D7%99%20%D7%A8%D7%95%D7%A6%D7%94%20%D7%9C%D7%94%D7%96%D7%9E%D7%99%D7%9F%20%D7%90%D7%AA%20%D7%94%D7%9E%D7%95%D7%A6%D7%A8%20C126,https://madperfume.co.il/?app=product.show.91,https://www.mad-parfumeur.com/respondio-catalog/og/he/p-91-c126.jpg?v=20260731-4,https://madperfume.co.il/upload/06-2025/product/68529fe3477e8.png
he,G107,Mon Guerlain Guerlain,בשמי נשים,100,https://www.mad-parfumeur.com/respondio-catalog/wa/he/p-92-g107.html?v=20260731-4,https://www.mad-parfumeur.com/respondio-catalog/media/he/p-92-g107.jpg?v=20260731-4,"Mon Guerlain Guerlain
קוד: G107
מחיר: 100 ILS
חזרה לשיחה: https://wa.me/972524033442?text=%D7%A9%D7%9C%D7%95%D7%9D%2C%20%D7%90%D7%A0%D7%99%20%D7%A8%D7%95%D7%A6%D7%94%20%D7%9C%D7%94%D7%96%D7%9E%D7%99%D7%9F%20%D7%90%D7%AA%20%D7%94%D7%9E%D7%95%D7%A6%D7%A8%20G107",https://wa.me/972524033442?text=%D7%A9%D7%9C%D7%95%D7%9D%2C%20%D7%90%D7%A0%D7%99%20%D7%A8%D7%95%D7%A6%D7%94%20%D7%9C%D7%94%D7%96%D7%9E%D7%99%D7%9F%20%D7%90%D7%AA%20%D7%94%D7%9E%D7%95%D7%A6%D7%A8%20G107,https://madperfume.co.il/?app=product.show.92,https://www.mad-parfumeur.com/respondio-catalog/og/he/p-92-g107.jpg?v=20260731-4,https://madperfume.co.il/upload/06-2025/product/68529e92c6c8f.png
he,D104,Joy by Dior,בשמי נשים,100,https://www.mad-parfumeur.com/respondio-catalog/wa/he/p-93-d104.html?v=20260731-4,https://www.mad-parfumeur.com/respondio-catalog/media/he/p-93-d104.jpg?v=20260731-4,"Joy by Dior
קוד: D104
מחיר: 100 ILS
חזרה לשיחה: https://wa.me/972524033442?text=%D7%A9%D7%9C%D7%95%D7%9D%2C%20%D7%90%D7%A0%D7%99%20%D7%A8%D7%95%D7%A6%D7%94%20%D7%9C%D7%94%D7%96%D7%9E%D7%99%D7%9F%20%D7%90%D7%AA%20%D7%94%D7%9E%D7%95%D7%A6%D7%A8%20D104",https://wa.me/972524033442?text=%D7%A9%D7%9C%D7%95%D7%9D%2C%20%D7%90%D7%A0%D7%99%20%D7%A8%D7%95%D7%A6%D7%94%20%D7%9C%D7%94%D7%96%D7%9E%D7%99%D7%9F%20%D7%90%D7%AA%20%D7%94%D7%9E%D7%95%D7%A6%D7%A8%20D104,https://madperfume.co.il/?app=product.show.93,https://www.mad-parfumeur.com/respondio-catalog/og/he/p-93-d104.jpg?v=20260731-4,https://madperfume.co.il/upload/06-2025/product/68529d7e885a8.png
he,A121,Emporio Armani Because It’s You Giorgio Armani,בשמי נשים,100,https://www.mad-parfumeur.com/respondio-catalog/wa/he/p-94-a121.html?v=20260731-4,https://www.mad-parfumeur.com/respondio-catalog/media/he/p-94-a121.jpg?v=20260731-4,"Emporio Armani Because It’s You Giorgio Armani
קוד: A121
מחיר: 100 ILS
חזרה לשיחה: https://wa.me/972524033442?text=%D7%A9%D7%9C%D7%95%D7%9D%2C%20%D7%90%D7%A0%D7%99%20%D7%A8%D7%95%D7%A6%D7%94%20%D7%9C%D7%94%D7%96%D7%9E%D7%99%D7%9F%20%D7%90%D7%AA%20%D7%94%D7%9E%D7%95%D7%A6%D7%A8%20A121",https://wa.me/972524033442?text=%D7%A9%D7%9C%D7%95%D7%9D%2C%20%D7%90%D7%A0%D7%99%20%D7%A8%D7%95%D7%A6%D7%94%20%D7%9C%D7%94%D7%96%D7%9E%D7%99%D7%9F%20%D7%90%D7%AA%20%D7%94%D7%9E%D7%95%D7%A6%D7%A8%20A121,https://madperfume.co.il/?app=product.show.94,https://www.mad-parfumeur.com/respondio-catalog/og/he/p-94-a121.jpg?v=20260731-4,https://madperfume.co.il/upload/06-2025/product/68529c1c244a0.png
he,W113,Midnight Fantasy Britney Spears,בשמי נשים,100,https://www.mad-parfumeur.com/respondio-catalog/wa/he/p-95-w113.html?v=20260731-4,https://www.mad-parfumeur.com/respondio-catalog/media/he/p-95-w113.jpg?v=20260731-4,"Midnight Fantasy Britney Spears
קוד: W113
מחיר: 100 ILS
חזרה לשיחה: https://wa.me/972524033442?text=%D7%A9%D7%9C%D7%95%D7%9D%2C%20%D7%90%D7%A0%D7%99%20%D7%A8%D7%95%D7%A6%D7%94%20%D7%9C%D7%94%D7%96%D7%9E%D7%99%D7%9F%20%D7%90%D7%AA%20%D7%94%D7%9E%D7%95%D7%A6%D7%A8%20W113",https://wa.me/972524033442?text=%D7%A9%D7%9C%D7%95%D7%9D%2C%20%D7%90%D7%A0%D7%99%20%D7%A8%D7%95%D7%A6%D7%94%20%D7%9C%D7%94%D7%96%D7%9E%D7%99%D7%9F%20%D7%90%D7%AA%20%D7%94%D7%9E%D7%95%D7%A6%D7%A8%20W113,https://madperfume.co.il/?app=product.show.95,https://www.mad-parfumeur.com/respondio-catalog/og/he/p-95-w113.jpg?v=20260731-4,https://madperfume.co.il/upload/06-2025/product/68512d8dad1c1.png
he,V105,Bombshell Intense Victoria's Secret,בשמי נשים,100,https://www.mad-parfumeur.com/respondio-catalog/wa/he/p-96-v105.html?v=20260731-4,https://www.mad-parfumeur.com/respondio-catalog/media/he/p-96-v105.jpg?v=20260731-4,"Bombshell Intense Victoria's Secret
קוד: V105
מחיר: 100 ILS
חזרה לשיחה: https://wa.me/972524033442?text=%D7%A9%D7%9C%D7%95%D7%9D%2C%20%D7%90%D7%A0%D7%99%20%D7%A8%D7%95%D7%A6%D7%94%20%D7%9C%D7%94%D7%96%D7%9E%D7%99%D7%9F%20%D7%90%D7%AA%20%D7%94%D7%9E%D7%95%D7%A6%D7%A8%20V105",https://wa.me/972524033442?text=%D7%A9%D7%9C%D7%95%D7%9D%2C%20%D7%90%D7%A0%D7%99%20%D7%A8%D7%95%D7%A6%D7%94%20%D7%9C%D7%94%D7%96%D7%9E%D7%99%D7%9F%20%D7%90%D7%AA%20%D7%94%D7%9E%D7%95%D7%A6%D7%A8%20V105,https://madperfume.co.il/?app=product.show.96,https://www.mad-parfumeur.com/respondio-catalog/og/he/p-96-v105.jpg?v=20260731-4,https://madperfume.co.il/upload/06-2025/product/68512ca0148f6.png
he,V106,Very Sexy Orchid Victoria's Secret,בשמי נשים,100,https://www.mad-parfumeur.com/respondio-catalog/wa/he/p-97-v106.html?v=20260731-4,https://www.mad-parfumeur.com/respondio-catalog/media/he/p-97-v106.jpg?v=20260731-4,"Very Sexy Orchid Victoria's Secret
קוד: V106
מחיר: 100 ILS
חזרה לשיחה: https://wa.me/972524033442?text=%D7%A9%D7%9C%D7%95%D7%9D%2C%20%D7%90%D7%A0%D7%99%20%D7%A8%D7%95%D7%A6%D7%94%20%D7%9C%D7%94%D7%96%D7%9E%D7%99%D7%9F%20%D7%90%D7%AA%20%D7%94%D7%9E%D7%95%D7%A6%D7%A8%20V106",https://wa.me/972524033442?text=%D7%A9%D7%9C%D7%95%D7%9D%2C%20%D7%90%D7%A0%D7%99%20%D7%A8%D7%95%D7%A6%D7%94%20%D7%9C%D7%94%D7%96%D7%9E%D7%99%D7%9F%20%D7%90%D7%AA%20%D7%94%D7%9E%D7%95%D7%A6%D7%A8%20V106,https://madperfume.co.il/?app=product.show.97,https://www.mad-parfumeur.com/respondio-catalog/og/he/p-97-v106.jpg?v=20260731-4,https://madperfume.co.il/upload/01-2026/product/697d033824f4d.png
he,S112,Escada Sexy Graffiti,בשמי נשים,100,https://www.mad-parfumeur.com/respondio-catalog/wa/he/p-98-s112.html?v=20260731-4,https://www.mad-parfumeur.com/respondio-catalog/media/he/p-98-s112.jpg?v=20260731-4,"Escada Sexy Graffiti
קוד: S112
מחיר: 100 ILS
חזרה לשיחה: https://wa.me/972524033442?text=%D7%A9%D7%9C%D7%95%D7%9D%2C%20%D7%90%D7%A0%D7%99%20%D7%A8%D7%95%D7%A6%D7%94%20%D7%9C%D7%94%D7%96%D7%9E%D7%99%D7%9F%20%D7%90%D7%AA%20%D7%94%D7%9E%D7%95%D7%A6%D7%A8%20S112",https://wa.me/972524033442?text=%D7%A9%D7%9C%D7%95%D7%9D%2C%20%D7%90%D7%A0%D7%99%20%D7%A8%D7%95%D7%A6%D7%94%20%D7%9C%D7%94%D7%96%D7%9E%D7%99%D7%9F%20%D7%90%D7%AA%20%D7%94%D7%9E%D7%95%D7%A6%D7%A8%20S112,https://madperfume.co.il/?app=product.show.98,https://www.mad-parfumeur.com/respondio-catalog/og/he/p-98-s112.jpg?v=20260731-4,https://madperfume.co.il/upload/06-2025/product/6851279a85c19.png
he,Q101,Velvet Orchid Tom Ford,בשמי גברים,100,https://www.mad-parfumeur.com/respondio-catalog/wa/he/p-99-q101.html?v=20260731-4,https://www.mad-parfumeur.com/respondio-catalog/media/he/p-99-q101.jpg?v=20260731-4,"Velvet Orchid Tom Ford
קוד: Q101
מחיר: 100 ILS
חזרה לשיחה: https://wa.me/972524033442?text=%D7%A9%D7%9C%D7%95%D7%9D%2C%20%D7%90%D7%A0%D7%99%20%D7%A8%D7%95%D7%A6%D7%94%20%D7%9C%D7%94%D7%96%D7%9E%D7%99%D7%9F%20%D7%90%D7%AA%20%D7%94%D7%9E%D7%95%D7%A6%D7%A8%20Q101",https://wa.me/972524033442?text=%D7%A9%D7%9C%D7%95%D7%9D%2C%20%D7%90%D7%A0%D7%99%20%D7%A8%D7%95%D7%A6%D7%94%20%D7%9C%D7%94%D7%96%D7%9E%D7%99%D7%9F%20%D7%90%D7%AA%20%D7%94%D7%9E%D7%95%D7%A6%D7%A8%20Q101,https://madperfume.co.il/?app=product.show.99,https://www.mad-parfumeur.com/respondio-catalog/og/he/p-99-q101.jpg?v=20260731-4,https://madperfume.co.il/upload/01-2026/product/697e4dfc787df.png
he,H103,Hypnotic Poison Dior,בשמי נשים,100,https://www.mad-parfumeur.com/respondio-catalog/wa/he/p-101-h103.html?v=20260731-4,https://www.mad-parfumeur.com/respondio-catalog/media/he/p-101-h103.jpg?v=20260731-4,"Hypnotic Poison Dior
קוד: H103
מחיר: 100 ILS
חזרה לשיחה: https://wa.me/972524033442?text=%D7%A9%D7%9C%D7%95%D7%9D%2C%20%D7%90%D7%A0%D7%99%20%D7%A8%D7%95%D7%A6%D7%94%20%D7%9C%D7%94%D7%96%D7%9E%D7%99%D7%9F%20%D7%90%D7%AA%20%D7%94%D7%9E%D7%95%D7%A6%D7%A8%20H103",https://wa.me/972524033442?text=%D7%A9%D7%9C%D7%95%D7%9D%2C%20%D7%90%D7%A0%D7%99%20%D7%A8%D7%95%D7%A6%D7%94%20%D7%9C%D7%94%D7%96%D7%9E%D7%99%D7%9F%20%D7%90%D7%AA%20%D7%94%D7%9E%D7%95%D7%A6%D7%A8%20H103,https://madperfume.co.il/?app=product.show.101,https://www.mad-parfumeur.com/respondio-catalog/og/he/p-101-h103.jpg?v=20260731-4,https://madperfume.co.il/upload/06-2025/product/685123b9d3211.png
he,S101,Ginza Shiseido,בשמי נשים,100,https://www.mad-parfumeur.com/respondio-catalog/wa/he/p-102-s101.html?v=20260731-4,https://www.mad-parfumeur.com/respondio-catalog/media/he/p-102-s101.jpg?v=20260731-4,"Ginza Shiseido
קוד: S101
מחיר: 100 ILS
חזרה לשיחה: https://wa.me/972524033442?text=%D7%A9%D7%9C%D7%95%D7%9D%2C%20%D7%90%D7%A0%D7%99%20%D7%A8%D7%95%D7%A6%D7%94%20%D7%9C%D7%94%D7%96%D7%9E%D7%99%D7%9F%20%D7%90%D7%AA%20%D7%94%D7%9E%D7%95%D7%A6%D7%A8%20S101",https://wa.me/972524033442?text=%D7%A9%D7%9C%D7%95%D7%9D%2C%20%D7%90%D7%A0%D7%99%20%D7%A8%D7%95%D7%A6%D7%94%20%D7%9C%D7%94%D7%96%D7%9E%D7%99%D7%9F%20%D7%90%D7%AA%20%D7%94%D7%9E%D7%95%D7%A6%D7%A8%20S101,https://madperfume.co.il/?app=product.show.102,https://www.mad-parfumeur.com/respondio-catalog/og/he/p-102-s101.jpg?v=20260731-4,https://madperfume.co.il/upload/06-2025/product/685122b7d8440.png
he,V102,Night Victoria's Secret,בשמי נשים,100,https://www.mad-parfumeur.com/respondio-catalog/wa/he/p-103-v102.html?v=20260731-4,https://www.mad-parfumeur.com/respondio-catalog/media/he/p-103-v102.jpg?v=20260731-4,"Night Victoria's Secret
קוד: V102
מחיר: 100 ILS
חזרה לשיחה: https://wa.me/972524033442?text=%D7%A9%D7%9C%D7%95%D7%9D%2C%20%D7%90%D7%A0%D7%99%20%D7%A8%D7%95%D7%A6%D7%94%20%D7%9C%D7%94%D7%96%D7%9E%D7%99%D7%9F%20%D7%90%D7%AA%20%D7%94%D7%9E%D7%95%D7%A6%D7%A8%20V102",https://wa.me/972524033442?text=%D7%A9%D7%9C%D7%95%D7%9D%2C%20%D7%90%D7%A0%D7%99%20%D7%A8%D7%95%D7%A6%D7%94%20%D7%9C%D7%94%D7%96%D7%9E%D7%99%D7%9F%20%D7%90%D7%AA%20%D7%94%D7%9E%D7%95%D7%A6%D7%A8%20V102,https://madperfume.co.il/?app=product.show.103,https://www.mad-parfumeur.com/respondio-catalog/og/he/p-103-v102.jpg?v=20260731-4,https://madperfume.co.il/upload/01-2026/product/697bda687a590.png
he,N101,Noa Cacharel,בשמי נשים,100,https://www.mad-parfumeur.com/respondio-catalog/wa/he/p-104-n101.html?v=20260731-4,https://www.mad-parfumeur.com/respondio-catalog/media/he/p-104-n101.jpg?v=20260731-4,"Noa Cacharel
קוד: N101
מחיר: 100 ILS
חזרה לשיחה: https://wa.me/972524033442?text=%D7%A9%D7%9C%D7%95%D7%9D%2C%20%D7%90%D7%A0%D7%99%20%D7%A8%D7%95%D7%A6%D7%94%20%D7%9C%D7%94%D7%96%D7%9E%D7%99%D7%9F%20%D7%90%D7%AA%20%D7%94%D7%9E%D7%95%D7%A6%D7%A8%20N101",https://wa.me/972524033442?text=%D7%A9%D7%9C%D7%95%D7%9D%2C%20%D7%90%D7%A0%D7%99%20%D7%A8%D7%95%D7%A6%D7%94%20%D7%9C%D7%94%D7%96%D7%9E%D7%99%D7%9F%20%D7%90%D7%AA%20%D7%94%D7%9E%D7%95%D7%A6%D7%A8%20N101,https://madperfume.co.il/?app=product.show.104,https://www.mad-parfumeur.com/respondio-catalog/og/he/p-104-n101.jpg?v=20260731-4,https://madperfume.co.il/upload/01-2026/product/697be4a23b43d.png
he,W125,Zen Shiseido,בשמי נשים,100,https://www.mad-parfumeur.com/respondio-catalog/wa/he/p-105-w125.html?v=20260731-4,https://www.mad-parfumeur.com/respondio-catalog/media/he/p-105-w125.jpg?v=20260731-4,"Zen Shiseido
קוד: W125
מחיר: 100 ILS
חזרה לשיחה: https://wa.me/972524033442?text=%D7%A9%D7%9C%D7%95%D7%9D%2C%20%D7%90%D7%A0%D7%99%20%D7%A8%D7%95%D7%A6%D7%94%20%D7%9C%D7%94%D7%96%D7%9E%D7%99%D7%9F%20%D7%90%D7%AA%20%D7%94%D7%9E%D7%95%D7%A6%D7%A8%20W125",https://wa.me/972524033442?text=%D7%A9%D7%9C%D7%95%D7%9D%2C%20%D7%90%D7%A0%D7%99%20%D7%A8%D7%95%D7%A6%D7%94%20%D7%9C%D7%94%D7%96%D7%9E%D7%99%D7%9F%20%D7%90%D7%AA%20%D7%94%D7%9E%D7%95%D7%A6%D7%A8%20W125,https://madperfume.co.il/?app=product.show.105,https://www.mad-parfumeur.com/respondio-catalog/og/he/p-105-w125.jpg?v=20260731-4,https://madperfume.co.il/upload/01-2026/product/697e3c21a941d.png
he,N106,Narciso Rodriguez For Her Narciso Rodriguez,בשמי נשים,100,https://www.mad-parfumeur.com/respondio-catalog/wa/he/p-106-n106.html?v=20260731-4,https://www.mad-parfumeur.com/respondio-catalog/media/he/p-106-n106.jpg?v=20260731-4,"Narciso Rodriguez For Her Narciso Rodriguez
קוד: N106
מחיר: 100 ILS
חזרה לשיחה: https://wa.me/972524033442?text=%D7%A9%D7%9C%D7%95%D7%9D%2C%20%D7%90%D7%A0%D7%99%20%D7%A8%D7%95%D7%A6%D7%94%20%D7%9C%D7%94%D7%96%D7%9E%D7%99%D7%9F%20%D7%90%D7%AA%20%D7%94%D7%9E%D7%95%D7%A6%D7%A8%20N106",https://wa.me/972524033442?text=%D7%A9%D7%9C%D7%95%D7%9D%2C%20%D7%90%D7%A0%D7%99%20%D7%A8%D7%95%D7%A6%D7%94%20%D7%9C%D7%94%D7%96%D7%9E%D7%99%D7%9F%20%D7%90%D7%AA%20%D7%94%D7%9E%D7%95%D7%A6%D7%A8%20N106,https://madperfume.co.il/?app=product.show.106,https://www.mad-parfumeur.com/respondio-catalog/og/he/p-106-n106.jpg?v=20260731-4,https://madperfume.co.il/upload/06-2025/product/68511eb61f867.png
he,C121,Euphoria Calvin Klein,בשמי נשים,100,https://www.mad-parfumeur.com/respondio-catalog/wa/he/p-107-c121.html?v=20260731-4,https://www.mad-parfumeur.com/respondio-catalog/media/he/p-107-c121.jpg?v=20260731-4,"Euphoria Calvin Klein
קוד: C121
מחיר: 100 ILS
חזרה לשיחה: https://wa.me/972524033442?text=%D7%A9%D7%9C%D7%95%D7%9D%2C%20%D7%90%D7%A0%D7%99%20%D7%A8%D7%95%D7%A6%D7%94%20%D7%9C%D7%94%D7%96%D7%9E%D7%99%D7%9F%20%D7%90%D7%AA%20%D7%94%D7%9E%D7%95%D7%A6%D7%A8%20C121",https://wa.me/972524033442?text=%D7%A9%D7%9C%D7%95%D7%9D%2C%20%D7%90%D7%A0%D7%99%20%D7%A8%D7%95%D7%A6%D7%94%20%D7%9C%D7%94%D7%96%D7%9E%D7%99%D7%9F%20%D7%90%D7%AA%20%D7%94%D7%9E%D7%95%D7%A6%D7%A8%20C121,https://madperfume.co.il/?app=product.show.107,https://www.mad-parfumeur.com/respondio-catalog/og/he/p-107-c121.jpg?v=20260731-4,https://madperfume.co.il/upload/01-2026/product/697d024c7a651.png
he,R105,Gucci Rush Gucci,בשמי נשים,100,https://www.mad-parfumeur.com/respondio-catalog/wa/he/p-108-r105.html?v=20260731-4,https://www.mad-parfumeur.com/respondio-catalog/media/he/p-108-r105.jpg?v=20260731-4,"Gucci Rush Gucci
קוד: R105
מחיר: 100 ILS
חזרה לשיחה: https://wa.me/972524033442?text=%D7%A9%D7%9C%D7%95%D7%9D%2C%20%D7%90%D7%A0%D7%99%20%D7%A8%D7%95%D7%A6%D7%94%20%D7%9C%D7%94%D7%96%D7%9E%D7%99%D7%9F%20%D7%90%D7%AA%20%D7%94%D7%9E%D7%95%D7%A6%D7%A8%20R105",https://wa.me/972524033442?text=%D7%A9%D7%9C%D7%95%D7%9D%2C%20%D7%90%D7%A0%D7%99%20%D7%A8%D7%95%D7%A6%D7%94%20%D7%9C%D7%94%D7%96%D7%9E%D7%99%D7%9F%20%D7%90%D7%AA%20%D7%94%D7%9E%D7%95%D7%A6%D7%A8%20R105,https://madperfume.co.il/?app=product.show.108,https://www.mad-parfumeur.com/respondio-catalog/og/he/p-108-r105.jpg?v=20260731-4,https://madperfume.co.il/upload/06-2025/product/6852c70d10738.png
he,R109,Gucci Rush 2 Gucci,בשמי נשים,100,https://www.mad-parfumeur.com/respondio-catalog/wa/he/p-109-r109.html?v=20260731-4,https://www.mad-parfumeur.com/respondio-catalog/media/he/p-109-r109.jpg?v=20260731-4,"Gucci Rush 2 Gucci
קוד: R109
מחיר: 100 ILS
חזרה לשיחה: https://wa.me/972524033442?text=%D7%A9%D7%9C%D7%95%D7%9D%2C%20%D7%90%D7%A0%D7%99%20%D7%A8%D7%95%D7%A6%D7%94%20%D7%9C%D7%94%D7%96%D7%9E%D7%99%D7%9F%20%D7%90%D7%AA%20%D7%94%D7%9E%D7%95%D7%A6%D7%A8%20R109",https://wa.me/972524033442?text=%D7%A9%D7%9C%D7%95%D7%9D%2C%20%D7%90%D7%A0%D7%99%20%D7%A8%D7%95%D7%A6%D7%94%20%D7%9C%D7%94%D7%96%D7%9E%D7%99%D7%9F%20%D7%90%D7%AA%20%D7%94%D7%9E%D7%95%D7%A6%D7%A8%20R109,https://madperfume.co.il/?app=product.show.109,https://www.mad-parfumeur.com/respondio-catalog/og/he/p-109-r109.jpg?v=20260731-4,https://madperfume.co.il/upload/06-2025/product/6852c5fb20e78.png
he,L112,Hypnôse Lancôme,בשמי נשים,100,https://www.mad-parfumeur.com/respondio-catalog/wa/he/p-110-l112.html?v=20260731-4,https://www.mad-parfumeur.com/respondio-catalog/media/he/p-110-l112.jpg?v=20260731-4,"Hypnôse Lancôme
קוד: L112
מחיר: 100 ILS
חזרה לשיחה: https://wa.me/972524033442?text=%D7%A9%D7%9C%D7%95%D7%9D%2C%20%D7%90%D7%A0%D7%99%20%D7%A8%D7%95%D7%A6%D7%94%20%D7%9C%D7%94%D7%96%D7%9E%D7%99%D7%9F%20%D7%90%D7%AA%20%D7%94%D7%9E%D7%95%D7%A6%D7%A8%20L112",https://wa.me/972524033442?text=%D7%A9%D7%9C%D7%95%D7%9D%2C%20%D7%90%D7%A0%D7%99%20%D7%A8%D7%95%D7%A6%D7%94%20%D7%9C%D7%94%D7%96%D7%9E%D7%99%D7%9F%20%D7%90%D7%AA%20%D7%94%D7%9E%D7%95%D7%A6%D7%A8%20L112,https://madperfume.co.il/?app=product.show.110,https://www.mad-parfumeur.com/respondio-catalog/og/he/p-110-l112.jpg?v=20260731-4,https://madperfume.co.il/upload/01-2026/product/697e459eb8484.png
he,U101,Ultraviolet Rabanne,בשמי נשים,100,https://www.mad-parfumeur.com/respondio-catalog/wa/he/p-111-u101.html?v=20260731-4,https://www.mad-parfumeur.com/respondio-catalog/media/he/p-111-u101.jpg?v=20260731-4,"Ultraviolet Rabanne
קוד: U101
מחיר: 100 ILS
חזרה לשיחה: https://wa.me/972524033442?text=%D7%A9%D7%9C%D7%95%D7%9D%2C%20%D7%90%D7%A0%D7%99%20%D7%A8%D7%95%D7%A6%D7%94%20%D7%9C%D7%94%D7%96%D7%9E%D7%99%D7%9F%20%D7%90%D7%AA%20%D7%94%D7%9E%D7%95%D7%A6%D7%A8%20U101",https://wa.me/972524033442?text=%D7%A9%D7%9C%D7%95%D7%9D%2C%20%D7%90%D7%A0%D7%99%20%D7%A8%D7%95%D7%A6%D7%94%20%D7%9C%D7%94%D7%96%D7%9E%D7%99%D7%9F%20%D7%90%D7%AA%20%D7%94%D7%9E%D7%95%D7%A6%D7%A8%20U101,https://madperfume.co.il/?app=product.show.111,https://www.mad-parfumeur.com/respondio-catalog/og/he/p-111-u101.jpg?v=20260731-4,https://madperfume.co.il/upload/06-2025/product/68511abbf3e86.png
he,M104,Pink Extasy Montale,בשמי נשים,100,https://www.mad-parfumeur.com/respondio-catalog/wa/he/p-112-m104.html?v=20260731-4,https://www.mad-parfumeur.com/respondio-catalog/media/he/p-112-m104.jpg?v=20260731-4,"Pink Extasy Montale
קוד: M104
מחיר: 100 ILS
חזרה לשיחה: https://wa.me/972524033442?text=%D7%A9%D7%9C%D7%95%D7%9D%2C%20%D7%90%D7%A0%D7%99%20%D7%A8%D7%95%D7%A6%D7%94%20%D7%9C%D7%94%D7%96%D7%9E%D7%99%D7%9F%20%D7%90%D7%AA%20%D7%94%D7%9E%D7%95%D7%A6%D7%A8%20M104",https://wa.me/972524033442?text=%D7%A9%D7%9C%D7%95%D7%9D%2C%20%D7%90%D7%A0%D7%99%20%D7%A8%D7%95%D7%A6%D7%94%20%D7%9C%D7%94%D7%96%D7%9E%D7%99%D7%9F%20%D7%90%D7%AA%20%D7%94%D7%9E%D7%95%D7%A6%D7%A8%20M104,https://madperfume.co.il/?app=product.show.112,https://www.mad-parfumeur.com/respondio-catalog/og/he/p-112-m104.jpg?v=20260731-4,https://madperfume.co.il/upload/06-2025/product/685d4697bb831.png
he,A113 women,Alien Goddess Mugler,בשמי נשים,100,https://www.mad-parfumeur.com/respondio-catalog/wa/he/p-113-a113-women.html?v=20260731-4,https://www.mad-parfumeur.com/respondio-catalog/media/he/p-113-a113-women.jpg?v=20260731-4,"Alien Goddess Mugler
קוד: A113 women
מחיר: 100 ILS
חזרה לשיחה: https://wa.me/972524033442?text=%D7%A9%D7%9C%D7%95%D7%9D%2C%20%D7%90%D7%A0%D7%99%20%D7%A8%D7%95%D7%A6%D7%94%20%D7%9C%D7%94%D7%96%D7%9E%D7%99%D7%9F%20%D7%90%D7%AA%20%D7%94%D7%9E%D7%95%D7%A6%D7%A8%20A113%20women",https://wa.me/972524033442?text=%D7%A9%D7%9C%D7%95%D7%9D%2C%20%D7%90%D7%A0%D7%99%20%D7%A8%D7%95%D7%A6%D7%94%20%D7%9C%D7%94%D7%96%D7%9E%D7%99%D7%9F%20%D7%90%D7%AA%20%D7%94%D7%9E%D7%95%D7%A6%D7%A8%20A113%20women,https://madperfume.co.il/?app=product.show.113,https://www.mad-parfumeur.com/respondio-catalog/og/he/p-113-a113-women.jpg?v=20260731-4,https://madperfume.co.il/upload/01-2026/product/697e456c9c59e.png
he,J102 women,Scandal Jean Paul Gaultier,בשמי נשים,100,https://www.mad-parfumeur.com/respondio-catalog/wa/he/p-114-j102-women.html?v=20260731-4,https://www.mad-parfumeur.com/respondio-catalog/media/he/p-114-j102-women.jpg?v=20260731-4,"Scandal Jean Paul Gaultier
קוד: J102 women
מחיר: 100 ILS
חזרה לשיחה: https://wa.me/972524033442?text=%D7%A9%D7%9C%D7%95%D7%9D%2C%20%D7%90%D7%A0%D7%99%20%D7%A8%D7%95%D7%A6%D7%94%20%D7%9C%D7%94%D7%96%D7%9E%D7%99%D7%9F%20%D7%90%D7%AA%20%D7%94%D7%9E%D7%95%D7%A6%D7%A8%20J102%20women",https://wa.me/972524033442?text=%D7%A9%D7%9C%D7%95%D7%9D%2C%20%D7%90%D7%A0%D7%99%20%D7%A8%D7%95%D7%A6%D7%94%20%D7%9C%D7%94%D7%96%D7%9E%D7%99%D7%9F%20%D7%90%D7%AA%20%D7%94%D7%9E%D7%95%D7%A6%D7%A8%20J102%20women,https://madperfume.co.il/?app=product.show.114,https://www.mad-parfumeur.com/respondio-catalog/og/he/p-114-j102-women.jpg?v=20260731-4,https://madperfume.co.il/upload/06-2025/product/68502a597b80e.png
he,H104,Boss Alive Eau de Parfum Hugo Boss,בשמי נשים,100,https://www.mad-parfumeur.com/respondio-catalog/wa/he/p-115-h104.html?v=20260731-4,https://www.mad-parfumeur.com/respondio-catalog/media/he/p-115-h104.jpg?v=20260731-4,"Boss Alive Eau de Parfum Hugo Boss
קוד: H104
מחיר: 100 ILS
חזרה לשיחה: https://wa.me/972524033442?text=%D7%A9%D7%9C%D7%95%D7%9D%2C%20%D7%90%D7%A0%D7%99%20%D7%A8%D7%95%D7%A6%D7%94%20%D7%9C%D7%94%D7%96%D7%9E%D7%99%D7%9F%20%D7%90%D7%AA%20%D7%94%D7%9E%D7%95%D7%A6%D7%A8%20H104",https://wa.me/972524033442?text=%D7%A9%D7%9C%D7%95%D7%9D%2C%20%D7%90%D7%A0%D7%99%20%D7%A8%D7%95%D7%A6%D7%94%20%D7%9C%D7%94%D7%96%D7%9E%D7%99%D7%9F%20%D7%90%D7%AA%20%D7%94%D7%9E%D7%95%D7%A6%D7%A8%20H104,https://madperfume.co.il/?app=product.show.115,https://www.mad-parfumeur.com/respondio-catalog/og/he/p-115-h104.jpg?v=20260731-4,https://madperfume.co.il/upload/01-2026/product/697e3996a44c3.png
he,J103 women,Gaultier 2 Jean Paul Gaultier,בשמי נשים,100,https://www.mad-parfumeur.com/respondio-catalog/wa/he/p-116-j103-women.html?v=20260731-4,https://www.mad-parfumeur.com/respondio-catalog/media/he/p-116-j103-women.jpg?v=20260731-4,"Gaultier 2 Jean Paul Gaultier
קוד: J103 women
מחיר: 100 ILS
חזרה לשיחה: https://wa.me/972524033442?text=%D7%A9%D7%9C%D7%95%D7%9D%2C%20%D7%90%D7%A0%D7%99%20%D7%A8%D7%95%D7%A6%D7%94%20%D7%9C%D7%94%D7%96%D7%9E%D7%99%D7%9F%20%D7%90%D7%AA%20%D7%94%D7%9E%D7%95%D7%A6%D7%A8%20J103%20women",https://wa.me/972524033442?text=%D7%A9%D7%9C%D7%95%D7%9D%2C%20%D7%90%D7%A0%D7%99%20%D7%A8%D7%95%D7%A6%D7%94%20%D7%9C%D7%94%D7%96%D7%9E%D7%99%D7%9F%20%D7%90%D7%AA%20%D7%94%D7%9E%D7%95%D7%A6%D7%A8%20J103%20women,https://madperfume.co.il/?app=product.show.116,https://www.mad-parfumeur.com/respondio-catalog/og/he/p-116-j103-women.jpg?v=20260731-4,https://madperfume.co.il/upload/06-2025/product/6852c422e1b30.png
he,J101 women,J'Adore Absolu Dior,בשמי נשים,100,https://www.mad-parfumeur.com/respondio-catalog/wa/he/p-117-j101-women.html?v=20260731-4,https://www.mad-parfumeur.com/respondio-catalog/media/he/p-117-j101-women.jpg?v=20260731-4,"J'Adore Absolu Dior
קוד: J101 women
מחיר: 100 ILS
חזרה לשיחה: https://wa.me/972524033442?text=%D7%A9%D7%9C%D7%95%D7%9D%2C%20%D7%90%D7%A0%D7%99%20%D7%A8%D7%95%D7%A6%D7%94%20%D7%9C%D7%94%D7%96%D7%9E%D7%99%D7%9F%20%D7%90%D7%AA%20%D7%94%D7%9E%D7%95%D7%A6%D7%A8%20J101%20women",https://wa.me/972524033442?text=%D7%A9%D7%9C%D7%95%D7%9D%2C%20%D7%90%D7%A0%D7%99%20%D7%A8%D7%95%D7%A6%D7%94%20%D7%9C%D7%94%D7%96%D7%9E%D7%99%D7%9F%20%D7%90%D7%AA%20%D7%94%D7%9E%D7%95%D7%A6%D7%A8%20J101%20women,https://madperfume.co.il/?app=product.show.117,https://www.mad-parfumeur.com/respondio-catalog/og/he/p-117-j101-women.jpg?v=20260731-4,https://madperfume.co.il/upload/06-2025/product/6851180187df0.png
he,K101 women,Good Girl Gone Bad,בשמי נשים,100,https://www.mad-parfumeur.com/respondio-catalog/wa/he/p-118-k101-women.html?v=20260731-4,https://www.mad-parfumeur.com/respondio-catalog/media/he/p-118-k101-women.jpg?v=20260731-4,"Good Girl Gone Bad
קוד: K101 women
מחיר: 100 ILS
חזרה לשיחה: https://wa.me/972524033442?text=%D7%A9%D7%9C%D7%95%D7%9D%2C%20%D7%90%D7%A0%D7%99%20%D7%A8%D7%95%D7%A6%D7%94%20%D7%9C%D7%94%D7%96%D7%9E%D7%99%D7%9F%20%D7%90%D7%AA%20%D7%94%D7%9E%D7%95%D7%A6%D7%A8%20K101%20women",https://wa.me/972524033442?text=%D7%A9%D7%9C%D7%95%D7%9D%2C%20%D7%90%D7%A0%D7%99%20%D7%A8%D7%95%D7%A6%D7%94%20%D7%9C%D7%94%D7%96%D7%9E%D7%99%D7%9F%20%D7%90%D7%AA%20%D7%94%D7%9E%D7%95%D7%A6%D7%A8%20K101%20women,https://madperfume.co.il/?app=product.show.118,https://www.mad-parfumeur.com/respondio-catalog/og/he/p-118-k101-women.jpg?v=20260731-4,https://madperfume.co.il/upload/01-2026/product/697e554b41f1d.png
he,C119,Yes I Am Cacharel,בשמי נשים,100,https://www.mad-parfumeur.com/respondio-catalog/wa/he/p-119-c119.html?v=20260731-4,https://www.mad-parfumeur.com/respondio-catalog/media/he/p-119-c119.jpg?v=20260731-4,"Yes I Am Cacharel
קוד: C119
מחיר: 100 ILS
חזרה לשיחה: https://wa.me/972524033442?text=%D7%A9%D7%9C%D7%95%D7%9D%2C%20%D7%90%D7%A0%D7%99%20%D7%A8%D7%95%D7%A6%D7%94%20%D7%9C%D7%94%D7%96%D7%9E%D7%99%D7%9F%20%D7%90%D7%AA%20%D7%94%D7%9E%D7%95%D7%A6%D7%A8%20C119",https://wa.me/972524033442?text=%D7%A9%D7%9C%D7%95%D7%9D%2C%20%D7%90%D7%A0%D7%99%20%D7%A8%D7%95%D7%A6%D7%94%20%D7%9C%D7%94%D7%96%D7%9E%D7%99%D7%9F%20%D7%90%D7%AA%20%D7%94%D7%9E%D7%95%D7%A6%D7%A8%20C119,https://madperfume.co.il/?app=product.show.119,https://www.mad-parfumeur.com/respondio-catalog/og/he/p-119-c119.jpg?v=20260731-4,https://madperfume.co.il/upload/06-2025/product/685116736634b.png
he,G104,L'Interdit Eau de Parfum Givenchy,בשמי נשים,100,https://www.mad-parfumeur.com/respondio-catalog/wa/he/p-120-g104.html?v=20260731-4,https://www.mad-parfumeur.com/respondio-catalog/media/he/p-120-g104.jpg?v=20260731-4,"L'Interdit Eau de Parfum Givenchy
קוד: G104
מחיר: 100 ILS
חזרה לשיחה: https://wa.me/972524033442?text=%D7%A9%D7%9C%D7%95%D7%9D%2C%20%D7%90%D7%A0%D7%99%20%D7%A8%D7%95%D7%A6%D7%94%20%D7%9C%D7%94%D7%96%D7%9E%D7%99%D7%9F%20%D7%90%D7%AA%20%D7%94%D7%9E%D7%95%D7%A6%D7%A8%20G104",https://wa.me/972524033442?text=%D7%A9%D7%9C%D7%95%D7%9D%2C%20%D7%90%D7%A0%D7%99%20%D7%A8%D7%95%D7%A6%D7%94%20%D7%9C%D7%94%D7%96%D7%9E%D7%99%D7%9F%20%D7%90%D7%AA%20%D7%94%D7%9E%D7%95%D7%A6%D7%A8%20G104,https://madperfume.co.il/?app=product.show.120,https://www.mad-parfumeur.com/respondio-catalog/og/he/p-120-g104.jpg?v=20260731-4,https://madperfume.co.il/upload/06-2025/product/68511580218a8.png
he,G106,Good Girl Suprême Carolina Herrera,בשמי נשים,100,https://www.mad-parfumeur.com/respondio-catalog/wa/he/p-121-g106.html?v=20260731-4,https://www.mad-parfumeur.com/respondio-catalog/media/he/p-121-g106.jpg?v=20260731-4,"Good Girl Suprême Carolina Herrera
קוד: G106
מחיר: 100 ILS
חזרה לשיחה: https://wa.me/972524033442?text=%D7%A9%D7%9C%D7%95%D7%9D%2C%20%D7%90%D7%A0%D7%99%20%D7%A8%D7%95%D7%A6%D7%94%20%D7%9C%D7%94%D7%96%D7%9E%D7%99%D7%9F%20%D7%90%D7%AA%20%D7%94%D7%9E%D7%95%D7%A6%D7%A8%20G106",https://wa.me/972524033442?text=%D7%A9%D7%9C%D7%95%D7%9D%2C%20%D7%90%D7%A0%D7%99%20%D7%A8%D7%95%D7%A6%D7%94%20%D7%9C%D7%94%D7%96%D7%9E%D7%99%D7%9F%20%D7%90%D7%AA%20%D7%94%D7%9E%D7%95%D7%A6%D7%A8%20G106,https://madperfume.co.il/?app=product.show.121,https://www.mad-parfumeur.com/respondio-catalog/og/he/p-121-g106.jpg?v=20260731-4,https://madperfume.co.il/upload/01-2026/product/697e3653b1a60.png
he,G103 women,Good Girl Carolina Herrera,בשמי נשים,100,https://www.mad-parfumeur.com/respondio-catalog/wa/he/p-122-g103-women.html?v=20260731-4,https://www.mad-parfumeur.com/respondio-catalog/media/he/p-122-g103-women.jpg?v=20260731-4,"Good Girl Carolina Herrera
קוד: G103 women
מחיר: 100 ILS
חזרה לשיחה: https://wa.me/972524033442?text=%D7%A9%D7%9C%D7%95%D7%9D%2C%20%D7%90%D7%A0%D7%99%20%D7%A8%D7%95%D7%A6%D7%94%20%D7%9C%D7%94%D7%96%D7%9E%D7%99%D7%9F%20%D7%90%D7%AA%20%D7%94%D7%9E%D7%95%D7%A6%D7%A8%20G103%20women",https://wa.me/972524033442?text=%D7%A9%D7%9C%D7%95%D7%9D%2C%20%D7%90%D7%A0%D7%99%20%D7%A8%D7%95%D7%A6%D7%94%20%D7%9C%D7%94%D7%96%D7%9E%D7%99%D7%9F%20%D7%90%D7%AA%20%D7%94%D7%9E%D7%95%D7%A6%D7%A8%20G103%20women,https://madperfume.co.il/?app=product.show.122,https://www.mad-parfumeur.com/respondio-catalog/og/he/p-122-g103-women.jpg?v=20260731-4,https://madperfume.co.il/upload/01-2026/product/697bb61babec8.png
he,D119,Echo Woman Davidoff,בשמי נשים,100,https://www.mad-parfumeur.com/respondio-catalog/wa/he/p-123-d119.html?v=20260731-4,https://www.mad-parfumeur.com/respondio-catalog/media/he/p-123-d119.jpg?v=20260731-4,"Echo Woman Davidoff
קוד: D119
מחיר: 100 ILS
חזרה לשיחה: https://wa.me/972524033442?text=%D7%A9%D7%9C%D7%95%D7%9D%2C%20%D7%90%D7%A0%D7%99%20%D7%A8%D7%95%D7%A6%D7%94%20%D7%9C%D7%94%D7%96%D7%9E%D7%99%D7%9F%20%D7%90%D7%AA%20%D7%94%D7%9E%D7%95%D7%A6%D7%A8%20D119",https://wa.me/972524033442?text=%D7%A9%D7%9C%D7%95%D7%9D%2C%20%D7%90%D7%A0%D7%99%20%D7%A8%D7%95%D7%A6%D7%94%20%D7%9C%D7%94%D7%96%D7%9E%D7%99%D7%9F%20%D7%90%D7%AA%20%D7%94%D7%9E%D7%95%D7%A6%D7%A8%20D119,https://madperfume.co.il/?app=product.show.123,https://www.mad-parfumeur.com/respondio-catalog/og/he/p-123-d119.jpg?v=20260731-4,https://madperfume.co.il/upload/01-2026/product/697d057b0df6e.png
he,D121,DKNY Be Delicious Donna Karan,בשמי נשים,100,https://www.mad-parfumeur.com/respondio-catalog/wa/he/p-124-d121.html?v=20260731-4,https://www.mad-parfumeur.com/respondio-catalog/media/he/p-124-d121.jpg?v=20260731-4,"DKNY Be Delicious Donna Karan
קוד: D121
מחיר: 100 ILS
חזרה לשיחה: https://wa.me/972524033442?text=%D7%A9%D7%9C%D7%95%D7%9D%2C%20%D7%90%D7%A0%D7%99%20%D7%A8%D7%95%D7%A6%D7%94%20%D7%9C%D7%94%D7%96%D7%9E%D7%99%D7%9F%20%D7%90%D7%AA%20%D7%94%D7%9E%D7%95%D7%A6%D7%A8%20D121",https://wa.me/972524033442?text=%D7%A9%D7%9C%D7%95%D7%9D%2C%20%D7%90%D7%A0%D7%99%20%D7%A8%D7%95%D7%A6%D7%94%20%D7%9C%D7%94%D7%96%D7%9E%D7%99%D7%9F%20%D7%90%D7%AA%20%D7%94%D7%9E%D7%95%D7%A6%D7%A8%20D121,https://madperfume.co.il/?app=product.show.124,https://www.mad-parfumeur.com/respondio-catalog/og/he/p-124-d121.jpg?v=20260731-4,https://madperfume.co.il/upload/01-2026/product/697e7af2125ce.png
he,L103 women,La Vie est Belle en Rose Lancôme,בשמי נשים,100,https://www.mad-parfumeur.com/respondio-catalog/wa/he/p-126-l103-women.html?v=20260731-4,https://www.mad-parfumeur.com/respondio-catalog/media/he/p-126-l103-women.jpg?v=20260731-4,"La Vie est Belle en Rose Lancôme
קוד: L103 women
מחיר: 100 ILS
חזרה לשיחה: https://wa.me/972524033442?text=%D7%A9%D7%9C%D7%95%D7%9D%2C%20%D7%90%D7%A0%D7%99%20%D7%A8%D7%95%D7%A6%D7%94%20%D7%9C%D7%94%D7%96%D7%9E%D7%99%D7%9F%20%D7%90%D7%AA%20%D7%94%D7%9E%D7%95%D7%A6%D7%A8%20L103%20women",https://wa.me/972524033442?text=%D7%A9%D7%9C%D7%95%D7%9D%2C%20%D7%90%D7%A0%D7%99%20%D7%A8%D7%95%D7%A6%D7%94%20%D7%9C%D7%94%D7%96%D7%9E%D7%99%D7%9F%20%D7%90%D7%AA%20%D7%94%D7%9E%D7%95%D7%A6%D7%A8%20L103%20women,https://madperfume.co.il/?app=product.show.126,https://www.mad-parfumeur.com/respondio-catalog/og/he/p-126-l103-women.jpg?v=20260731-4,https://madperfume.co.il/upload/06-2025/product/6851111ba6d41.png
he,E101,Girl of Now Elie Saab,בשמי נשים,100,https://www.mad-parfumeur.com/respondio-catalog/wa/he/p-127-e101.html?v=20260731-4,https://www.mad-parfumeur.com/respondio-catalog/media/he/p-127-e101.jpg?v=20260731-4,"Girl of Now Elie Saab
קוד: E101
מחיר: 100 ILS
חזרה לשיחה: https://wa.me/972524033442?text=%D7%A9%D7%9C%D7%95%D7%9D%2C%20%D7%90%D7%A0%D7%99%20%D7%A8%D7%95%D7%A6%D7%94%20%D7%9C%D7%94%D7%96%D7%9E%D7%99%D7%9F%20%D7%90%D7%AA%20%D7%94%D7%9E%D7%95%D7%A6%D7%A8%20E101",https://wa.me/972524033442?text=%D7%A9%D7%9C%D7%95%D7%9D%2C%20%D7%90%D7%A0%D7%99%20%D7%A8%D7%95%D7%A6%D7%94%20%D7%9C%D7%94%D7%96%D7%9E%D7%99%D7%9F%20%D7%90%D7%AA%20%D7%94%D7%9E%D7%95%D7%A6%D7%A8%20E101,https://madperfume.co.il/?app=product.show.127,https://www.mad-parfumeur.com/respondio-catalog/og/he/p-127-e101.jpg?v=20260731-4,https://madperfume.co.il/upload/06-2025/product/68502ec37291c.png
he,E104 women,Emporio Armani She Giorgio Armani,בשמי נשים,100,https://www.mad-parfumeur.com/respondio-catalog/wa/he/p-128-e104-women.html?v=20260731-4,https://www.mad-parfumeur.com/respondio-catalog/media/he/p-128-e104-women.jpg?v=20260731-4,"Emporio Armani She Giorgio Armani
קוד: E104 women
מחיר: 100 ILS
חזרה לשיחה: https://wa.me/972524033442?text=%D7%A9%D7%9C%D7%95%D7%9D%2C%20%D7%90%D7%A0%D7%99%20%D7%A8%D7%95%D7%A6%D7%94%20%D7%9C%D7%94%D7%96%D7%9E%D7%99%D7%9F%20%D7%90%D7%AA%20%D7%94%D7%9E%D7%95%D7%A6%D7%A8%20E104%20women",https://wa.me/972524033442?text=%D7%A9%D7%9C%D7%95%D7%9D%2C%20%D7%90%D7%A0%D7%99%20%D7%A8%D7%95%D7%A6%D7%94%20%D7%9C%D7%94%D7%96%D7%9E%D7%99%D7%9F%20%D7%90%D7%AA%20%D7%94%D7%9E%D7%95%D7%A6%D7%A8%20E104%20women,https://madperfume.co.il/?app=product.show.128,https://www.mad-parfumeur.com/respondio-catalog/og/he/p-128-e104-women.jpg?v=20260731-4,https://madperfume.co.il/upload/02-2026/product/697e8388a9ce0.png
he,D114,Miss Dior Blooming Bouquet Dior,בשמי נשים,100,https://www.mad-parfumeur.com/respondio-catalog/wa/he/p-129-d114.html?v=20260731-4,https://www.mad-parfumeur.com/respondio-catalog/media/he/p-129-d114.jpg?v=20260731-4,"Miss Dior Blooming Bouquet Dior
קוד: D114
מחיר: 100 ILS
חזרה לשיחה: https://wa.me/972524033442?text=%D7%A9%D7%9C%D7%95%D7%9D%2C%20%D7%90%D7%A0%D7%99%20%D7%A8%D7%95%D7%A6%D7%94%20%D7%9C%D7%94%D7%96%D7%9E%D7%99%D7%9F%20%D7%90%D7%AA%20%D7%94%D7%9E%D7%95%D7%A6%D7%A8%20D114",https://wa.me/972524033442?text=%D7%A9%D7%9C%D7%95%D7%9D%2C%20%D7%90%D7%A0%D7%99%20%D7%A8%D7%95%D7%A6%D7%94%20%D7%9C%D7%94%D7%96%D7%9E%D7%99%D7%9F%20%D7%90%D7%AA%20%D7%94%D7%9E%D7%95%D7%A6%D7%A8%20D114,https://madperfume.co.il/?app=product.show.129,https://www.mad-parfumeur.com/respondio-catalog/og/he/p-129-d114.jpg?v=20260731-4,https://madperfume.co.il/upload/01-2026/product/697cebeb6248d.png
he,P105 women,Fame Rabanne,בשמי נשים,100,https://www.mad-parfumeur.com/respondio-catalog/wa/he/p-130-p105-women.html?v=20260731-4,https://www.mad-parfumeur.com/respondio-catalog/media/he/p-130-p105-women.jpg?v=20260731-4,"Fame Rabanne
קוד: P105 women
מחיר: 100 ILS
חזרה לשיחה: https://wa.me/972524033442?text=%D7%A9%D7%9C%D7%95%D7%9D%2C%20%D7%90%D7%A0%D7%99%20%D7%A8%D7%95%D7%A6%D7%94%20%D7%9C%D7%94%D7%96%D7%9E%D7%99%D7%9F%20%D7%90%D7%AA%20%D7%94%D7%9E%D7%95%D7%A6%D7%A8%20P105%20women",https://wa.me/972524033442?text=%D7%A9%D7%9C%D7%95%D7%9D%2C%20%D7%90%D7%A0%D7%99%20%D7%A8%D7%95%D7%A6%D7%94%20%D7%9C%D7%94%D7%96%D7%9E%D7%99%D7%9F%20%D7%90%D7%AA%20%D7%94%D7%9E%D7%95%D7%A6%D7%A8%20P105%20women,https://madperfume.co.il/?app=product.show.130,https://www.mad-parfumeur.com/respondio-catalog/og/he/p-130-p105-women.jpg?v=20260731-4,https://madperfume.co.il/upload/01-2026/product/697be9cb0a264.png
he,c120,Coco Mademoiselle Chanel,בשמי נשים,100,https://www.mad-parfumeur.com/respondio-catalog/wa/he/p-131-c120.html?v=20260731-4,https://www.mad-parfumeur.com/respondio-catalog/media/he/p-131-c120.jpg?v=20260731-4,"Coco Mademoiselle Chanel
קוד: c120
מחיר: 100 ILS
חזרה לשיחה: https://wa.me/972524033442?text=%D7%A9%D7%9C%D7%95%D7%9D%2C%20%D7%90%D7%A0%D7%99%20%D7%A8%D7%95%D7%A6%D7%94%20%D7%9C%D7%94%D7%96%D7%9E%D7%99%D7%9F%20%D7%90%D7%AA%20%D7%94%D7%9E%D7%95%D7%A6%D7%A8%20c120",https://wa.me/972524033442?text=%D7%A9%D7%9C%D7%95%D7%9D%2C%20%D7%90%D7%A0%D7%99%20%D7%A8%D7%95%D7%A6%D7%94%20%D7%9C%D7%94%D7%96%D7%9E%D7%99%D7%9F%20%D7%90%D7%AA%20%D7%94%D7%9E%D7%95%D7%A6%D7%A8%20c120,https://madperfume.co.il/?app=product.show.131,https://www.mad-parfumeur.com/respondio-catalog/og/he/p-131-c120.jpg?v=20260731-4,https://madperfume.co.il/upload/01-2026/product/697cead2e2ec1.png
he,C123,Chance Eau de Parfum - Chanel,בשמי נשים,100,https://www.mad-parfumeur.com/respondio-catalog/wa/he/p-132-c123.html?v=20260731-4,https://www.mad-parfumeur.com/respondio-catalog/media/he/p-132-c123.jpg?v=20260731-4,"Chance Eau de Parfum - Chanel
קוד: C123
מחיר: 100 ILS
חזרה לשיחה: https://wa.me/972524033442?text=%D7%A9%D7%9C%D7%95%D7%9D%2C%20%D7%90%D7%A0%D7%99%20%D7%A8%D7%95%D7%A6%D7%94%20%D7%9C%D7%94%D7%96%D7%9E%D7%99%D7%9F%20%D7%90%D7%AA%20%D7%94%D7%9E%D7%95%D7%A6%D7%A8%20C123",https://wa.me/972524033442?text=%D7%A9%D7%9C%D7%95%D7%9D%2C%20%D7%90%D7%A0%D7%99%20%D7%A8%D7%95%D7%A6%D7%94%20%D7%9C%D7%94%D7%96%D7%9E%D7%99%D7%9F%20%D7%90%D7%AA%20%D7%94%D7%9E%D7%95%D7%A6%D7%A8%20C123,https://madperfume.co.il/?app=product.show.132,https://www.mad-parfumeur.com/respondio-catalog/og/he/p-132-c123.jpg?v=20260731-4,https://madperfume.co.il/upload/01-2026/product/697be1413b4f2.png
he,V109,Tease Crème Cloud Victoria's Secret,בשמי נשים,100,https://www.mad-parfumeur.com/respondio-catalog/wa/he/p-133-v109.html?v=20260731-4,https://www.mad-parfumeur.com/respondio-catalog/media/he/p-133-v109.jpg?v=20260731-4,"Tease Crème Cloud Victoria's Secret
קוד: V109
מחיר: 100 ILS
חזרה לשיחה: https://wa.me/972524033442?text=%D7%A9%D7%9C%D7%95%D7%9D%2C%20%D7%90%D7%A0%D7%99%20%D7%A8%D7%95%D7%A6%D7%94%20%D7%9C%D7%94%D7%96%D7%9E%D7%99%D7%9F%20%D7%90%D7%AA%20%D7%94%D7%9E%D7%95%D7%A6%D7%A8%20V109",https://wa.me/972524033442?text=%D7%A9%D7%9C%D7%95%D7%9D%2C%20%D7%90%D7%A0%D7%99%20%D7%A8%D7%95%D7%A6%D7%94%20%D7%9C%D7%94%D7%96%D7%9E%D7%99%D7%9F%20%D7%90%D7%AA%20%D7%94%D7%9E%D7%95%D7%A6%D7%A8%20V109,https://madperfume.co.il/?app=product.show.133,https://www.mad-parfumeur.com/respondio-catalog/og/he/p-133-v109.jpg?v=20260731-4,https://madperfume.co.il/upload/01-2026/product/697bba06b7c9e.png
he,i102,L'eau d'Issey Issey Miyake,בשמי נשים,100,https://www.mad-parfumeur.com/respondio-catalog/wa/he/p-135-i102.html?v=20260731-4,https://www.mad-parfumeur.com/respondio-catalog/media/he/p-135-i102.jpg?v=20260731-4,"L'eau d'Issey Issey Miyake
קוד: i102
מחיר: 100 ILS
חזרה לשיחה: https://wa.me/972524033442?text=%D7%A9%D7%9C%D7%95%D7%9D%2C%20%D7%90%D7%A0%D7%99%20%D7%A8%D7%95%D7%A6%D7%94%20%D7%9C%D7%94%D7%96%D7%9E%D7%99%D7%9F%20%D7%90%D7%AA%20%D7%94%D7%9E%D7%95%D7%A6%D7%A8%20i102",https://wa.me/972524033442?text=%D7%A9%D7%9C%D7%95%D7%9D%2C%20%D7%90%D7%A0%D7%99%20%D7%A8%D7%95%D7%A6%D7%94%20%D7%9C%D7%94%D7%96%D7%9E%D7%99%D7%9F%20%D7%90%D7%AA%20%D7%94%D7%9E%D7%95%D7%A6%D7%A8%20i102,https://madperfume.co.il/?app=product.show.135,https://www.mad-parfumeur.com/respondio-catalog/og/he/p-135-i102.jpg?v=20260731-4,https://madperfume.co.il/upload/06-2025/product/68510df174abb.png
he,V110,Bombshell Sundrenched Victoria's Secret,בשמי נשים,100,https://www.mad-parfumeur.com/respondio-catalog/wa/he/p-136-v110.html?v=20260731-4,https://www.mad-parfumeur.com/respondio-catalog/media/he/p-136-v110.jpg?v=20260731-4,"Bombshell Sundrenched Victoria's Secret
קוד: V110
מחיר: 100 ILS
חזרה לשיחה: https://wa.me/972524033442?text=%D7%A9%D7%9C%D7%95%D7%9D%2C%20%D7%90%D7%A0%D7%99%20%D7%A8%D7%95%D7%A6%D7%94%20%D7%9C%D7%94%D7%96%D7%9E%D7%99%D7%9F%20%D7%90%D7%AA%20%D7%94%D7%9E%D7%95%D7%A6%D7%A8%20V110",https://wa.me/972524033442?text=%D7%A9%D7%9C%D7%95%D7%9D%2C%20%D7%90%D7%A0%D7%99%20%D7%A8%D7%95%D7%A6%D7%94%20%D7%9C%D7%94%D7%96%D7%9E%D7%99%D7%9F%20%D7%90%D7%AA%20%D7%94%D7%9E%D7%95%D7%A6%D7%A8%20V110,https://madperfume.co.il/?app=product.show.136,https://www.mad-parfumeur.com/respondio-catalog/og/he/p-136-v110.jpg?v=20260731-4,https://madperfume.co.il/upload/06-2025/product/68510c9a2c492.png
he,Y101 women,Libre Yves Saint Laurent,בשמי נשים,100,https://www.mad-parfumeur.com/respondio-catalog/wa/he/p-138-y101-women.html?v=20260731-4,https://www.mad-parfumeur.com/respondio-catalog/media/he/p-138-y101-women.jpg?v=20260731-4,"Libre Yves Saint Laurent
קוד: Y101 women
מחיר: 100 ILS
חזרה לשיחה: https://wa.me/972524033442?text=%D7%A9%D7%9C%D7%95%D7%9D%2C%20%D7%90%D7%A0%D7%99%20%D7%A8%D7%95%D7%A6%D7%94%20%D7%9C%D7%94%D7%96%D7%9E%D7%99%D7%9F%20%D7%90%D7%AA%20%D7%94%D7%9E%D7%95%D7%A6%D7%A8%20Y101%20women",https://wa.me/972524033442?text=%D7%A9%D7%9C%D7%95%D7%9D%2C%20%D7%90%D7%A0%D7%99%20%D7%A8%D7%95%D7%A6%D7%94%20%D7%9C%D7%94%D7%96%D7%9E%D7%99%D7%9F%20%D7%90%D7%AA%20%D7%94%D7%9E%D7%95%D7%A6%D7%A8%20Y101%20women,https://madperfume.co.il/?app=product.show.138,https://www.mad-parfumeur.com/respondio-catalog/og/he/p-138-y101-women.jpg?v=20260731-4,https://madperfume.co.il/upload/01-2026/product/697bdb6a7d1dd.png
he,Z101,This is Her Zadig & Voltaire,בשמי נשים,100,https://www.mad-parfumeur.com/respondio-catalog/wa/he/p-139-z101.html?v=20260731-4,https://www.mad-parfumeur.com/respondio-catalog/media/he/p-139-z101.jpg?v=20260731-4,"This is Her Zadig & Voltaire
קוד: Z101
מחיר: 100 ILS
חזרה לשיחה: https://wa.me/972524033442?text=%D7%A9%D7%9C%D7%95%D7%9D%2C%20%D7%90%D7%A0%D7%99%20%D7%A8%D7%95%D7%A6%D7%94%20%D7%9C%D7%94%D7%96%D7%9E%D7%99%D7%9F%20%D7%90%D7%AA%20%D7%94%D7%9E%D7%95%D7%A6%D7%A8%20Z101",https://wa.me/972524033442?text=%D7%A9%D7%9C%D7%95%D7%9D%2C%20%D7%90%D7%A0%D7%99%20%D7%A8%D7%95%D7%A6%D7%94%20%D7%9C%D7%94%D7%96%D7%9E%D7%99%D7%9F%20%D7%90%D7%AA%20%D7%94%D7%9E%D7%95%D7%A6%D7%A8%20Z101,https://madperfume.co.il/?app=product.show.139,https://www.mad-parfumeur.com/respondio-catalog/og/he/p-139-z101.jpg?v=20260731-4,https://madperfume.co.il/upload/01-2026/product/697bb5273e52d.png
he,B104,Burberry Women Burberry,בשמי נשים,100,https://www.mad-parfumeur.com/respondio-catalog/wa/he/p-140-b104.html?v=20260731-4,https://www.mad-parfumeur.com/respondio-catalog/media/he/p-140-b104.jpg?v=20260731-4,"Burberry Women Burberry
קוד: B104
מחיר: 100 ILS
חזרה לשיחה: https://wa.me/972524033442?text=%D7%A9%D7%9C%D7%95%D7%9D%2C%20%D7%90%D7%A0%D7%99%20%D7%A8%D7%95%D7%A6%D7%94%20%D7%9C%D7%94%D7%96%D7%9E%D7%99%D7%9F%20%D7%90%D7%AA%20%D7%94%D7%9E%D7%95%D7%A6%D7%A8%20B104",https://wa.me/972524033442?text=%D7%A9%D7%9C%D7%95%D7%9D%2C%20%D7%90%D7%A0%D7%99%20%D7%A8%D7%95%D7%A6%D7%94%20%D7%9C%D7%94%D7%96%D7%9E%D7%99%D7%9F%20%D7%90%D7%AA%20%D7%94%D7%9E%D7%95%D7%A6%D7%A8%20B104,https://madperfume.co.il/?app=product.show.140,https://www.mad-parfumeur.com/respondio-catalog/og/he/p-140-b104.jpg?v=20260731-4,https://madperfume.co.il/upload/06-2025/product/685082eda45cd.png
he,Z102,Just Rock! for Her Zadig & Voltaire,בשמי נשים,100,https://www.mad-parfumeur.com/respondio-catalog/wa/he/p-141-z102.html?v=20260731-4,https://www.mad-parfumeur.com/respondio-catalog/media/he/p-141-z102.jpg?v=20260731-4,"Just Rock! for Her Zadig & Voltaire
קוד: Z102
מחיר: 100 ILS
חזרה לשיחה: https://wa.me/972524033442?text=%D7%A9%D7%9C%D7%95%D7%9D%2C%20%D7%90%D7%A0%D7%99%20%D7%A8%D7%95%D7%A6%D7%94%20%D7%9C%D7%94%D7%96%D7%9E%D7%99%D7%9F%20%D7%90%D7%AA%20%D7%94%D7%9E%D7%95%D7%A6%D7%A8%20Z102",https://wa.me/972524033442?text=%D7%A9%D7%9C%D7%95%D7%9D%2C%20%D7%90%D7%A0%D7%99%20%D7%A8%D7%95%D7%A6%D7%94%20%D7%9C%D7%94%D7%96%D7%9E%D7%99%D7%9F%20%D7%90%D7%AA%20%D7%94%D7%9E%D7%95%D7%A6%D7%A8%20Z102,https://madperfume.co.il/?app=product.show.141,https://www.mad-parfumeur.com/respondio-catalog/og/he/p-141-z102.jpg?v=20260731-4,https://madperfume.co.il/upload/06-2025/product/685081ef4cc6e.png
he,W175,Body Burberry,בשמי נשים,100,https://www.mad-parfumeur.com/respondio-catalog/wa/he/p-142-w175.html?v=20260731-4,https://www.mad-parfumeur.com/respondio-catalog/media/he/p-142-w175.jpg?v=20260731-4,"Body Burberry
קוד: W175
מחיר: 100 ILS
חזרה לשיחה: https://wa.me/972524033442?text=%D7%A9%D7%9C%D7%95%D7%9D%2C%20%D7%90%D7%A0%D7%99%20%D7%A8%D7%95%D7%A6%D7%94%20%D7%9C%D7%94%D7%96%D7%9E%D7%99%D7%9F%20%D7%90%D7%AA%20%D7%94%D7%9E%D7%95%D7%A6%D7%A8%20W175",https://wa.me/972524033442?text=%D7%A9%D7%9C%D7%95%D7%9D%2C%20%D7%90%D7%A0%D7%99%20%D7%A8%D7%95%D7%A6%D7%94%20%D7%9C%D7%94%D7%96%D7%9E%D7%99%D7%9F%20%D7%90%D7%AA%20%D7%94%D7%9E%D7%95%D7%A6%D7%A8%20W175,https://madperfume.co.il/?app=product.show.142,https://www.mad-parfumeur.com/respondio-catalog/og/he/p-142-w175.jpg?v=20260731-4,https://madperfume.co.il/upload/06-2025/product/685080ac23365.png
he,W179 women,Vanitas Versace,בשמי נשים,100,https://www.mad-parfumeur.com/respondio-catalog/wa/he/p-143-w179-women.html?v=20260731-4,https://www.mad-parfumeur.com/respondio-catalog/media/he/p-143-w179-women.jpg?v=20260731-4,"Vanitas Versace
קוד: W179 women
מחיר: 100 ILS
חזרה לשיחה: https://wa.me/972524033442?text=%D7%A9%D7%9C%D7%95%D7%9D%2C%20%D7%90%D7%A0%D7%99%20%D7%A8%D7%95%D7%A6%D7%94%20%D7%9C%D7%94%D7%96%D7%9E%D7%99%D7%9F%20%D7%90%D7%AA%20%D7%94%D7%9E%D7%95%D7%A6%D7%A8%20W179%20women",https://wa.me/972524033442?text=%D7%A9%D7%9C%D7%95%D7%9D%2C%20%D7%90%D7%A0%D7%99%20%D7%A8%D7%95%D7%A6%D7%94%20%D7%9C%D7%94%D7%96%D7%9E%D7%99%D7%9F%20%D7%90%D7%AA%20%D7%94%D7%9E%D7%95%D7%A6%D7%A8%20W179%20women,https://madperfume.co.il/?app=product.show.143,https://www.mad-parfumeur.com/respondio-catalog/og/he/p-143-w179-women.jpg?v=20260731-4,https://madperfume.co.il/upload/06-2025/product/68507fb0c37ae.png
he,W214,Bombshell Victoria's Secret,בשמי נשים,100,https://www.mad-parfumeur.com/respondio-catalog/wa/he/p-144-w214.html?v=20260731-4,https://www.mad-parfumeur.com/respondio-catalog/media/he/p-144-w214.jpg?v=20260731-4,"Bombshell Victoria's Secret
קוד: W214
מחיר: 100 ILS
חזרה לשיחה: https://wa.me/972524033442?text=%D7%A9%D7%9C%D7%95%D7%9D%2C%20%D7%90%D7%A0%D7%99%20%D7%A8%D7%95%D7%A6%D7%94%20%D7%9C%D7%94%D7%96%D7%9E%D7%99%D7%9F%20%D7%90%D7%AA%20%D7%94%D7%9E%D7%95%D7%A6%D7%A8%20W214",https://wa.me/972524033442?text=%D7%A9%D7%9C%D7%95%D7%9D%2C%20%D7%90%D7%A0%D7%99%20%D7%A8%D7%95%D7%A6%D7%94%20%D7%9C%D7%94%D7%96%D7%9E%D7%99%D7%9F%20%D7%90%D7%AA%20%D7%94%D7%9E%D7%95%D7%A6%D7%A8%20W214,https://madperfume.co.il/?app=product.show.144,https://www.mad-parfumeur.com/respondio-catalog/og/he/p-144-w214.jpg?v=20260731-4,https://madperfume.co.il/upload/06-2025/product/68507ebb7cddb.png
he,W217,Bright Crystal Versace,בשמי נשים,100,https://www.mad-parfumeur.com/respondio-catalog/wa/he/p-145-w217.html?v=20260731-4,https://www.mad-parfumeur.com/respondio-catalog/media/he/p-145-w217.jpg?v=20260731-4,"Bright Crystal Versace
קוד: W217
מחיר: 100 ILS
חזרה לשיחה: https://wa.me/972524033442?text=%D7%A9%D7%9C%D7%95%D7%9D%2C%20%D7%90%D7%A0%D7%99%20%D7%A8%D7%95%D7%A6%D7%94%20%D7%9C%D7%94%D7%96%D7%9E%D7%99%D7%9F%20%D7%90%D7%AA%20%D7%94%D7%9E%D7%95%D7%A6%D7%A8%20W217",https://wa.me/972524033442?text=%D7%A9%D7%9C%D7%95%D7%9D%2C%20%D7%90%D7%A0%D7%99%20%D7%A8%D7%95%D7%A6%D7%94%20%D7%9C%D7%94%D7%96%D7%9E%D7%99%D7%9F%20%D7%90%D7%AA%20%D7%94%D7%9E%D7%95%D7%A6%D7%A8%20W217,https://madperfume.co.il/?app=product.show.145,https://www.mad-parfumeur.com/respondio-catalog/og/he/p-145-w217.jpg?v=20260731-4,https://madperfume.co.il/upload/01-2026/product/697ceda1984cb.png
he,W222,Olympéa Rabanne,בשמי נשים,100,https://www.mad-parfumeur.com/respondio-catalog/wa/he/p-147-w222.html?v=20260731-4,https://www.mad-parfumeur.com/respondio-catalog/media/he/p-147-w222.jpg?v=20260731-4,"Olympéa Rabanne
קוד: W222
מחיר: 100 ILS
חזרה לשיחה: https://wa.me/972524033442?text=%D7%A9%D7%9C%D7%95%D7%9D%2C%20%D7%90%D7%A0%D7%99%20%D7%A8%D7%95%D7%A6%D7%94%20%D7%9C%D7%94%D7%96%D7%9E%D7%99%D7%9F%20%D7%90%D7%AA%20%D7%94%D7%9E%D7%95%D7%A6%D7%A8%20W222",https://wa.me/972524033442?text=%D7%A9%D7%9C%D7%95%D7%9D%2C%20%D7%90%D7%A0%D7%99%20%D7%A8%D7%95%D7%A6%D7%94%20%D7%9C%D7%94%D7%96%D7%9E%D7%99%D7%9F%20%D7%90%D7%AA%20%D7%94%D7%9E%D7%95%D7%A6%D7%A8%20W222,https://madperfume.co.il/?app=product.show.147,https://www.mad-parfumeur.com/respondio-catalog/og/he/p-147-w222.jpg?v=20260731-4,https://madperfume.co.il/upload/06-2025/product/68507cd9091ab.png
he,W155,Acqua Di Gioia Eau Fraiche Giorgio Armani,בשמי נשים,100,https://www.mad-parfumeur.com/respondio-catalog/wa/he/p-148-w155.html?v=20260731-4,https://www.mad-parfumeur.com/respondio-catalog/media/he/p-148-w155.jpg?v=20260731-4,"Acqua Di Gioia Eau Fraiche Giorgio Armani
קוד: W155
מחיר: 100 ILS
חזרה לשיחה: https://wa.me/972524033442?text=%D7%A9%D7%9C%D7%95%D7%9D%2C%20%D7%90%D7%A0%D7%99%20%D7%A8%D7%95%D7%A6%D7%94%20%D7%9C%D7%94%D7%96%D7%9E%D7%99%D7%9F%20%D7%90%D7%AA%20%D7%94%D7%9E%D7%95%D7%A6%D7%A8%20W155",https://wa.me/972524033442?text=%D7%A9%D7%9C%D7%95%D7%9D%2C%20%D7%90%D7%A0%D7%99%20%D7%A8%D7%95%D7%A6%D7%94%20%D7%9C%D7%94%D7%96%D7%9E%D7%99%D7%9F%20%D7%90%D7%AA%20%D7%94%D7%9E%D7%95%D7%A6%D7%A8%20W155,https://madperfume.co.il/?app=product.show.148,https://www.mad-parfumeur.com/respondio-catalog/og/he/p-148-w155.jpg?v=20260731-4,https://madperfume.co.il/upload/02-2026/product/697e807f752a4.png
he,W230,Omnia Crystalline,בשמי נשים,100,https://www.mad-parfumeur.com/respondio-catalog/wa/he/p-149-w230.html?v=20260731-4,https://www.mad-parfumeur.com/respondio-catalog/media/he/p-149-w230.jpg?v=20260731-4,"Omnia Crystalline
קוד: W230
מחיר: 100 ILS
חזרה לשיחה: https://wa.me/972524033442?text=%D7%A9%D7%9C%D7%95%D7%9D%2C%20%D7%90%D7%A0%D7%99%20%D7%A8%D7%95%D7%A6%D7%94%20%D7%9C%D7%94%D7%96%D7%9E%D7%99%D7%9F%20%D7%90%D7%AA%20%D7%94%D7%9E%D7%95%D7%A6%D7%A8%20W230",https://wa.me/972524033442?text=%D7%A9%D7%9C%D7%95%D7%9D%2C%20%D7%90%D7%A0%D7%99%20%D7%A8%D7%95%D7%A6%D7%94%20%D7%9C%D7%94%D7%96%D7%9E%D7%99%D7%9F%20%D7%90%D7%AA%20%D7%94%D7%9E%D7%95%D7%A6%D7%A8%20W230,https://madperfume.co.il/?app=product.show.149,https://www.mad-parfumeur.com/respondio-catalog/og/he/p-149-w230.jpg?v=20260731-4,https://madperfume.co.il/upload/06-2025/product/68507aedc16a2.png
he,W208,Manifesto Yves Saint Laurent,בשמי נשים,100,https://www.mad-parfumeur.com/respondio-catalog/wa/he/p-150-w208.html?v=20260731-4,https://www.mad-parfumeur.com/respondio-catalog/media/he/p-150-w208.jpg?v=20260731-4,"Manifesto Yves Saint Laurent
קוד: W208
מחיר: 100 ILS
חזרה לשיחה: https://wa.me/972524033442?text=%D7%A9%D7%9C%D7%95%D7%9D%2C%20%D7%90%D7%A0%D7%99%20%D7%A8%D7%95%D7%A6%D7%94%20%D7%9C%D7%94%D7%96%D7%9E%D7%99%D7%9F%20%D7%90%D7%AA%20%D7%94%D7%9E%D7%95%D7%A6%D7%A8%20W208",https://wa.me/972524033442?text=%D7%A9%D7%9C%D7%95%D7%9D%2C%20%D7%90%D7%A0%D7%99%20%D7%A8%D7%95%D7%A6%D7%94%20%D7%9C%D7%94%D7%96%D7%9E%D7%99%D7%9F%20%D7%90%D7%AA%20%D7%94%D7%9E%D7%95%D7%A6%D7%A8%20W208,https://madperfume.co.il/?app=product.show.150,https://www.mad-parfumeur.com/respondio-catalog/og/he/p-150-w208.jpg?v=20260731-4,https://madperfume.co.il/upload/06-2025/product/6852be92073a2.png
he,W209,My Burberry Burberry,בשמי נשים,100,https://www.mad-parfumeur.com/respondio-catalog/wa/he/p-151-w209.html?v=20260731-4,https://www.mad-parfumeur.com/respondio-catalog/media/he/p-151-w209.jpg?v=20260731-4,"My Burberry Burberry
קוד: W209
מחיר: 100 ILS
חזרה לשיחה: https://wa.me/972524033442?text=%D7%A9%D7%9C%D7%95%D7%9D%2C%20%D7%90%D7%A0%D7%99%20%D7%A8%D7%95%D7%A6%D7%94%20%D7%9C%D7%94%D7%96%D7%9E%D7%99%D7%9F%20%D7%90%D7%AA%20%D7%94%D7%9E%D7%95%D7%A6%D7%A8%20W209",https://wa.me/972524033442?text=%D7%A9%D7%9C%D7%95%D7%9D%2C%20%D7%90%D7%A0%D7%99%20%D7%A8%D7%95%D7%A6%D7%94%20%D7%9C%D7%94%D7%96%D7%9E%D7%99%D7%9F%20%D7%90%D7%AA%20%D7%94%D7%9E%D7%95%D7%A6%D7%A8%20W209,https://madperfume.co.il/?app=product.show.151,https://www.mad-parfumeur.com/respondio-catalog/og/he/p-151-w209.jpg?v=20260731-4,https://madperfume.co.il/upload/06-2025/product/68507a2c8a0dc.png
he,W197,Ange ou Démon Le Secret,בשמי נשים,100,https://www.mad-parfumeur.com/respondio-catalog/wa/he/p-153-w197.html?v=20260731-4,https://www.mad-parfumeur.com/respondio-catalog/media/he/p-153-w197.jpg?v=20260731-4,"Ange ou Démon Le Secret
קוד: W197
מחיר: 100 ILS
חזרה לשיחה: https://wa.me/972524033442?text=%D7%A9%D7%9C%D7%95%D7%9D%2C%20%D7%90%D7%A0%D7%99%20%D7%A8%D7%95%D7%A6%D7%94%20%D7%9C%D7%94%D7%96%D7%9E%D7%99%D7%9F%20%D7%90%D7%AA%20%D7%94%D7%9E%D7%95%D7%A6%D7%A8%20W197",https://wa.me/972524033442?text=%D7%A9%D7%9C%D7%95%D7%9D%2C%20%D7%90%D7%A0%D7%99%20%D7%A8%D7%95%D7%A6%D7%94%20%D7%9C%D7%94%D7%96%D7%9E%D7%99%D7%9F%20%D7%90%D7%AA%20%D7%94%D7%9E%D7%95%D7%A6%D7%A8%20W197,https://madperfume.co.il/?app=product.show.153,https://www.mad-parfumeur.com/respondio-catalog/og/he/p-153-w197.jpg?v=20260731-4,https://madperfume.co.il/upload/06-2025/product/68507909aafa4.png
he,W201,La Vie Est Belle Lancôme,בשמי נשים,100,https://www.mad-parfumeur.com/respondio-catalog/wa/he/p-154-w201.html?v=20260731-4,https://www.mad-parfumeur.com/respondio-catalog/media/he/p-154-w201.jpg?v=20260731-4,"La Vie Est Belle Lancôme
קוד: W201
מחיר: 100 ILS
חזרה לשיחה: https://wa.me/972524033442?text=%D7%A9%D7%9C%D7%95%D7%9D%2C%20%D7%90%D7%A0%D7%99%20%D7%A8%D7%95%D7%A6%D7%94%20%D7%9C%D7%94%D7%96%D7%9E%D7%99%D7%9F%20%D7%90%D7%AA%20%D7%94%D7%9E%D7%95%D7%A6%D7%A8%20W201",https://wa.me/972524033442?text=%D7%A9%D7%9C%D7%95%D7%9D%2C%20%D7%90%D7%A0%D7%99%20%D7%A8%D7%95%D7%A6%D7%94%20%D7%9C%D7%94%D7%96%D7%9E%D7%99%D7%9F%20%D7%90%D7%AA%20%D7%94%D7%9E%D7%95%D7%A6%D7%A8%20W201,https://madperfume.co.il/?app=product.show.154,https://www.mad-parfumeur.com/respondio-catalog/og/he/p-154-w201.jpg?v=20260731-4,https://madperfume.co.il/upload/01-2026/product/697be0d7622dc.png
he,W203,Si – Emporio Armani,בשמי נשים,100,https://www.mad-parfumeur.com/respondio-catalog/wa/he/p-155-w203.html?v=20260731-4,https://www.mad-parfumeur.com/respondio-catalog/media/he/p-155-w203.jpg?v=20260731-4,"Si – Emporio Armani
קוד: W203
מחיר: 100 ILS
חזרה לשיחה: https://wa.me/972524033442?text=%D7%A9%D7%9C%D7%95%D7%9D%2C%20%D7%90%D7%A0%D7%99%20%D7%A8%D7%95%D7%A6%D7%94%20%D7%9C%D7%94%D7%96%D7%9E%D7%99%D7%9F%20%D7%90%D7%AA%20%D7%94%D7%9E%D7%95%D7%A6%D7%A8%20W203",https://wa.me/972524033442?text=%D7%A9%D7%9C%D7%95%D7%9D%2C%20%D7%90%D7%A0%D7%99%20%D7%A8%D7%95%D7%A6%D7%94%20%D7%9C%D7%94%D7%96%D7%9E%D7%99%D7%9F%20%D7%90%D7%AA%20%D7%94%D7%9E%D7%95%D7%A6%D7%A8%20W203,https://madperfume.co.il/?app=product.show.155,https://www.mad-parfumeur.com/respondio-catalog/og/he/p-155-w203.jpg?v=20260731-4,https://madperfume.co.il/upload/07-2025/product/6866c19209012.png
he,A118,My Way,בשמי נשים,100,https://www.mad-parfumeur.com/respondio-catalog/wa/he/p-156-a118.html?v=20260731-4,https://www.mad-parfumeur.com/respondio-catalog/media/he/p-156-a118.jpg?v=20260731-4,"My Way
קוד: A118
מחיר: 100 ILS
חזרה לשיחה: https://wa.me/972524033442?text=%D7%A9%D7%9C%D7%95%D7%9D%2C%20%D7%90%D7%A0%D7%99%20%D7%A8%D7%95%D7%A6%D7%94%20%D7%9C%D7%94%D7%96%D7%9E%D7%99%D7%9F%20%D7%90%D7%AA%20%D7%94%D7%9E%D7%95%D7%A6%D7%A8%20A118",https://wa.me/972524033442?text=%D7%A9%D7%9C%D7%95%D7%9D%2C%20%D7%90%D7%A0%D7%99%20%D7%A8%D7%95%D7%A6%D7%94%20%D7%9C%D7%94%D7%96%D7%9E%D7%99%D7%9F%20%D7%90%D7%AA%20%D7%94%D7%9E%D7%95%D7%A6%D7%A8%20A118,https://madperfume.co.il/?app=product.show.156,https://www.mad-parfumeur.com/respondio-catalog/og/he/p-156-a118.jpg?v=20260731-4,https://madperfume.co.il/upload/01-2026/product/697bd5610e49d.png
he,W184,L’Ambre des Merveilles Hermès,בשמי נשים,100,https://www.mad-parfumeur.com/respondio-catalog/wa/he/p-157-w184.html?v=20260731-4,https://www.mad-parfumeur.com/respondio-catalog/media/he/p-157-w184.jpg?v=20260731-4,"L’Ambre des Merveilles Hermès
קוד: W184
מחיר: 100 ILS
חזרה לשיחה: https://wa.me/972524033442?text=%D7%A9%D7%9C%D7%95%D7%9D%2C%20%D7%90%D7%A0%D7%99%20%D7%A8%D7%95%D7%A6%D7%94%20%D7%9C%D7%94%D7%96%D7%9E%D7%99%D7%9F%20%D7%90%D7%AA%20%D7%94%D7%9E%D7%95%D7%A6%D7%A8%20W184",https://wa.me/972524033442?text=%D7%A9%D7%9C%D7%95%D7%9D%2C%20%D7%90%D7%A0%D7%99%20%D7%A8%D7%95%D7%A6%D7%94%20%D7%9C%D7%94%D7%96%D7%9E%D7%99%D7%9F%20%D7%90%D7%AA%20%D7%94%D7%9E%D7%95%D7%A6%D7%A8%20W184,https://madperfume.co.il/?app=product.show.157,https://www.mad-parfumeur.com/respondio-catalog/og/he/p-157-w184.jpg?v=20260731-4,https://madperfume.co.il/upload/06-2025/product/6850775179514.png
he,W185,Roberto Cavalli Eau de Parfum Roberto Cavalli,בשמי נשים,100,https://www.mad-parfumeur.com/respondio-catalog/wa/he/p-158-w185.html?v=20260731-4,https://www.mad-parfumeur.com/respondio-catalog/media/he/p-158-w185.jpg?v=20260731-4,"Roberto Cavalli Eau de Parfum Roberto Cavalli
קוד: W185
מחיר: 100 ILS
חזרה לשיחה: https://wa.me/972524033442?text=%D7%A9%D7%9C%D7%95%D7%9D%2C%20%D7%90%D7%A0%D7%99%20%D7%A8%D7%95%D7%A6%D7%94%20%D7%9C%D7%94%D7%96%D7%9E%D7%99%D7%9F%20%D7%90%D7%AA%20%D7%94%D7%9E%D7%95%D7%A6%D7%A8%20W185",https://wa.me/972524033442?text=%D7%A9%D7%9C%D7%95%D7%9D%2C%20%D7%90%D7%A0%D7%99%20%D7%A8%D7%95%D7%A6%D7%94%20%D7%9C%D7%94%D7%96%D7%9E%D7%99%D7%9F%20%D7%90%D7%AA%20%D7%94%D7%9E%D7%95%D7%A6%D7%A8%20W185,https://madperfume.co.il/?app=product.show.158,https://www.mad-parfumeur.com/respondio-catalog/og/he/p-158-w185.jpg?v=20260731-4,https://madperfume.co.il/upload/06-2025/product/685076837d8ab.png
he,W190 women,Christina Aguilera Christina Aguilera,בשמי נשים,100,https://www.mad-parfumeur.com/respondio-catalog/wa/he/p-159-w190-women.html?v=20260731-4,https://www.mad-parfumeur.com/respondio-catalog/media/he/p-159-w190-women.jpg?v=20260731-4,"Christina Aguilera Christina Aguilera
קוד: W190 women
מחיר: 100 ILS
חזרה לשיחה: https://wa.me/972524033442?text=%D7%A9%D7%9C%D7%95%D7%9D%2C%20%D7%90%D7%A0%D7%99%20%D7%A8%D7%95%D7%A6%D7%94%20%D7%9C%D7%94%D7%96%D7%9E%D7%99%D7%9F%20%D7%90%D7%AA%20%D7%94%D7%9E%D7%95%D7%A6%D7%A8%20W190%20women",https://wa.me/972524033442?text=%D7%A9%D7%9C%D7%95%D7%9D%2C%20%D7%90%D7%A0%D7%99%20%D7%A8%D7%95%D7%A6%D7%94%20%D7%9C%D7%94%D7%96%D7%9E%D7%99%D7%9F%20%D7%90%D7%AA%20%D7%94%D7%9E%D7%95%D7%A6%D7%A8%20W190%20women,https://madperfume.co.il/?app=product.show.159,https://www.mad-parfumeur.com/respondio-catalog/og/he/p-159-w190-women.jpg?v=20260731-4,https://madperfume.co.il/upload/06-2025/product/6850750f523df.png
he,A120,Armani Code for Women Giorgio Armani,בשמי נשים,100,https://www.mad-parfumeur.com/respondio-catalog/wa/he/p-160-a120.html?v=20260731-4,https://www.mad-parfumeur.com/respondio-catalog/media/he/p-160-a120.jpg?v=20260731-4,"Armani Code for Women Giorgio Armani
קוד: A120
מחיר: 100 ILS
חזרה לשיחה: https://wa.me/972524033442?text=%D7%A9%D7%9C%D7%95%D7%9D%2C%20%D7%90%D7%A0%D7%99%20%D7%A8%D7%95%D7%A6%D7%94%20%D7%9C%D7%94%D7%96%D7%9E%D7%99%D7%9F%20%D7%90%D7%AA%20%D7%94%D7%9E%D7%95%D7%A6%D7%A8%20A120",https://wa.me/972524033442?text=%D7%A9%D7%9C%D7%95%D7%9D%2C%20%D7%90%D7%A0%D7%99%20%D7%A8%D7%95%D7%A6%D7%94%20%D7%9C%D7%94%D7%96%D7%9E%D7%99%D7%9F%20%D7%90%D7%AA%20%D7%94%D7%9E%D7%95%D7%A6%D7%A8%20A120,https://madperfume.co.il/?app=product.show.160,https://www.mad-parfumeur.com/respondio-catalog/og/he/p-160-a120.jpg?v=20260731-4,https://madperfume.co.il/upload/02-2026/product/697e83e5062d6.png
he,W165,Gucci Guilty Gucci,בשמי נשים,100,https://www.mad-parfumeur.com/respondio-catalog/wa/he/p-161-w165.html?v=20260731-4,https://www.mad-parfumeur.com/respondio-catalog/media/he/p-161-w165.jpg?v=20260731-4,"Gucci Guilty Gucci
קוד: W165
מחיר: 100 ILS
חזרה לשיחה: https://wa.me/972524033442?text=%D7%A9%D7%9C%D7%95%D7%9D%2C%20%D7%90%D7%A0%D7%99%20%D7%A8%D7%95%D7%A6%D7%94%20%D7%9C%D7%94%D7%96%D7%9E%D7%99%D7%9F%20%D7%90%D7%AA%20%D7%94%D7%9E%D7%95%D7%A6%D7%A8%20W165",https://wa.me/972524033442?text=%D7%A9%D7%9C%D7%95%D7%9D%2C%20%D7%90%D7%A0%D7%99%20%D7%A8%D7%95%D7%A6%D7%94%20%D7%9C%D7%94%D7%96%D7%9E%D7%99%D7%9F%20%D7%90%D7%AA%20%D7%94%D7%9E%D7%95%D7%A6%D7%A8%20W165,https://madperfume.co.il/?app=product.show.161,https://www.mad-parfumeur.com/respondio-catalog/og/he/p-161-w165.jpg?v=20260731-4,https://madperfume.co.il/upload/01-2026/product/697e7b4520f52.png
he,J104 או Q103,Nectarine Blossom & Honey Jo Malone London,בשמי נשים,100,https://www.mad-parfumeur.com/respondio-catalog/wa/he/p-162-j104-q103.html?v=20260731-4,https://www.mad-parfumeur.com/respondio-catalog/media/he/p-162-j104-q103.jpg?v=20260731-4,"Nectarine Blossom & Honey Jo Malone London
קוד: J104 או Q103
מחיר: 100 ILS
חזרה לשיחה: https://wa.me/972524033442?text=%D7%A9%D7%9C%D7%95%D7%9D%2C%20%D7%90%D7%A0%D7%99%20%D7%A8%D7%95%D7%A6%D7%94%20%D7%9C%D7%94%D7%96%D7%9E%D7%99%D7%9F%20%D7%90%D7%AA%20%D7%94%D7%9E%D7%95%D7%A6%D7%A8%20J104%20%D7%90%D7%95%20Q103",https://wa.me/972524033442?text=%D7%A9%D7%9C%D7%95%D7%9D%2C%20%D7%90%D7%A0%D7%99%20%D7%A8%D7%95%D7%A6%D7%94%20%D7%9C%D7%94%D7%96%D7%9E%D7%99%D7%9F%20%D7%90%D7%AA%20%D7%94%D7%9E%D7%95%D7%A6%D7%A8%20J104%20%D7%90%D7%95%20Q103,https://madperfume.co.il/?app=product.show.162,https://www.mad-parfumeur.com/respondio-catalog/og/he/p-162-j104-q103.jpg?v=20260731-4,https://madperfume.co.il/upload/06-2025/product/68507362ed2d7.png
he,A117,Amor Amor Cacharel,בשמי נשים,100,https://www.mad-parfumeur.com/respondio-catalog/wa/he/p-163-a117.html?v=20260731-4,https://www.mad-parfumeur.com/respondio-catalog/media/he/p-163-a117.jpg?v=20260731-4,"Amor Amor Cacharel
קוד: A117
מחיר: 100 ILS
חזרה לשיחה: https://wa.me/972524033442?text=%D7%A9%D7%9C%D7%95%D7%9D%2C%20%D7%90%D7%A0%D7%99%20%D7%A8%D7%95%D7%A6%D7%94%20%D7%9C%D7%94%D7%96%D7%9E%D7%99%D7%9F%20%D7%90%D7%AA%20%D7%94%D7%9E%D7%95%D7%A6%D7%A8%20A117",https://wa.me/972524033442?text=%D7%A9%D7%9C%D7%95%D7%9D%2C%20%D7%90%D7%A0%D7%99%20%D7%A8%D7%95%D7%A6%D7%94%20%D7%9C%D7%94%D7%96%D7%9E%D7%99%D7%9F%20%D7%90%D7%AA%20%D7%94%D7%9E%D7%95%D7%A6%D7%A8%20A117,https://madperfume.co.il/?app=product.show.163,https://www.mad-parfumeur.com/respondio-catalog/og/he/p-163-a117.jpg?v=20260731-4,https://madperfume.co.il/upload/01-2026/product/697e4e51c4ba6.png
he,P101 women,Oriana Parfums de Marly,בשמי נשים,100,https://www.mad-parfumeur.com/respondio-catalog/wa/he/p-164-p101-women.html?v=20260731-4,https://www.mad-parfumeur.com/respondio-catalog/media/he/p-164-p101-women.jpg?v=20260731-4,"Oriana Parfums de Marly
קוד: P101 women
מחיר: 100 ILS
חזרה לשיחה: https://wa.me/972524033442?text=%D7%A9%D7%9C%D7%95%D7%9D%2C%20%D7%90%D7%A0%D7%99%20%D7%A8%D7%95%D7%A6%D7%94%20%D7%9C%D7%94%D7%96%D7%9E%D7%99%D7%9F%20%D7%90%D7%AA%20%D7%94%D7%9E%D7%95%D7%A6%D7%A8%20P101%20women",https://wa.me/972524033442?text=%D7%A9%D7%9C%D7%95%D7%9D%2C%20%D7%90%D7%A0%D7%99%20%D7%A8%D7%95%D7%A6%D7%94%20%D7%9C%D7%94%D7%96%D7%9E%D7%99%D7%9F%20%D7%90%D7%AA%20%D7%94%D7%9E%D7%95%D7%A6%D7%A8%20P101%20women,https://madperfume.co.il/?app=product.show.164,https://www.mad-parfumeur.com/respondio-catalog/og/he/p-164-p101-women.jpg?v=20260731-4,https://madperfume.co.il/upload/06-2025/product/68506c71739ba.png
he,A114 women,Dior Addict Dior,בשמי נשים,100,https://www.mad-parfumeur.com/respondio-catalog/wa/he/p-165-a114-women.html?v=20260731-4,https://www.mad-parfumeur.com/respondio-catalog/media/he/p-165-a114-women.jpg?v=20260731-4,"Dior Addict Dior
קוד: A114 women
מחיר: 100 ILS
חזרה לשיחה: https://wa.me/972524033442?text=%D7%A9%D7%9C%D7%95%D7%9D%2C%20%D7%90%D7%A0%D7%99%20%D7%A8%D7%95%D7%A6%D7%94%20%D7%9C%D7%94%D7%96%D7%9E%D7%99%D7%9F%20%D7%90%D7%AA%20%D7%94%D7%9E%D7%95%D7%A6%D7%A8%20A114%20women",https://wa.me/972524033442?text=%D7%A9%D7%9C%D7%95%D7%9D%2C%20%D7%90%D7%A0%D7%99%20%D7%A8%D7%95%D7%A6%D7%94%20%D7%9C%D7%94%D7%96%D7%9E%D7%99%D7%9F%20%D7%90%D7%AA%20%D7%94%D7%9E%D7%95%D7%A6%D7%A8%20A114%20women,https://madperfume.co.il/?app=product.show.165,https://www.mad-parfumeur.com/respondio-catalog/og/he/p-165-a114-women.jpg?v=20260731-4,https://madperfume.co.il/upload/06-2025/product/685069fa42164.png
he,W101,Wish Chopard,בשמי נשים,100,https://www.mad-parfumeur.com/respondio-catalog/wa/he/p-166-w101.html?v=20260731-4,https://www.mad-parfumeur.com/respondio-catalog/media/he/p-166-w101.jpg?v=20260731-4,"Wish Chopard
קוד: W101
מחיר: 100 ILS
חזרה לשיחה: https://wa.me/972524033442?text=%D7%A9%D7%9C%D7%95%D7%9D%2C%20%D7%90%D7%A0%D7%99%20%D7%A8%D7%95%D7%A6%D7%94%20%D7%9C%D7%94%D7%96%D7%9E%D7%99%D7%9F%20%D7%90%D7%AA%20%D7%94%D7%9E%D7%95%D7%A6%D7%A8%20W101",https://wa.me/972524033442?text=%D7%A9%D7%9C%D7%95%D7%9D%2C%20%D7%90%D7%A0%D7%99%20%D7%A8%D7%95%D7%A6%D7%94%20%D7%9C%D7%94%D7%96%D7%9E%D7%99%D7%9F%20%D7%90%D7%AA%20%D7%94%D7%9E%D7%95%D7%A6%D7%A8%20W101,https://madperfume.co.il/?app=product.show.166,https://www.mad-parfumeur.com/respondio-catalog/og/he/p-166-w101.jpg?v=20260731-4,https://madperfume.co.il/upload/06-2025/product/6850712cb55fb.png
he,P104 women,Olympéa Solar Rabanne,בשמי נשים,100,https://www.mad-parfumeur.com/respondio-catalog/wa/he/p-167-p104-women.html?v=20260731-4,https://www.mad-parfumeur.com/respondio-catalog/media/he/p-167-p104-women.jpg?v=20260731-4,"Olympéa Solar Rabanne
קוד: P104 women
מחיר: 100 ILS
חזרה לשיחה: https://wa.me/972524033442?text=%D7%A9%D7%9C%D7%95%D7%9D%2C%20%D7%90%D7%A0%D7%99%20%D7%A8%D7%95%D7%A6%D7%94%20%D7%9C%D7%94%D7%96%D7%9E%D7%99%D7%9F%20%D7%90%D7%AA%20%D7%94%D7%9E%D7%95%D7%A6%D7%A8%20P104%20women",https://wa.me/972524033442?text=%D7%A9%D7%9C%D7%95%D7%9D%2C%20%D7%90%D7%A0%D7%99%20%D7%A8%D7%95%D7%A6%D7%94%20%D7%9C%D7%94%D7%96%D7%9E%D7%99%D7%9F%20%D7%90%D7%AA%20%D7%94%D7%9E%D7%95%D7%A6%D7%A8%20P104%20women,https://madperfume.co.il/?app=product.show.167,https://www.mad-parfumeur.com/respondio-catalog/og/he/p-167-p104-women.jpg?v=20260731-4,https://madperfume.co.il/upload/06-2025/product/685070172b262.png
he,T101,Trussardi Inside for women Trussardi,בשמי נשים,100,https://www.mad-parfumeur.com/respondio-catalog/wa/he/p-168-t101.html?v=20260731-4,https://www.mad-parfumeur.com/respondio-catalog/media/he/p-168-t101.jpg?v=20260731-4,"Trussardi Inside for women Trussardi
קוד: T101
מחיר: 100 ILS
חזרה לשיחה: https://wa.me/972524033442?text=%D7%A9%D7%9C%D7%95%D7%9D%2C%20%D7%90%D7%A0%D7%99%20%D7%A8%D7%95%D7%A6%D7%94%20%D7%9C%D7%94%D7%96%D7%9E%D7%99%D7%9F%20%D7%90%D7%AA%20%D7%94%D7%9E%D7%95%D7%A6%D7%A8%20T101",https://wa.me/972524033442?text=%D7%A9%D7%9C%D7%95%D7%9D%2C%20%D7%90%D7%A0%D7%99%20%D7%A8%D7%95%D7%A6%D7%94%20%D7%9C%D7%94%D7%96%D7%9E%D7%99%D7%9F%20%D7%90%D7%AA%20%D7%94%D7%9E%D7%95%D7%A6%D7%A8%20T101,https://madperfume.co.il/?app=product.show.168,https://www.mad-parfumeur.com/respondio-catalog/og/he/p-168-t101.jpg?v=20260731-4,https://madperfume.co.il/upload/06-2025/product/68506f0b727fb.png
he,W169,Jimmy Choo Jimmy Choo,בשמי נשים,100,https://www.mad-parfumeur.com/respondio-catalog/wa/he/p-169-w169.html?v=20260731-4,https://www.mad-parfumeur.com/respondio-catalog/media/he/p-169-w169.jpg?v=20260731-4,"Jimmy Choo Jimmy Choo
קוד: W169
מחיר: 100 ILS
חזרה לשיחה: https://wa.me/972524033442?text=%D7%A9%D7%9C%D7%95%D7%9D%2C%20%D7%90%D7%A0%D7%99%20%D7%A8%D7%95%D7%A6%D7%94%20%D7%9C%D7%94%D7%96%D7%9E%D7%99%D7%9F%20%D7%90%D7%AA%20%D7%94%D7%9E%D7%95%D7%A6%D7%A8%20W169",https://wa.me/972524033442?text=%D7%A9%D7%9C%D7%95%D7%9D%2C%20%D7%90%D7%A0%D7%99%20%D7%A8%D7%95%D7%A6%D7%94%20%D7%9C%D7%94%D7%96%D7%9E%D7%99%D7%9F%20%D7%90%D7%AA%20%D7%94%D7%9E%D7%95%D7%A6%D7%A8%20W169,https://madperfume.co.il/?app=product.show.169,https://www.mad-parfumeur.com/respondio-catalog/og/he/p-169-w169.jpg?v=20260731-4,https://madperfume.co.il/upload/06-2025/product/6852bd7269e1a.png
he,M101,Miracle Lancôme,בשמי נשים,100,https://www.mad-parfumeur.com/respondio-catalog/wa/he/p-171-m101.html?v=20260731-4,https://www.mad-parfumeur.com/respondio-catalog/media/he/p-171-m101.jpg?v=20260731-4,"Miracle Lancôme
קוד: M101
מחיר: 100 ILS
חזרה לשיחה: https://wa.me/972524033442?text=%D7%A9%D7%9C%D7%95%D7%9D%2C%20%D7%90%D7%A0%D7%99%20%D7%A8%D7%95%D7%A6%D7%94%20%D7%9C%D7%94%D7%96%D7%9E%D7%99%D7%9F%20%D7%90%D7%AA%20%D7%94%D7%9E%D7%95%D7%A6%D7%A8%20M101",https://wa.me/972524033442?text=%D7%A9%D7%9C%D7%95%D7%9D%2C%20%D7%90%D7%A0%D7%99%20%D7%A8%D7%95%D7%A6%D7%94%20%D7%9C%D7%94%D7%96%D7%9E%D7%99%D7%9F%20%D7%90%D7%AA%20%D7%94%D7%9E%D7%95%D7%A6%D7%A8%20M101,https://madperfume.co.il/?app=product.show.171,https://www.mad-parfumeur.com/respondio-catalog/og/he/p-171-m101.jpg?v=20260731-4,https://madperfume.co.il/upload/06-2025/product/68506d39d8f46.png
he,Y102 women,Libre Intense Yves Saint Laurent,בשמי נשים,100,https://www.mad-parfumeur.com/respondio-catalog/wa/he/p-172-y102-women.html?v=20260731-4,https://www.mad-parfumeur.com/respondio-catalog/media/he/p-172-y102-women.jpg?v=20260731-4,"Libre Intense Yves Saint Laurent
קוד: Y102 women
מחיר: 100 ILS
חזרה לשיחה: https://wa.me/972524033442?text=%D7%A9%D7%9C%D7%95%D7%9D%2C%20%D7%90%D7%A0%D7%99%20%D7%A8%D7%95%D7%A6%D7%94%20%D7%9C%D7%94%D7%96%D7%9E%D7%99%D7%9F%20%D7%90%D7%AA%20%D7%94%D7%9E%D7%95%D7%A6%D7%A8%20Y102%20women",https://wa.me/972524033442?text=%D7%A9%D7%9C%D7%95%D7%9D%2C%20%D7%90%D7%A0%D7%99%20%D7%A8%D7%95%D7%A6%D7%94%20%D7%9C%D7%94%D7%96%D7%9E%D7%99%D7%9F%20%D7%90%D7%AA%20%D7%94%D7%9E%D7%95%D7%A6%D7%A8%20Y102%20women,https://madperfume.co.il/?app=product.show.172,https://www.mad-parfumeur.com/respondio-catalog/og/he/p-172-y102-women.jpg?v=20260731-4,https://madperfume.co.il/upload/01-2026/product/697bd821842d0.png
he,Gumin,Gumin Tiziana Terenzi,בשמי נישה גברים,300,https://www.mad-parfumeur.com/respondio-catalog/wa/he/p-173-gumin.html?v=20260731-4,https://www.mad-parfumeur.com/respondio-catalog/media/he/p-173-gumin.jpg?v=20260731-4,"Gumin Tiziana Terenzi
קוד: Gumin
מחיר: 300 ILS
חזרה לשיחה: https://wa.me/972524033442?text=%D7%A9%D7%9C%D7%95%D7%9D%2C%20%D7%90%D7%A0%D7%99%20%D7%A8%D7%95%D7%A6%D7%94%20%D7%9C%D7%94%D7%96%D7%9E%D7%99%D7%9F%20%D7%90%D7%AA%20%D7%94%D7%9E%D7%95%D7%A6%D7%A8%20Gumin",https://wa.me/972524033442?text=%D7%A9%D7%9C%D7%95%D7%9D%2C%20%D7%90%D7%A0%D7%99%20%D7%A8%D7%95%D7%A6%D7%94%20%D7%9C%D7%94%D7%96%D7%9E%D7%99%D7%9F%20%D7%90%D7%AA%20%D7%94%D7%9E%D7%95%D7%A6%D7%A8%20Gumin,https://madperfume.co.il/?app=product.show.173,https://www.mad-parfumeur.com/respondio-catalog/og/he/p-173-gumin.jpg?v=20260731-4,https://madperfume.co.il/upload/01-2026/product/69795c71d170c.png
he,EGO,More Than Words Xerjoff,בשמי נישה גברים,300,https://www.mad-parfumeur.com/respondio-catalog/wa/he/p-174-ego.html?v=20260731-4,https://www.mad-parfumeur.com/respondio-catalog/media/he/p-174-ego.jpg?v=20260731-4,"More Than Words Xerjoff
קוד: EGO
מחיר: 300 ILS
חזרה לשיחה: https://wa.me/972524033442?text=%D7%A9%D7%9C%D7%95%D7%9D%2C%20%D7%90%D7%A0%D7%99%20%D7%A8%D7%95%D7%A6%D7%94%20%D7%9C%D7%94%D7%96%D7%9E%D7%99%D7%9F%20%D7%90%D7%AA%20%D7%94%D7%9E%D7%95%D7%A6%D7%A8%20EGO",https://wa.me/972524033442?text=%D7%A9%D7%9C%D7%95%D7%9D%2C%20%D7%90%D7%A0%D7%99%20%D7%A8%D7%95%D7%A6%D7%94%20%D7%9C%D7%94%D7%96%D7%9E%D7%99%D7%9F%20%D7%90%D7%AA%20%D7%94%D7%9E%D7%95%D7%A6%D7%A8%20EGO,https://madperfume.co.il/?app=product.show.174,https://www.mad-parfumeur.com/respondio-catalog/og/he/p-174-ego.jpg?v=20260731-4,https://madperfume.co.il/upload/01-2026/product/69795bbf95470.png
he,Opus,AMBER WOOD,בשמי נישה גברים,300,https://www.mad-parfumeur.com/respondio-catalog/wa/he/p-175-opus.html?v=20260731-4,https://www.mad-parfumeur.com/respondio-catalog/media/he/p-175-opus.jpg?v=20260731-4,"AMBER WOOD
קוד: Opus
מחיר: 300 ILS
חזרה לשיחה: https://wa.me/972524033442?text=%D7%A9%D7%9C%D7%95%D7%9D%2C%20%D7%90%D7%A0%D7%99%20%D7%A8%D7%95%D7%A6%D7%94%20%D7%9C%D7%94%D7%96%D7%9E%D7%99%D7%9F%20%D7%90%D7%AA%20%D7%94%D7%9E%D7%95%D7%A6%D7%A8%20Opus",https://wa.me/972524033442?text=%D7%A9%D7%9C%D7%95%D7%9D%2C%20%D7%90%D7%A0%D7%99%20%D7%A8%D7%95%D7%A6%D7%94%20%D7%9C%D7%94%D7%96%D7%9E%D7%99%D7%9F%20%D7%90%D7%AA%20%D7%94%D7%9E%D7%95%D7%A6%D7%A8%20Opus,https://madperfume.co.il/?app=product.show.175,https://www.mad-parfumeur.com/respondio-catalog/og/he/p-175-opus.jpg?v=20260731-4,https://madperfume.co.il/upload/01-2026/product/697951e45df2c.png
he,Purple Night,Purple Night,לבית ומשרד,45,https://www.mad-parfumeur.com/respondio-catalog/wa/he/p-176-purple-night.html?v=20260731-4,https://www.mad-parfumeur.com/respondio-catalog/media/he/p-176-purple-night.jpg?v=20260731-4,"Purple Night
קוד: Purple Night
מחיר: 45 ILS
חזרה לשיחה: https://wa.me/972524033442?text=%D7%A9%D7%9C%D7%95%D7%9D%2C%20%D7%90%D7%A0%D7%99%20%D7%A8%D7%95%D7%A6%D7%94%20%D7%9C%D7%94%D7%96%D7%9E%D7%99%D7%9F%20%D7%90%D7%AA%20%D7%94%D7%9E%D7%95%D7%A6%D7%A8%20Purple%20Night",https://wa.me/972524033442?text=%D7%A9%D7%9C%D7%95%D7%9D%2C%20%D7%90%D7%A0%D7%99%20%D7%A8%D7%95%D7%A6%D7%94%20%D7%9C%D7%94%D7%96%D7%9E%D7%99%D7%9F%20%D7%90%D7%AA%20%D7%94%D7%9E%D7%95%D7%A6%D7%A8%20Purple%20Night,https://madperfume.co.il/?app=product.show.176,https://www.mad-parfumeur.com/respondio-catalog/og/he/p-176-purple-night.jpg?v=20260731-4,https://madperfume.co.il/upload/09-2023/product/mad-purple-night-120ml-ortam-kokusu-3f25-f.jpg
he,COOFFE,COOFFE,נירות,100,https://www.mad-parfumeur.com/respondio-catalog/wa/he/p-177-cooffe.html?v=20260731-4,https://www.mad-parfumeur.com/respondio-catalog/media/he/p-177-cooffe.jpg?v=20260731-4,"COOFFE
קוד: COOFFE
מחיר: 100 ILS
חזרה לשיחה: https://wa.me/972524033442?text=%D7%A9%D7%9C%D7%95%D7%9D%2C%20%D7%90%D7%A0%D7%99%20%D7%A8%D7%95%D7%A6%D7%94%20%D7%9C%D7%94%D7%96%D7%9E%D7%99%D7%9F%20%D7%90%D7%AA%20%D7%94%D7%9E%D7%95%D7%A6%D7%A8%20COOFFE",https://wa.me/972524033442?text=%D7%A9%D7%9C%D7%95%D7%9D%2C%20%D7%90%D7%A0%D7%99%20%D7%A8%D7%95%D7%A6%D7%94%20%D7%9C%D7%94%D7%96%D7%9E%D7%99%D7%9F%20%D7%90%D7%AA%20%D7%94%D7%9E%D7%95%D7%A6%D7%A8%20COOFFE,https://madperfume.co.il/?app=product.show.177,https://www.mad-parfumeur.com/respondio-catalog/og/he/p-177-cooffe.jpg?v=20260731-4,https://madperfume.co.il/upload/09-2023/product/mad-coffee-biscuit-200-gr-mum-b6d1-0.jpg
he,Forza,Alexandria II Xerjoff,בשמי נישה גברים,300,https://www.mad-parfumeur.com/respondio-catalog/wa/he/p-181-forza.html?v=20260731-4,https://www.mad-parfumeur.com/respondio-catalog/media/he/p-181-forza.jpg?v=20260731-4,"Alexandria II Xerjoff
קוד: Forza
מחיר: 300 ILS
חזרה לשיחה: https://wa.me/972524033442?text=%D7%A9%D7%9C%D7%95%D7%9D%2C%20%D7%90%D7%A0%D7%99%20%D7%A8%D7%95%D7%A6%D7%94%20%D7%9C%D7%94%D7%96%D7%9E%D7%99%D7%9F%20%D7%90%D7%AA%20%D7%94%D7%9E%D7%95%D7%A6%D7%A8%20Forza",https://wa.me/972524033442?text=%D7%A9%D7%9C%D7%95%D7%9D%2C%20%D7%90%D7%A0%D7%99%20%D7%A8%D7%95%D7%A6%D7%94%20%D7%9C%D7%94%D7%96%D7%9E%D7%99%D7%9F%20%D7%90%D7%AA%20%D7%94%D7%9E%D7%95%D7%A6%D7%A8%20Forza,https://madperfume.co.il/?app=product.show.181,https://www.mad-parfumeur.com/respondio-catalog/og/he/p-181-forza.jpg?v=20260731-4,https://madperfume.co.il/upload/03-2026/product/IMG_0288.jpeg
he,Inspiraiton,Spring Flower Creed,בשמי נישה נשים,300,https://www.mad-parfumeur.com/respondio-catalog/wa/he/p-184-inspiraiton.html?v=20260731-4,https://www.mad-parfumeur.com/respondio-catalog/media/he/p-184-inspiraiton.jpg?v=20260731-4,"Spring Flower Creed
קוד: Inspiraiton
מחיר: 300 ILS
חזרה לשיחה: https://wa.me/972524033442?text=%D7%A9%D7%9C%D7%95%D7%9D%2C%20%D7%90%D7%A0%D7%99%20%D7%A8%D7%95%D7%A6%D7%94%20%D7%9C%D7%94%D7%96%D7%9E%D7%99%D7%9F%20%D7%90%D7%AA%20%D7%94%D7%9E%D7%95%D7%A6%D7%A8%20Inspiraiton",https://wa.me/972524033442?text=%D7%A9%D7%9C%D7%95%D7%9D%2C%20%D7%90%D7%A0%D7%99%20%D7%A8%D7%95%D7%A6%D7%94%20%D7%9C%D7%94%D7%96%D7%9E%D7%99%D7%9F%20%D7%90%D7%AA%20%D7%94%D7%9E%D7%95%D7%A6%D7%A8%20Inspiraiton,https://madperfume.co.il/?app=product.show.184,https://www.mad-parfumeur.com/respondio-catalog/og/he/p-184-inspiraiton.jpg?v=20260731-4,https://madperfume.co.il/upload/01-2026/product/69795e17e95bb.png
he,Divine Desire,La Belle Le Parfum Jean Paul Gaultier,בשמי נישה נשים,300,https://www.mad-parfumeur.com/respondio-catalog/wa/he/p-185-divine-desire.html?v=20260731-4,https://www.mad-parfumeur.com/respondio-catalog/media/he/p-185-divine-desire.jpg?v=20260731-4,"La Belle Le Parfum Jean Paul Gaultier
קוד: Divine Desire
מחיר: 300 ILS
חזרה לשיחה: https://wa.me/972524033442?text=%D7%A9%D7%9C%D7%95%D7%9D%2C%20%D7%90%D7%A0%D7%99%20%D7%A8%D7%95%D7%A6%D7%94%20%D7%9C%D7%94%D7%96%D7%9E%D7%99%D7%9F%20%D7%90%D7%AA%20%D7%94%D7%9E%D7%95%D7%A6%D7%A8%20Divine%20Desire",https://wa.me/972524033442?text=%D7%A9%D7%9C%D7%95%D7%9D%2C%20%D7%90%D7%A0%D7%99%20%D7%A8%D7%95%D7%A6%D7%94%20%D7%9C%D7%94%D7%96%D7%9E%D7%99%D7%9F%20%D7%90%D7%AA%20%D7%94%D7%9E%D7%95%D7%A6%D7%A8%20Divine%20Desire,https://madperfume.co.il/?app=product.show.185,https://www.mad-parfumeur.com/respondio-catalog/og/he/p-185-divine-desire.jpg?v=20260731-4,https://madperfume.co.il/upload/01-2026/product/69795eee62ce6.png
he,Inviting,Supreme Bouquet Yves Saint Laurent,בשמי נישה נשים,300,https://www.mad-parfumeur.com/respondio-catalog/wa/he/p-186-inviting.html?v=20260731-4,https://www.mad-parfumeur.com/respondio-catalog/media/he/p-186-inviting.jpg?v=20260731-4,"Supreme Bouquet Yves Saint Laurent
קוד: Inviting
מחיר: 300 ILS
חזרה לשיחה: https://wa.me/972524033442?text=%D7%A9%D7%9C%D7%95%D7%9D%2C%20%D7%90%D7%A0%D7%99%20%D7%A8%D7%95%D7%A6%D7%94%20%D7%9C%D7%94%D7%96%D7%9E%D7%99%D7%9F%20%D7%90%D7%AA%20%D7%94%D7%9E%D7%95%D7%A6%D7%A8%20Inviting",https://wa.me/972524033442?text=%D7%A9%D7%9C%D7%95%D7%9D%2C%20%D7%90%D7%A0%D7%99%20%D7%A8%D7%95%D7%A6%D7%94%20%D7%9C%D7%94%D7%96%D7%9E%D7%99%D7%9F%20%D7%90%D7%AA%20%D7%94%D7%9E%D7%95%D7%A6%D7%A8%20Inviting,https://madperfume.co.il/?app=product.show.186,https://www.mad-parfumeur.com/respondio-catalog/og/he/p-186-inviting.jpg?v=20260731-4,https://madperfume.co.il/upload/01-2026/product/697960e00507d.png
he,Madam Amour,Tyl Assoluto Tiziana Terenzi,בשמי נישה נשים,250,https://www.mad-parfumeur.com/respondio-catalog/wa/he/p-187-madam-amour.html?v=20260731-4,https://www.mad-parfumeur.com/respondio-catalog/media/he/p-187-madam-amour.jpg?v=20260731-4,"Tyl Assoluto Tiziana Terenzi
קוד: Madam Amour
מחיר: 250 ILS
חזרה לשיחה: https://wa.me/972524033442?text=%D7%A9%D7%9C%D7%95%D7%9D%2C%20%D7%90%D7%A0%D7%99%20%D7%A8%D7%95%D7%A6%D7%94%20%D7%9C%D7%94%D7%96%D7%9E%D7%99%D7%9F%20%D7%90%D7%AA%20%D7%94%D7%9E%D7%95%D7%A6%D7%A8%20Madam%20Amour",https://wa.me/972524033442?text=%D7%A9%D7%9C%D7%95%D7%9D%2C%20%D7%90%D7%A0%D7%99%20%D7%A8%D7%95%D7%A6%D7%94%20%D7%9C%D7%94%D7%96%D7%9E%D7%99%D7%9F%20%D7%90%D7%AA%20%D7%94%D7%9E%D7%95%D7%A6%D7%A8%20Madam%20Amour,https://madperfume.co.il/?app=product.show.187,https://www.mad-parfumeur.com/respondio-catalog/og/he/p-187-madam-amour.jpg?v=20260731-4,https://madperfume.co.il/upload/01-2026/product/697a2fdc93bc3.png
he,Prevail,Marfa Memo Paris,בשמי נישה נשים,250,https://www.mad-parfumeur.com/respondio-catalog/wa/he/p-188-prevail.html?v=20260731-4,https://www.mad-parfumeur.com/respondio-catalog/media/he/p-188-prevail.jpg?v=20260731-4,"Marfa Memo Paris
קוד: Prevail
מחיר: 250 ILS
חזרה לשיחה: https://wa.me/972524033442?text=%D7%A9%D7%9C%D7%95%D7%9D%2C%20%D7%90%D7%A0%D7%99%20%D7%A8%D7%95%D7%A6%D7%94%20%D7%9C%D7%94%D7%96%D7%9E%D7%99%D7%9F%20%D7%90%D7%AA%20%D7%94%D7%9E%D7%95%D7%A6%D7%A8%20Prevail",https://wa.me/972524033442?text=%D7%A9%D7%9C%D7%95%D7%9D%2C%20%D7%90%D7%A0%D7%99%20%D7%A8%D7%95%D7%A6%D7%94%20%D7%9C%D7%94%D7%96%D7%9E%D7%99%D7%9F%20%D7%90%D7%AA%20%D7%94%D7%9E%D7%95%D7%A6%D7%A8%20Prevail,https://madperfume.co.il/?app=product.show.188,https://www.mad-parfumeur.com/respondio-catalog/og/he/p-188-prevail.jpg?v=20260731-4,https://madperfume.co.il/upload/01-2026/product/697a30d0bc870.png
he,Madam,Modern Muse Estée Lauder,בשמי נישה נשים,250,https://www.mad-parfumeur.com/respondio-catalog/wa/he/p-189-madam.html?v=20260731-4,https://www.mad-parfumeur.com/respondio-catalog/media/he/p-189-madam.jpg?v=20260731-4,"Modern Muse Estée Lauder
קוד: Madam
מחיר: 250 ILS
חזרה לשיחה: https://wa.me/972524033442?text=%D7%A9%D7%9C%D7%95%D7%9D%2C%20%D7%90%D7%A0%D7%99%20%D7%A8%D7%95%D7%A6%D7%94%20%D7%9C%D7%94%D7%96%D7%9E%D7%99%D7%9F%20%D7%90%D7%AA%20%D7%94%D7%9E%D7%95%D7%A6%D7%A8%20Madam",https://wa.me/972524033442?text=%D7%A9%D7%9C%D7%95%D7%9D%2C%20%D7%90%D7%A0%D7%99%20%D7%A8%D7%95%D7%A6%D7%94%20%D7%9C%D7%94%D7%96%D7%9E%D7%99%D7%9F%20%D7%90%D7%AA%20%D7%94%D7%9E%D7%95%D7%A6%D7%A8%20Madam,https://madperfume.co.il/?app=product.show.189,https://www.mad-parfumeur.com/respondio-catalog/og/he/p-189-madam.jpg?v=20260731-4,https://madperfume.co.il/upload/01-2026/product/697a3ce8b43f7.png
he,Monalisa,Black Opium Nuit Blanche Yves Saint Laurent,בשמי נישה נשים,250,https://www.mad-parfumeur.com/respondio-catalog/wa/he/p-190-monalisa.html?v=20260731-4,https://www.mad-parfumeur.com/respondio-catalog/media/he/p-190-monalisa.jpg?v=20260731-4,"Black Opium Nuit Blanche Yves Saint Laurent
קוד: Monalisa
מחיר: 250 ILS
חזרה לשיחה: https://wa.me/972524033442?text=%D7%A9%D7%9C%D7%95%D7%9D%2C%20%D7%90%D7%A0%D7%99%20%D7%A8%D7%95%D7%A6%D7%94%20%D7%9C%D7%94%D7%96%D7%9E%D7%99%D7%9F%20%D7%90%D7%AA%20%D7%94%D7%9E%D7%95%D7%A6%D7%A8%20Monalisa",https://wa.me/972524033442?text=%D7%A9%D7%9C%D7%95%D7%9D%2C%20%D7%90%D7%A0%D7%99%20%D7%A8%D7%95%D7%A6%D7%94%20%D7%9C%D7%94%D7%96%D7%9E%D7%99%D7%9F%20%D7%90%D7%AA%20%D7%94%D7%9E%D7%95%D7%A6%D7%A8%20Monalisa,https://madperfume.co.il/?app=product.show.190,https://www.mad-parfumeur.com/respondio-catalog/og/he/p-190-monalisa.jpg?v=20260731-4,https://madperfume.co.il/upload/01-2026/product/697a39ed6a843.png
he,Golden Feel,Oud Bouquet Lancôme,בשמי נישה נשים,180,https://www.mad-parfumeur.com/respondio-catalog/wa/he/p-191-golden-feel.html?v=20260731-4,https://www.mad-parfumeur.com/respondio-catalog/media/he/p-191-golden-feel.jpg?v=20260731-4,"Oud Bouquet Lancôme
קוד: Golden Feel
מחיר: 180 ILS
חזרה לשיחה: https://wa.me/972524033442?text=%D7%A9%D7%9C%D7%95%D7%9D%2C%20%D7%90%D7%A0%D7%99%20%D7%A8%D7%95%D7%A6%D7%94%20%D7%9C%D7%94%D7%96%D7%9E%D7%99%D7%9F%20%D7%90%D7%AA%20%D7%94%D7%9E%D7%95%D7%A6%D7%A8%20Golden%20Feel",https://wa.me/972524033442?text=%D7%A9%D7%9C%D7%95%D7%9D%2C%20%D7%90%D7%A0%D7%99%20%D7%A8%D7%95%D7%A6%D7%94%20%D7%9C%D7%94%D7%96%D7%9E%D7%99%D7%9F%20%D7%90%D7%AA%20%D7%94%D7%9E%D7%95%D7%A6%D7%A8%20Golden%20Feel,https://madperfume.co.il/?app=product.show.191,https://www.mad-parfumeur.com/respondio-catalog/og/he/p-191-golden-feel.jpg?v=20260731-4,https://madperfume.co.il/upload/03-2026/product/IMG_0315.jpeg
he,Golden Soul,Armani Prive Rouge Malachite Giorgio Armani,בשמי נישה נשים,180,https://www.mad-parfumeur.com/respondio-catalog/wa/he/p-192-golden-soul.html?v=20260731-4,https://www.mad-parfumeur.com/respondio-catalog/media/he/p-192-golden-soul.jpg?v=20260731-4,"Armani Prive Rouge Malachite Giorgio Armani
קוד: Golden Soul
מחיר: 180 ILS
חזרה לשיחה: https://wa.me/972524033442?text=%D7%A9%D7%9C%D7%95%D7%9D%2C%20%D7%90%D7%A0%D7%99%20%D7%A8%D7%95%D7%A6%D7%94%20%D7%9C%D7%94%D7%96%D7%9E%D7%99%D7%9F%20%D7%90%D7%AA%20%D7%94%D7%9E%D7%95%D7%A6%D7%A8%20Golden%20Soul",https://wa.me/972524033442?text=%D7%A9%D7%9C%D7%95%D7%9D%2C%20%D7%90%D7%A0%D7%99%20%D7%A8%D7%95%D7%A6%D7%94%20%D7%9C%D7%94%D7%96%D7%9E%D7%99%D7%9F%20%D7%90%D7%AA%20%D7%94%D7%9E%D7%95%D7%A6%D7%A8%20Golden%20Soul,https://madperfume.co.il/?app=product.show.192,https://www.mad-parfumeur.com/respondio-catalog/og/he/p-192-golden-soul.jpg?v=20260731-4,https://madperfume.co.il/upload/03-2026/product/IMG_0318.jpeg
he,Hot Passion,Aventus for Her Creed,בשמי נישה נשים,280,https://www.mad-parfumeur.com/respondio-catalog/wa/he/p-193-hot-passion.html?v=20260731-4,https://www.mad-parfumeur.com/respondio-catalog/media/he/p-193-hot-passion.jpg?v=20260731-4,"Aventus for Her Creed
קוד: Hot Passion
מחיר: 280 ILS
חזרה לשיחה: https://wa.me/972524033442?text=%D7%A9%D7%9C%D7%95%D7%9D%2C%20%D7%90%D7%A0%D7%99%20%D7%A8%D7%95%D7%A6%D7%94%20%D7%9C%D7%94%D7%96%D7%9E%D7%99%D7%9F%20%D7%90%D7%AA%20%D7%94%D7%9E%D7%95%D7%A6%D7%A8%20Hot%20Passion",https://wa.me/972524033442?text=%D7%A9%D7%9C%D7%95%D7%9D%2C%20%D7%90%D7%A0%D7%99%20%D7%A8%D7%95%D7%A6%D7%94%20%D7%9C%D7%94%D7%96%D7%9E%D7%99%D7%9F%20%D7%90%D7%AA%20%D7%94%D7%9E%D7%95%D7%A6%D7%A8%20Hot%20Passion,https://madperfume.co.il/?app=product.show.193,https://www.mad-parfumeur.com/respondio-catalog/og/he/p-193-hot-passion.jpg?v=20260731-4,https://madperfume.co.il/upload/03-2026/product/IMG_7838.jpeg
he,PERA,לא מתאמץ להרשים,בשמי נישה גברים,300,https://www.mad-parfumeur.com/respondio-catalog/wa/he/p-194-pera.html?v=20260731-4,https://www.mad-parfumeur.com/respondio-catalog/media/he/p-194-pera.jpg?v=20260731-4,"לא מתאמץ להרשים
קוד: PERA
מחיר: 300 ILS
חזרה לשיחה: https://wa.me/972524033442?text=%D7%A9%D7%9C%D7%95%D7%9D%2C%20%D7%90%D7%A0%D7%99%20%D7%A8%D7%95%D7%A6%D7%94%20%D7%9C%D7%94%D7%96%D7%9E%D7%99%D7%9F%20%D7%90%D7%AA%20%D7%94%D7%9E%D7%95%D7%A6%D7%A8%20PERA",https://wa.me/972524033442?text=%D7%A9%D7%9C%D7%95%D7%9D%2C%20%D7%90%D7%A0%D7%99%20%D7%A8%D7%95%D7%A6%D7%94%20%D7%9C%D7%94%D7%96%D7%9E%D7%99%D7%9F%20%D7%90%D7%AA%20%D7%94%D7%9E%D7%95%D7%A6%D7%A8%20PERA,https://madperfume.co.il/?app=product.show.194,https://www.mad-parfumeur.com/respondio-catalog/og/he/p-194-pera.jpg?v=20260731-4,https://madperfume.co.il/upload/01-2026/product/69795d1f247df.png
he,Divine Tough,Le Beau Le Parfum Jean Paul Gaultier,בשמי נישה גברים,300,https://www.mad-parfumeur.com/respondio-catalog/wa/he/p-196-divine-tough.html?v=20260731-4,https://www.mad-parfumeur.com/respondio-catalog/media/he/p-196-divine-tough.jpg?v=20260731-4,"Le Beau Le Parfum Jean Paul Gaultier
קוד: Divine Tough
מחיר: 300 ILS
חזרה לשיחה: https://wa.me/972524033442?text=%D7%A9%D7%9C%D7%95%D7%9D%2C%20%D7%90%D7%A0%D7%99%20%D7%A8%D7%95%D7%A6%D7%94%20%D7%9C%D7%94%D7%96%D7%9E%D7%99%D7%9F%20%D7%90%D7%AA%20%D7%94%D7%9E%D7%95%D7%A6%D7%A8%20Divine%20Tough",https://wa.me/972524033442?text=%D7%A9%D7%9C%D7%95%D7%9D%2C%20%D7%90%D7%A0%D7%99%20%D7%A8%D7%95%D7%A6%D7%94%20%D7%9C%D7%94%D7%96%D7%9E%D7%99%D7%9F%20%D7%90%D7%AA%20%D7%94%D7%9E%D7%95%D7%A6%D7%A8%20Divine%20Tough,https://madperfume.co.il/?app=product.show.196,https://www.mad-parfumeur.com/respondio-catalog/og/he/p-196-divine-tough.jpg?v=20260731-4,https://madperfume.co.il/upload/01-2026/product/69795af23cf58.png
he,Deserto,Kalemat Arabian Oud,בשמי נישה גברים,300,https://www.mad-parfumeur.com/respondio-catalog/wa/he/p-197-deserto.html?v=20260731-4,https://www.mad-parfumeur.com/respondio-catalog/media/he/p-197-deserto.jpg?v=20260731-4,"Kalemat Arabian Oud
קוד: Deserto
מחיר: 300 ILS
חזרה לשיחה: https://wa.me/972524033442?text=%D7%A9%D7%9C%D7%95%D7%9D%2C%20%D7%90%D7%A0%D7%99%20%D7%A8%D7%95%D7%A6%D7%94%20%D7%9C%D7%94%D7%96%D7%9E%D7%99%D7%9F%20%D7%90%D7%AA%20%D7%94%D7%9E%D7%95%D7%A6%D7%A8%20Deserto",https://wa.me/972524033442?text=%D7%A9%D7%9C%D7%95%D7%9D%2C%20%D7%90%D7%A0%D7%99%20%D7%A8%D7%95%D7%A6%D7%94%20%D7%9C%D7%94%D7%96%D7%9E%D7%99%D7%9F%20%D7%90%D7%AA%20%D7%94%D7%9E%D7%95%D7%A6%D7%A8%20Deserto,https://madperfume.co.il/?app=product.show.197,https://www.mad-parfumeur.com/respondio-catalog/og/he/p-197-deserto.jpg?v=20260731-4,https://madperfume.co.il/upload/03-2026/product/IMG_0306.jpeg
he,Grande Notte,Grand Soir Maison Francis Kurkdjian,בשמי נישה גברים,300,https://www.mad-parfumeur.com/respondio-catalog/wa/he/p-198-grande-notte.html?v=20260731-4,https://www.mad-parfumeur.com/respondio-catalog/media/he/p-198-grande-notte.jpg?v=20260731-4,"Grand Soir Maison Francis Kurkdjian
קוד: Grande Notte
מחיר: 300 ILS
חזרה לשיחה: https://wa.me/972524033442?text=%D7%A9%D7%9C%D7%95%D7%9D%2C%20%D7%90%D7%A0%D7%99%20%D7%A8%D7%95%D7%A6%D7%94%20%D7%9C%D7%94%D7%96%D7%9E%D7%99%D7%9F%20%D7%90%D7%AA%20%D7%94%D7%9E%D7%95%D7%A6%D7%A8%20Grande%20Notte",https://wa.me/972524033442?text=%D7%A9%D7%9C%D7%95%D7%9D%2C%20%D7%90%D7%A0%D7%99%20%D7%A8%D7%95%D7%A6%D7%94%20%D7%9C%D7%94%D7%96%D7%9E%D7%99%D7%9F%20%D7%90%D7%AA%20%D7%94%D7%9E%D7%95%D7%A6%D7%A8%20Grande%20Notte,https://madperfume.co.il/?app=product.show.198,https://www.mad-parfumeur.com/respondio-catalog/og/he/p-198-grande-notte.jpg?v=20260731-4,https://madperfume.co.il/upload/01-2026/product/6979539968b5d.png
he,Bruno Gold,Kirke Tiziana Terenzi,בשמי נישה גברים,300,https://www.mad-parfumeur.com/respondio-catalog/wa/he/p-199-bruno-gold.html?v=20260731-4,https://www.mad-parfumeur.com/respondio-catalog/media/he/p-199-bruno-gold.jpg?v=20260731-4,"Kirke Tiziana Terenzi
קוד: Bruno Gold
מחיר: 300 ILS
חזרה לשיחה: https://wa.me/972524033442?text=%D7%A9%D7%9C%D7%95%D7%9D%2C%20%D7%90%D7%A0%D7%99%20%D7%A8%D7%95%D7%A6%D7%94%20%D7%9C%D7%94%D7%96%D7%9E%D7%99%D7%9F%20%D7%90%D7%AA%20%D7%94%D7%9E%D7%95%D7%A6%D7%A8%20Bruno%20Gold",https://wa.me/972524033442?text=%D7%A9%D7%9C%D7%95%D7%9D%2C%20%D7%90%D7%A0%D7%99%20%D7%A8%D7%95%D7%A6%D7%94%20%D7%9C%D7%94%D7%96%D7%9E%D7%99%D7%9F%20%D7%90%D7%AA%20%D7%94%D7%9E%D7%95%D7%A6%D7%A8%20Bruno%20Gold,https://madperfume.co.il/?app=product.show.199,https://www.mad-parfumeur.com/respondio-catalog/og/he/p-199-bruno-gold.jpg?v=20260731-4,https://madperfume.co.il/upload/01-2026/product/69795108ea878.png
he,Oud Malaki,Oud Malaki Chopard,בשמי נישה גברים,300,https://www.mad-parfumeur.com/respondio-catalog/wa/he/p-200-oud-malaki.html?v=20260731-4,https://www.mad-parfumeur.com/respondio-catalog/media/he/p-200-oud-malaki.jpg?v=20260731-4,"Oud Malaki Chopard
קוד: Oud Malaki
מחיר: 300 ILS
חזרה לשיחה: https://wa.me/972524033442?text=%D7%A9%D7%9C%D7%95%D7%9D%2C%20%D7%90%D7%A0%D7%99%20%D7%A8%D7%95%D7%A6%D7%94%20%D7%9C%D7%94%D7%96%D7%9E%D7%99%D7%9F%20%D7%90%D7%AA%20%D7%94%D7%9E%D7%95%D7%A6%D7%A8%20Oud%20Malaki",https://wa.me/972524033442?text=%D7%A9%D7%9C%D7%95%D7%9D%2C%20%D7%90%D7%A0%D7%99%20%D7%A8%D7%95%D7%A6%D7%94%20%D7%9C%D7%94%D7%96%D7%9E%D7%99%D7%9F%20%D7%90%D7%AA%20%D7%94%D7%9E%D7%95%D7%A6%D7%A8%20Oud%20Malaki,https://madperfume.co.il/?app=product.show.200,https://www.mad-parfumeur.com/respondio-catalog/og/he/p-200-oud-malaki.jpg?v=20260731-4,https://madperfume.co.il/upload/01-2026/product/6979579ebde5d.png
he,Sateen Oud,Oud Satin Mood – Sateen Oud 100 ml Unisex,בשמי נישה גברים,300,https://www.mad-parfumeur.com/respondio-catalog/wa/he/p-201-sateen-oud.html?v=20260731-4,https://www.mad-parfumeur.com/respondio-catalog/media/he/p-201-sateen-oud.jpg?v=20260731-4,"Oud Satin Mood – Sateen Oud 100 ml Unisex
קוד: Sateen Oud
מחיר: 300 ILS
חזרה לשיחה: https://wa.me/972524033442?text=%D7%A9%D7%9C%D7%95%D7%9D%2C%20%D7%90%D7%A0%D7%99%20%D7%A8%D7%95%D7%A6%D7%94%20%D7%9C%D7%94%D7%96%D7%9E%D7%99%D7%9F%20%D7%90%D7%AA%20%D7%94%D7%9E%D7%95%D7%A6%D7%A8%20Sateen%20Oud",https://wa.me/972524033442?text=%D7%A9%D7%9C%D7%95%D7%9D%2C%20%D7%90%D7%A0%D7%99%20%D7%A8%D7%95%D7%A6%D7%94%20%D7%9C%D7%94%D7%96%D7%9E%D7%99%D7%9F%20%D7%90%D7%AA%20%D7%94%D7%9E%D7%95%D7%A6%D7%A8%20Sateen%20Oud,https://madperfume.co.il/?app=product.show.201,https://www.mad-parfumeur.com/respondio-catalog/og/he/p-201-sateen-oud.jpg?v=20260731-4,https://madperfume.co.il/upload/01-2026/product/69795891a1b12.png
he,Spice Oud,Spice Oud - Oud Wood Tom Ford,בשמי נישה גברים,300,https://www.mad-parfumeur.com/respondio-catalog/wa/he/p-202-spice-oud.html?v=20260731-4,https://www.mad-parfumeur.com/respondio-catalog/media/he/p-202-spice-oud.jpg?v=20260731-4,"Spice Oud - Oud Wood Tom Ford
קוד: Spice Oud
מחיר: 300 ILS
חזרה לשיחה: https://wa.me/972524033442?text=%D7%A9%D7%9C%D7%95%D7%9D%2C%20%D7%90%D7%A0%D7%99%20%D7%A8%D7%95%D7%A6%D7%94%20%D7%9C%D7%94%D7%96%D7%9E%D7%99%D7%9F%20%D7%90%D7%AA%20%D7%94%D7%9E%D7%95%D7%A6%D7%A8%20Spice%20Oud",https://wa.me/972524033442?text=%D7%A9%D7%9C%D7%95%D7%9D%2C%20%D7%90%D7%A0%D7%99%20%D7%A8%D7%95%D7%A6%D7%94%20%D7%9C%D7%94%D7%96%D7%9E%D7%99%D7%9F%20%D7%90%D7%AA%20%D7%94%D7%9E%D7%95%D7%A6%D7%A8%20Spice%20Oud,https://madperfume.co.il/?app=product.show.202,https://www.mad-parfumeur.com/respondio-catalog/og/he/p-202-spice-oud.jpg?v=20260731-4,https://madperfume.co.il/upload/03-2026/product/IMG_0337.jpeg
he,Effect,Side Effect Initio Parfums Prives,בשמי נישה גברים,300,https://www.mad-parfumeur.com/respondio-catalog/wa/he/p-203-effect.html?v=20260731-4,https://www.mad-parfumeur.com/respondio-catalog/media/he/p-203-effect.jpg?v=20260731-4,"Side Effect Initio Parfums Prives
קוד: Effect
מחיר: 300 ILS
חזרה לשיחה: https://wa.me/972524033442?text=%D7%A9%D7%9C%D7%95%D7%9D%2C%20%D7%90%D7%A0%D7%99%20%D7%A8%D7%95%D7%A6%D7%94%20%D7%9C%D7%94%D7%96%D7%9E%D7%99%D7%9F%20%D7%90%D7%AA%20%D7%94%D7%9E%D7%95%D7%A6%D7%A8%20Effect",https://wa.me/972524033442?text=%D7%A9%D7%9C%D7%95%D7%9D%2C%20%D7%90%D7%A0%D7%99%20%D7%A8%D7%95%D7%A6%D7%94%20%D7%9C%D7%94%D7%96%D7%9E%D7%99%D7%9F%20%D7%90%D7%AA%20%D7%94%D7%9E%D7%95%D7%A6%D7%A8%20Effect,https://madperfume.co.il/?app=product.show.203,https://www.mad-parfumeur.com/respondio-catalog/og/he/p-203-effect.jpg?v=20260731-4,https://madperfume.co.il/upload/03-2026/product/IMG_0309.jpeg
he,Trono,Layton Parfums de Marly,בשמי נישה גברים,300,https://www.mad-parfumeur.com/respondio-catalog/wa/he/p-206-trono.html?v=20260731-4,https://www.mad-parfumeur.com/respondio-catalog/media/he/p-206-trono.jpg?v=20260731-4,"Layton Parfums de Marly
קוד: Trono
מחיר: 300 ILS
חזרה לשיחה: https://wa.me/972524033442?text=%D7%A9%D7%9C%D7%95%D7%9D%2C%20%D7%90%D7%A0%D7%99%20%D7%A8%D7%95%D7%A6%D7%94%20%D7%9C%D7%94%D7%96%D7%9E%D7%99%D7%9F%20%D7%90%D7%AA%20%D7%94%D7%9E%D7%95%D7%A6%D7%A8%20Trono",https://wa.me/972524033442?text=%D7%A9%D7%9C%D7%95%D7%9D%2C%20%D7%90%D7%A0%D7%99%20%D7%A8%D7%95%D7%A6%D7%94%20%D7%9C%D7%94%D7%96%D7%9E%D7%99%D7%9F%20%D7%90%D7%AA%20%D7%94%D7%9E%D7%95%D7%A6%D7%A8%20Trono,https://madperfume.co.il/?app=product.show.206,https://www.mad-parfumeur.com/respondio-catalog/og/he/p-206-trono.jpg?v=20260731-4,https://madperfume.co.il/upload/03-2026/product/IMG_0184.jpeg
he,Devil’s Trick,Devil's Intrigue Haute Fragrance Company HFC,בשמי נישה נשים,250,https://www.mad-parfumeur.com/respondio-catalog/wa/he/p-207-devil-s-trick.html?v=20260731-4,https://www.mad-parfumeur.com/respondio-catalog/media/he/p-207-devil-s-trick.jpg?v=20260731-4,"Devil's Intrigue Haute Fragrance Company HFC
קוד: Devil’s Trick
מחיר: 250 ILS
חזרה לשיחה: https://wa.me/972524033442?text=%D7%A9%D7%9C%D7%95%D7%9D%2C%20%D7%90%D7%A0%D7%99%20%D7%A8%D7%95%D7%A6%D7%94%20%D7%9C%D7%94%D7%96%D7%9E%D7%99%D7%9F%20%D7%90%D7%AA%20%D7%94%D7%9E%D7%95%D7%A6%D7%A8%20Devil%E2%80%99s%20Trick",https://wa.me/972524033442?text=%D7%A9%D7%9C%D7%95%D7%9D%2C%20%D7%90%D7%A0%D7%99%20%D7%A8%D7%95%D7%A6%D7%94%20%D7%9C%D7%94%D7%96%D7%9E%D7%99%D7%9F%20%D7%90%D7%AA%20%D7%94%D7%9E%D7%95%D7%A6%D7%A8%20Devil%E2%80%99s%20Trick,https://madperfume.co.il/?app=product.show.207,https://www.mad-parfumeur.com/respondio-catalog/og/he/p-207-devil-s-trick.jpg?v=20260731-4,https://madperfume.co.il/upload/01-2026/product/697a2772a0cd9.png
he,Madam The Roman Night,Goldea The Roman Night Absolute Bvlgari,בשמי נישה נשים,250,https://www.mad-parfumeur.com/respondio-catalog/wa/he/p-208-madam-the-roman-night.html?v=20260731-4,https://www.mad-parfumeur.com/respondio-catalog/media/he/p-208-madam-the-roman-night.jpg?v=20260731-4,"Goldea The Roman Night Absolute Bvlgari
קוד: Madam The Roman Night
מחיר: 250 ILS
חזרה לשיחה: https://wa.me/972524033442?text=%D7%A9%D7%9C%D7%95%D7%9D%2C%20%D7%90%D7%A0%D7%99%20%D7%A8%D7%95%D7%A6%D7%94%20%D7%9C%D7%94%D7%96%D7%9E%D7%99%D7%9F%20%D7%90%D7%AA%20%D7%94%D7%9E%D7%95%D7%A6%D7%A8%20Madam%20The%20Roman%20Night",https://wa.me/972524033442?text=%D7%A9%D7%9C%D7%95%D7%9D%2C%20%D7%90%D7%A0%D7%99%20%D7%A8%D7%95%D7%A6%D7%94%20%D7%9C%D7%94%D7%96%D7%9E%D7%99%D7%9F%20%D7%90%D7%AA%20%D7%94%D7%9E%D7%95%D7%A6%D7%A8%20Madam%20The%20Roman%20Night,https://madperfume.co.il/?app=product.show.208,https://www.mad-parfumeur.com/respondio-catalog/og/he/p-208-madam-the-roman-night.jpg?v=20260731-4,https://madperfume.co.il/upload/01-2026/product/697a287627509.png
he,Secret Night,ניחוח של רוך ומסתורין,בשמי נישה נשים,300,https://www.mad-parfumeur.com/respondio-catalog/wa/he/p-209-secret-night.html?v=20260731-4,https://www.mad-parfumeur.com/respondio-catalog/media/he/p-209-secret-night.jpg?v=20260731-4,"ניחוח של רוך ומסתורין
קוד: Secret Night
מחיר: 300 ILS
חזרה לשיחה: https://wa.me/972524033442?text=%D7%A9%D7%9C%D7%95%D7%9D%2C%20%D7%90%D7%A0%D7%99%20%D7%A8%D7%95%D7%A6%D7%94%20%D7%9C%D7%94%D7%96%D7%9E%D7%99%D7%9F%20%D7%90%D7%AA%20%D7%94%D7%9E%D7%95%D7%A6%D7%A8%20Secret%20Night",https://wa.me/972524033442?text=%D7%A9%D7%9C%D7%95%D7%9D%2C%20%D7%90%D7%A0%D7%99%20%D7%A8%D7%95%D7%A6%D7%94%20%D7%9C%D7%94%D7%96%D7%9E%D7%99%D7%9F%20%D7%90%D7%AA%20%D7%94%D7%9E%D7%95%D7%A6%D7%A8%20Secret%20Night,https://madperfume.co.il/?app=product.show.209,https://www.mad-parfumeur.com/respondio-catalog/og/he/p-209-secret-night.jpg?v=20260731-4,https://madperfume.co.il/upload/03-2026/product/IMG_0278.jpeg
he,Sense,Apollonia Xerjoff,בשמי נישה נשים,250,https://www.mad-parfumeur.com/respondio-catalog/wa/he/p-210-sense.html?v=20260731-4,https://www.mad-parfumeur.com/respondio-catalog/media/he/p-210-sense.jpg?v=20260731-4,"Apollonia Xerjoff
קוד: Sense
מחיר: 250 ILS
חזרה לשיחה: https://wa.me/972524033442?text=%D7%A9%D7%9C%D7%95%D7%9D%2C%20%D7%90%D7%A0%D7%99%20%D7%A8%D7%95%D7%A6%D7%94%20%D7%9C%D7%94%D7%96%D7%9E%D7%99%D7%9F%20%D7%90%D7%AA%20%D7%94%D7%9E%D7%95%D7%A6%D7%A8%20Sense",https://wa.me/972524033442?text=%D7%A9%D7%9C%D7%95%D7%9D%2C%20%D7%90%D7%A0%D7%99%20%D7%A8%D7%95%D7%A6%D7%94%20%D7%9C%D7%94%D7%96%D7%9E%D7%99%D7%9F%20%D7%90%D7%AA%20%D7%94%D7%9E%D7%95%D7%A6%D7%A8%20Sense,https://madperfume.co.il/?app=product.show.210,https://www.mad-parfumeur.com/respondio-catalog/og/he/p-210-sense.jpg?v=20260731-4,https://madperfume.co.il/upload/03-2026/product/IMG_0291.jpeg
he,Golden Age,Accento Xerjoff,בשמי נישה נשים,180,https://www.mad-parfumeur.com/respondio-catalog/wa/he/p-211-golden-age.html?v=20260731-4,https://www.mad-parfumeur.com/respondio-catalog/media/he/p-211-golden-age.jpg?v=20260731-4,"Accento Xerjoff
קוד: Golden Age
מחיר: 180 ILS
חזרה לשיחה: https://wa.me/972524033442?text=%D7%A9%D7%9C%D7%95%D7%9D%2C%20%D7%90%D7%A0%D7%99%20%D7%A8%D7%95%D7%A6%D7%94%20%D7%9C%D7%94%D7%96%D7%9E%D7%99%D7%9F%20%D7%90%D7%AA%20%D7%94%D7%9E%D7%95%D7%A6%D7%A8%20Golden%20Age",https://wa.me/972524033442?text=%D7%A9%D7%9C%D7%95%D7%9D%2C%20%D7%90%D7%A0%D7%99%20%D7%A8%D7%95%D7%A6%D7%94%20%D7%9C%D7%94%D7%96%D7%9E%D7%99%D7%9F%20%D7%90%D7%AA%20%D7%94%D7%9E%D7%95%D7%A6%D7%A8%20Golden%20Age,https://madperfume.co.il/?app=product.show.211,https://www.mad-parfumeur.com/respondio-catalog/og/he/p-211-golden-age.jpg?v=20260731-4,https://madperfume.co.il/upload/03-2026/product/IMG_0313.jpeg
he,Golden Glory,Idylle Eau Sublime Guerlain,בשמי נישה נשים,180,https://www.mad-parfumeur.com/respondio-catalog/wa/he/p-212-golden-glory.html?v=20260731-4,https://www.mad-parfumeur.com/respondio-catalog/media/he/p-212-golden-glory.jpg?v=20260731-4,"Idylle Eau Sublime Guerlain
קוד: Golden Glory
מחיר: 180 ILS
חזרה לשיחה: https://wa.me/972524033442?text=%D7%A9%D7%9C%D7%95%D7%9D%2C%20%D7%90%D7%A0%D7%99%20%D7%A8%D7%95%D7%A6%D7%94%20%D7%9C%D7%94%D7%96%D7%9E%D7%99%D7%9F%20%D7%90%D7%AA%20%D7%94%D7%9E%D7%95%D7%A6%D7%A8%20Golden%20Glory",https://wa.me/972524033442?text=%D7%A9%D7%9C%D7%95%D7%9D%2C%20%D7%90%D7%A0%D7%99%20%D7%A8%D7%95%D7%A6%D7%94%20%D7%9C%D7%94%D7%96%D7%9E%D7%99%D7%9F%20%D7%90%D7%AA%20%D7%94%D7%9E%D7%95%D7%A6%D7%A8%20Golden%20Glory,https://madperfume.co.il/?app=product.show.212,https://www.mad-parfumeur.com/respondio-catalog/og/he/p-212-golden-glory.jpg?v=20260731-4,https://madperfume.co.il/upload/03-2026/product/IMG_0320.jpeg
he,Sapphire,ניחוח של תעוזה ותחכום – כמו אבן יקרה שמספרת סיפור,בשמי נישה גברים,350,https://www.mad-parfumeur.com/respondio-catalog/wa/he/p-213-sapphire.html?v=20260731-4,https://www.mad-parfumeur.com/respondio-catalog/media/he/p-213-sapphire.jpg?v=20260731-4,"ניחוח של תעוזה ותחכום – כמו אבן יקרה שמספרת סיפור
קוד: Sapphire
מחיר: 350 ILS
חזרה לשיחה: https://wa.me/972524033442?text=%D7%A9%D7%9C%D7%95%D7%9D%2C%20%D7%90%D7%A0%D7%99%20%D7%A8%D7%95%D7%A6%D7%94%20%D7%9C%D7%94%D7%96%D7%9E%D7%99%D7%9F%20%D7%90%D7%AA%20%D7%94%D7%9E%D7%95%D7%A6%D7%A8%20Sapphire",https://wa.me/972524033442?text=%D7%A9%D7%9C%D7%95%D7%9D%2C%20%D7%90%D7%A0%D7%99%20%D7%A8%D7%95%D7%A6%D7%94%20%D7%9C%D7%94%D7%96%D7%9E%D7%99%D7%9F%20%D7%90%D7%AA%20%D7%94%D7%9E%D7%95%D7%A6%D7%A8%20Sapphire,https://madperfume.co.il/?app=product.show.213,https://www.mad-parfumeur.com/respondio-catalog/og/he/p-213-sapphire.jpg?v=20260731-4,https://madperfume.co.il/upload/01-2026/product/b43cfddd-4e47-4dab-939a-e76f31e8ee80_size640_cropCenter.jpg
he,Mare,Mare,בשמי נישה גברים,500,https://www.mad-parfumeur.com/respondio-catalog/wa/he/p-214-mare.html?v=20260731-4,https://www.mad-parfumeur.com/respondio-catalog/media/he/p-214-mare.jpg?v=20260731-4,"Mare
קוד: Mare
מחיר: 500 ILS
חזרה לשיחה: https://wa.me/972524033442?text=%D7%A9%D7%9C%D7%95%D7%9D%2C%20%D7%90%D7%A0%D7%99%20%D7%A8%D7%95%D7%A6%D7%94%20%D7%9C%D7%94%D7%96%D7%9E%D7%99%D7%9F%20%D7%90%D7%AA%20%D7%94%D7%9E%D7%95%D7%A6%D7%A8%20Mare",https://wa.me/972524033442?text=%D7%A9%D7%9C%D7%95%D7%9D%2C%20%D7%90%D7%A0%D7%99%20%D7%A8%D7%95%D7%A6%D7%94%20%D7%9C%D7%94%D7%96%D7%9E%D7%99%D7%9F%20%D7%90%D7%AA%20%D7%94%D7%9E%D7%95%D7%A6%D7%A8%20Mare,https://madperfume.co.il/?app=product.show.214,https://www.mad-parfumeur.com/respondio-catalog/og/he/p-214-mare.jpg?v=20260731-4,https://madperfume.co.il/upload/01-2026/product/74e76c6f-95d1-454c-a178-939ca076f7e9_size640_cropCenter.jpg
he,Oud Supreme,שואב השראה מאוצרות הטבע הנדירים והמרשימים ביותר,בשמי נישה גברים,350,https://www.mad-parfumeur.com/respondio-catalog/wa/he/p-215-oud-supreme.html?v=20260731-4,https://www.mad-parfumeur.com/respondio-catalog/media/he/p-215-oud-supreme.jpg?v=20260731-4,"שואב השראה מאוצרות הטבע הנדירים והמרשימים ביותר
קוד: Oud Supreme
מחיר: 350 ILS
חזרה לשיחה: https://wa.me/972524033442?text=%D7%A9%D7%9C%D7%95%D7%9D%2C%20%D7%90%D7%A0%D7%99%20%D7%A8%D7%95%D7%A6%D7%94%20%D7%9C%D7%94%D7%96%D7%9E%D7%99%D7%9F%20%D7%90%D7%AA%20%D7%94%D7%9E%D7%95%D7%A6%D7%A8%20Oud%20Supreme",https://wa.me/972524033442?text=%D7%A9%D7%9C%D7%95%D7%9D%2C%20%D7%90%D7%A0%D7%99%20%D7%A8%D7%95%D7%A6%D7%94%20%D7%9C%D7%94%D7%96%D7%9E%D7%99%D7%9F%20%D7%90%D7%AA%20%D7%94%D7%9E%D7%95%D7%A6%D7%A8%20Oud%20Supreme,https://madperfume.co.il/?app=product.show.215,https://www.mad-parfumeur.com/respondio-catalog/og/he/p-215-oud-supreme.jpg?v=20260731-4,https://madperfume.co.il/upload/01-2026/product/WhatsApp Image 2026-01-28 at 00.14.09.jpeg
he,Lady,"המבצע רק באתר המחיר בסניפים 500ש""ח",בשמי נישה נשים,350,https://www.mad-parfumeur.com/respondio-catalog/wa/he/p-216-lady.html?v=20260731-4,https://www.mad-parfumeur.com/respondio-catalog/media/he/p-216-lady.jpg?v=20260731-4,"המבצע רק באתר המחיר בסניפים 500ש""ח
קוד: Lady
מחיר: 350 ILS
חזרה לשיחה: https://wa.me/972524033442?text=%D7%A9%D7%9C%D7%95%D7%9D%2C%20%D7%90%D7%A0%D7%99%20%D7%A8%D7%95%D7%A6%D7%94%20%D7%9C%D7%94%D7%96%D7%9E%D7%99%D7%9F%20%D7%90%D7%AA%20%D7%94%D7%9E%D7%95%D7%A6%D7%A8%20Lady",https://wa.me/972524033442?text=%D7%A9%D7%9C%D7%95%D7%9D%2C%20%D7%90%D7%A0%D7%99%20%D7%A8%D7%95%D7%A6%D7%94%20%D7%9C%D7%94%D7%96%D7%9E%D7%99%D7%9F%20%D7%90%D7%AA%20%D7%94%D7%9E%D7%95%D7%A6%D7%A8%20Lady,https://madperfume.co.il/?app=product.show.216,https://www.mad-parfumeur.com/respondio-catalog/og/he/p-216-lady.jpg?v=20260731-4,https://madperfume.co.il/upload/01-2026/product/c16a65f3-3456-4962-a293-86378d821655_size640_cropCenter.jpg
he,DIVERSE Exploration,Italian Leather Memo Paris,בשמי נישה גברים,300,https://www.mad-parfumeur.com/respondio-catalog/wa/he/p-217-diverse-exploration.html?v=20260731-4,https://www.mad-parfumeur.com/respondio-catalog/media/he/p-217-diverse-exploration.jpg?v=20260731-4,"Italian Leather Memo Paris
קוד: DIVERSE Exploration
מחיר: 300 ILS
חזרה לשיחה: https://wa.me/972524033442?text=%D7%A9%D7%9C%D7%95%D7%9D%2C%20%D7%90%D7%A0%D7%99%20%D7%A8%D7%95%D7%A6%D7%94%20%D7%9C%D7%94%D7%96%D7%9E%D7%99%D7%9F%20%D7%90%D7%AA%20%D7%94%D7%9E%D7%95%D7%A6%D7%A8%20DIVERSE%20Exploration",https://wa.me/972524033442?text=%D7%A9%D7%9C%D7%95%D7%9D%2C%20%D7%90%D7%A0%D7%99%20%D7%A8%D7%95%D7%A6%D7%94%20%D7%9C%D7%94%D7%96%D7%9E%D7%99%D7%9F%20%D7%90%D7%AA%20%D7%94%D7%9E%D7%95%D7%A6%D7%A8%20DIVERSE%20Exploration,https://madperfume.co.il/?app=product.show.217,https://www.mad-parfumeur.com/respondio-catalog/og/he/p-217-diverse-exploration.jpg?v=20260731-4,https://madperfume.co.il/upload/03-2026/product/IMG_0302.jpeg
he,Mad-Mona-Rosa-120-ML,Mad-Mona-Rosa-120-ML,לבית ומשרד,45,https://www.mad-parfumeur.com/respondio-catalog/wa/he/p-222-mad-mona-rosa-120-ml.html?v=20260731-4,https://www.mad-parfumeur.com/respondio-catalog/media/he/p-222-mad-mona-rosa-120-ml.jpg?v=20260731-4,"Mad-Mona-Rosa-120-ML
קוד: Mad-Mona-Rosa-120-ML
מחיר: 45 ILS
חזרה לשיחה: https://wa.me/972524033442?text=%D7%A9%D7%9C%D7%95%D7%9D%2C%20%D7%90%D7%A0%D7%99%20%D7%A8%D7%95%D7%A6%D7%94%20%D7%9C%D7%94%D7%96%D7%9E%D7%99%D7%9F%20%D7%90%D7%AA%20%D7%94%D7%9E%D7%95%D7%A6%D7%A8%20Mad-Mona-Rosa-120-ML",https://wa.me/972524033442?text=%D7%A9%D7%9C%D7%95%D7%9D%2C%20%D7%90%D7%A0%D7%99%20%D7%A8%D7%95%D7%A6%D7%94%20%D7%9C%D7%94%D7%96%D7%9E%D7%99%D7%9F%20%D7%90%D7%AA%20%D7%94%D7%9E%D7%95%D7%A6%D7%A8%20Mad-Mona-Rosa-120-ML,https://madperfume.co.il/?app=product.show.222,https://www.mad-parfumeur.com/respondio-catalog/og/he/p-222-mad-mona-rosa-120-ml.jpg?v=20260731-4,https://madperfume.co.il/upload/09-2023/product/mad-mona-rosa-120ml-ortam-kokusu-8b-475.jpg
he,-Mad-Dream-Buquet-120-ML,-Mad-Dream-Buquet-120-ML,לבית ומשרד,45,https://www.mad-parfumeur.com/respondio-catalog/wa/he/p-226-mad-dream-buquet-120-ml.html?v=20260731-4,https://www.mad-parfumeur.com/respondio-catalog/media/he/p-226-mad-dream-buquet-120-ml.jpg?v=20260731-4,"-Mad-Dream-Buquet-120-ML
קוד: -Mad-Dream-Buquet-120-ML
מחיר: 45 ILS
חזרה לשיחה: https://wa.me/972524033442?text=%D7%A9%D7%9C%D7%95%D7%9D%2C%20%D7%90%D7%A0%D7%99%20%D7%A8%D7%95%D7%A6%D7%94%20%D7%9C%D7%94%D7%96%D7%9E%D7%99%D7%9F%20%D7%90%D7%AA%20%D7%94%D7%9E%D7%95%D7%A6%D7%A8%20-Mad-Dream-Buquet-120-ML",https://wa.me/972524033442?text=%D7%A9%D7%9C%D7%95%D7%9D%2C%20%D7%90%D7%A0%D7%99%20%D7%A8%D7%95%D7%A6%D7%94%20%D7%9C%D7%94%D7%96%D7%9E%D7%99%D7%9F%20%D7%90%D7%AA%20%D7%94%D7%9E%D7%95%D7%A6%D7%A8%20-Mad-Dream-Buquet-120-ML,https://madperfume.co.il/?app=product.show.226,https://www.mad-parfumeur.com/respondio-catalog/og/he/p-226-mad-dream-buquet-120-ml.jpg?v=20260731-4,https://madperfume.co.il/upload/09-2023/product/mad-dream-bouquet-120ml-ortam-kokusu--96658.jpg
he,-Mad-Bosphorus-120-ML,-Mad-Bosphorus-120-ML,לבית ומשרד,45,https://www.mad-parfumeur.com/respondio-catalog/wa/he/p-233-mad-bosphorus-120-ml.html?v=20260731-4,https://www.mad-parfumeur.com/respondio-catalog/media/he/p-233-mad-bosphorus-120-ml.jpg?v=20260731-4,"-Mad-Bosphorus-120-ML
קוד: -Mad-Bosphorus-120-ML
מחיר: 45 ILS
חזרה לשיחה: https://wa.me/972524033442?text=%D7%A9%D7%9C%D7%95%D7%9D%2C%20%D7%90%D7%A0%D7%99%20%D7%A8%D7%95%D7%A6%D7%94%20%D7%9C%D7%94%D7%96%D7%9E%D7%99%D7%9F%20%D7%90%D7%AA%20%D7%94%D7%9E%D7%95%D7%A6%D7%A8%20-Mad-Bosphorus-120-ML",https://wa.me/972524033442?text=%D7%A9%D7%9C%D7%95%D7%9D%2C%20%D7%90%D7%A0%D7%99%20%D7%A8%D7%95%D7%A6%D7%94%20%D7%9C%D7%94%D7%96%D7%9E%D7%99%D7%9F%20%D7%90%D7%AA%20%D7%94%D7%9E%D7%95%D7%A6%D7%A8%20-Mad-Bosphorus-120-ML,https://madperfume.co.il/?app=product.show.233,https://www.mad-parfumeur.com/respondio-catalog/og/he/p-233-mad-bosphorus-120-ml.jpg?v=20260731-4,https://madperfume.co.il/upload/09-2023/product/mad-bosphorus-120-ml-ortam-kokusu120-m-433ad1.jpg
he,turkish bath,turkish bath,לבית ומשרד,45,https://www.mad-parfumeur.com/respondio-catalog/wa/he/p-234-turkish-bath.html?v=20260731-4,https://www.mad-parfumeur.com/respondio-catalog/media/he/p-234-turkish-bath.jpg?v=20260731-4,"turkish bath
קוד: turkish bath
מחיר: 45 ILS
חזרה לשיחה: https://wa.me/972524033442?text=%D7%A9%D7%9C%D7%95%D7%9D%2C%20%D7%90%D7%A0%D7%99%20%D7%A8%D7%95%D7%A6%D7%94%20%D7%9C%D7%94%D7%96%D7%9E%D7%99%D7%9F%20%D7%90%D7%AA%20%D7%94%D7%9E%D7%95%D7%A6%D7%A8%20turkish%20bath",https://wa.me/972524033442?text=%D7%A9%D7%9C%D7%95%D7%9D%2C%20%D7%90%D7%A0%D7%99%20%D7%A8%D7%95%D7%A6%D7%94%20%D7%9C%D7%94%D7%96%D7%9E%D7%99%D7%9F%20%D7%90%D7%AA%20%D7%94%D7%9E%D7%95%D7%A6%D7%A8%20turkish%20bath,https://madperfume.co.il/?app=product.show.234,https://www.mad-parfumeur.com/respondio-catalog/og/he/p-234-turkish-bath.jpg?v=20260731-4,https://madperfume.co.il/upload/09-2023/product/mad-turkish-bath-120-ml-ortam-kokusu12-2da8a8.jpg
he,Good-Night-Kiss-120-ML-,Good-Night-Kiss-120-ML-,לבית ומשרד,45,https://www.mad-parfumeur.com/respondio-catalog/wa/he/p-235-good-night-kiss-120-ml.html?v=20260731-4,https://www.mad-parfumeur.com/respondio-catalog/media/he/p-235-good-night-kiss-120-ml.jpg?v=20260731-4,"Good-Night-Kiss-120-ML-
קוד: Good-Night-Kiss-120-ML-
מחיר: 45 ILS
חזרה לשיחה: https://wa.me/972524033442?text=%D7%A9%D7%9C%D7%95%D7%9D%2C%20%D7%90%D7%A0%D7%99%20%D7%A8%D7%95%D7%A6%D7%94%20%D7%9C%D7%94%D7%96%D7%9E%D7%99%D7%9F%20%D7%90%D7%AA%20%D7%94%D7%9E%D7%95%D7%A6%D7%A8%20Good-Night-Kiss-120-ML-",https://wa.me/972524033442?text=%D7%A9%D7%9C%D7%95%D7%9D%2C%20%D7%90%D7%A0%D7%99%20%D7%A8%D7%95%D7%A6%D7%94%20%D7%9C%D7%94%D7%96%D7%9E%D7%99%D7%9F%20%D7%90%D7%AA%20%D7%94%D7%9E%D7%95%D7%A6%D7%A8%20Good-Night-Kiss-120-ML-,https://madperfume.co.il/?app=product.show.235,https://www.mad-parfumeur.com/respondio-catalog/og/he/p-235-good-night-kiss-120-ml.jpg?v=20260731-4,https://madperfume.co.il/upload/09-2023/product/mad-good-night-kiss-120-ml-ortam-kokus-0fe9c0.jpeg
he,halloween,halloween,נירות,100,https://www.mad-parfumeur.com/respondio-catalog/wa/he/p-236-halloween.html?v=20260731-4,https://www.mad-parfumeur.com/respondio-catalog/media/he/p-236-halloween.jpg?v=20260731-4,"halloween
קוד: halloween
מחיר: 100 ILS
חזרה לשיחה: https://wa.me/972524033442?text=%D7%A9%D7%9C%D7%95%D7%9D%2C%20%D7%90%D7%A0%D7%99%20%D7%A8%D7%95%D7%A6%D7%94%20%D7%9C%D7%94%D7%96%D7%9E%D7%99%D7%9F%20%D7%90%D7%AA%20%D7%94%D7%9E%D7%95%D7%A6%D7%A8%20halloween",https://wa.me/972524033442?text=%D7%A9%D7%9C%D7%95%D7%9D%2C%20%D7%90%D7%A0%D7%99%20%D7%A8%D7%95%D7%A6%D7%94%20%D7%9C%D7%94%D7%96%D7%9E%D7%99%D7%9F%20%D7%90%D7%AA%20%D7%94%D7%9E%D7%95%D7%A6%D7%A8%20halloween,https://madperfume.co.il/?app=product.show.236,https://www.mad-parfumeur.com/respondio-catalog/og/he/p-236-halloween.jpg?v=20260731-4,https://madperfume.co.il/upload/09-2023/product/mad-halloween-200-gr-mum--b7a-48.jpg
he,Wizard,Wizard,נירות,100,https://www.mad-parfumeur.com/respondio-catalog/wa/he/p-238-wizard.html?v=20260731-4,https://www.mad-parfumeur.com/respondio-catalog/media/he/p-238-wizard.jpg?v=20260731-4,"Wizard
קוד: Wizard
מחיר: 100 ILS
חזרה לשיחה: https://wa.me/972524033442?text=%D7%A9%D7%9C%D7%95%D7%9D%2C%20%D7%90%D7%A0%D7%99%20%D7%A8%D7%95%D7%A6%D7%94%20%D7%9C%D7%94%D7%96%D7%9E%D7%99%D7%9F%20%D7%90%D7%AA%20%D7%94%D7%9E%D7%95%D7%A6%D7%A8%20Wizard",https://wa.me/972524033442?text=%D7%A9%D7%9C%D7%95%D7%9D%2C%20%D7%90%D7%A0%D7%99%20%D7%A8%D7%95%D7%A6%D7%94%20%D7%9C%D7%94%D7%96%D7%9E%D7%99%D7%9F%20%D7%90%D7%AA%20%D7%94%D7%9E%D7%95%D7%A6%D7%A8%20Wizard,https://madperfume.co.il/?app=product.show.238,https://www.mad-parfumeur.com/respondio-catalog/og/he/p-238-wizard.jpg?v=20260731-4,https://madperfume.co.il/upload/09-2023/product/mad-wizard-200-gr-mum--332160.jpg
he,Prevail,Prevail,נירות,100,https://www.mad-parfumeur.com/respondio-catalog/wa/he/p-239-prevail.html?v=20260731-4,https://www.mad-parfumeur.com/respondio-catalog/media/he/p-239-prevail.jpg?v=20260731-4,"Prevail
קוד: Prevail
מחיר: 100 ILS
חזרה לשיחה: https://wa.me/972524033442?text=%D7%A9%D7%9C%D7%95%D7%9D%2C%20%D7%90%D7%A0%D7%99%20%D7%A8%D7%95%D7%A6%D7%94%20%D7%9C%D7%94%D7%96%D7%9E%D7%99%D7%9F%20%D7%90%D7%AA%20%D7%94%D7%9E%D7%95%D7%A6%D7%A8%20Prevail",https://wa.me/972524033442?text=%D7%A9%D7%9C%D7%95%D7%9D%2C%20%D7%90%D7%A0%D7%99%20%D7%A8%D7%95%D7%A6%D7%94%20%D7%9C%D7%94%D7%96%D7%9E%D7%99%D7%9F%20%D7%90%D7%AA%20%D7%94%D7%9E%D7%95%D7%A6%D7%A8%20Prevail,https://madperfume.co.il/?app=product.show.239,https://www.mad-parfumeur.com/respondio-catalog/og/he/p-239-prevail.jpg?v=20260731-4,https://madperfume.co.il/upload/09-2023/product/mad-prevail-200-gr-mum--6-b2f8.jpg
he,T109,Thomas 4,בשמי גברים,100,https://www.mad-parfumeur.com/respondio-catalog/wa/he/p-245-t109.html?v=20260731-4,https://www.mad-parfumeur.com/respondio-catalog/media/he/p-245-t109.jpg?v=20260731-4,"Thomas 4
קוד: T109
מחיר: 100 ILS
חזרה לשיחה: https://wa.me/972524033442?text=%D7%A9%D7%9C%D7%95%D7%9D%2C%20%D7%90%D7%A0%D7%99%20%D7%A8%D7%95%D7%A6%D7%94%20%D7%9C%D7%94%D7%96%D7%9E%D7%99%D7%9F%20%D7%90%D7%AA%20%D7%94%D7%9E%D7%95%D7%A6%D7%A8%20T109",https://wa.me/972524033442?text=%D7%A9%D7%9C%D7%95%D7%9D%2C%20%D7%90%D7%A0%D7%99%20%D7%A8%D7%95%D7%A6%D7%94%20%D7%9C%D7%94%D7%96%D7%9E%D7%99%D7%9F%20%D7%90%D7%AA%20%D7%94%D7%9E%D7%95%D7%A6%D7%A8%20T109,https://madperfume.co.il/?app=product.show.245,https://www.mad-parfumeur.com/respondio-catalog/og/he/p-245-t109.jpg?v=20260731-4,https://madperfume.co.il/upload/03-2026/product/BED161E6-88ED-4CA5-894D-760A1CBBD1B9.png
he,A104 women,Angel Mugler,בשמי נשים,100,https://www.mad-parfumeur.com/respondio-catalog/wa/he/p-249-a104-women.html?v=20260731-4,https://www.mad-parfumeur.com/respondio-catalog/media/he/p-249-a104-women.jpg?v=20260731-4,"Angel Mugler
קוד: A104 women
מחיר: 100 ILS
חזרה לשיחה: https://wa.me/972524033442?text=%D7%A9%D7%9C%D7%95%D7%9D%2C%20%D7%90%D7%A0%D7%99%20%D7%A8%D7%95%D7%A6%D7%94%20%D7%9C%D7%94%D7%96%D7%9E%D7%99%D7%9F%20%D7%90%D7%AA%20%D7%94%D7%9E%D7%95%D7%A6%D7%A8%20A104%20women",https://wa.me/972524033442?text=%D7%A9%D7%9C%D7%95%D7%9D%2C%20%D7%90%D7%A0%D7%99%20%D7%A8%D7%95%D7%A6%D7%94%20%D7%9C%D7%94%D7%96%D7%9E%D7%99%D7%9F%20%D7%90%D7%AA%20%D7%94%D7%9E%D7%95%D7%A6%D7%A8%20A104%20women,https://madperfume.co.il/?app=product.show.249,https://www.mad-parfumeur.com/respondio-catalog/og/he/p-249-a104-women.jpg?v=20260731-4,https://madperfume.co.il/upload/06-2025/product/6852ae61431b2.png
he,Rouge night,Erba Pura Xerjoff,בשמי נישה גברים,300,https://www.mad-parfumeur.com/respondio-catalog/wa/he/p-266-rouge-night.html?v=20260731-4,https://www.mad-parfumeur.com/respondio-catalog/media/he/p-266-rouge-night.jpg?v=20260731-4,"Erba Pura Xerjoff
קוד: Rouge night
מחיר: 300 ILS
חזרה לשיחה: https://wa.me/972524033442?text=%D7%A9%D7%9C%D7%95%D7%9D%2C%20%D7%90%D7%A0%D7%99%20%D7%A8%D7%95%D7%A6%D7%94%20%D7%9C%D7%94%D7%96%D7%9E%D7%99%D7%9F%20%D7%90%D7%AA%20%D7%94%D7%9E%D7%95%D7%A6%D7%A8%20Rouge%20night",https://wa.me/972524033442?text=%D7%A9%D7%9C%D7%95%D7%9D%2C%20%D7%90%D7%A0%D7%99%20%D7%A8%D7%95%D7%A6%D7%94%20%D7%9C%D7%94%D7%96%D7%9E%D7%99%D7%9F%20%D7%90%D7%AA%20%D7%94%D7%9E%D7%95%D7%A6%D7%A8%20Rouge%20night,https://madperfume.co.il/?app=product.show.266,https://www.mad-parfumeur.com/respondio-catalog/og/he/p-266-rouge-night.jpg?v=20260731-4,https://madperfume.co.il/upload/01-2026/product/6979634899ea2.png
he,MIAMI Q110 W143 T109 Q109 W133,MIAMI Q110 W143 T109 Q109 W133,מבצעים גברים,500,https://www.mad-parfumeur.com/respondio-catalog/wa/he/p-268-miami-q110-w143-t109-q109-w133.html?v=20260731-4,https://www.mad-parfumeur.com/respondio-catalog/media/he/p-268-miami-q110-w143-t109-q109-w133.jpg?v=20260731-4,"MIAMI Q110 W143 T109 Q109 W133
קוד: MIAMI Q110 W143 T109 Q109 W133
מחיר: 500 ILS
חזרה לשיחה: https://wa.me/972524033442?text=%D7%A9%D7%9C%D7%95%D7%9D%2C%20%D7%90%D7%A0%D7%99%20%D7%A8%D7%95%D7%A6%D7%94%20%D7%9C%D7%94%D7%96%D7%9E%D7%99%D7%9F%20%D7%90%D7%AA%20%D7%94%D7%9E%D7%95%D7%A6%D7%A8%20MIAMI%20Q110%20W143%20T109%20Q109%20W133",https://wa.me/972524033442?text=%D7%A9%D7%9C%D7%95%D7%9D%2C%20%D7%90%D7%A0%D7%99%20%D7%A8%D7%95%D7%A6%D7%94%20%D7%9C%D7%94%D7%96%D7%9E%D7%99%D7%9F%20%D7%90%D7%AA%20%D7%94%D7%9E%D7%95%D7%A6%D7%A8%20MIAMI%20Q110%20W143%20T109%20Q109%20W133,https://madperfume.co.il/?app=product.show.268,https://www.mad-parfumeur.com/respondio-catalog/og/he/p-268-miami-q110-w143-t109-q109-w133.jpg?v=20260731-4,https://madperfume.co.il/upload/02-2026/product/699d95ade368e.png
he,Mad Turkish Bath 500 ml,Mad Turkish Bath 500 ml,מטהר אוויר,60,https://www.mad-parfumeur.com/respondio-catalog/wa/he/p-270-mad-turkish-bath-500-ml.html?v=20260731-4,https://www.mad-parfumeur.com/respondio-catalog/media/he/p-270-mad-turkish-bath-500-ml.jpg?v=20260731-4,"Mad Turkish Bath 500 ml
קוד: Mad Turkish Bath 500 ml
מחיר: 60 ILS
חזרה לשיחה: https://wa.me/972524033442?text=%D7%A9%D7%9C%D7%95%D7%9D%2C%20%D7%90%D7%A0%D7%99%20%D7%A8%D7%95%D7%A6%D7%94%20%D7%9C%D7%94%D7%96%D7%9E%D7%99%D7%9F%20%D7%90%D7%AA%20%D7%94%D7%9E%D7%95%D7%A6%D7%A8%20Mad%20Turkish%20Bath%20500%20ml",https://wa.me/972524033442?text=%D7%A9%D7%9C%D7%95%D7%9D%2C%20%D7%90%D7%A0%D7%99%20%D7%A8%D7%95%D7%A6%D7%94%20%D7%9C%D7%94%D7%96%D7%9E%D7%99%D7%9F%20%D7%90%D7%AA%20%D7%94%D7%9E%D7%95%D7%A6%D7%A8%20Mad%20Turkish%20Bath%20500%20ml,https://madperfume.co.il/?app=product.show.270,https://www.mad-parfumeur.com/respondio-catalog/og/he/p-270-mad-turkish-bath-500-ml.jpg?v=20260731-4,https://madperfume.co.il/upload/12-2023/product/IMG_8806.jpeg
he,Favorilere Ekle Mad Pure Natural 500 ml,Favorilere Ekle Mad Pure Natural 500 ml,מטהר אוויר,60,https://www.mad-parfumeur.com/respondio-catalog/wa/he/p-272-favorilere-ekle-mad-pure-natural-500-ml.html?v=20260731-4,https://www.mad-parfumeur.com/respondio-catalog/media/he/p-272-favorilere-ekle-mad-pure-natural-500-ml.jpg?v=20260731-4,"Favorilere Ekle Mad Pure Natural 500 ml
קוד: Favorilere Ekle Mad Pure Natural 500 ml
מחיר: 60 ILS
חזרה לשיחה: https://wa.me/972524033442?text=%D7%A9%D7%9C%D7%95%D7%9D%2C%20%D7%90%D7%A0%D7%99%20%D7%A8%D7%95%D7%A6%D7%94%20%D7%9C%D7%94%D7%96%D7%9E%D7%99%D7%9F%20%D7%90%D7%AA%20%D7%94%D7%9E%D7%95%D7%A6%D7%A8%20Favorilere%20Ekle%20Mad%20Pure%20Natural%20500%20ml",https://wa.me/972524033442?text=%D7%A9%D7%9C%D7%95%D7%9D%2C%20%D7%90%D7%A0%D7%99%20%D7%A8%D7%95%D7%A6%D7%94%20%D7%9C%D7%94%D7%96%D7%9E%D7%99%D7%9F%20%D7%90%D7%AA%20%D7%94%D7%9E%D7%95%D7%A6%D7%A8%20Favorilere%20Ekle%20Mad%20Pure%20Natural%20500%20ml,https://madperfume.co.il/?app=product.show.272,https://www.mad-parfumeur.com/respondio-catalog/og/he/p-272-favorilere-ekle-mad-pure-natural-500-ml.jpg?v=20260731-4,https://madperfume.co.il/upload/12-2023/product/IMG_8812.jpeg
he,Favorilere Ekle Mad Mona Rosa 500 ml,Favorilere Ekle Mad Mona Rosa 500 ml,מטהר אוויר,60,https://www.mad-parfumeur.com/respondio-catalog/wa/he/p-273-favorilere-ekle-mad-mona-rosa-500-ml.html?v=20260731-4,https://www.mad-parfumeur.com/respondio-catalog/media/he/p-273-favorilere-ekle-mad-mona-rosa-500-ml.jpg?v=20260731-4,"Favorilere Ekle Mad Mona Rosa 500 ml
קוד: Favorilere Ekle Mad Mona Rosa 500 ml
מחיר: 60 ILS
חזרה לשיחה: https://wa.me/972524033442?text=%D7%A9%D7%9C%D7%95%D7%9D%2C%20%D7%90%D7%A0%D7%99%20%D7%A8%D7%95%D7%A6%D7%94%20%D7%9C%D7%94%D7%96%D7%9E%D7%99%D7%9F%20%D7%90%D7%AA%20%D7%94%D7%9E%D7%95%D7%A6%D7%A8%20Favorilere%20Ekle%20Mad%20Mona%20Rosa%20500%20ml",https://wa.me/972524033442?text=%D7%A9%D7%9C%D7%95%D7%9D%2C%20%D7%90%D7%A0%D7%99%20%D7%A8%D7%95%D7%A6%D7%94%20%D7%9C%D7%94%D7%96%D7%9E%D7%99%D7%9F%20%D7%90%D7%AA%20%D7%94%D7%9E%D7%95%D7%A6%D7%A8%20Favorilere%20Ekle%20Mad%20Mona%20Rosa%20500%20ml,https://madperfume.co.il/?app=product.show.273,https://www.mad-parfumeur.com/respondio-catalog/og/he/p-273-favorilere-ekle-mad-mona-rosa-500-ml.jpg?v=20260731-4,https://madperfume.co.il/upload/12-2023/product/IMG_8813.jpeg
he,Favorilere Ekle Mad Hipnotizya 500 ml,Favorilere Ekle Mad Hipnotizya 500 ml,מטהר אוויר,60,https://www.mad-parfumeur.com/respondio-catalog/wa/he/p-274-favorilere-ekle-mad-hipnotizya-500-ml.html?v=20260731-4,https://www.mad-parfumeur.com/respondio-catalog/media/he/p-274-favorilere-ekle-mad-hipnotizya-500-ml.jpg?v=20260731-4,"Favorilere Ekle Mad Hipnotizya 500 ml
קוד: Favorilere Ekle Mad Hipnotizya 500 ml
מחיר: 60 ILS
חזרה לשיחה: https://wa.me/972524033442?text=%D7%A9%D7%9C%D7%95%D7%9D%2C%20%D7%90%D7%A0%D7%99%20%D7%A8%D7%95%D7%A6%D7%94%20%D7%9C%D7%94%D7%96%D7%9E%D7%99%D7%9F%20%D7%90%D7%AA%20%D7%94%D7%9E%D7%95%D7%A6%D7%A8%20Favorilere%20Ekle%20Mad%20Hipnotizya%20500%20ml",https://wa.me/972524033442?text=%D7%A9%D7%9C%D7%95%D7%9D%2C%20%D7%90%D7%A0%D7%99%20%D7%A8%D7%95%D7%A6%D7%94%20%D7%9C%D7%94%D7%96%D7%9E%D7%99%D7%9F%20%D7%90%D7%AA%20%D7%94%D7%9E%D7%95%D7%A6%D7%A8%20Favorilere%20Ekle%20Mad%20Hipnotizya%20500%20ml,https://madperfume.co.il/?app=product.show.274,https://www.mad-parfumeur.com/respondio-catalog/og/he/p-274-favorilere-ekle-mad-hipnotizya-500-ml.jpg?v=20260731-4,https://madperfume.co.il/upload/12-2023/product/IMG_8808.jpeg
he,Mad Dream Bouquet 500 ml,Mad Dream Bouquet 500 ml,מטהר אוויר,60,https://www.mad-parfumeur.com/respondio-catalog/wa/he/p-275-mad-dream-bouquet-500-ml.html?v=20260731-4,https://www.mad-parfumeur.com/respondio-catalog/media/he/p-275-mad-dream-bouquet-500-ml.jpg?v=20260731-4,"Mad Dream Bouquet 500 ml
קוד: Mad Dream Bouquet 500 ml
מחיר: 60 ILS
חזרה לשיחה: https://wa.me/972524033442?text=%D7%A9%D7%9C%D7%95%D7%9D%2C%20%D7%90%D7%A0%D7%99%20%D7%A8%D7%95%D7%A6%D7%94%20%D7%9C%D7%94%D7%96%D7%9E%D7%99%D7%9F%20%D7%90%D7%AA%20%D7%94%D7%9E%D7%95%D7%A6%D7%A8%20Mad%20Dream%20Bouquet%20500%20ml",https://wa.me/972524033442?text=%D7%A9%D7%9C%D7%95%D7%9D%2C%20%D7%90%D7%A0%D7%99%20%D7%A8%D7%95%D7%A6%D7%94%20%D7%9C%D7%94%D7%96%D7%9E%D7%99%D7%9F%20%D7%90%D7%AA%20%D7%94%D7%9E%D7%95%D7%A6%D7%A8%20Mad%20Dream%20Bouquet%20500%20ml,https://madperfume.co.il/?app=product.show.275,https://www.mad-parfumeur.com/respondio-catalog/og/he/p-275-mad-dream-bouquet-500-ml.jpg?v=20260731-4,https://madperfume.co.il/upload/12-2023/product/IMG_8814.jpeg
he,"Mad Watermelon Strawberry 8 מ""ל מטהר אוויר לרכב","Mad Watermelon Strawberry 8 מ""ל מטהר אוויר לרכב",לרכב,15,https://www.mad-parfumeur.com/respondio-catalog/wa/he/p-277-mad-watermelon-strawberry-8.html?v=20260731-4,https://www.mad-parfumeur.com/respondio-catalog/media/he/p-277-mad-watermelon-strawberry-8.jpg?v=20260731-4,"Mad Watermelon Strawberry 8 מ""ל מטהר אוויר לרכב
קוד: Mad Watermelon Strawberry 8 מ""ל מטהר אוויר לרכב
מחיר: 15 ILS
חזרה לשיחה: https://wa.me/972524033442?text=%D7%A9%D7%9C%D7%95%D7%9D%2C%20%D7%90%D7%A0%D7%99%20%D7%A8%D7%95%D7%A6%D7%94%20%D7%9C%D7%94%D7%96%D7%9E%D7%99%D7%9F%20%D7%90%D7%AA%20%D7%94%D7%9E%D7%95%D7%A6%D7%A8%20Mad%20Watermelon%20Strawberry%208%20%D7%9E%22%D7%9C%20%D7%9E%D7%98%D7%94%D7%A8%20%D7%90%D7%95%D7%95%D7%99%D7%A8%20%D7%9C%D7%A8%D7%9B%D7%91",https://wa.me/972524033442?text=%D7%A9%D7%9C%D7%95%D7%9D%2C%20%D7%90%D7%A0%D7%99%20%D7%A8%D7%95%D7%A6%D7%94%20%D7%9C%D7%94%D7%96%D7%9E%D7%99%D7%9F%20%D7%90%D7%AA%20%D7%94%D7%9E%D7%95%D7%A6%D7%A8%20Mad%20Watermelon%20Strawberry%208%20%D7%9E%22%D7%9C%20%D7%9E%D7%98%D7%94%D7%A8%20%D7%90%D7%95%D7%95%D7%99%D7%A8%20%D7%9C%D7%A8%D7%9B%D7%91,https://madperfume.co.il/?app=product.show.277,https://www.mad-parfumeur.com/respondio-catalog/og/he/p-277-mad-watermelon-strawberry-8.jpg?v=20260731-4,https://madperfume.co.il/upload/06-2025/product/water melon car.png
he,"Mad Limpio 8 מ""ל מטהר אוויר לרכב","Mad Limpio 8 מ""ל מטהר אוויר לרכב",לרכב,15,https://www.mad-parfumeur.com/respondio-catalog/wa/he/p-278-mad-limpio-8.html?v=20260731-4,https://www.mad-parfumeur.com/respondio-catalog/media/he/p-278-mad-limpio-8.jpg?v=20260731-4,"Mad Limpio 8 מ""ל מטהר אוויר לרכב
קוד: Mad Limpio 8 מ""ל מטהר אוויר לרכב
מחיר: 15 ILS
חזרה לשיחה: https://wa.me/972524033442?text=%D7%A9%D7%9C%D7%95%D7%9D%2C%20%D7%90%D7%A0%D7%99%20%D7%A8%D7%95%D7%A6%D7%94%20%D7%9C%D7%94%D7%96%D7%9E%D7%99%D7%9F%20%D7%90%D7%AA%20%D7%94%D7%9E%D7%95%D7%A6%D7%A8%20Mad%20Limpio%208%20%D7%9E%22%D7%9C%20%D7%9E%D7%98%D7%94%D7%A8%20%D7%90%D7%95%D7%95%D7%99%D7%A8%20%D7%9C%D7%A8%D7%9B%D7%91",https://wa.me/972524033442?text=%D7%A9%D7%9C%D7%95%D7%9D%2C%20%D7%90%D7%A0%D7%99%20%D7%A8%D7%95%D7%A6%D7%94%20%D7%9C%D7%94%D7%96%D7%9E%D7%99%D7%9F%20%D7%90%D7%AA%20%D7%94%D7%9E%D7%95%D7%A6%D7%A8%20Mad%20Limpio%208%20%D7%9E%22%D7%9C%20%D7%9E%D7%98%D7%94%D7%A8%20%D7%90%D7%95%D7%95%D7%99%D7%A8%20%D7%9C%D7%A8%D7%9B%D7%91,https://madperfume.co.il/?app=product.show.278,https://www.mad-parfumeur.com/respondio-catalog/og/he/p-278-mad-limpio-8.jpg?v=20260731-4,https://madperfume.co.il/upload/06-2025/product/1-71dc13ec.png
he,"Mad Patch 8 מ""ל מטהר אוויר לרכב","Mad Patch 8 מ""ל מטהר אוויר לרכב",לרכב,15,https://www.mad-parfumeur.com/respondio-catalog/wa/he/p-279-mad-patch-8.html?v=20260731-4,https://www.mad-parfumeur.com/respondio-catalog/media/he/p-279-mad-patch-8.jpg?v=20260731-4,"Mad Patch 8 מ""ל מטהר אוויר לרכב
קוד: Mad Patch 8 מ""ל מטהר אוויר לרכב
מחיר: 15 ILS
חזרה לשיחה: https://wa.me/972524033442?text=%D7%A9%D7%9C%D7%95%D7%9D%2C%20%D7%90%D7%A0%D7%99%20%D7%A8%D7%95%D7%A6%D7%94%20%D7%9C%D7%94%D7%96%D7%9E%D7%99%D7%9F%20%D7%90%D7%AA%20%D7%94%D7%9E%D7%95%D7%A6%D7%A8%20Mad%20Patch%208%20%D7%9E%22%D7%9C%20%D7%9E%D7%98%D7%94%D7%A8%20%D7%90%D7%95%D7%95%D7%99%D7%A8%20%D7%9C%D7%A8%D7%9B%D7%91",https://wa.me/972524033442?text=%D7%A9%D7%9C%D7%95%D7%9D%2C%20%D7%90%D7%A0%D7%99%20%D7%A8%D7%95%D7%A6%D7%94%20%D7%9C%D7%94%D7%96%D7%9E%D7%99%D7%9F%20%D7%90%D7%AA%20%D7%94%D7%9E%D7%95%D7%A6%D7%A8%20Mad%20Patch%208%20%D7%9E%22%D7%9C%20%D7%9E%D7%98%D7%94%D7%A8%20%D7%90%D7%95%D7%95%D7%99%D7%A8%20%D7%9C%D7%A8%D7%9B%D7%91,https://madperfume.co.il/?app=product.show.279,https://www.mad-parfumeur.com/respondio-catalog/og/he/p-279-mad-patch-8.jpg?v=20260731-4,https://madperfume.co.il/upload/06-2025/product/1-96677c38.png
he,"מטהר אוויר לרכב של Mad Hypnotizia 7 מ""ל MADPARFUME","סוג: פרי, עץ",לרכב,15,https://www.mad-parfumeur.com/respondio-catalog/wa/he/p-280-mad-hypnotizia-7-madparfume.html?v=20260731-4,https://www.mad-parfumeur.com/respondio-catalog/media/he/p-280-mad-hypnotizia-7-madparfume.jpg?v=20260731-4,"סוג: פרי, עץ
קוד: מטהר אוויר לרכב של Mad Hypnotizia 7 מ""ל MADPARFUME
מחיר: 15 ILS
חזרה לשיחה: https://wa.me/972524033442?text=%D7%A9%D7%9C%D7%95%D7%9D%2C%20%D7%90%D7%A0%D7%99%20%D7%A8%D7%95%D7%A6%D7%94%20%D7%9C%D7%94%D7%96%D7%9E%D7%99%D7%9F%20%D7%90%D7%AA%20%D7%94%D7%9E%D7%95%D7%A6%D7%A8%20%D7%9E%D7%98%D7%94%D7%A8%20%D7%90%D7%95%D7%95%D7%99%D7%A8%20%D7%9C%D7%A8%D7%9B%D7%91%20%D7%A9%D7%9C%20Mad%20Hypnotizia%207%20%D7%9E%22%D7%9C%20MADPARFUME",https://wa.me/972524033442?text=%D7%A9%D7%9C%D7%95%D7%9D%2C%20%D7%90%D7%A0%D7%99%20%D7%A8%D7%95%D7%A6%D7%94%20%D7%9C%D7%94%D7%96%D7%9E%D7%99%D7%9F%20%D7%90%D7%AA%20%D7%94%D7%9E%D7%95%D7%A6%D7%A8%20%D7%9E%D7%98%D7%94%D7%A8%20%D7%90%D7%95%D7%95%D7%99%D7%A8%20%D7%9C%D7%A8%D7%9B%D7%91%20%D7%A9%D7%9C%20Mad%20Hypnotizia%207%20%D7%9E%22%D7%9C%20MADPARFUME,https://madperfume.co.il/?app=product.show.280,https://www.mad-parfumeur.com/respondio-catalog/og/he/p-280-mad-hypnotizia-7-madparfume.jpg?v=20260731-4,https://madperfume.co.il/upload/06-2025/product/1-6f42d6ce.png
he,Mad Brave,בושם לשיער,בושם לשיער,35,https://www.mad-parfumeur.com/respondio-catalog/wa/he/p-281-mad-brave.html?v=20260731-4,https://www.mad-parfumeur.com/respondio-catalog/media/he/p-281-mad-brave.jpg?v=20260731-4,"בושם לשיער
קוד: Mad Brave
מחיר: 35 ILS
חזרה לשיחה: https://wa.me/972524033442?text=%D7%A9%D7%9C%D7%95%D7%9D%2C%20%D7%90%D7%A0%D7%99%20%D7%A8%D7%95%D7%A6%D7%94%20%D7%9C%D7%94%D7%96%D7%9E%D7%99%D7%9F%20%D7%90%D7%AA%20%D7%94%D7%9E%D7%95%D7%A6%D7%A8%20Mad%20Brave",https://wa.me/972524033442?text=%D7%A9%D7%9C%D7%95%D7%9D%2C%20%D7%90%D7%A0%D7%99%20%D7%A8%D7%95%D7%A6%D7%94%20%D7%9C%D7%94%D7%96%D7%9E%D7%99%D7%9F%20%D7%90%D7%AA%20%D7%94%D7%9E%D7%95%D7%A6%D7%A8%20Mad%20Brave,https://madperfume.co.il/?app=product.show.281,https://www.mad-parfumeur.com/respondio-catalog/og/he/p-281-mad-brave.jpg?v=20260731-4,https://madperfume.co.il/upload/06-2025/product/6852e435101a8.png
he,"Mad Passion Fruit 160 מ""ל בושם שיער","Mad Passion Fruit 160 מ""ל בושם שיער",בושם לשיער,35,https://www.mad-parfumeur.com/respondio-catalog/wa/he/p-282-mad-passion-fruit-160.html?v=20260731-4,https://www.mad-parfumeur.com/respondio-catalog/media/he/p-282-mad-passion-fruit-160.jpg?v=20260731-4,"Mad Passion Fruit 160 מ""ל בושם שיער
קוד: Mad Passion Fruit 160 מ""ל בושם שיער
מחיר: 35 ILS
חזרה לשיחה: https://wa.me/972524033442?text=%D7%A9%D7%9C%D7%95%D7%9D%2C%20%D7%90%D7%A0%D7%99%20%D7%A8%D7%95%D7%A6%D7%94%20%D7%9C%D7%94%D7%96%D7%9E%D7%99%D7%9F%20%D7%90%D7%AA%20%D7%94%D7%9E%D7%95%D7%A6%D7%A8%20Mad%20Passion%20Fruit%20160%20%D7%9E%22%D7%9C%20%D7%91%D7%95%D7%A9%D7%9D%20%D7%A9%D7%99%D7%A2%D7%A8",https://wa.me/972524033442?text=%D7%A9%D7%9C%D7%95%D7%9D%2C%20%D7%90%D7%A0%D7%99%20%D7%A8%D7%95%D7%A6%D7%94%20%D7%9C%D7%94%D7%96%D7%9E%D7%99%D7%9F%20%D7%90%D7%AA%20%D7%94%D7%9E%D7%95%D7%A6%D7%A8%20Mad%20Passion%20Fruit%20160%20%D7%9E%22%D7%9C%20%D7%91%D7%95%D7%A9%D7%9D%20%D7%A9%D7%99%D7%A2%D7%A8,https://madperfume.co.il/?app=product.show.282,https://www.mad-parfumeur.com/respondio-catalog/og/he/p-282-mad-passion-fruit-160.jpg?v=20260731-4,https://madperfume.co.il/upload/12-2023/product/mad-passion-fruit-160-ml-sac-parfumu16-02b382.jpg
he,"Mad Peerles Delight 160 מ""ל בושם שיער","Mad Peerles Delight 160 מ""ל בושם שיער",בושם לשיער,35,https://www.mad-parfumeur.com/respondio-catalog/wa/he/p-283-mad-peerles-delight-160.html?v=20260731-4,https://www.mad-parfumeur.com/respondio-catalog/media/he/p-283-mad-peerles-delight-160.jpg?v=20260731-4,"Mad Peerles Delight 160 מ""ל בושם שיער
קוד: Mad Peerles Delight 160 מ""ל בושם שיער
מחיר: 35 ILS
חזרה לשיחה: https://wa.me/972524033442?text=%D7%A9%D7%9C%D7%95%D7%9D%2C%20%D7%90%D7%A0%D7%99%20%D7%A8%D7%95%D7%A6%D7%94%20%D7%9C%D7%94%D7%96%D7%9E%D7%99%D7%9F%20%D7%90%D7%AA%20%D7%94%D7%9E%D7%95%D7%A6%D7%A8%20Mad%20Peerles%20Delight%20160%20%D7%9E%22%D7%9C%20%D7%91%D7%95%D7%A9%D7%9D%20%D7%A9%D7%99%D7%A2%D7%A8",https://wa.me/972524033442?text=%D7%A9%D7%9C%D7%95%D7%9D%2C%20%D7%90%D7%A0%D7%99%20%D7%A8%D7%95%D7%A6%D7%94%20%D7%9C%D7%94%D7%96%D7%9E%D7%99%D7%9F%20%D7%90%D7%AA%20%D7%94%D7%9E%D7%95%D7%A6%D7%A8%20Mad%20Peerles%20Delight%20160%20%D7%9E%22%D7%9C%20%D7%91%D7%95%D7%A9%D7%9D%20%D7%A9%D7%99%D7%A2%D7%A8,https://madperfume.co.il/?app=product.show.283,https://www.mad-parfumeur.com/respondio-catalog/og/he/p-283-mad-peerles-delight-160.jpg?v=20260731-4,https://madperfume.co.il/upload/12-2023/product/mad-peerles-delight-160-ml-sac-parfumu-1-e358.jpg
he,"Mad Pretty Beauty 160 מ""ל בושם שיער","Mad Pretty Beauty 160 מ""ל בושם שיער",בושם לשיער,35,https://www.mad-parfumeur.com/respondio-catalog/wa/he/p-284-mad-pretty-beauty-160.html?v=20260731-4,https://www.mad-parfumeur.com/respondio-catalog/media/he/p-284-mad-pretty-beauty-160.jpg?v=20260731-4,"Mad Pretty Beauty 160 מ""ל בושם שיער
קוד: Mad Pretty Beauty 160 מ""ל בושם שיער
מחיר: 35 ILS
חזרה לשיחה: https://wa.me/972524033442?text=%D7%A9%D7%9C%D7%95%D7%9D%2C%20%D7%90%D7%A0%D7%99%20%D7%A8%D7%95%D7%A6%D7%94%20%D7%9C%D7%94%D7%96%D7%9E%D7%99%D7%9F%20%D7%90%D7%AA%20%D7%94%D7%9E%D7%95%D7%A6%D7%A8%20Mad%20Pretty%20Beauty%20160%20%D7%9E%22%D7%9C%20%D7%91%D7%95%D7%A9%D7%9D%20%D7%A9%D7%99%D7%A2%D7%A8",https://wa.me/972524033442?text=%D7%A9%D7%9C%D7%95%D7%9D%2C%20%D7%90%D7%A0%D7%99%20%D7%A8%D7%95%D7%A6%D7%94%20%D7%9C%D7%94%D7%96%D7%9E%D7%99%D7%9F%20%D7%90%D7%AA%20%D7%94%D7%9E%D7%95%D7%A6%D7%A8%20Mad%20Pretty%20Beauty%20160%20%D7%9E%22%D7%9C%20%D7%91%D7%95%D7%A9%D7%9D%20%D7%A9%D7%99%D7%A2%D7%A8,https://madperfume.co.il/?app=product.show.284,https://www.mad-parfumeur.com/respondio-catalog/og/he/p-284-mad-pretty-beauty-160.jpg?v=20260731-4,https://madperfume.co.il/upload/12-2023/product/mad-pretty-beauty-160-ml-sac-parfumu16-0-7b24.jpg
he,J105,Le Male Elixir Jean Paul Gaultier,בשמי גברים,100,https://www.mad-parfumeur.com/respondio-catalog/wa/he/p-287-j105.html?v=20260731-4,https://www.mad-parfumeur.com/respondio-catalog/media/he/p-287-j105.jpg?v=20260731-4,"Le Male Elixir Jean Paul Gaultier
קוד: J105
מחיר: 100 ILS
חזרה לשיחה: https://wa.me/972524033442?text=%D7%A9%D7%9C%D7%95%D7%9D%2C%20%D7%90%D7%A0%D7%99%20%D7%A8%D7%95%D7%A6%D7%94%20%D7%9C%D7%94%D7%96%D7%9E%D7%99%D7%9F%20%D7%90%D7%AA%20%D7%94%D7%9E%D7%95%D7%A6%D7%A8%20J105",https://wa.me/972524033442?text=%D7%A9%D7%9C%D7%95%D7%9D%2C%20%D7%90%D7%A0%D7%99%20%D7%A8%D7%95%D7%A6%D7%94%20%D7%9C%D7%94%D7%96%D7%9E%D7%99%D7%9F%20%D7%90%D7%AA%20%D7%94%D7%9E%D7%95%D7%A6%D7%A8%20J105,https://madperfume.co.il/?app=product.show.287,https://www.mad-parfumeur.com/respondio-catalog/og/he/p-287-j105.jpg?v=20260731-4,https://madperfume.co.il/upload/03-2026/product/IMG_0464 (1).jpeg
he,L102,Ombre Nomade,בשמי גברים,100,https://www.mad-parfumeur.com/respondio-catalog/wa/he/p-288-l102.html?v=20260731-4,https://www.mad-parfumeur.com/respondio-catalog/media/he/p-288-l102.jpg?v=20260731-4,"Ombre Nomade
קוד: L102
מחיר: 100 ILS
חזרה לשיחה: https://wa.me/972524033442?text=%D7%A9%D7%9C%D7%95%D7%9D%2C%20%D7%90%D7%A0%D7%99%20%D7%A8%D7%95%D7%A6%D7%94%20%D7%9C%D7%94%D7%96%D7%9E%D7%99%D7%9F%20%D7%90%D7%AA%20%D7%94%D7%9E%D7%95%D7%A6%D7%A8%20L102",https://wa.me/972524033442?text=%D7%A9%D7%9C%D7%95%D7%9D%2C%20%D7%90%D7%A0%D7%99%20%D7%A8%D7%95%D7%A6%D7%94%20%D7%9C%D7%94%D7%96%D7%9E%D7%99%D7%9F%20%D7%90%D7%AA%20%D7%94%D7%9E%D7%95%D7%A6%D7%A8%20L102,https://madperfume.co.il/?app=product.show.288,https://www.mad-parfumeur.com/respondio-catalog/og/he/p-288-l102.jpg?v=20260731-4,https://madperfume.co.il/upload/03-2026/product/5FF7725D-93F0-4A19-9059-C6437272A86B.png
he,L103,Imagination - Louis Vuitton,בשמי גברים,100,https://www.mad-parfumeur.com/respondio-catalog/wa/he/p-289-l103.html?v=20260731-4,https://www.mad-parfumeur.com/respondio-catalog/media/he/p-289-l103.jpg?v=20260731-4,"Imagination - Louis Vuitton
קוד: L103
מחיר: 100 ILS
חזרה לשיחה: https://wa.me/972524033442?text=%D7%A9%D7%9C%D7%95%D7%9D%2C%20%D7%90%D7%A0%D7%99%20%D7%A8%D7%95%D7%A6%D7%94%20%D7%9C%D7%94%D7%96%D7%9E%D7%99%D7%9F%20%D7%90%D7%AA%20%D7%94%D7%9E%D7%95%D7%A6%D7%A8%20L103",https://wa.me/972524033442?text=%D7%A9%D7%9C%D7%95%D7%9D%2C%20%D7%90%D7%A0%D7%99%20%D7%A8%D7%95%D7%A6%D7%94%20%D7%9C%D7%94%D7%96%D7%9E%D7%99%D7%9F%20%D7%90%D7%AA%20%D7%94%D7%9E%D7%95%D7%A6%D7%A8%20L103,https://madperfume.co.il/?app=product.show.289,https://www.mad-parfumeur.com/respondio-catalog/og/he/p-289-l103.jpg?v=20260731-4,https://madperfume.co.il/upload/03-2026/product/7F104E4A-ADCD-4D93-A9FA-7F28B73856E6.png
he,Y101,Y Eau de Parfum Intense by Yves Saint Laurent,בשמי גברים,100,https://www.mad-parfumeur.com/respondio-catalog/wa/he/p-290-y101.html?v=20260731-4,https://www.mad-parfumeur.com/respondio-catalog/media/he/p-290-y101.jpg?v=20260731-4,"Y Eau de Parfum Intense by Yves Saint Laurent
קוד: Y101
מחיר: 100 ILS
חזרה לשיחה: https://wa.me/972524033442?text=%D7%A9%D7%9C%D7%95%D7%9D%2C%20%D7%90%D7%A0%D7%99%20%D7%A8%D7%95%D7%A6%D7%94%20%D7%9C%D7%94%D7%96%D7%9E%D7%99%D7%9F%20%D7%90%D7%AA%20%D7%94%D7%9E%D7%95%D7%A6%D7%A8%20Y101",https://wa.me/972524033442?text=%D7%A9%D7%9C%D7%95%D7%9D%2C%20%D7%90%D7%A0%D7%99%20%D7%A8%D7%95%D7%A6%D7%94%20%D7%9C%D7%94%D7%96%D7%9E%D7%99%D7%9F%20%D7%90%D7%AA%20%D7%94%D7%9E%D7%95%D7%A6%D7%A8%20Y101,https://madperfume.co.il/?app=product.show.290,https://www.mad-parfumeur.com/respondio-catalog/og/he/p-290-y101.jpg?v=20260731-4,https://madperfume.co.il/upload/03-2026/product/9486EBC7-F209-47F4-B136-83311479F27D.png
he,G108,Insolence - Guerlain,בשמי נשים,100,https://www.mad-parfumeur.com/respondio-catalog/wa/he/p-291-g108.html?v=20260731-4,https://www.mad-parfumeur.com/respondio-catalog/media/he/p-291-g108.jpg?v=20260731-4,"Insolence - Guerlain
קוד: G108
מחיר: 100 ILS
חזרה לשיחה: https://wa.me/972524033442?text=%D7%A9%D7%9C%D7%95%D7%9D%2C%20%D7%90%D7%A0%D7%99%20%D7%A8%D7%95%D7%A6%D7%94%20%D7%9C%D7%94%D7%96%D7%9E%D7%99%D7%9F%20%D7%90%D7%AA%20%D7%94%D7%9E%D7%95%D7%A6%D7%A8%20G108",https://wa.me/972524033442?text=%D7%A9%D7%9C%D7%95%D7%9D%2C%20%D7%90%D7%A0%D7%99%20%D7%A8%D7%95%D7%A6%D7%94%20%D7%9C%D7%94%D7%96%D7%9E%D7%99%D7%9F%20%D7%90%D7%AA%20%D7%94%D7%9E%D7%95%D7%A6%D7%A8%20G108,https://madperfume.co.il/?app=product.show.291,https://www.mad-parfumeur.com/respondio-catalog/og/he/p-291-g108.jpg?v=20260731-4,https://madperfume.co.il/upload/06-2025/product/6852af9942f42.png
he,V113,Valentino Donna Born In Roma Valentino,בשמי נשים,100,https://www.mad-parfumeur.com/respondio-catalog/wa/he/p-292-v113.html?v=20260731-4,https://www.mad-parfumeur.com/respondio-catalog/media/he/p-292-v113.jpg?v=20260731-4,"Valentino Donna Born In Roma Valentino
קוד: V113
מחיר: 100 ILS
חזרה לשיחה: https://wa.me/972524033442?text=%D7%A9%D7%9C%D7%95%D7%9D%2C%20%D7%90%D7%A0%D7%99%20%D7%A8%D7%95%D7%A6%D7%94%20%D7%9C%D7%94%D7%96%D7%9E%D7%99%D7%9F%20%D7%90%D7%AA%20%D7%94%D7%9E%D7%95%D7%A6%D7%A8%20V113",https://wa.me/972524033442?text=%D7%A9%D7%9C%D7%95%D7%9D%2C%20%D7%90%D7%A0%D7%99%20%D7%A8%D7%95%D7%A6%D7%94%20%D7%9C%D7%94%D7%96%D7%9E%D7%99%D7%9F%20%D7%90%D7%AA%20%D7%94%D7%9E%D7%95%D7%A6%D7%A8%20V113,https://madperfume.co.il/?app=product.show.292,https://www.mad-parfumeur.com/respondio-catalog/og/he/p-292-v113.jpg?v=20260731-4,https://madperfume.co.il/upload/06-2025/product/6852b13877c41.png
he,VIVIAN-V113 J102 G108,VIVIAN-V113 J102 G108,מבצעים גברים,300,https://www.mad-parfumeur.com/respondio-catalog/wa/he/p-299-vivian-v113-j102-g108.html?v=20260731-4,https://www.mad-parfumeur.com/respondio-catalog/media/he/p-299-vivian-v113-j102-g108.jpg?v=20260731-4,"VIVIAN-V113 J102 G108
קוד: VIVIAN-V113 J102 G108
מחיר: 300 ILS
חזרה לשיחה: https://wa.me/972524033442?text=%D7%A9%D7%9C%D7%95%D7%9D%2C%20%D7%90%D7%A0%D7%99%20%D7%A8%D7%95%D7%A6%D7%94%20%D7%9C%D7%94%D7%96%D7%9E%D7%99%D7%9F%20%D7%90%D7%AA%20%D7%94%D7%9E%D7%95%D7%A6%D7%A8%20VIVIAN-V113%20J102%20G108",https://wa.me/972524033442?text=%D7%A9%D7%9C%D7%95%D7%9D%2C%20%D7%90%D7%A0%D7%99%20%D7%A8%D7%95%D7%A6%D7%94%20%D7%9C%D7%94%D7%96%D7%9E%D7%99%D7%9F%20%D7%90%D7%AA%20%D7%94%D7%9E%D7%95%D7%A6%D7%A8%20VIVIAN-V113%20J102%20G108,https://madperfume.co.il/?app=product.show.299,https://www.mad-parfumeur.com/respondio-catalog/og/he/p-299-vivian-v113-j102-g108.jpg?v=20260731-4,https://madperfume.co.il/upload/01-2024/product/Vivian.jpg
he,x102,Naxos - Xerjoff,בשמי גברים,100,https://www.mad-parfumeur.com/respondio-catalog/wa/he/p-312-x102.html?v=20260731-4,https://www.mad-parfumeur.com/respondio-catalog/media/he/p-312-x102.jpg?v=20260731-4,"Naxos - Xerjoff
קוד: x102
מחיר: 100 ILS
חזרה לשיחה: https://wa.me/972524033442?text=%D7%A9%D7%9C%D7%95%D7%9D%2C%20%D7%90%D7%A0%D7%99%20%D7%A8%D7%95%D7%A6%D7%94%20%D7%9C%D7%94%D7%96%D7%9E%D7%99%D7%9F%20%D7%90%D7%AA%20%D7%94%D7%9E%D7%95%D7%A6%D7%A8%20x102",https://wa.me/972524033442?text=%D7%A9%D7%9C%D7%95%D7%9D%2C%20%D7%90%D7%A0%D7%99%20%D7%A8%D7%95%D7%A6%D7%94%20%D7%9C%D7%94%D7%96%D7%9E%D7%99%D7%9F%20%D7%90%D7%AA%20%D7%94%D7%9E%D7%95%D7%A6%D7%A8%20x102,https://madperfume.co.il/?app=product.show.312,https://www.mad-parfumeur.com/respondio-catalog/og/he/p-312-x102.jpg?v=20260731-4,https://madperfume.co.il/upload/03-2026/product/82D7332C-E5A9-46D3-9CAE-7ADA4F7AFE84.png
he,REFILL,REFILL,בשמי נישה גברים,25,https://www.mad-parfumeur.com/respondio-catalog/wa/he/p-315-refill.html?v=20260731-4,https://www.mad-parfumeur.com/respondio-catalog/media/he/p-315-refill.jpg?v=20260731-4,"REFILL
קוד: REFILL
מחיר: 25 ILS
חזרה לשיחה: https://wa.me/972524033442?text=%D7%A9%D7%9C%D7%95%D7%9D%2C%20%D7%90%D7%A0%D7%99%20%D7%A8%D7%95%D7%A6%D7%94%20%D7%9C%D7%94%D7%96%D7%9E%D7%99%D7%9F%20%D7%90%D7%AA%20%D7%94%D7%9E%D7%95%D7%A6%D7%A8%20REFILL",https://wa.me/972524033442?text=%D7%A9%D7%9C%D7%95%D7%9D%2C%20%D7%90%D7%A0%D7%99%20%D7%A8%D7%95%D7%A6%D7%94%20%D7%9C%D7%94%D7%96%D7%9E%D7%99%D7%9F%20%D7%90%D7%AA%20%D7%94%D7%9E%D7%95%D7%A6%D7%A8%20REFILL,https://madperfume.co.il/?app=product.show.315,https://www.mad-parfumeur.com/respondio-catalog/og/he/p-315-refill.jpg?v=20260731-4,https://madperfume.co.il/upload/02-2024/product/65dfc6c911dc9.png
he,Narcotic Intense 100 ml,מושך מחמאות ונשים,בשמי נישה גברים,300,https://www.mad-parfumeur.com/respondio-catalog/wa/he/p-316-narcotic-intense-100-ml.html?v=20260731-4,https://www.mad-parfumeur.com/respondio-catalog/media/he/p-316-narcotic-intense-100-ml.jpg?v=20260731-4,"מושך מחמאות ונשים
קוד: Narcotic Intense 100 ml
מחיר: 300 ILS
חזרה לשיחה: https://wa.me/972524033442?text=%D7%A9%D7%9C%D7%95%D7%9D%2C%20%D7%90%D7%A0%D7%99%20%D7%A8%D7%95%D7%A6%D7%94%20%D7%9C%D7%94%D7%96%D7%9E%D7%99%D7%9F%20%D7%90%D7%AA%20%D7%94%D7%9E%D7%95%D7%A6%D7%A8%20Narcotic%20Intense%20100%20ml",https://wa.me/972524033442?text=%D7%A9%D7%9C%D7%95%D7%9D%2C%20%D7%90%D7%A0%D7%99%20%D7%A8%D7%95%D7%A6%D7%94%20%D7%9C%D7%94%D7%96%D7%9E%D7%99%D7%9F%20%D7%90%D7%AA%20%D7%94%D7%9E%D7%95%D7%A6%D7%A8%20Narcotic%20Intense%20100%20ml,https://madperfume.co.il/?app=product.show.316,https://www.mad-parfumeur.com/respondio-catalog/og/he/p-316-narcotic-intense-100-ml.jpg?v=20260731-4,https://madperfume.co.il/upload/01-2026/product/ac7faf22-6223-435b-b841-7f6f4f7fcce1_size640_cropCenter.jpg
he,w201 L101 N105,w201 L101 N105,מבצעים גברים,300,https://www.mad-parfumeur.com/respondio-catalog/wa/he/p-322-w201-l101-n105.html?v=20260731-4,https://www.mad-parfumeur.com/respondio-catalog/media/he/p-322-w201-l101-n105.jpg?v=20260731-4,"w201 L101 N105
קוד: w201 L101 N105
מחיר: 300 ILS
חזרה לשיחה: https://wa.me/972524033442?text=%D7%A9%D7%9C%D7%95%D7%9D%2C%20%D7%90%D7%A0%D7%99%20%D7%A8%D7%95%D7%A6%D7%94%20%D7%9C%D7%94%D7%96%D7%9E%D7%99%D7%9F%20%D7%90%D7%AA%20%D7%94%D7%9E%D7%95%D7%A6%D7%A8%20w201%20L101%20N105",https://wa.me/972524033442?text=%D7%A9%D7%9C%D7%95%D7%9D%2C%20%D7%90%D7%A0%D7%99%20%D7%A8%D7%95%D7%A6%D7%94%20%D7%9C%D7%94%D7%96%D7%9E%D7%99%D7%9F%20%D7%90%D7%AA%20%D7%94%D7%9E%D7%95%D7%A6%D7%A8%20w201%20L101%20N105,https://madperfume.co.il/?app=product.show.322,https://www.mad-parfumeur.com/respondio-catalog/og/he/p-322-w201-l101-n105.jpg?v=20260731-4,https://madperfume.co.il/upload/05-2024/product/888.jpg
he,SEA LIGHET,L’Immensité Louis Vuitton,בשמי נישה גברים,350,https://www.mad-parfumeur.com/respondio-catalog/wa/he/p-324-sea-lighet.html?v=20260731-4,https://www.mad-parfumeur.com/respondio-catalog/media/he/p-324-sea-lighet.jpg?v=20260731-4,"L’Immensité Louis Vuitton
קוד: SEA LIGHET
מחיר: 350 ILS
חזרה לשיחה: https://wa.me/972524033442?text=%D7%A9%D7%9C%D7%95%D7%9D%2C%20%D7%90%D7%A0%D7%99%20%D7%A8%D7%95%D7%A6%D7%94%20%D7%9C%D7%94%D7%96%D7%9E%D7%99%D7%9F%20%D7%90%D7%AA%20%D7%94%D7%9E%D7%95%D7%A6%D7%A8%20SEA%20LIGHET",https://wa.me/972524033442?text=%D7%A9%D7%9C%D7%95%D7%9D%2C%20%D7%90%D7%A0%D7%99%20%D7%A8%D7%95%D7%A6%D7%94%20%D7%9C%D7%94%D7%96%D7%9E%D7%99%D7%9F%20%D7%90%D7%AA%20%D7%94%D7%9E%D7%95%D7%A6%D7%A8%20SEA%20LIGHET,https://madperfume.co.il/?app=product.show.324,https://www.mad-parfumeur.com/respondio-catalog/og/he/p-324-sea-lighet.jpg?v=20260731-4,https://madperfume.co.il/upload/01-2026/product/697a42afcf6db.png
he,DETOX,Delox Tiziana Terenzi,בשמי נישה גברים,300,https://www.mad-parfumeur.com/respondio-catalog/wa/he/p-327-detox.html?v=20260731-4,https://www.mad-parfumeur.com/respondio-catalog/media/he/p-327-detox.jpg?v=20260731-4,"Delox Tiziana Terenzi
קוד: DETOX
מחיר: 300 ILS
חזרה לשיחה: https://wa.me/972524033442?text=%D7%A9%D7%9C%D7%95%D7%9D%2C%20%D7%90%D7%A0%D7%99%20%D7%A8%D7%95%D7%A6%D7%94%20%D7%9C%D7%94%D7%96%D7%9E%D7%99%D7%9F%20%D7%90%D7%AA%20%D7%94%D7%9E%D7%95%D7%A6%D7%A8%20DETOX",https://wa.me/972524033442?text=%D7%A9%D7%9C%D7%95%D7%9D%2C%20%D7%90%D7%A0%D7%99%20%D7%A8%D7%95%D7%A6%D7%94%20%D7%9C%D7%94%D7%96%D7%9E%D7%99%D7%9F%20%D7%90%D7%AA%20%D7%94%D7%9E%D7%95%D7%A6%D7%A8%20DETOX,https://madperfume.co.il/?app=product.show.327,https://www.mad-parfumeur.com/respondio-catalog/og/he/p-327-detox.jpg?v=20260731-4,https://madperfume.co.il/upload/01-2026/product/69794e20da06b.png
he,MALIK,Escentric 02 Escentric Molecules,בשמי נישה גברים,300,https://www.mad-parfumeur.com/respondio-catalog/wa/he/p-328-malik.html?v=20260731-4,https://www.mad-parfumeur.com/respondio-catalog/media/he/p-328-malik.jpg?v=20260731-4,"Escentric 02 Escentric Molecules
קוד: MALIK
מחיר: 300 ILS
חזרה לשיחה: https://wa.me/972524033442?text=%D7%A9%D7%9C%D7%95%D7%9D%2C%20%D7%90%D7%A0%D7%99%20%D7%A8%D7%95%D7%A6%D7%94%20%D7%9C%D7%94%D7%96%D7%9E%D7%99%D7%9F%20%D7%90%D7%AA%20%D7%94%D7%9E%D7%95%D7%A6%D7%A8%20MALIK",https://wa.me/972524033442?text=%D7%A9%D7%9C%D7%95%D7%9D%2C%20%D7%90%D7%A0%D7%99%20%D7%A8%D7%95%D7%A6%D7%94%20%D7%9C%D7%94%D7%96%D7%9E%D7%99%D7%9F%20%D7%90%D7%AA%20%D7%94%D7%9E%D7%95%D7%A6%D7%A8%20MALIK,https://madperfume.co.il/?app=product.show.328,https://www.mad-parfumeur.com/respondio-catalog/og/he/p-328-malik.jpg?v=20260731-4,https://madperfume.co.il/upload/03-2026/product/IMG_0298.jpeg
he,W150 W183 L103,W150 W183 L103,מבצעים גברים,300,https://www.mad-parfumeur.com/respondio-catalog/wa/he/p-349-w150-w183-l103.html?v=20260731-4,https://www.mad-parfumeur.com/respondio-catalog/media/he/p-349-w150-w183-l103.jpg?v=20260731-4,"W150 W183 L103
קוד: W150 W183 L103
מחיר: 300 ILS
חזרה לשיחה: https://wa.me/972524033442?text=%D7%A9%D7%9C%D7%95%D7%9D%2C%20%D7%90%D7%A0%D7%99%20%D7%A8%D7%95%D7%A6%D7%94%20%D7%9C%D7%94%D7%96%D7%9E%D7%99%D7%9F%20%D7%90%D7%AA%20%D7%94%D7%9E%D7%95%D7%A6%D7%A8%20W150%20W183%20L103",https://wa.me/972524033442?text=%D7%A9%D7%9C%D7%95%D7%9D%2C%20%D7%90%D7%A0%D7%99%20%D7%A8%D7%95%D7%A6%D7%94%20%D7%9C%D7%94%D7%96%D7%9E%D7%99%D7%9F%20%D7%90%D7%AA%20%D7%94%D7%9E%D7%95%D7%A6%D7%A8%20W150%20W183%20L103,https://madperfume.co.il/?app=product.show.349,https://www.mad-parfumeur.com/respondio-catalog/og/he/p-349-w150-w183-l103.jpg?v=20260731-4,https://madperfume.co.il/upload/05-2024/product/donia3.jpg
he,L103 W183 l104,L103 W183 l104,מבצעים גברים,300,https://www.mad-parfumeur.com/respondio-catalog/wa/he/p-350-l103-w183-l104.html?v=20260731-4,https://www.mad-parfumeur.com/respondio-catalog/media/he/p-350-l103-w183-l104.jpg?v=20260731-4,"L103 W183 l104
קוד: L103 W183 l104
מחיר: 300 ILS
חזרה לשיחה: https://wa.me/972524033442?text=%D7%A9%D7%9C%D7%95%D7%9D%2C%20%D7%90%D7%A0%D7%99%20%D7%A8%D7%95%D7%A6%D7%94%20%D7%9C%D7%94%D7%96%D7%9E%D7%99%D7%9F%20%D7%90%D7%AA%20%D7%94%D7%9E%D7%95%D7%A6%D7%A8%20L103%20W183%20l104",https://wa.me/972524033442?text=%D7%A9%D7%9C%D7%95%D7%9D%2C%20%D7%90%D7%A0%D7%99%20%D7%A8%D7%95%D7%A6%D7%94%20%D7%9C%D7%94%D7%96%D7%9E%D7%99%D7%9F%20%D7%90%D7%AA%20%D7%94%D7%9E%D7%95%D7%A6%D7%A8%20L103%20W183%20l104,https://madperfume.co.il/?app=product.show.350,https://www.mad-parfumeur.com/respondio-catalog/og/he/p-350-l103-w183-l104.jpg?v=20260731-4,https://madperfume.co.il/upload/05-2024/product/663f688b4aaf6.jpg
he,i101 W183 L103,i101 W183 L103,מבצעים גברים,300,https://www.mad-parfumeur.com/respondio-catalog/wa/he/p-351-i101-w183-l103.html?v=20260731-4,https://www.mad-parfumeur.com/respondio-catalog/media/he/p-351-i101-w183-l103.jpg?v=20260731-4,"i101 W183 L103
קוד: i101 W183 L103
מחיר: 300 ILS
חזרה לשיחה: https://wa.me/972524033442?text=%D7%A9%D7%9C%D7%95%D7%9D%2C%20%D7%90%D7%A0%D7%99%20%D7%A8%D7%95%D7%A6%D7%94%20%D7%9C%D7%94%D7%96%D7%9E%D7%99%D7%9F%20%D7%90%D7%AA%20%D7%94%D7%9E%D7%95%D7%A6%D7%A8%20i101%20W183%20L103",https://wa.me/972524033442?text=%D7%A9%D7%9C%D7%95%D7%9D%2C%20%D7%90%D7%A0%D7%99%20%D7%A8%D7%95%D7%A6%D7%94%20%D7%9C%D7%94%D7%96%D7%9E%D7%99%D7%9F%20%D7%90%D7%AA%20%D7%94%D7%9E%D7%95%D7%A6%D7%A8%20i101%20W183%20L103,https://madperfume.co.il/?app=product.show.351,https://www.mad-parfumeur.com/respondio-catalog/og/he/p-351-i101-w183-l103.jpg?v=20260731-4,https://madperfume.co.il/upload/05-2024/product/663f6c94856c9.jpg
he,i101 W183 W190 L103 T109,i101 W183 W190 L103 T109,מבצעים גברים,500,https://www.mad-parfumeur.com/respondio-catalog/wa/he/p-353-i101-w183-w190-l103-t109.html?v=20260731-4,https://www.mad-parfumeur.com/respondio-catalog/media/he/p-353-i101-w183-w190-l103-t109.jpg?v=20260731-4,"i101 W183 W190 L103 T109
קוד: i101 W183 W190 L103 T109
מחיר: 500 ILS
חזרה לשיחה: https://wa.me/972524033442?text=%D7%A9%D7%9C%D7%95%D7%9D%2C%20%D7%90%D7%A0%D7%99%20%D7%A8%D7%95%D7%A6%D7%94%20%D7%9C%D7%94%D7%96%D7%9E%D7%99%D7%9F%20%D7%90%D7%AA%20%D7%94%D7%9E%D7%95%D7%A6%D7%A8%20i101%20W183%20W190%20L103%20T109",https://wa.me/972524033442?text=%D7%A9%D7%9C%D7%95%D7%9D%2C%20%D7%90%D7%A0%D7%99%20%D7%A8%D7%95%D7%A6%D7%94%20%D7%9C%D7%94%D7%96%D7%9E%D7%99%D7%9F%20%D7%90%D7%AA%20%D7%94%D7%9E%D7%95%D7%A6%D7%A8%20i101%20W183%20W190%20L103%20T109,https://madperfume.co.il/?app=product.show.353,https://www.mad-parfumeur.com/respondio-catalog/og/he/p-353-i101-w183-w190-l103-t109.jpg?v=20260731-4,https://madperfume.co.il/upload/02-2026/product/699df3215786e.png
he,Dependence,Bitter Peach Tom Ford,בשמי נישה גברים,190,https://www.mad-parfumeur.com/respondio-catalog/wa/he/p-434-dependence.html?v=20260731-4,https://www.mad-parfumeur.com/respondio-catalog/media/he/p-434-dependence.jpg?v=20260731-4,"Bitter Peach Tom Ford
קוד: Dependence
מחיר: 190 ILS
חזרה לשיחה: https://wa.me/972524033442?text=%D7%A9%D7%9C%D7%95%D7%9D%2C%20%D7%90%D7%A0%D7%99%20%D7%A8%D7%95%D7%A6%D7%94%20%D7%9C%D7%94%D7%96%D7%9E%D7%99%D7%9F%20%D7%90%D7%AA%20%D7%94%D7%9E%D7%95%D7%A6%D7%A8%20Dependence",https://wa.me/972524033442?text=%D7%A9%D7%9C%D7%95%D7%9D%2C%20%D7%90%D7%A0%D7%99%20%D7%A8%D7%95%D7%A6%D7%94%20%D7%9C%D7%94%D7%96%D7%9E%D7%99%D7%9F%20%D7%90%D7%AA%20%D7%94%D7%9E%D7%95%D7%A6%D7%A8%20Dependence,https://madperfume.co.il/?app=product.show.434,https://www.mad-parfumeur.com/respondio-catalog/og/he/p-434-dependence.jpg?v=20260731-4,https://madperfume.co.il/upload/03-2026/product/IMG_0300.jpeg
he,D116,Q by Dolce & Gabbana,בשמי נשים,100,https://www.mad-parfumeur.com/respondio-catalog/wa/he/p-459-d116.html?v=20260731-4,https://www.mad-parfumeur.com/respondio-catalog/media/he/p-459-d116.jpg?v=20260731-4,"Q by Dolce & Gabbana
קוד: D116
מחיר: 100 ILS
חזרה לשיחה: https://wa.me/972524033442?text=%D7%A9%D7%9C%D7%95%D7%9D%2C%20%D7%90%D7%A0%D7%99%20%D7%A8%D7%95%D7%A6%D7%94%20%D7%9C%D7%94%D7%96%D7%9E%D7%99%D7%9F%20%D7%90%D7%AA%20%D7%94%D7%9E%D7%95%D7%A6%D7%A8%20D116",https://wa.me/972524033442?text=%D7%A9%D7%9C%D7%95%D7%9D%2C%20%D7%90%D7%A0%D7%99%20%D7%A8%D7%95%D7%A6%D7%94%20%D7%9C%D7%94%D7%96%D7%9E%D7%99%D7%9F%20%D7%90%D7%AA%20%D7%94%D7%9E%D7%95%D7%A6%D7%A8%20D116,https://madperfume.co.il/?app=product.show.459,https://www.mad-parfumeur.com/respondio-catalog/og/he/p-459-d116.jpg?v=20260731-4,https://madperfume.co.il/upload/06-2025/product/6850195e481ce.png
he,W198,Egoiste Platinum Chanel,בשמי גברים,100,https://www.mad-parfumeur.com/respondio-catalog/wa/he/p-462-w198.html?v=20260731-4,https://www.mad-parfumeur.com/respondio-catalog/media/he/p-462-w198.jpg?v=20260731-4,"Egoiste Platinum Chanel
קוד: W198
מחיר: 100 ILS
חזרה לשיחה: https://wa.me/972524033442?text=%D7%A9%D7%9C%D7%95%D7%9D%2C%20%D7%90%D7%A0%D7%99%20%D7%A8%D7%95%D7%A6%D7%94%20%D7%9C%D7%94%D7%96%D7%9E%D7%99%D7%9F%20%D7%90%D7%AA%20%D7%94%D7%9E%D7%95%D7%A6%D7%A8%20W198",https://wa.me/972524033442?text=%D7%A9%D7%9C%D7%95%D7%9D%2C%20%D7%90%D7%A0%D7%99%20%D7%A8%D7%95%D7%A6%D7%94%20%D7%9C%D7%94%D7%96%D7%9E%D7%99%D7%9F%20%D7%90%D7%AA%20%D7%94%D7%9E%D7%95%D7%A6%D7%A8%20W198,https://madperfume.co.il/?app=product.show.462,https://www.mad-parfumeur.com/respondio-catalog/og/he/p-462-w198.jpg?v=20260731-4,https://madperfume.co.il/upload/06-2025/product/6852ccaa0e1ec.png
he,D101,Cool Water Davidoff,בשמי נשים,100,https://www.mad-parfumeur.com/respondio-catalog/wa/he/p-464-d101.html?v=20260731-4,https://www.mad-parfumeur.com/respondio-catalog/media/he/p-464-d101.jpg?v=20260731-4,"Cool Water Davidoff
קוד: D101
מחיר: 100 ILS
חזרה לשיחה: https://wa.me/972524033442?text=%D7%A9%D7%9C%D7%95%D7%9D%2C%20%D7%90%D7%A0%D7%99%20%D7%A8%D7%95%D7%A6%D7%94%20%D7%9C%D7%94%D7%96%D7%9E%D7%99%D7%9F%20%D7%90%D7%AA%20%D7%94%D7%9E%D7%95%D7%A6%D7%A8%20D101",https://wa.me/972524033442?text=%D7%A9%D7%9C%D7%95%D7%9D%2C%20%D7%90%D7%A0%D7%99%20%D7%A8%D7%95%D7%A6%D7%94%20%D7%9C%D7%94%D7%96%D7%9E%D7%99%D7%9F%20%D7%90%D7%AA%20%D7%94%D7%9E%D7%95%D7%A6%D7%A8%20D101,https://madperfume.co.il/?app=product.show.464,https://www.mad-parfumeur.com/respondio-catalog/og/he/p-464-d101.jpg?v=20260731-4,https://madperfume.co.il/upload/06-2025/product/68501e7e19c60.png
he,E117,Escada Magnetism Escada,בשמי נשים,100,https://www.mad-parfumeur.com/respondio-catalog/wa/he/p-465-e117.html?v=20260731-4,https://www.mad-parfumeur.com/respondio-catalog/media/he/p-465-e117.jpg?v=20260731-4,"Escada Magnetism Escada
קוד: E117
מחיר: 100 ILS
חזרה לשיחה: https://wa.me/972524033442?text=%D7%A9%D7%9C%D7%95%D7%9D%2C%20%D7%90%D7%A0%D7%99%20%D7%A8%D7%95%D7%A6%D7%94%20%D7%9C%D7%94%D7%96%D7%9E%D7%99%D7%9F%20%D7%90%D7%AA%20%D7%94%D7%9E%D7%95%D7%A6%D7%A8%20E117",https://wa.me/972524033442?text=%D7%A9%D7%9C%D7%95%D7%9D%2C%20%D7%90%D7%A0%D7%99%20%D7%A8%D7%95%D7%A6%D7%94%20%D7%9C%D7%94%D7%96%D7%9E%D7%99%D7%9F%20%D7%90%D7%AA%20%D7%94%D7%9E%D7%95%D7%A6%D7%A8%20E117,https://madperfume.co.il/?app=product.show.465,https://www.mad-parfumeur.com/respondio-catalog/og/he/p-465-e117.jpg?v=20260731-4,https://madperfume.co.il/upload/01-2026/product/697e4d77b862c.png
he,Rouge Empreisa,Empressa Penhaligon's,בשמי נישה נשים,300,https://www.mad-parfumeur.com/respondio-catalog/wa/he/p-466-rouge-empreisa.html?v=20260731-4,https://www.mad-parfumeur.com/respondio-catalog/media/he/p-466-rouge-empreisa.jpg?v=20260731-4,"Empressa Penhaligon's
קוד: Rouge Empreisa
מחיר: 300 ILS
חזרה לשיחה: https://wa.me/972524033442?text=%D7%A9%D7%9C%D7%95%D7%9D%2C%20%D7%90%D7%A0%D7%99%20%D7%A8%D7%95%D7%A6%D7%94%20%D7%9C%D7%94%D7%96%D7%9E%D7%99%D7%9F%20%D7%90%D7%AA%20%D7%94%D7%9E%D7%95%D7%A6%D7%A8%20Rouge%20Empreisa",https://wa.me/972524033442?text=%D7%A9%D7%9C%D7%95%D7%9D%2C%20%D7%90%D7%A0%D7%99%20%D7%A8%D7%95%D7%A6%D7%94%20%D7%9C%D7%94%D7%96%D7%9E%D7%99%D7%9F%20%D7%90%D7%AA%20%D7%94%D7%9E%D7%95%D7%A6%D7%A8%20Rouge%20Empreisa,https://madperfume.co.il/?app=product.show.466,https://www.mad-parfumeur.com/respondio-catalog/og/he/p-466-rouge-empreisa.jpg?v=20260731-4,https://madperfume.co.il/upload/01-2026/product/69796280986b3.png
he,Bruno Casanova,Casanova Tiziana Terenzi,בשמי נישה גברים,300,https://www.mad-parfumeur.com/respondio-catalog/wa/he/p-467-bruno-casanova.html?v=20260731-4,https://www.mad-parfumeur.com/respondio-catalog/media/he/p-467-bruno-casanova.jpg?v=20260731-4,"Casanova Tiziana Terenzi
קוד: Bruno Casanova
מחיר: 300 ILS
חזרה לשיחה: https://wa.me/972524033442?text=%D7%A9%D7%9C%D7%95%D7%9D%2C%20%D7%90%D7%A0%D7%99%20%D7%A8%D7%95%D7%A6%D7%94%20%D7%9C%D7%94%D7%96%D7%9E%D7%99%D7%9F%20%D7%90%D7%AA%20%D7%94%D7%9E%D7%95%D7%A6%D7%A8%20Bruno%20Casanova",https://wa.me/972524033442?text=%D7%A9%D7%9C%D7%95%D7%9D%2C%20%D7%90%D7%A0%D7%99%20%D7%A8%D7%95%D7%A6%D7%94%20%D7%9C%D7%94%D7%96%D7%9E%D7%99%D7%9F%20%D7%90%D7%AA%20%D7%94%D7%9E%D7%95%D7%A6%D7%A8%20Bruno%20Casanova,https://madperfume.co.il/?app=product.show.467,https://www.mad-parfumeur.com/respondio-catalog/og/he/p-467-bruno-casanova.jpg?v=20260731-4,https://madperfume.co.il/upload/01-2026/product/69794d7e6f248.png
he,Bruno Exotic,Amyris Homme Maison Francis Kurkdjian,בשמי נישה גברים,300,https://www.mad-parfumeur.com/respondio-catalog/wa/he/p-468-bruno-exotic.html?v=20260731-4,https://www.mad-parfumeur.com/respondio-catalog/media/he/p-468-bruno-exotic.jpg?v=20260731-4,"Amyris Homme Maison Francis Kurkdjian
קוד: Bruno Exotic
מחיר: 300 ILS
חזרה לשיחה: https://wa.me/972524033442?text=%D7%A9%D7%9C%D7%95%D7%9D%2C%20%D7%90%D7%A0%D7%99%20%D7%A8%D7%95%D7%A6%D7%94%20%D7%9C%D7%94%D7%96%D7%9E%D7%99%D7%9F%20%D7%90%D7%AA%20%D7%94%D7%9E%D7%95%D7%A6%D7%A8%20Bruno%20Exotic",https://wa.me/972524033442?text=%D7%A9%D7%9C%D7%95%D7%9D%2C%20%D7%90%D7%A0%D7%99%20%D7%A8%D7%95%D7%A6%D7%94%20%D7%9C%D7%94%D7%96%D7%9E%D7%99%D7%9F%20%D7%90%D7%AA%20%D7%94%D7%9E%D7%95%D7%A6%D7%A8%20Bruno%20Exotic,https://madperfume.co.il/?app=product.show.468,https://www.mad-parfumeur.com/respondio-catalog/og/he/p-468-bruno-exotic.jpg?v=20260731-4,https://madperfume.co.il/upload/01-2026/product/69794cbdb99ce.png
he,Mad Absolutely,Modern Muse Nuit Estée Lauder,בשמי נישה גברים,300,https://www.mad-parfumeur.com/respondio-catalog/wa/he/p-469-mad-absolutely.html?v=20260731-4,https://www.mad-parfumeur.com/respondio-catalog/media/he/p-469-mad-absolutely.jpg?v=20260731-4,"Modern Muse Nuit Estée Lauder
קוד: Mad Absolutely
מחיר: 300 ILS
חזרה לשיחה: https://wa.me/972524033442?text=%D7%A9%D7%9C%D7%95%D7%9D%2C%20%D7%90%D7%A0%D7%99%20%D7%A8%D7%95%D7%A6%D7%94%20%D7%9C%D7%94%D7%96%D7%9E%D7%99%D7%9F%20%D7%90%D7%AA%20%D7%94%D7%9E%D7%95%D7%A6%D7%A8%20Mad%20Absolutely",https://wa.me/972524033442?text=%D7%A9%D7%9C%D7%95%D7%9D%2C%20%D7%90%D7%A0%D7%99%20%D7%A8%D7%95%D7%A6%D7%94%20%D7%9C%D7%94%D7%96%D7%9E%D7%99%D7%9F%20%D7%90%D7%AA%20%D7%94%D7%9E%D7%95%D7%A6%D7%A8%20Mad%20Absolutely,https://madperfume.co.il/?app=product.show.469,https://www.mad-parfumeur.com/respondio-catalog/og/he/p-469-mad-absolutely.jpg?v=20260731-4,https://madperfume.co.il/upload/01-2026/product/69794b8ce59ea.png
he,Sweet Bouquet,Delina Parfums de Marly,בשמי נישה נשים,300,https://www.mad-parfumeur.com/respondio-catalog/wa/he/p-470-sweet-bouquet.html?v=20260731-4,https://www.mad-parfumeur.com/respondio-catalog/media/he/p-470-sweet-bouquet.jpg?v=20260731-4,"Delina Parfums de Marly
קוד: Sweet Bouquet
מחיר: 300 ILS
חזרה לשיחה: https://wa.me/972524033442?text=%D7%A9%D7%9C%D7%95%D7%9D%2C%20%D7%90%D7%A0%D7%99%20%D7%A8%D7%95%D7%A6%D7%94%20%D7%9C%D7%94%D7%96%D7%9E%D7%99%D7%9F%20%D7%90%D7%AA%20%D7%94%D7%9E%D7%95%D7%A6%D7%A8%20Sweet%20Bouquet",https://wa.me/972524033442?text=%D7%A9%D7%9C%D7%95%D7%9D%2C%20%D7%90%D7%A0%D7%99%20%D7%A8%D7%95%D7%A6%D7%94%20%D7%9C%D7%94%D7%96%D7%9E%D7%99%D7%9F%20%D7%90%D7%AA%20%D7%94%D7%9E%D7%95%D7%A6%D7%A8%20Sweet%20Bouquet,https://madperfume.co.il/?app=product.show.470,https://www.mad-parfumeur.com/respondio-catalog/og/he/p-470-sweet-bouquet.jpg?v=20260731-4,https://madperfume.co.il/upload/01-2026/product/69795fb77d659.png
he,V101,Scandalous Victoria's Secret,בשמי נשים,100,https://www.mad-parfumeur.com/respondio-catalog/wa/he/p-476-v101.html?v=20260731-4,https://www.mad-parfumeur.com/respondio-catalog/media/he/p-476-v101.jpg?v=20260731-4,"Scandalous Victoria's Secret
קוד: V101
מחיר: 100 ILS
חזרה לשיחה: https://wa.me/972524033442?text=%D7%A9%D7%9C%D7%95%D7%9D%2C%20%D7%90%D7%A0%D7%99%20%D7%A8%D7%95%D7%A6%D7%94%20%D7%9C%D7%94%D7%96%D7%9E%D7%99%D7%9F%20%D7%90%D7%AA%20%D7%94%D7%9E%D7%95%D7%A6%D7%A8%20V101",https://wa.me/972524033442?text=%D7%A9%D7%9C%D7%95%D7%9D%2C%20%D7%90%D7%A0%D7%99%20%D7%A8%D7%95%D7%A6%D7%94%20%D7%9C%D7%94%D7%96%D7%9E%D7%99%D7%9F%20%D7%90%D7%AA%20%D7%94%D7%9E%D7%95%D7%A6%D7%A8%20V101,https://madperfume.co.il/?app=product.show.476,https://www.mad-parfumeur.com/respondio-catalog/og/he/p-476-v101.jpg?v=20260731-4,https://madperfume.co.il/upload/01-2026/product/697e4e2adba70.png
he,G110,Flora Gorgeous Gardenia Gucci,בשמי נשים,100,https://www.mad-parfumeur.com/respondio-catalog/wa/he/p-502-g110.html?v=20260731-4,https://www.mad-parfumeur.com/respondio-catalog/media/he/p-502-g110.jpg?v=20260731-4,"Flora Gorgeous Gardenia Gucci
קוד: G110
מחיר: 100 ILS
חזרה לשיחה: https://wa.me/972524033442?text=%D7%A9%D7%9C%D7%95%D7%9D%2C%20%D7%90%D7%A0%D7%99%20%D7%A8%D7%95%D7%A6%D7%94%20%D7%9C%D7%94%D7%96%D7%9E%D7%99%D7%9F%20%D7%90%D7%AA%20%D7%94%D7%9E%D7%95%D7%A6%D7%A8%20G110",https://wa.me/972524033442?text=%D7%A9%D7%9C%D7%95%D7%9D%2C%20%D7%90%D7%A0%D7%99%20%D7%A8%D7%95%D7%A6%D7%94%20%D7%9C%D7%94%D7%96%D7%9E%D7%99%D7%9F%20%D7%90%D7%AA%20%D7%94%D7%9E%D7%95%D7%A6%D7%A8%20G110,https://madperfume.co.il/?app=product.show.502,https://www.mad-parfumeur.com/respondio-catalog/og/he/p-502-g110.jpg?v=20260731-4,https://madperfume.co.il/upload/06-2025/product/68501838f189c.png
he,G111,Good Girl Blush Carolina Herrera,בשמי נשים,100,https://www.mad-parfumeur.com/respondio-catalog/wa/he/p-503-g111.html?v=20260731-4,https://www.mad-parfumeur.com/respondio-catalog/media/he/p-503-g111.jpg?v=20260731-4,"Good Girl Blush Carolina Herrera
קוד: G111
מחיר: 100 ILS
חזרה לשיחה: https://wa.me/972524033442?text=%D7%A9%D7%9C%D7%95%D7%9D%2C%20%D7%90%D7%A0%D7%99%20%D7%A8%D7%95%D7%A6%D7%94%20%D7%9C%D7%94%D7%96%D7%9E%D7%99%D7%9F%20%D7%90%D7%AA%20%D7%94%D7%9E%D7%95%D7%A6%D7%A8%20G111",https://wa.me/972524033442?text=%D7%A9%D7%9C%D7%95%D7%9D%2C%20%D7%90%D7%A0%D7%99%20%D7%A8%D7%95%D7%A6%D7%94%20%D7%9C%D7%94%D7%96%D7%9E%D7%99%D7%9F%20%D7%90%D7%AA%20%D7%94%D7%9E%D7%95%D7%A6%D7%A8%20G111,https://madperfume.co.il/?app=product.show.503,https://www.mad-parfumeur.com/respondio-catalog/og/he/p-503-g111.jpg?v=20260731-4,https://madperfume.co.il/upload/06-2025/product/68501b3e6abff.png
he,G109,La Petite Robe Noire Guerlain,בשמי נשים,100,https://www.mad-parfumeur.com/respondio-catalog/wa/he/p-504-g109.html?v=20260731-4,https://www.mad-parfumeur.com/respondio-catalog/media/he/p-504-g109.jpg?v=20260731-4,"La Petite Robe Noire Guerlain
קוד: G109
מחיר: 100 ILS
חזרה לשיחה: https://wa.me/972524033442?text=%D7%A9%D7%9C%D7%95%D7%9D%2C%20%D7%90%D7%A0%D7%99%20%D7%A8%D7%95%D7%A6%D7%94%20%D7%9C%D7%94%D7%96%D7%9E%D7%99%D7%9F%20%D7%90%D7%AA%20%D7%94%D7%9E%D7%95%D7%A6%D7%A8%20G109",https://wa.me/972524033442?text=%D7%A9%D7%9C%D7%95%D7%9D%2C%20%D7%90%D7%A0%D7%99%20%D7%A8%D7%95%D7%A6%D7%94%20%D7%9C%D7%94%D7%96%D7%9E%D7%99%D7%9F%20%D7%90%D7%AA%20%D7%94%D7%9E%D7%95%D7%A6%D7%A8%20G109,https://madperfume.co.il/?app=product.show.504,https://www.mad-parfumeur.com/respondio-catalog/og/he/p-504-g109.jpg?v=20260731-4,https://madperfume.co.il/upload/06-2025/product/68501a1f6631a.png
he,G103,Intense Oud – Gucci,בשמי גברים,150,https://www.mad-parfumeur.com/respondio-catalog/wa/he/p-505-g103.html?v=20260731-4,https://www.mad-parfumeur.com/respondio-catalog/media/he/p-505-g103.jpg?v=20260731-4,"Intense Oud – Gucci
קוד: G103
מחיר: 150 ILS
חזרה לשיחה: https://wa.me/972524033442?text=%D7%A9%D7%9C%D7%95%D7%9D%2C%20%D7%90%D7%A0%D7%99%20%D7%A8%D7%95%D7%A6%D7%94%20%D7%9C%D7%94%D7%96%D7%9E%D7%99%D7%9F%20%D7%90%D7%AA%20%D7%94%D7%9E%D7%95%D7%A6%D7%A8%20G103",https://wa.me/972524033442?text=%D7%A9%D7%9C%D7%95%D7%9D%2C%20%D7%90%D7%A0%D7%99%20%D7%A8%D7%95%D7%A6%D7%94%20%D7%9C%D7%94%D7%96%D7%9E%D7%99%D7%9F%20%D7%90%D7%AA%20%D7%94%D7%9E%D7%95%D7%A6%D7%A8%20G103,https://madperfume.co.il/?app=product.show.505,https://www.mad-parfumeur.com/respondio-catalog/og/he/p-505-g103.jpg?v=20260731-4,https://madperfume.co.il/upload/06-2025/product/684eadefbc37f.png
he,Q118,Costa Azzurra Acqua Tom Ford,בשמי גברים,150,https://www.mad-parfumeur.com/respondio-catalog/wa/he/p-507-q118.html?v=20260731-4,https://www.mad-parfumeur.com/respondio-catalog/media/he/p-507-q118.jpg?v=20260731-4,"Costa Azzurra Acqua Tom Ford
קוד: Q118
מחיר: 150 ILS
חזרה לשיחה: https://wa.me/972524033442?text=%D7%A9%D7%9C%D7%95%D7%9D%2C%20%D7%90%D7%A0%D7%99%20%D7%A8%D7%95%D7%A6%D7%94%20%D7%9C%D7%94%D7%96%D7%9E%D7%99%D7%9F%20%D7%90%D7%AA%20%D7%94%D7%9E%D7%95%D7%A6%D7%A8%20Q118",https://wa.me/972524033442?text=%D7%A9%D7%9C%D7%95%D7%9D%2C%20%D7%90%D7%A0%D7%99%20%D7%A8%D7%95%D7%A6%D7%94%20%D7%9C%D7%94%D7%96%D7%9E%D7%99%D7%9F%20%D7%90%D7%AA%20%D7%94%D7%9E%D7%95%D7%A6%D7%A8%20Q118,https://madperfume.co.il/?app=product.show.507,https://www.mad-parfumeur.com/respondio-catalog/og/he/p-507-q118.jpg?v=20260731-4,https://madperfume.co.il/upload/06-2025/product/684eb3bf4608d.png
he,Q121,Chaos – Vertus,בשמי גברים,150,https://www.mad-parfumeur.com/respondio-catalog/wa/he/p-508-q121.html?v=20260731-4,https://www.mad-parfumeur.com/respondio-catalog/media/he/p-508-q121.jpg?v=20260731-4,"Chaos – Vertus
קוד: Q121
מחיר: 150 ILS
חזרה לשיחה: https://wa.me/972524033442?text=%D7%A9%D7%9C%D7%95%D7%9D%2C%20%D7%90%D7%A0%D7%99%20%D7%A8%D7%95%D7%A6%D7%94%20%D7%9C%D7%94%D7%96%D7%9E%D7%99%D7%9F%20%D7%90%D7%AA%20%D7%94%D7%9E%D7%95%D7%A6%D7%A8%20Q121",https://wa.me/972524033442?text=%D7%A9%D7%9C%D7%95%D7%9D%2C%20%D7%90%D7%A0%D7%99%20%D7%A8%D7%95%D7%A6%D7%94%20%D7%9C%D7%94%D7%96%D7%9E%D7%99%D7%9F%20%D7%90%D7%AA%20%D7%94%D7%9E%D7%95%D7%A6%D7%A8%20Q121,https://madperfume.co.il/?app=product.show.508,https://www.mad-parfumeur.com/respondio-catalog/og/he/p-508-q121.jpg?v=20260731-4,https://madperfume.co.il/upload/06-2025/product/684eb235951ce.png
he,Q120,ANKA – Vertus,בשמי גברים,150,https://www.mad-parfumeur.com/respondio-catalog/wa/he/p-509-q120.html?v=20260731-4,https://www.mad-parfumeur.com/respondio-catalog/media/he/p-509-q120.jpg?v=20260731-4,"ANKA – Vertus
קוד: Q120
מחיר: 150 ILS
חזרה לשיחה: https://wa.me/972524033442?text=%D7%A9%D7%9C%D7%95%D7%9D%2C%20%D7%90%D7%A0%D7%99%20%D7%A8%D7%95%D7%A6%D7%94%20%D7%9C%D7%94%D7%96%D7%9E%D7%99%D7%9F%20%D7%90%D7%AA%20%D7%94%D7%9E%D7%95%D7%A6%D7%A8%20Q120",https://wa.me/972524033442?text=%D7%A9%D7%9C%D7%95%D7%9D%2C%20%D7%90%D7%A0%D7%99%20%D7%A8%D7%95%D7%A6%D7%94%20%D7%9C%D7%94%D7%96%D7%9E%D7%99%D7%9F%20%D7%90%D7%AA%20%D7%94%D7%9E%D7%95%D7%A6%D7%A8%20Q120,https://madperfume.co.il/?app=product.show.509,https://www.mad-parfumeur.com/respondio-catalog/og/he/p-509-q120.jpg?v=20260731-4,https://madperfume.co.il/upload/06-2025/product/684ead0679e07.png
he,C122,PARIS CHANEL,בשמי נשים,150,https://www.mad-parfumeur.com/respondio-catalog/wa/he/p-510-c122.html?v=20260731-4,https://www.mad-parfumeur.com/respondio-catalog/media/he/p-510-c122.jpg?v=20260731-4,"PARIS CHANEL
קוד: C122
מחיר: 150 ILS
חזרה לשיחה: https://wa.me/972524033442?text=%D7%A9%D7%9C%D7%95%D7%9D%2C%20%D7%90%D7%A0%D7%99%20%D7%A8%D7%95%D7%A6%D7%94%20%D7%9C%D7%94%D7%96%D7%9E%D7%99%D7%9F%20%D7%90%D7%AA%20%D7%94%D7%9E%D7%95%D7%A6%D7%A8%20C122",https://wa.me/972524033442?text=%D7%A9%D7%9C%D7%95%D7%9D%2C%20%D7%90%D7%A0%D7%99%20%D7%A8%D7%95%D7%A6%D7%94%20%D7%9C%D7%94%D7%96%D7%9E%D7%99%D7%9F%20%D7%90%D7%AA%20%D7%94%D7%9E%D7%95%D7%A6%D7%A8%20C122,https://madperfume.co.il/?app=product.show.510,https://www.mad-parfumeur.com/respondio-catalog/og/he/p-510-c122.jpg?v=20260731-4,https://madperfume.co.il/upload/06-2025/product/68500cc1a89a5.png
he,Q110,Ombré Leather (2018) – Tom Ford,בשמי גברים,100,https://www.mad-parfumeur.com/respondio-catalog/wa/he/p-516-q110.html?v=20260731-4,https://www.mad-parfumeur.com/respondio-catalog/media/he/p-516-q110.jpg?v=20260731-4,"Ombré Leather (2018) – Tom Ford
קוד: Q110
מחיר: 100 ILS
חזרה לשיחה: https://wa.me/972524033442?text=%D7%A9%D7%9C%D7%95%D7%9D%2C%20%D7%90%D7%A0%D7%99%20%D7%A8%D7%95%D7%A6%D7%94%20%D7%9C%D7%94%D7%96%D7%9E%D7%99%D7%9F%20%D7%90%D7%AA%20%D7%94%D7%9E%D7%95%D7%A6%D7%A8%20Q110",https://wa.me/972524033442?text=%D7%A9%D7%9C%D7%95%D7%9D%2C%20%D7%90%D7%A0%D7%99%20%D7%A8%D7%95%D7%A6%D7%94%20%D7%9C%D7%94%D7%96%D7%9E%D7%99%D7%9F%20%D7%90%D7%AA%20%D7%94%D7%9E%D7%95%D7%A6%D7%A8%20Q110,https://madperfume.co.il/?app=product.show.516,https://www.mad-parfumeur.com/respondio-catalog/og/he/p-516-q110.jpg?v=20260731-4,https://madperfume.co.il/upload/03-2026/product/IMG_0356.jpeg
he,J107,Le Beau Paradise Garden by Jean Paul Gaultier,בשמי גברים,100,https://www.mad-parfumeur.com/respondio-catalog/wa/he/p-517-j107.html?v=20260731-4,https://www.mad-parfumeur.com/respondio-catalog/media/he/p-517-j107.jpg?v=20260731-4,"Le Beau Paradise Garden by Jean Paul Gaultier
קוד: J107
מחיר: 100 ILS
חזרה לשיחה: https://wa.me/972524033442?text=%D7%A9%D7%9C%D7%95%D7%9D%2C%20%D7%90%D7%A0%D7%99%20%D7%A8%D7%95%D7%A6%D7%94%20%D7%9C%D7%94%D7%96%D7%9E%D7%99%D7%9F%20%D7%90%D7%AA%20%D7%94%D7%9E%D7%95%D7%A6%D7%A8%20J107",https://wa.me/972524033442?text=%D7%A9%D7%9C%D7%95%D7%9D%2C%20%D7%90%D7%A0%D7%99%20%D7%A8%D7%95%D7%A6%D7%94%20%D7%9C%D7%94%D7%96%D7%9E%D7%99%D7%9F%20%D7%90%D7%AA%20%D7%94%D7%9E%D7%95%D7%A6%D7%A8%20J107,https://madperfume.co.il/?app=product.show.517,https://www.mad-parfumeur.com/respondio-catalog/og/he/p-517-j107.jpg?v=20260731-4,https://madperfume.co.il/upload/01-2026/product/697e424f3f9d1.png
he,J109,Ultra Male by Jean Paul Gaultier,בשמי גברים,100,https://www.mad-parfumeur.com/respondio-catalog/wa/he/p-518-j109.html?v=20260731-4,https://www.mad-parfumeur.com/respondio-catalog/media/he/p-518-j109.jpg?v=20260731-4,"Ultra Male by Jean Paul Gaultier
קוד: J109
מחיר: 100 ILS
חזרה לשיחה: https://wa.me/972524033442?text=%D7%A9%D7%9C%D7%95%D7%9D%2C%20%D7%90%D7%A0%D7%99%20%D7%A8%D7%95%D7%A6%D7%94%20%D7%9C%D7%94%D7%96%D7%9E%D7%99%D7%9F%20%D7%90%D7%AA%20%D7%94%D7%9E%D7%95%D7%A6%D7%A8%20J109",https://wa.me/972524033442?text=%D7%A9%D7%9C%D7%95%D7%9D%2C%20%D7%90%D7%A0%D7%99%20%D7%A8%D7%95%D7%A6%D7%94%20%D7%9C%D7%94%D7%96%D7%9E%D7%99%D7%9F%20%D7%90%D7%AA%20%D7%94%D7%9E%D7%95%D7%A6%D7%A8%20J109,https://madperfume.co.il/?app=product.show.518,https://www.mad-parfumeur.com/respondio-catalog/og/he/p-518-j109.jpg?v=20260731-4,https://madperfume.co.il/upload/03-2026/product/C211DAB8-A2F9-43D1-9F32-1D026D6F11FF.png
he,D103,K by Dolce & Gabbana Eau de Parfum,בשמי גברים,100,https://www.mad-parfumeur.com/respondio-catalog/wa/he/p-519-d103.html?v=20260731-4,https://www.mad-parfumeur.com/respondio-catalog/media/he/p-519-d103.jpg?v=20260731-4,"K by Dolce & Gabbana Eau de Parfum
קוד: D103
מחיר: 100 ILS
חזרה לשיחה: https://wa.me/972524033442?text=%D7%A9%D7%9C%D7%95%D7%9D%2C%20%D7%90%D7%A0%D7%99%20%D7%A8%D7%95%D7%A6%D7%94%20%D7%9C%D7%94%D7%96%D7%9E%D7%99%D7%9F%20%D7%90%D7%AA%20%D7%94%D7%9E%D7%95%D7%A6%D7%A8%20D103",https://wa.me/972524033442?text=%D7%A9%D7%9C%D7%95%D7%9D%2C%20%D7%90%D7%A0%D7%99%20%D7%A8%D7%95%D7%A6%D7%94%20%D7%9C%D7%94%D7%96%D7%9E%D7%99%D7%9F%20%D7%90%D7%AA%20%D7%94%D7%9E%D7%95%D7%A6%D7%A8%20D103,https://madperfume.co.il/?app=product.show.519,https://www.mad-parfumeur.com/respondio-catalog/og/he/p-519-d103.jpg?v=20260731-4,https://madperfume.co.il/upload/03-2026/product/09CB8564-54F6-47AB-B789-726726BCF976.png
he,Q112,Crush On Me - Unique'e Luxury,בשמי גברים,100,https://www.mad-parfumeur.com/respondio-catalog/wa/he/p-520-q112.html?v=20260731-4,https://www.mad-parfumeur.com/respondio-catalog/media/he/p-520-q112.jpg?v=20260731-4,"Crush On Me - Unique'e Luxury
קוד: Q112
מחיר: 100 ILS
חזרה לשיחה: https://wa.me/972524033442?text=%D7%A9%D7%9C%D7%95%D7%9D%2C%20%D7%90%D7%A0%D7%99%20%D7%A8%D7%95%D7%A6%D7%94%20%D7%9C%D7%94%D7%96%D7%9E%D7%99%D7%9F%20%D7%90%D7%AA%20%D7%94%D7%9E%D7%95%D7%A6%D7%A8%20Q112",https://wa.me/972524033442?text=%D7%A9%D7%9C%D7%95%D7%9D%2C%20%D7%90%D7%A0%D7%99%20%D7%A8%D7%95%D7%A6%D7%94%20%D7%9C%D7%94%D7%96%D7%9E%D7%99%D7%9F%20%D7%90%D7%AA%20%D7%94%D7%9E%D7%95%D7%A6%D7%A8%20Q112,https://madperfume.co.il/?app=product.show.520,https://www.mad-parfumeur.com/respondio-catalog/og/he/p-520-q112.jpg?v=20260731-4,https://madperfume.co.il/upload/03-2026/product/40A7B633-073C-4A2A-B422-66EA69FC36A1.png
he,Q115,Nº4 Neon by Thomas Kosmala,בשמי גברים,100,https://www.mad-parfumeur.com/respondio-catalog/wa/he/p-521-q115.html?v=20260731-4,https://www.mad-parfumeur.com/respondio-catalog/media/he/p-521-q115.jpg?v=20260731-4,"Nº4 Neon by Thomas Kosmala
קוד: Q115
מחיר: 100 ILS
חזרה לשיחה: https://wa.me/972524033442?text=%D7%A9%D7%9C%D7%95%D7%9D%2C%20%D7%90%D7%A0%D7%99%20%D7%A8%D7%95%D7%A6%D7%94%20%D7%9C%D7%94%D7%96%D7%9E%D7%99%D7%9F%20%D7%90%D7%AA%20%D7%94%D7%9E%D7%95%D7%A6%D7%A8%20Q115",https://wa.me/972524033442?text=%D7%A9%D7%9C%D7%95%D7%9D%2C%20%D7%90%D7%A0%D7%99%20%D7%A8%D7%95%D7%A6%D7%94%20%D7%9C%D7%94%D7%96%D7%9E%D7%99%D7%9F%20%D7%90%D7%AA%20%D7%94%D7%9E%D7%95%D7%A6%D7%A8%20Q115,https://madperfume.co.il/?app=product.show.521,https://www.mad-parfumeur.com/respondio-catalog/og/he/p-521-q115.jpg?v=20260731-4,https://madperfume.co.il/upload/03-2026/product/6306CD66-600F-4605-AA38-439A32DC5E74.png
he,Q116,Another 13 by Le Labo,בשמי גברים,100,https://www.mad-parfumeur.com/respondio-catalog/wa/he/p-522-q116.html?v=20260731-4,https://www.mad-parfumeur.com/respondio-catalog/media/he/p-522-q116.jpg?v=20260731-4,"Another 13 by Le Labo
קוד: Q116
מחיר: 100 ILS
חזרה לשיחה: https://wa.me/972524033442?text=%D7%A9%D7%9C%D7%95%D7%9D%2C%20%D7%90%D7%A0%D7%99%20%D7%A8%D7%95%D7%A6%D7%94%20%D7%9C%D7%94%D7%96%D7%9E%D7%99%D7%9F%20%D7%90%D7%AA%20%D7%94%D7%9E%D7%95%D7%A6%D7%A8%20Q116",https://wa.me/972524033442?text=%D7%A9%D7%9C%D7%95%D7%9D%2C%20%D7%90%D7%A0%D7%99%20%D7%A8%D7%95%D7%A6%D7%94%20%D7%9C%D7%94%D7%96%D7%9E%D7%99%D7%9F%20%D7%90%D7%AA%20%D7%94%D7%9E%D7%95%D7%A6%D7%A8%20Q116,https://madperfume.co.il/?app=product.show.522,https://www.mad-parfumeur.com/respondio-catalog/og/he/p-522-q116.jpg?v=20260731-4,https://madperfume.co.il/upload/03-2026/product/99722CE0-623E-4802-85AB-346AB739D6F9.png
he,Y102,MYSLF – Yves Saint Laurent,בשמי גברים,100,https://www.mad-parfumeur.com/respondio-catalog/wa/he/p-523-y102.html?v=20260731-4,https://www.mad-parfumeur.com/respondio-catalog/media/he/p-523-y102.jpg?v=20260731-4,"MYSLF – Yves Saint Laurent
קוד: Y102
מחיר: 100 ILS
חזרה לשיחה: https://wa.me/972524033442?text=%D7%A9%D7%9C%D7%95%D7%9D%2C%20%D7%90%D7%A0%D7%99%20%D7%A8%D7%95%D7%A6%D7%94%20%D7%9C%D7%94%D7%96%D7%9E%D7%99%D7%9F%20%D7%90%D7%AA%20%D7%94%D7%9E%D7%95%D7%A6%D7%A8%20Y102",https://wa.me/972524033442?text=%D7%A9%D7%9C%D7%95%D7%9D%2C%20%D7%90%D7%A0%D7%99%20%D7%A8%D7%95%D7%A6%D7%94%20%D7%9C%D7%94%D7%96%D7%9E%D7%99%D7%9F%20%D7%90%D7%AA%20%D7%94%D7%9E%D7%95%D7%A6%D7%A8%20Y102,https://madperfume.co.il/?app=product.show.523,https://www.mad-parfumeur.com/respondio-catalog/og/he/p-523-y102.jpg?v=20260731-4,https://madperfume.co.il/upload/02-2026/product/697e80acc22a3.png
he,B110,Burberry London,בשמי נשים,100,https://www.mad-parfumeur.com/respondio-catalog/wa/he/p-524-b110.html?v=20260731-4,https://www.mad-parfumeur.com/respondio-catalog/media/he/p-524-b110.jpg?v=20260731-4,"Burberry London
קוד: B110
מחיר: 100 ILS
חזרה לשיחה: https://wa.me/972524033442?text=%D7%A9%D7%9C%D7%95%D7%9D%2C%20%D7%90%D7%A0%D7%99%20%D7%A8%D7%95%D7%A6%D7%94%20%D7%9C%D7%94%D7%96%D7%9E%D7%99%D7%9F%20%D7%90%D7%AA%20%D7%94%D7%9E%D7%95%D7%A6%D7%A8%20B110",https://wa.me/972524033442?text=%D7%A9%D7%9C%D7%95%D7%9D%2C%20%D7%90%D7%A0%D7%99%20%D7%A8%D7%95%D7%A6%D7%94%20%D7%9C%D7%94%D7%96%D7%9E%D7%99%D7%9F%20%D7%90%D7%AA%20%D7%94%D7%9E%D7%95%D7%A6%D7%A8%20B110,https://madperfume.co.il/?app=product.show.524,https://www.mad-parfumeur.com/respondio-catalog/og/he/p-524-b110.jpg?v=20260731-4,https://madperfume.co.il/upload/06-2025/product/684ffbdcbd093.png
he,V114,Voce Viva Valentino,בשמי נשים,100,https://www.mad-parfumeur.com/respondio-catalog/wa/he/p-525-v114.html?v=20260731-4,https://www.mad-parfumeur.com/respondio-catalog/media/he/p-525-v114.jpg?v=20260731-4,"Voce Viva Valentino
קוד: V114
מחיר: 100 ILS
חזרה לשיחה: https://wa.me/972524033442?text=%D7%A9%D7%9C%D7%95%D7%9D%2C%20%D7%90%D7%A0%D7%99%20%D7%A8%D7%95%D7%A6%D7%94%20%D7%9C%D7%94%D7%96%D7%9E%D7%99%D7%9F%20%D7%90%D7%AA%20%D7%94%D7%9E%D7%95%D7%A6%D7%A8%20V114",https://wa.me/972524033442?text=%D7%A9%D7%9C%D7%95%D7%9D%2C%20%D7%90%D7%A0%D7%99%20%D7%A8%D7%95%D7%A6%D7%94%20%D7%9C%D7%94%D7%96%D7%9E%D7%99%D7%9F%20%D7%90%D7%AA%20%D7%94%D7%9E%D7%95%D7%A6%D7%A8%20V114,https://madperfume.co.il/?app=product.show.525,https://www.mad-parfumeur.com/respondio-catalog/og/he/p-525-v114.jpg?v=20260731-4,https://madperfume.co.il/upload/06-2025/product/6850153bbf03e.png
he,W152,Versace Pour Femme Dylan Purple Versace,בשמי נשים,100,https://www.mad-parfumeur.com/respondio-catalog/wa/he/p-526-w152.html?v=20260731-4,https://www.mad-parfumeur.com/respondio-catalog/media/he/p-526-w152.jpg?v=20260731-4,"Versace Pour Femme Dylan Purple Versace
קוד: W152
מחיר: 100 ILS
חזרה לשיחה: https://wa.me/972524033442?text=%D7%A9%D7%9C%D7%95%D7%9D%2C%20%D7%90%D7%A0%D7%99%20%D7%A8%D7%95%D7%A6%D7%94%20%D7%9C%D7%94%D7%96%D7%9E%D7%99%D7%9F%20%D7%90%D7%AA%20%D7%94%D7%9E%D7%95%D7%A6%D7%A8%20W152",https://wa.me/972524033442?text=%D7%A9%D7%9C%D7%95%D7%9D%2C%20%D7%90%D7%A0%D7%99%20%D7%A8%D7%95%D7%A6%D7%94%20%D7%9C%D7%94%D7%96%D7%9E%D7%99%D7%9F%20%D7%90%D7%AA%20%D7%94%D7%9E%D7%95%D7%A6%D7%A8%20W152,https://madperfume.co.il/?app=product.show.526,https://www.mad-parfumeur.com/respondio-catalog/og/he/p-526-w152.jpg?v=20260731-4,https://madperfume.co.il/upload/01-2026/product/697be248104ad.png
he,P105,Luna Rossa Sport - Prada,בשמי גברים,100,https://www.mad-parfumeur.com/respondio-catalog/wa/he/p-527-p105.html?v=20260731-4,https://www.mad-parfumeur.com/respondio-catalog/media/he/p-527-p105.jpg?v=20260731-4,"Luna Rossa Sport - Prada
קוד: P105
מחיר: 100 ILS
חזרה לשיחה: https://wa.me/972524033442?text=%D7%A9%D7%9C%D7%95%D7%9D%2C%20%D7%90%D7%A0%D7%99%20%D7%A8%D7%95%D7%A6%D7%94%20%D7%9C%D7%94%D7%96%D7%9E%D7%99%D7%9F%20%D7%90%D7%AA%20%D7%94%D7%9E%D7%95%D7%A6%D7%A8%20P105",https://wa.me/972524033442?text=%D7%A9%D7%9C%D7%95%D7%9D%2C%20%D7%90%D7%A0%D7%99%20%D7%A8%D7%95%D7%A6%D7%94%20%D7%9C%D7%94%D7%96%D7%9E%D7%99%D7%9F%20%D7%90%D7%AA%20%D7%94%D7%9E%D7%95%D7%A6%D7%A8%20P105,https://madperfume.co.il/?app=product.show.527,https://www.mad-parfumeur.com/respondio-catalog/og/he/p-527-p105.jpg?v=20260731-4,https://madperfume.co.il/upload/03-2026/product/3B9E57FA-186A-4896-9AF5-48B7FF305F87.png
he,Q117,Oud Ispahan - Dior,בשמי גברים,100,https://www.mad-parfumeur.com/respondio-catalog/wa/he/p-528-q117.html?v=20260731-4,https://www.mad-parfumeur.com/respondio-catalog/media/he/p-528-q117.jpg?v=20260731-4,"Oud Ispahan - Dior
קוד: Q117
מחיר: 100 ILS
חזרה לשיחה: https://wa.me/972524033442?text=%D7%A9%D7%9C%D7%95%D7%9D%2C%20%D7%90%D7%A0%D7%99%20%D7%A8%D7%95%D7%A6%D7%94%20%D7%9C%D7%94%D7%96%D7%9E%D7%99%D7%9F%20%D7%90%D7%AA%20%D7%94%D7%9E%D7%95%D7%A6%D7%A8%20Q117",https://wa.me/972524033442?text=%D7%A9%D7%9C%D7%95%D7%9D%2C%20%D7%90%D7%A0%D7%99%20%D7%A8%D7%95%D7%A6%D7%94%20%D7%9C%D7%94%D7%96%D7%9E%D7%99%D7%9F%20%D7%90%D7%AA%20%D7%94%D7%9E%D7%95%D7%A6%D7%A8%20Q117,https://madperfume.co.il/?app=product.show.528,https://www.mad-parfumeur.com/respondio-catalog/og/he/p-528-q117.jpg?v=20260731-4,https://madperfume.co.il/upload/03-2026/product/E42C67C8-3FBD-42D8-8D5E-C03C21C881C2.png
he,Q114,Atlantide – Tiziana Terenzi,בשמי גברים,100,https://www.mad-parfumeur.com/respondio-catalog/wa/he/p-530-q114.html?v=20260731-4,https://www.mad-parfumeur.com/respondio-catalog/media/he/p-530-q114.jpg?v=20260731-4,"Atlantide – Tiziana Terenzi
קוד: Q114
מחיר: 100 ILS
חזרה לשיחה: https://wa.me/972524033442?text=%D7%A9%D7%9C%D7%95%D7%9D%2C%20%D7%90%D7%A0%D7%99%20%D7%A8%D7%95%D7%A6%D7%94%20%D7%9C%D7%94%D7%96%D7%9E%D7%99%D7%9F%20%D7%90%D7%AA%20%D7%94%D7%9E%D7%95%D7%A6%D7%A8%20Q114",https://wa.me/972524033442?text=%D7%A9%D7%9C%D7%95%D7%9D%2C%20%D7%90%D7%A0%D7%99%20%D7%A8%D7%95%D7%A6%D7%94%20%D7%9C%D7%94%D7%96%D7%9E%D7%99%D7%9F%20%D7%90%D7%AA%20%D7%94%D7%9E%D7%95%D7%A6%D7%A8%20Q114,https://madperfume.co.il/?app=product.show.530,https://www.mad-parfumeur.com/respondio-catalog/og/he/p-530-q114.jpg?v=20260731-4,https://madperfume.co.il/upload/03-2026/product/F523BD9A-35F0-4CBA-8E0E-C226F226BF01.png
he,Mad Ice 110 ml Kolonya,Mad Ice 110 ml Kolonya,קולוניה,15,https://www.mad-parfumeur.com/respondio-catalog/wa/he/p-533-mad-ice-110-ml-kolonya.html?v=20260731-4,https://www.mad-parfumeur.com/respondio-catalog/media/he/p-533-mad-ice-110-ml-kolonya.jpg?v=20260731-4,"Mad Ice 110 ml Kolonya
קוד: Mad Ice 110 ml Kolonya
מחיר: 15 ILS
חזרה לשיחה: https://wa.me/972524033442?text=%D7%A9%D7%9C%D7%95%D7%9D%2C%20%D7%90%D7%A0%D7%99%20%D7%A8%D7%95%D7%A6%D7%94%20%D7%9C%D7%94%D7%96%D7%9E%D7%99%D7%9F%20%D7%90%D7%AA%20%D7%94%D7%9E%D7%95%D7%A6%D7%A8%20Mad%20Ice%20110%20ml%20Kolonya",https://wa.me/972524033442?text=%D7%A9%D7%9C%D7%95%D7%9D%2C%20%D7%90%D7%A0%D7%99%20%D7%A8%D7%95%D7%A6%D7%94%20%D7%9C%D7%94%D7%96%D7%9E%D7%99%D7%9F%20%D7%90%D7%AA%20%D7%94%D7%9E%D7%95%D7%A6%D7%A8%20Mad%20Ice%20110%20ml%20Kolonya,https://madperfume.co.il/?app=product.show.533,https://www.mad-parfumeur.com/respondio-catalog/og/he/p-533-mad-ice-110-ml-kolonya.jpg?v=20260731-4,https://madperfume.co.il/upload/08-2024/product/66b875f09d0a7.png
he,Mad Classic Lemon 110 ml Kolonya,Mad Classic Lemon 110 ml Kolonya,קולוניה,15,https://www.mad-parfumeur.com/respondio-catalog/wa/he/p-534-mad-classic-lemon-110-ml-kolonya.html?v=20260731-4,https://www.mad-parfumeur.com/respondio-catalog/media/he/p-534-mad-classic-lemon-110-ml-kolonya.jpg?v=20260731-4,"Mad Classic Lemon 110 ml Kolonya
קוד: Mad Classic Lemon 110 ml Kolonya
מחיר: 15 ILS
חזרה לשיחה: https://wa.me/972524033442?text=%D7%A9%D7%9C%D7%95%D7%9D%2C%20%D7%90%D7%A0%D7%99%20%D7%A8%D7%95%D7%A6%D7%94%20%D7%9C%D7%94%D7%96%D7%9E%D7%99%D7%9F%20%D7%90%D7%AA%20%D7%94%D7%9E%D7%95%D7%A6%D7%A8%20Mad%20Classic%20Lemon%20110%20ml%20Kolonya",https://wa.me/972524033442?text=%D7%A9%D7%9C%D7%95%D7%9D%2C%20%D7%90%D7%A0%D7%99%20%D7%A8%D7%95%D7%A6%D7%94%20%D7%9C%D7%94%D7%96%D7%9E%D7%99%D7%9F%20%D7%90%D7%AA%20%D7%94%D7%9E%D7%95%D7%A6%D7%A8%20Mad%20Classic%20Lemon%20110%20ml%20Kolonya,https://madperfume.co.il/?app=product.show.534,https://www.mad-parfumeur.com/respondio-catalog/og/he/p-534-mad-classic-lemon-110-ml-kolonya.jpg?v=20260731-4,https://madperfume.co.il/upload/08-2024/product/66b87633c78c1.png
he,Mad Lime 110 ml Kolonya,Mad Lime 110 ml Kolonya,קולוניה,15,https://www.mad-parfumeur.com/respondio-catalog/wa/he/p-535-mad-lime-110-ml-kolonya.html?v=20260731-4,https://www.mad-parfumeur.com/respondio-catalog/media/he/p-535-mad-lime-110-ml-kolonya.jpg?v=20260731-4,"Mad Lime 110 ml Kolonya
קוד: Mad Lime 110 ml Kolonya
מחיר: 15 ILS
חזרה לשיחה: https://wa.me/972524033442?text=%D7%A9%D7%9C%D7%95%D7%9D%2C%20%D7%90%D7%A0%D7%99%20%D7%A8%D7%95%D7%A6%D7%94%20%D7%9C%D7%94%D7%96%D7%9E%D7%99%D7%9F%20%D7%90%D7%AA%20%D7%94%D7%9E%D7%95%D7%A6%D7%A8%20Mad%20Lime%20110%20ml%20Kolonya",https://wa.me/972524033442?text=%D7%A9%D7%9C%D7%95%D7%9D%2C%20%D7%90%D7%A0%D7%99%20%D7%A8%D7%95%D7%A6%D7%94%20%D7%9C%D7%94%D7%96%D7%9E%D7%99%D7%9F%20%D7%90%D7%AA%20%D7%94%D7%9E%D7%95%D7%A6%D7%A8%20Mad%20Lime%20110%20ml%20Kolonya,https://madperfume.co.il/?app=product.show.535,https://www.mad-parfumeur.com/respondio-catalog/og/he/p-535-mad-lime-110-ml-kolonya.jpg?v=20260731-4,https://madperfume.co.il/upload/08-2024/product/66b87653c3691.png
he,Mad Bodrum Tangerine 110 ml Kolonya,Mad Bodrum Tangerine 110 ml Kolonya,קולוניה,15,https://www.mad-parfumeur.com/respondio-catalog/wa/he/p-536-mad-bodrum-tangerine-110-ml-kolonya.html?v=20260731-4,https://www.mad-parfumeur.com/respondio-catalog/media/he/p-536-mad-bodrum-tangerine-110-ml-kolonya.jpg?v=20260731-4,"Mad Bodrum Tangerine 110 ml Kolonya
קוד: Mad Bodrum Tangerine 110 ml Kolonya
מחיר: 15 ILS
חזרה לשיחה: https://wa.me/972524033442?text=%D7%A9%D7%9C%D7%95%D7%9D%2C%20%D7%90%D7%A0%D7%99%20%D7%A8%D7%95%D7%A6%D7%94%20%D7%9C%D7%94%D7%96%D7%9E%D7%99%D7%9F%20%D7%90%D7%AA%20%D7%94%D7%9E%D7%95%D7%A6%D7%A8%20Mad%20Bodrum%20Tangerine%20110%20ml%20Kolonya",https://wa.me/972524033442?text=%D7%A9%D7%9C%D7%95%D7%9D%2C%20%D7%90%D7%A0%D7%99%20%D7%A8%D7%95%D7%A6%D7%94%20%D7%9C%D7%94%D7%96%D7%9E%D7%99%D7%9F%20%D7%90%D7%AA%20%D7%94%D7%9E%D7%95%D7%A6%D7%A8%20Mad%20Bodrum%20Tangerine%20110%20ml%20Kolonya,https://madperfume.co.il/?app=product.show.536,https://www.mad-parfumeur.com/respondio-catalog/og/he/p-536-mad-bodrum-tangerine-110-ml-kolonya.jpg?v=20260731-4,https://madperfume.co.il/upload/08-2024/product/66b8766dac4fa.png
he,Mad Aqua Di Blue 110 ml Kolonya,Mad Aqua Di Blue 110 ml Kolonya,קולוניה,15,https://www.mad-parfumeur.com/respondio-catalog/wa/he/p-537-mad-aqua-di-blue-110-ml-kolonya.html?v=20260731-4,https://www.mad-parfumeur.com/respondio-catalog/media/he/p-537-mad-aqua-di-blue-110-ml-kolonya.jpg?v=20260731-4,"Mad Aqua Di Blue 110 ml Kolonya
קוד: Mad Aqua Di Blue 110 ml Kolonya
מחיר: 15 ILS
חזרה לשיחה: https://wa.me/972524033442?text=%D7%A9%D7%9C%D7%95%D7%9D%2C%20%D7%90%D7%A0%D7%99%20%D7%A8%D7%95%D7%A6%D7%94%20%D7%9C%D7%94%D7%96%D7%9E%D7%99%D7%9F%20%D7%90%D7%AA%20%D7%94%D7%9E%D7%95%D7%A6%D7%A8%20Mad%20Aqua%20Di%20Blue%20110%20ml%20Kolonya",https://wa.me/972524033442?text=%D7%A9%D7%9C%D7%95%D7%9D%2C%20%D7%90%D7%A0%D7%99%20%D7%A8%D7%95%D7%A6%D7%94%20%D7%9C%D7%94%D7%96%D7%9E%D7%99%D7%9F%20%D7%90%D7%AA%20%D7%94%D7%9E%D7%95%D7%A6%D7%A8%20Mad%20Aqua%20Di%20Blue%20110%20ml%20Kolonya,https://madperfume.co.il/?app=product.show.537,https://www.mad-parfumeur.com/respondio-catalog/og/he/p-537-mad-aqua-di-blue-110-ml-kolonya.jpg?v=20260731-4,https://madperfume.co.il/upload/08-2024/product/66b8769de0b09.png
he,Mad Fig Desert 110 ml Kolonya,Mad Fig Desert 110 ml Kolonya,קולוניה,15,https://www.mad-parfumeur.com/respondio-catalog/wa/he/p-538-mad-fig-desert-110-ml-kolonya.html?v=20260731-4,https://www.mad-parfumeur.com/respondio-catalog/media/he/p-538-mad-fig-desert-110-ml-kolonya.jpg?v=20260731-4,"Mad Fig Desert 110 ml Kolonya
קוד: Mad Fig Desert 110 ml Kolonya
מחיר: 15 ILS
חזרה לשיחה: https://wa.me/972524033442?text=%D7%A9%D7%9C%D7%95%D7%9D%2C%20%D7%90%D7%A0%D7%99%20%D7%A8%D7%95%D7%A6%D7%94%20%D7%9C%D7%94%D7%96%D7%9E%D7%99%D7%9F%20%D7%90%D7%AA%20%D7%94%D7%9E%D7%95%D7%A6%D7%A8%20Mad%20Fig%20Desert%20110%20ml%20Kolonya",https://wa.me/972524033442?text=%D7%A9%D7%9C%D7%95%D7%9D%2C%20%D7%90%D7%A0%D7%99%20%D7%A8%D7%95%D7%A6%D7%94%20%D7%9C%D7%94%D7%96%D7%9E%D7%99%D7%9F%20%D7%90%D7%AA%20%D7%94%D7%9E%D7%95%D7%A6%D7%A8%20Mad%20Fig%20Desert%20110%20ml%20Kolonya,https://madperfume.co.il/?app=product.show.538,https://www.mad-parfumeur.com/respondio-catalog/og/he/p-538-mad-fig-desert-110-ml-kolonya.jpg?v=20260731-4,https://madperfume.co.il/upload/08-2024/product/66b876bda449c.png
he,Mad Green Tea 110 ml Kolonya,Mad Green Tea 110 ml Kolonya,קולוניה,15,https://www.mad-parfumeur.com/respondio-catalog/wa/he/p-539-mad-green-tea-110-ml-kolonya.html?v=20260731-4,https://www.mad-parfumeur.com/respondio-catalog/media/he/p-539-mad-green-tea-110-ml-kolonya.jpg?v=20260731-4,"Mad Green Tea 110 ml Kolonya
קוד: Mad Green Tea 110 ml Kolonya
מחיר: 15 ILS
חזרה לשיחה: https://wa.me/972524033442?text=%D7%A9%D7%9C%D7%95%D7%9D%2C%20%D7%90%D7%A0%D7%99%20%D7%A8%D7%95%D7%A6%D7%94%20%D7%9C%D7%94%D7%96%D7%9E%D7%99%D7%9F%20%D7%90%D7%AA%20%D7%94%D7%9E%D7%95%D7%A6%D7%A8%20Mad%20Green%20Tea%20110%20ml%20Kolonya",https://wa.me/972524033442?text=%D7%A9%D7%9C%D7%95%D7%9D%2C%20%D7%90%D7%A0%D7%99%20%D7%A8%D7%95%D7%A6%D7%94%20%D7%9C%D7%94%D7%96%D7%9E%D7%99%D7%9F%20%D7%90%D7%AA%20%D7%94%D7%9E%D7%95%D7%A6%D7%A8%20Mad%20Green%20Tea%20110%20ml%20Kolonya,https://madperfume.co.il/?app=product.show.539,https://www.mad-parfumeur.com/respondio-catalog/og/he/p-539-mad-green-tea-110-ml-kolonya.jpg?v=20260731-4,https://madperfume.co.il/upload/08-2024/product/66b876ecda2b8.png
he,Mad Mimosa 110 ml Kolonya,Mad Mimosa 110 ml Kolonya,קולוניה,15,https://www.mad-parfumeur.com/respondio-catalog/wa/he/p-540-mad-mimosa-110-ml-kolonya.html?v=20260731-4,https://www.mad-parfumeur.com/respondio-catalog/media/he/p-540-mad-mimosa-110-ml-kolonya.jpg?v=20260731-4,"Mad Mimosa 110 ml Kolonya
קוד: Mad Mimosa 110 ml Kolonya
מחיר: 15 ILS
חזרה לשיחה: https://wa.me/972524033442?text=%D7%A9%D7%9C%D7%95%D7%9D%2C%20%D7%90%D7%A0%D7%99%20%D7%A8%D7%95%D7%A6%D7%94%20%D7%9C%D7%94%D7%96%D7%9E%D7%99%D7%9F%20%D7%90%D7%AA%20%D7%94%D7%9E%D7%95%D7%A6%D7%A8%20Mad%20Mimosa%20110%20ml%20Kolonya",https://wa.me/972524033442?text=%D7%A9%D7%9C%D7%95%D7%9D%2C%20%D7%90%D7%A0%D7%99%20%D7%A8%D7%95%D7%A6%D7%94%20%D7%9C%D7%94%D7%96%D7%9E%D7%99%D7%9F%20%D7%90%D7%AA%20%D7%94%D7%9E%D7%95%D7%A6%D7%A8%20Mad%20Mimosa%20110%20ml%20Kolonya,https://madperfume.co.il/?app=product.show.540,https://www.mad-parfumeur.com/respondio-catalog/og/he/p-540-mad-mimosa-110-ml-kolonya.jpg?v=20260731-4,https://madperfume.co.il/upload/08-2024/product/66b87714215df.png
he,Mad Japanese Cherry Blossom 110 ml Kolonya,Mad Japanese Cherry Blossom 110 ml Kolonya,קולוניה,15,https://www.mad-parfumeur.com/respondio-catalog/wa/he/p-541-mad-japanese-cherry-blossom-110-ml-kolonya.html?v=20260731-4,https://www.mad-parfumeur.com/respondio-catalog/media/he/p-541-mad-japanese-cherry-blossom-110-ml-kolonya.jpg?v=20260731-4,"Mad Japanese Cherry Blossom 110 ml Kolonya
קוד: Mad Japanese Cherry Blossom 110 ml Kolonya
מחיר: 15 ILS
חזרה לשיחה: https://wa.me/972524033442?text=%D7%A9%D7%9C%D7%95%D7%9D%2C%20%D7%90%D7%A0%D7%99%20%D7%A8%D7%95%D7%A6%D7%94%20%D7%9C%D7%94%D7%96%D7%9E%D7%99%D7%9F%20%D7%90%D7%AA%20%D7%94%D7%9E%D7%95%D7%A6%D7%A8%20Mad%20Japanese%20Cherry%20Blossom%20110%20ml%20Kolonya",https://wa.me/972524033442?text=%D7%A9%D7%9C%D7%95%D7%9D%2C%20%D7%90%D7%A0%D7%99%20%D7%A8%D7%95%D7%A6%D7%94%20%D7%9C%D7%94%D7%96%D7%9E%D7%99%D7%9F%20%D7%90%D7%AA%20%D7%94%D7%9E%D7%95%D7%A6%D7%A8%20Mad%20Japanese%20Cherry%20Blossom%20110%20ml%20Kolonya,https://madperfume.co.il/?app=product.show.541,https://www.mad-parfumeur.com/respondio-catalog/og/he/p-541-mad-japanese-cherry-blossom-110-ml-kolonya.jpg?v=20260731-4,https://madperfume.co.il/upload/08-2024/product/66b8773361469.png
he,Mad Dream Bouquet 110 ml Kolonya,Mad Dream Bouquet 110 ml Kolonya,קולוניה,15,https://www.mad-parfumeur.com/respondio-catalog/wa/he/p-542-mad-dream-bouquet-110-ml-kolonya.html?v=20260731-4,https://www.mad-parfumeur.com/respondio-catalog/media/he/p-542-mad-dream-bouquet-110-ml-kolonya.jpg?v=20260731-4,"Mad Dream Bouquet 110 ml Kolonya
קוד: Mad Dream Bouquet 110 ml Kolonya
מחיר: 15 ILS
חזרה לשיחה: https://wa.me/972524033442?text=%D7%A9%D7%9C%D7%95%D7%9D%2C%20%D7%90%D7%A0%D7%99%20%D7%A8%D7%95%D7%A6%D7%94%20%D7%9C%D7%94%D7%96%D7%9E%D7%99%D7%9F%20%D7%90%D7%AA%20%D7%94%D7%9E%D7%95%D7%A6%D7%A8%20Mad%20Dream%20Bouquet%20110%20ml%20Kolonya",https://wa.me/972524033442?text=%D7%A9%D7%9C%D7%95%D7%9D%2C%20%D7%90%D7%A0%D7%99%20%D7%A8%D7%95%D7%A6%D7%94%20%D7%9C%D7%94%D7%96%D7%9E%D7%99%D7%9F%20%D7%90%D7%AA%20%D7%94%D7%9E%D7%95%D7%A6%D7%A8%20Mad%20Dream%20Bouquet%20110%20ml%20Kolonya,https://madperfume.co.il/?app=product.show.542,https://www.mad-parfumeur.com/respondio-catalog/og/he/p-542-mad-dream-bouquet-110-ml-kolonya.jpg?v=20260731-4,https://madperfume.co.il/upload/08-2024/product/66b8774cdd757.png
he,Mad Amber 110 ml Kolonya,Mad Amber 110 ml Kolonya,קולוניה,15,https://www.mad-parfumeur.com/respondio-catalog/wa/he/p-543-mad-amber-110-ml-kolonya.html?v=20260731-4,https://www.mad-parfumeur.com/respondio-catalog/media/he/p-543-mad-amber-110-ml-kolonya.jpg?v=20260731-4,"Mad Amber 110 ml Kolonya
קוד: Mad Amber 110 ml Kolonya
מחיר: 15 ILS
חזרה לשיחה: https://wa.me/972524033442?text=%D7%A9%D7%9C%D7%95%D7%9D%2C%20%D7%90%D7%A0%D7%99%20%D7%A8%D7%95%D7%A6%D7%94%20%D7%9C%D7%94%D7%96%D7%9E%D7%99%D7%9F%20%D7%90%D7%AA%20%D7%94%D7%9E%D7%95%D7%A6%D7%A8%20Mad%20Amber%20110%20ml%20Kolonya",https://wa.me/972524033442?text=%D7%A9%D7%9C%D7%95%D7%9D%2C%20%D7%90%D7%A0%D7%99%20%D7%A8%D7%95%D7%A6%D7%94%20%D7%9C%D7%94%D7%96%D7%9E%D7%99%D7%9F%20%D7%90%D7%AA%20%D7%94%D7%9E%D7%95%D7%A6%D7%A8%20Mad%20Amber%20110%20ml%20Kolonya,https://madperfume.co.il/?app=product.show.543,https://www.mad-parfumeur.com/respondio-catalog/og/he/p-543-mad-amber-110-ml-kolonya.jpg?v=20260731-4,https://madperfume.co.il/upload/08-2024/product/66b8776a01623.png
he,Mad Velvet Lavender 200 ml Kolonya,Mad Velvet Lavender 200 ml Kolonya,קולוניה,30,https://www.mad-parfumeur.com/respondio-catalog/wa/he/p-544-mad-velvet-lavender-200-ml-kolonya.html?v=20260731-4,https://www.mad-parfumeur.com/respondio-catalog/media/he/p-544-mad-velvet-lavender-200-ml-kolonya.jpg?v=20260731-4,"Mad Velvet Lavender 200 ml Kolonya
קוד: Mad Velvet Lavender 200 ml Kolonya
מחיר: 30 ILS
חזרה לשיחה: https://wa.me/972524033442?text=%D7%A9%D7%9C%D7%95%D7%9D%2C%20%D7%90%D7%A0%D7%99%20%D7%A8%D7%95%D7%A6%D7%94%20%D7%9C%D7%94%D7%96%D7%9E%D7%99%D7%9F%20%D7%90%D7%AA%20%D7%94%D7%9E%D7%95%D7%A6%D7%A8%20Mad%20Velvet%20Lavender%20200%20ml%20Kolonya",https://wa.me/972524033442?text=%D7%A9%D7%9C%D7%95%D7%9D%2C%20%D7%90%D7%A0%D7%99%20%D7%A8%D7%95%D7%A6%D7%94%20%D7%9C%D7%94%D7%96%D7%9E%D7%99%D7%9F%20%D7%90%D7%AA%20%D7%94%D7%9E%D7%95%D7%A6%D7%A8%20Mad%20Velvet%20Lavender%20200%20ml%20Kolonya,https://madperfume.co.il/?app=product.show.544,https://www.mad-parfumeur.com/respondio-catalog/og/he/p-544-mad-velvet-lavender-200-ml-kolonya.jpg?v=20260731-4,https://madperfume.co.il/upload/08-2024/product/66b8779f07e39.png
he,Mad Lime 200 ml Kolonya,Mad Lime 200 ml Kolonya,קולוניה,30,https://www.mad-parfumeur.com/respondio-catalog/wa/he/p-545-mad-lime-200-ml-kolonya.html?v=20260731-4,https://www.mad-parfumeur.com/respondio-catalog/media/he/p-545-mad-lime-200-ml-kolonya.jpg?v=20260731-4,"Mad Lime 200 ml Kolonya
קוד: Mad Lime 200 ml Kolonya
מחיר: 30 ILS
חזרה לשיחה: https://wa.me/972524033442?text=%D7%A9%D7%9C%D7%95%D7%9D%2C%20%D7%90%D7%A0%D7%99%20%D7%A8%D7%95%D7%A6%D7%94%20%D7%9C%D7%94%D7%96%D7%9E%D7%99%D7%9F%20%D7%90%D7%AA%20%D7%94%D7%9E%D7%95%D7%A6%D7%A8%20Mad%20Lime%20200%20ml%20Kolonya",https://wa.me/972524033442?text=%D7%A9%D7%9C%D7%95%D7%9D%2C%20%D7%90%D7%A0%D7%99%20%D7%A8%D7%95%D7%A6%D7%94%20%D7%9C%D7%94%D7%96%D7%9E%D7%99%D7%9F%20%D7%90%D7%AA%20%D7%94%D7%9E%D7%95%D7%A6%D7%A8%20Mad%20Lime%20200%20ml%20Kolonya,https://madperfume.co.il/?app=product.show.545,https://www.mad-parfumeur.com/respondio-catalog/og/he/p-545-mad-lime-200-ml-kolonya.jpg?v=20260731-4,https://madperfume.co.il/upload/08-2024/product/66b877c25cb70.png
he,Mad Green Tea 200 ml Kolonya,Mad Green Tea 200 ml Kolonya,קולוניה,30,https://www.mad-parfumeur.com/respondio-catalog/wa/he/p-546-mad-green-tea-200-ml-kolonya.html?v=20260731-4,https://www.mad-parfumeur.com/respondio-catalog/media/he/p-546-mad-green-tea-200-ml-kolonya.jpg?v=20260731-4,"Mad Green Tea 200 ml Kolonya
קוד: Mad Green Tea 200 ml Kolonya
מחיר: 30 ILS
חזרה לשיחה: https://wa.me/972524033442?text=%D7%A9%D7%9C%D7%95%D7%9D%2C%20%D7%90%D7%A0%D7%99%20%D7%A8%D7%95%D7%A6%D7%94%20%D7%9C%D7%94%D7%96%D7%9E%D7%99%D7%9F%20%D7%90%D7%AA%20%D7%94%D7%9E%D7%95%D7%A6%D7%A8%20Mad%20Green%20Tea%20200%20ml%20Kolonya",https://wa.me/972524033442?text=%D7%A9%D7%9C%D7%95%D7%9D%2C%20%D7%90%D7%A0%D7%99%20%D7%A8%D7%95%D7%A6%D7%94%20%D7%9C%D7%94%D7%96%D7%9E%D7%99%D7%9F%20%D7%90%D7%AA%20%D7%94%D7%9E%D7%95%D7%A6%D7%A8%20Mad%20Green%20Tea%20200%20ml%20Kolonya,https://madperfume.co.il/?app=product.show.546,https://www.mad-parfumeur.com/respondio-catalog/og/he/p-546-mad-green-tea-200-ml-kolonya.jpg?v=20260731-4,https://madperfume.co.il/upload/08-2024/product/66b877e67868f.png
he,Mad Neroli 200 ml Kolonya,Mad Neroli 200 ml Kolonya,קולוניה,30,https://www.mad-parfumeur.com/respondio-catalog/wa/he/p-547-mad-neroli-200-ml-kolonya.html?v=20260731-4,https://www.mad-parfumeur.com/respondio-catalog/media/he/p-547-mad-neroli-200-ml-kolonya.jpg?v=20260731-4,"Mad Neroli 200 ml Kolonya
קוד: Mad Neroli 200 ml Kolonya
מחיר: 30 ILS
חזרה לשיחה: https://wa.me/972524033442?text=%D7%A9%D7%9C%D7%95%D7%9D%2C%20%D7%90%D7%A0%D7%99%20%D7%A8%D7%95%D7%A6%D7%94%20%D7%9C%D7%94%D7%96%D7%9E%D7%99%D7%9F%20%D7%90%D7%AA%20%D7%94%D7%9E%D7%95%D7%A6%D7%A8%20Mad%20Neroli%20200%20ml%20Kolonya",https://wa.me/972524033442?text=%D7%A9%D7%9C%D7%95%D7%9D%2C%20%D7%90%D7%A0%D7%99%20%D7%A8%D7%95%D7%A6%D7%94%20%D7%9C%D7%94%D7%96%D7%9E%D7%99%D7%9F%20%D7%90%D7%AA%20%D7%94%D7%9E%D7%95%D7%A6%D7%A8%20Mad%20Neroli%20200%20ml%20Kolonya,https://madperfume.co.il/?app=product.show.547,https://www.mad-parfumeur.com/respondio-catalog/og/he/p-547-mad-neroli-200-ml-kolonya.jpg?v=20260731-4,https://madperfume.co.il/upload/08-2024/product/66b8780f3b543.png
he,Mad Ice 200 ml Kolonya,Mad Ice 200 ml Kolonya,קולוניה,30,https://www.mad-parfumeur.com/respondio-catalog/wa/he/p-548-mad-ice-200-ml-kolonya.html?v=20260731-4,https://www.mad-parfumeur.com/respondio-catalog/media/he/p-548-mad-ice-200-ml-kolonya.jpg?v=20260731-4,"Mad Ice 200 ml Kolonya
קוד: Mad Ice 200 ml Kolonya
מחיר: 30 ILS
חזרה לשיחה: https://wa.me/972524033442?text=%D7%A9%D7%9C%D7%95%D7%9D%2C%20%D7%90%D7%A0%D7%99%20%D7%A8%D7%95%D7%A6%D7%94%20%D7%9C%D7%94%D7%96%D7%9E%D7%99%D7%9F%20%D7%90%D7%AA%20%D7%94%D7%9E%D7%95%D7%A6%D7%A8%20Mad%20Ice%20200%20ml%20Kolonya",https://wa.me/972524033442?text=%D7%A9%D7%9C%D7%95%D7%9D%2C%20%D7%90%D7%A0%D7%99%20%D7%A8%D7%95%D7%A6%D7%94%20%D7%9C%D7%94%D7%96%D7%9E%D7%99%D7%9F%20%D7%90%D7%AA%20%D7%94%D7%9E%D7%95%D7%A6%D7%A8%20Mad%20Ice%20200%20ml%20Kolonya,https://madperfume.co.il/?app=product.show.548,https://www.mad-parfumeur.com/respondio-catalog/og/he/p-548-mad-ice-200-ml-kolonya.jpg?v=20260731-4,https://madperfume.co.il/upload/08-2024/product/66b8783658611.png
he,Mad Bergamot 200 ml Kolonya,Mad Bergamot 200 ml Kolonya,קולוניה,30,https://www.mad-parfumeur.com/respondio-catalog/wa/he/p-549-mad-bergamot-200-ml-kolonya.html?v=20260731-4,https://www.mad-parfumeur.com/respondio-catalog/media/he/p-549-mad-bergamot-200-ml-kolonya.jpg?v=20260731-4,"Mad Bergamot 200 ml Kolonya
קוד: Mad Bergamot 200 ml Kolonya
מחיר: 30 ILS
חזרה לשיחה: https://wa.me/972524033442?text=%D7%A9%D7%9C%D7%95%D7%9D%2C%20%D7%90%D7%A0%D7%99%20%D7%A8%D7%95%D7%A6%D7%94%20%D7%9C%D7%94%D7%96%D7%9E%D7%99%D7%9F%20%D7%90%D7%AA%20%D7%94%D7%9E%D7%95%D7%A6%D7%A8%20Mad%20Bergamot%20200%20ml%20Kolonya",https://wa.me/972524033442?text=%D7%A9%D7%9C%D7%95%D7%9D%2C%20%D7%90%D7%A0%D7%99%20%D7%A8%D7%95%D7%A6%D7%94%20%D7%9C%D7%94%D7%96%D7%9E%D7%99%D7%9F%20%D7%90%D7%AA%20%D7%94%D7%9E%D7%95%D7%A6%D7%A8%20Mad%20Bergamot%20200%20ml%20Kolonya,https://madperfume.co.il/?app=product.show.549,https://www.mad-parfumeur.com/respondio-catalog/og/he/p-549-mad-bergamot-200-ml-kolonya.jpg?v=20260731-4,https://madperfume.co.il/upload/08-2024/product/66b8785b61af3.png
he,Mad Lavender 200 ml Kolonya,Mad Lavender 200 ml Kolonya,קולוניה,30,https://www.mad-parfumeur.com/respondio-catalog/wa/he/p-550-mad-lavender-200-ml-kolonya.html?v=20260731-4,https://www.mad-parfumeur.com/respondio-catalog/media/he/p-550-mad-lavender-200-ml-kolonya.jpg?v=20260731-4,"Mad Lavender 200 ml Kolonya
קוד: Mad Lavender 200 ml Kolonya
מחיר: 30 ILS
חזרה לשיחה: https://wa.me/972524033442?text=%D7%A9%D7%9C%D7%95%D7%9D%2C%20%D7%90%D7%A0%D7%99%20%D7%A8%D7%95%D7%A6%D7%94%20%D7%9C%D7%94%D7%96%D7%9E%D7%99%D7%9F%20%D7%90%D7%AA%20%D7%94%D7%9E%D7%95%D7%A6%D7%A8%20Mad%20Lavender%20200%20ml%20Kolonya",https://wa.me/972524033442?text=%D7%A9%D7%9C%D7%95%D7%9D%2C%20%D7%90%D7%A0%D7%99%20%D7%A8%D7%95%D7%A6%D7%94%20%D7%9C%D7%94%D7%96%D7%9E%D7%99%D7%9F%20%D7%90%D7%AA%20%D7%94%D7%9E%D7%95%D7%A6%D7%A8%20Mad%20Lavender%20200%20ml%20Kolonya,https://madperfume.co.il/?app=product.show.550,https://www.mad-parfumeur.com/respondio-catalog/og/he/p-550-mad-lavender-200-ml-kolonya.jpg?v=20260731-4,https://madperfume.co.il/upload/08-2024/product/66b878a2ad2a4.png
he,Mad Fig Desert 200 ml Kolonya,Mad Fig Desert 200 ml Kolonya,קולוניה,30,https://www.mad-parfumeur.com/respondio-catalog/wa/he/p-551-mad-fig-desert-200-ml-kolonya.html?v=20260731-4,https://www.mad-parfumeur.com/respondio-catalog/media/he/p-551-mad-fig-desert-200-ml-kolonya.jpg?v=20260731-4,"Mad Fig Desert 200 ml Kolonya
קוד: Mad Fig Desert 200 ml Kolonya
מחיר: 30 ILS
חזרה לשיחה: https://wa.me/972524033442?text=%D7%A9%D7%9C%D7%95%D7%9D%2C%20%D7%90%D7%A0%D7%99%20%D7%A8%D7%95%D7%A6%D7%94%20%D7%9C%D7%94%D7%96%D7%9E%D7%99%D7%9F%20%D7%90%D7%AA%20%D7%94%D7%9E%D7%95%D7%A6%D7%A8%20Mad%20Fig%20Desert%20200%20ml%20Kolonya",https://wa.me/972524033442?text=%D7%A9%D7%9C%D7%95%D7%9D%2C%20%D7%90%D7%A0%D7%99%20%D7%A8%D7%95%D7%A6%D7%94%20%D7%9C%D7%94%D7%96%D7%9E%D7%99%D7%9F%20%D7%90%D7%AA%20%D7%94%D7%9E%D7%95%D7%A6%D7%A8%20Mad%20Fig%20Desert%20200%20ml%20Kolonya,https://madperfume.co.il/?app=product.show.551,https://www.mad-parfumeur.com/respondio-catalog/og/he/p-551-mad-fig-desert-200-ml-kolonya.jpg?v=20260731-4,https://madperfume.co.il/upload/08-2024/product/66b878c63ad2b.png
he,Mad Bodrum Tangerine 200 ml Kolonya,Mad Bodrum Tangerine 200 ml Kolonya,קולוניה,30,https://www.mad-parfumeur.com/respondio-catalog/wa/he/p-552-mad-bodrum-tangerine-200-ml-kolonya.html?v=20260731-4,https://www.mad-parfumeur.com/respondio-catalog/media/he/p-552-mad-bodrum-tangerine-200-ml-kolonya.jpg?v=20260731-4,"Mad Bodrum Tangerine 200 ml Kolonya
קוד: Mad Bodrum Tangerine 200 ml Kolonya
מחיר: 30 ILS
חזרה לשיחה: https://wa.me/972524033442?text=%D7%A9%D7%9C%D7%95%D7%9D%2C%20%D7%90%D7%A0%D7%99%20%D7%A8%D7%95%D7%A6%D7%94%20%D7%9C%D7%94%D7%96%D7%9E%D7%99%D7%9F%20%D7%90%D7%AA%20%D7%94%D7%9E%D7%95%D7%A6%D7%A8%20Mad%20Bodrum%20Tangerine%20200%20ml%20Kolonya",https://wa.me/972524033442?text=%D7%A9%D7%9C%D7%95%D7%9D%2C%20%D7%90%D7%A0%D7%99%20%D7%A8%D7%95%D7%A6%D7%94%20%D7%9C%D7%94%D7%96%D7%9E%D7%99%D7%9F%20%D7%90%D7%AA%20%D7%94%D7%9E%D7%95%D7%A6%D7%A8%20Mad%20Bodrum%20Tangerine%20200%20ml%20Kolonya,https://madperfume.co.il/?app=product.show.552,https://www.mad-parfumeur.com/respondio-catalog/og/he/p-552-mad-bodrum-tangerine-200-ml-kolonya.jpg?v=20260731-4,https://madperfume.co.il/upload/08-2024/product/66b878ff21b89.png
he,Mad Aqua Di Blue 200 ml Kolonya,Mad Aqua Di Blue 200 ml Kolonya,קולוניה,30,https://www.mad-parfumeur.com/respondio-catalog/wa/he/p-553-mad-aqua-di-blue-200-ml-kolonya.html?v=20260731-4,https://www.mad-parfumeur.com/respondio-catalog/media/he/p-553-mad-aqua-di-blue-200-ml-kolonya.jpg?v=20260731-4,"Mad Aqua Di Blue 200 ml Kolonya
קוד: Mad Aqua Di Blue 200 ml Kolonya
מחיר: 30 ILS
חזרה לשיחה: https://wa.me/972524033442?text=%D7%A9%D7%9C%D7%95%D7%9D%2C%20%D7%90%D7%A0%D7%99%20%D7%A8%D7%95%D7%A6%D7%94%20%D7%9C%D7%94%D7%96%D7%9E%D7%99%D7%9F%20%D7%90%D7%AA%20%D7%94%D7%9E%D7%95%D7%A6%D7%A8%20Mad%20Aqua%20Di%20Blue%20200%20ml%20Kolonya",https://wa.me/972524033442?text=%D7%A9%D7%9C%D7%95%D7%9D%2C%20%D7%90%D7%A0%D7%99%20%D7%A8%D7%95%D7%A6%D7%94%20%D7%9C%D7%94%D7%96%D7%9E%D7%99%D7%9F%20%D7%90%D7%AA%20%D7%94%D7%9E%D7%95%D7%A6%D7%A8%20Mad%20Aqua%20Di%20Blue%20200%20ml%20Kolonya,https://madperfume.co.il/?app=product.show.553,https://www.mad-parfumeur.com/respondio-catalog/og/he/p-553-mad-aqua-di-blue-200-ml-kolonya.jpg?v=20260731-4,https://madperfume.co.il/upload/08-2024/product/66b879312000a.png
he,Mad Mimosa 200 ml Kolonya,Mad Mimosa 200 ml Kolonya,קולוניה,30,https://www.mad-parfumeur.com/respondio-catalog/wa/he/p-554-mad-mimosa-200-ml-kolonya.html?v=20260731-4,https://www.mad-parfumeur.com/respondio-catalog/media/he/p-554-mad-mimosa-200-ml-kolonya.jpg?v=20260731-4,"Mad Mimosa 200 ml Kolonya
קוד: Mad Mimosa 200 ml Kolonya
מחיר: 30 ILS
חזרה לשיחה: https://wa.me/972524033442?text=%D7%A9%D7%9C%D7%95%D7%9D%2C%20%D7%90%D7%A0%D7%99%20%D7%A8%D7%95%D7%A6%D7%94%20%D7%9C%D7%94%D7%96%D7%9E%D7%99%D7%9F%20%D7%90%D7%AA%20%D7%94%D7%9E%D7%95%D7%A6%D7%A8%20Mad%20Mimosa%20200%20ml%20Kolonya",https://wa.me/972524033442?text=%D7%A9%D7%9C%D7%95%D7%9D%2C%20%D7%90%D7%A0%D7%99%20%D7%A8%D7%95%D7%A6%D7%94%20%D7%9C%D7%94%D7%96%D7%9E%D7%99%D7%9F%20%D7%90%D7%AA%20%D7%94%D7%9E%D7%95%D7%A6%D7%A8%20Mad%20Mimosa%20200%20ml%20Kolonya,https://madperfume.co.il/?app=product.show.554,https://www.mad-parfumeur.com/respondio-catalog/og/he/p-554-mad-mimosa-200-ml-kolonya.jpg?v=20260731-4,https://madperfume.co.il/upload/08-2024/product/66b8795e90a41.png
he,Mad Dream Bouquet 200 ml Kolonya,Mad Dream Bouquet 200 ml Kolonya,קולוניה,30,https://www.mad-parfumeur.com/respondio-catalog/wa/he/p-555-mad-dream-bouquet-200-ml-kolonya.html?v=20260731-4,https://www.mad-parfumeur.com/respondio-catalog/media/he/p-555-mad-dream-bouquet-200-ml-kolonya.jpg?v=20260731-4,"Mad Dream Bouquet 200 ml Kolonya
קוד: Mad Dream Bouquet 200 ml Kolonya
מחיר: 30 ILS
חזרה לשיחה: https://wa.me/972524033442?text=%D7%A9%D7%9C%D7%95%D7%9D%2C%20%D7%90%D7%A0%D7%99%20%D7%A8%D7%95%D7%A6%D7%94%20%D7%9C%D7%94%D7%96%D7%9E%D7%99%D7%9F%20%D7%90%D7%AA%20%D7%94%D7%9E%D7%95%D7%A6%D7%A8%20Mad%20Dream%20Bouquet%20200%20ml%20Kolonya",https://wa.me/972524033442?text=%D7%A9%D7%9C%D7%95%D7%9D%2C%20%D7%90%D7%A0%D7%99%20%D7%A8%D7%95%D7%A6%D7%94%20%D7%9C%D7%94%D7%96%D7%9E%D7%99%D7%9F%20%D7%90%D7%AA%20%D7%94%D7%9E%D7%95%D7%A6%D7%A8%20Mad%20Dream%20Bouquet%20200%20ml%20Kolonya,https://madperfume.co.il/?app=product.show.555,https://www.mad-parfumeur.com/respondio-catalog/og/he/p-555-mad-dream-bouquet-200-ml-kolonya.jpg?v=20260731-4,https://madperfume.co.il/upload/08-2024/product/66b879962d989.png
he,Mad Amber 200 ml Kolonya,Mad Amber 200 ml Kolonya,קולוניה,30,https://www.mad-parfumeur.com/respondio-catalog/wa/he/p-556-mad-amber-200-ml-kolonya.html?v=20260731-4,https://www.mad-parfumeur.com/respondio-catalog/media/he/p-556-mad-amber-200-ml-kolonya.jpg?v=20260731-4,"Mad Amber 200 ml Kolonya
קוד: Mad Amber 200 ml Kolonya
מחיר: 30 ILS
חזרה לשיחה: https://wa.me/972524033442?text=%D7%A9%D7%9C%D7%95%D7%9D%2C%20%D7%90%D7%A0%D7%99%20%D7%A8%D7%95%D7%A6%D7%94%20%D7%9C%D7%94%D7%96%D7%9E%D7%99%D7%9F%20%D7%90%D7%AA%20%D7%94%D7%9E%D7%95%D7%A6%D7%A8%20Mad%20Amber%20200%20ml%20Kolonya",https://wa.me/972524033442?text=%D7%A9%D7%9C%D7%95%D7%9D%2C%20%D7%90%D7%A0%D7%99%20%D7%A8%D7%95%D7%A6%D7%94%20%D7%9C%D7%94%D7%96%D7%9E%D7%99%D7%9F%20%D7%90%D7%AA%20%D7%94%D7%9E%D7%95%D7%A6%D7%A8%20Mad%20Amber%20200%20ml%20Kolonya,https://madperfume.co.il/?app=product.show.556,https://www.mad-parfumeur.com/respondio-catalog/og/he/p-556-mad-amber-200-ml-kolonya.jpg?v=20260731-4,https://madperfume.co.il/upload/08-2024/product/66b87a0a00f1b.png
he,Mad Japanese Cherry Blossom 200 ml Kolonya,Mad Japanese Cherry Blossom 200 ml Kolonya,קולוניה,30,https://www.mad-parfumeur.com/respondio-catalog/wa/he/p-557-mad-japanese-cherry-blossom-200-ml-kolonya.html?v=20260731-4,https://www.mad-parfumeur.com/respondio-catalog/media/he/p-557-mad-japanese-cherry-blossom-200-ml-kolonya.jpg?v=20260731-4,"Mad Japanese Cherry Blossom 200 ml Kolonya
קוד: Mad Japanese Cherry Blossom 200 ml Kolonya
מחיר: 30 ILS
חזרה לשיחה: https://wa.me/972524033442?text=%D7%A9%D7%9C%D7%95%D7%9D%2C%20%D7%90%D7%A0%D7%99%20%D7%A8%D7%95%D7%A6%D7%94%20%D7%9C%D7%94%D7%96%D7%9E%D7%99%D7%9F%20%D7%90%D7%AA%20%D7%94%D7%9E%D7%95%D7%A6%D7%A8%20Mad%20Japanese%20Cherry%20Blossom%20200%20ml%20Kolonya",https://wa.me/972524033442?text=%D7%A9%D7%9C%D7%95%D7%9D%2C%20%D7%90%D7%A0%D7%99%20%D7%A8%D7%95%D7%A6%D7%94%20%D7%9C%D7%94%D7%96%D7%9E%D7%99%D7%9F%20%D7%90%D7%AA%20%D7%94%D7%9E%D7%95%D7%A6%D7%A8%20Mad%20Japanese%20Cherry%20Blossom%20200%20ml%20Kolonya,https://madperfume.co.il/?app=product.show.557,https://www.mad-parfumeur.com/respondio-catalog/og/he/p-557-mad-japanese-cherry-blossom-200-ml-kolonya.jpg?v=20260731-4,https://madperfume.co.il/upload/08-2024/product/66b87a37e5a21.png
he,J102 L101,J102 L101,מבצעים גברים,200,https://www.mad-parfumeur.com/respondio-catalog/wa/he/p-562-j102-l101.html?v=20260731-4,https://www.mad-parfumeur.com/respondio-catalog/media/he/p-562-j102-l101.jpg?v=20260731-4,"J102 L101
קוד: J102 L101
מחיר: 200 ILS
חזרה לשיחה: https://wa.me/972524033442?text=%D7%A9%D7%9C%D7%95%D7%9D%2C%20%D7%90%D7%A0%D7%99%20%D7%A8%D7%95%D7%A6%D7%94%20%D7%9C%D7%94%D7%96%D7%9E%D7%99%D7%9F%20%D7%90%D7%AA%20%D7%94%D7%9E%D7%95%D7%A6%D7%A8%20J102%20L101",https://wa.me/972524033442?text=%D7%A9%D7%9C%D7%95%D7%9D%2C%20%D7%90%D7%A0%D7%99%20%D7%A8%D7%95%D7%A6%D7%94%20%D7%9C%D7%94%D7%96%D7%9E%D7%99%D7%9F%20%D7%90%D7%AA%20%D7%94%D7%9E%D7%95%D7%A6%D7%A8%20J102%20L101,https://madperfume.co.il/?app=product.show.562,https://www.mad-parfumeur.com/respondio-catalog/og/he/p-562-j102-l101.jpg?v=20260731-4,https://madperfume.co.il/upload/08-2024/product/FFFFG.png
he,T104 L103,T104 L103,מבצעים גברים,200,https://www.mad-parfumeur.com/respondio-catalog/wa/he/p-572-t104-l103.html?v=20260731-4,https://www.mad-parfumeur.com/respondio-catalog/media/he/p-572-t104-l103.jpg?v=20260731-4,"T104 L103
קוד: T104 L103
מחיר: 200 ILS
חזרה לשיחה: https://wa.me/972524033442?text=%D7%A9%D7%9C%D7%95%D7%9D%2C%20%D7%90%D7%A0%D7%99%20%D7%A8%D7%95%D7%A6%D7%94%20%D7%9C%D7%94%D7%96%D7%9E%D7%99%D7%9F%20%D7%90%D7%AA%20%D7%94%D7%9E%D7%95%D7%A6%D7%A8%20T104%20L103",https://wa.me/972524033442?text=%D7%A9%D7%9C%D7%95%D7%9D%2C%20%D7%90%D7%A0%D7%99%20%D7%A8%D7%95%D7%A6%D7%94%20%D7%9C%D7%94%D7%96%D7%9E%D7%99%D7%9F%20%D7%90%D7%AA%20%D7%94%D7%9E%D7%95%D7%A6%D7%A8%20T104%20L103,https://madperfume.co.il/?app=product.show.572,https://www.mad-parfumeur.com/respondio-catalog/og/he/p-572-t104-l103.jpg?v=20260731-4,https://madperfume.co.il/upload/08-2024/product/66cc5cb6410b2.png
he,L102 L103W183 T109 W174,L102 L103W183 T109 W174,מבצעים גברים,500,https://www.mad-parfumeur.com/respondio-catalog/wa/he/p-573-l102-l103w183-t109-w174.html?v=20260731-4,https://www.mad-parfumeur.com/respondio-catalog/media/he/p-573-l102-l103w183-t109-w174.jpg?v=20260731-4,"L102 L103W183 T109 W174
קוד: L102 L103W183 T109 W174
מחיר: 500 ILS
חזרה לשיחה: https://wa.me/972524033442?text=%D7%A9%D7%9C%D7%95%D7%9D%2C%20%D7%90%D7%A0%D7%99%20%D7%A8%D7%95%D7%A6%D7%94%20%D7%9C%D7%94%D7%96%D7%9E%D7%99%D7%9F%20%D7%90%D7%AA%20%D7%94%D7%9E%D7%95%D7%A6%D7%A8%20L102%20L103W183%20T109%20W174",https://wa.me/972524033442?text=%D7%A9%D7%9C%D7%95%D7%9D%2C%20%D7%90%D7%A0%D7%99%20%D7%A8%D7%95%D7%A6%D7%94%20%D7%9C%D7%94%D7%96%D7%9E%D7%99%D7%9F%20%D7%90%D7%AA%20%D7%94%D7%9E%D7%95%D7%A6%D7%A8%20L102%20L103W183%20T109%20W174,https://madperfume.co.il/?app=product.show.573,https://www.mad-parfumeur.com/respondio-catalog/og/he/p-573-l102-l103w183-t109-w174.jpg?v=20260731-4,https://madperfume.co.il/upload/08-2024/product/66cd926fa3402.jpg
he,J109 W150 W174,J109 W150 W174,מבצעים גברים,300,https://www.mad-parfumeur.com/respondio-catalog/wa/he/p-574-j109-w150-w174.html?v=20260731-4,https://www.mad-parfumeur.com/respondio-catalog/media/he/p-574-j109-w150-w174.jpg?v=20260731-4,"J109 W150 W174
קוד: J109 W150 W174
מחיר: 300 ILS
חזרה לשיחה: https://wa.me/972524033442?text=%D7%A9%D7%9C%D7%95%D7%9D%2C%20%D7%90%D7%A0%D7%99%20%D7%A8%D7%95%D7%A6%D7%94%20%D7%9C%D7%94%D7%96%D7%9E%D7%99%D7%9F%20%D7%90%D7%AA%20%D7%94%D7%9E%D7%95%D7%A6%D7%A8%20J109%20W150%20W174",https://wa.me/972524033442?text=%D7%A9%D7%9C%D7%95%D7%9D%2C%20%D7%90%D7%A0%D7%99%20%D7%A8%D7%95%D7%A6%D7%94%20%D7%9C%D7%94%D7%96%D7%9E%D7%99%D7%9F%20%D7%90%D7%AA%20%D7%94%D7%9E%D7%95%D7%A6%D7%A8%20J109%20W150%20W174,https://madperfume.co.il/?app=product.show.574,https://www.mad-parfumeur.com/respondio-catalog/og/he/p-574-j109-w150-w174.jpg?v=20260731-4,https://madperfume.co.il/upload/08-2024/product/66cda72c311a5.jpg
he,L102 T109 Y102,L102 T109 Y102,מבצעים גברים,300,https://www.mad-parfumeur.com/respondio-catalog/wa/he/p-580-l102-t109-y102.html?v=20260731-4,https://www.mad-parfumeur.com/respondio-catalog/media/he/p-580-l102-t109-y102.jpg?v=20260731-4,"L102 T109 Y102
קוד: L102 T109 Y102
מחיר: 300 ILS
חזרה לשיחה: https://wa.me/972524033442?text=%D7%A9%D7%9C%D7%95%D7%9D%2C%20%D7%90%D7%A0%D7%99%20%D7%A8%D7%95%D7%A6%D7%94%20%D7%9C%D7%94%D7%96%D7%9E%D7%99%D7%9F%20%D7%90%D7%AA%20%D7%94%D7%9E%D7%95%D7%A6%D7%A8%20L102%20T109%20Y102",https://wa.me/972524033442?text=%D7%A9%D7%9C%D7%95%D7%9D%2C%20%D7%90%D7%A0%D7%99%20%D7%A8%D7%95%D7%A6%D7%94%20%D7%9C%D7%94%D7%96%D7%9E%D7%99%D7%9F%20%D7%90%D7%AA%20%D7%94%D7%9E%D7%95%D7%A6%D7%A8%20L102%20T109%20Y102,https://madperfume.co.il/?app=product.show.580,https://www.mad-parfumeur.com/respondio-catalog/og/he/p-580-l102-t109-y102.jpg?v=20260731-4,https://madperfume.co.il/upload/09-2024/product/66d815ae12593.jpg
he,"מטורף מתוק אפרסק 250 מ""ל גוף בושם","מטורף מתוק אפרסק 250 מ""ל גוף בושם",בושם גוף,60,https://www.mad-parfumeur.com/respondio-catalog/wa/he/p-589-250.html?v=20260731-4,https://www.mad-parfumeur.com/respondio-catalog/media/he/p-589-250.jpg?v=20260731-4,"מטורף מתוק אפרסק 250 מ""ל גוף בושם
קוד: מטורף מתוק אפרסק 250 מ""ל גוף בושם
מחיר: 60 ILS
חזרה לשיחה: https://wa.me/972524033442?text=%D7%A9%D7%9C%D7%95%D7%9D%2C%20%D7%90%D7%A0%D7%99%20%D7%A8%D7%95%D7%A6%D7%94%20%D7%9C%D7%94%D7%96%D7%9E%D7%99%D7%9F%20%D7%90%D7%AA%20%D7%94%D7%9E%D7%95%D7%A6%D7%A8%20%D7%9E%D7%98%D7%95%D7%A8%D7%A3%20%D7%9E%D7%AA%D7%95%D7%A7%20%D7%90%D7%A4%D7%A8%D7%A1%D7%A7%20250%20%D7%9E%22%D7%9C%20%D7%92%D7%95%D7%A3%20%D7%91%D7%95%D7%A9%D7%9D",https://wa.me/972524033442?text=%D7%A9%D7%9C%D7%95%D7%9D%2C%20%D7%90%D7%A0%D7%99%20%D7%A8%D7%95%D7%A6%D7%94%20%D7%9C%D7%94%D7%96%D7%9E%D7%99%D7%9F%20%D7%90%D7%AA%20%D7%94%D7%9E%D7%95%D7%A6%D7%A8%20%D7%9E%D7%98%D7%95%D7%A8%D7%A3%20%D7%9E%D7%AA%D7%95%D7%A7%20%D7%90%D7%A4%D7%A8%D7%A1%D7%A7%20250%20%D7%9E%22%D7%9C%20%D7%92%D7%95%D7%A3%20%D7%91%D7%95%D7%A9%D7%9D,https://madperfume.co.il/?app=product.show.589,https://www.mad-parfumeur.com/respondio-catalog/og/he/p-589-250.jpg?v=20260731-4,https://madperfume.co.il/upload/09-2024/product/66e69893991c7.png
he,"בושם גוף 250 מ""ל נשיקת שמש מטורפת","בושם גוף 250 מ""ל נשיקת שמש מטורפת",בושם גוף,60,https://www.mad-parfumeur.com/respondio-catalog/wa/he/p-590-250.html?v=20260731-4,https://www.mad-parfumeur.com/respondio-catalog/media/he/p-590-250.jpg?v=20260731-4,"בושם גוף 250 מ""ל נשיקת שמש מטורפת
קוד: בושם גוף 250 מ""ל נשיקת שמש מטורפת
מחיר: 60 ILS
חזרה לשיחה: https://wa.me/972524033442?text=%D7%A9%D7%9C%D7%95%D7%9D%2C%20%D7%90%D7%A0%D7%99%20%D7%A8%D7%95%D7%A6%D7%94%20%D7%9C%D7%94%D7%96%D7%9E%D7%99%D7%9F%20%D7%90%D7%AA%20%D7%94%D7%9E%D7%95%D7%A6%D7%A8%20%D7%91%D7%95%D7%A9%D7%9D%20%D7%92%D7%95%D7%A3%20250%20%D7%9E%22%D7%9C%20%D7%A0%D7%A9%D7%99%D7%A7%D7%AA%20%D7%A9%D7%9E%D7%A9%20%D7%9E%D7%98%D7%95%D7%A8%D7%A4%D7%AA",https://wa.me/972524033442?text=%D7%A9%D7%9C%D7%95%D7%9D%2C%20%D7%90%D7%A0%D7%99%20%D7%A8%D7%95%D7%A6%D7%94%20%D7%9C%D7%94%D7%96%D7%9E%D7%99%D7%9F%20%D7%90%D7%AA%20%D7%94%D7%9E%D7%95%D7%A6%D7%A8%20%D7%91%D7%95%D7%A9%D7%9D%20%D7%92%D7%95%D7%A3%20250%20%D7%9E%22%D7%9C%20%D7%A0%D7%A9%D7%99%D7%A7%D7%AA%20%D7%A9%D7%9E%D7%A9%20%D7%9E%D7%98%D7%95%D7%A8%D7%A4%D7%AA,https://madperfume.co.il/?app=product.show.590,https://www.mad-parfumeur.com/respondio-catalog/og/he/p-590-250.jpg?v=20260731-4,https://madperfume.co.il/upload/09-2024/product/66e6aa95a1820.png
he,"בושם גוף 250 מ""ל קסם מטורף","בושם גוף 250 מ""ל קסם מטורף",בושם גוף,60,https://www.mad-parfumeur.com/respondio-catalog/wa/he/p-591-250.html?v=20260731-4,https://www.mad-parfumeur.com/respondio-catalog/media/he/p-591-250.jpg?v=20260731-4,"בושם גוף 250 מ""ל קסם מטורף
קוד: בושם גוף 250 מ""ל קסם מטורף
מחיר: 60 ILS
חזרה לשיחה: https://wa.me/972524033442?text=%D7%A9%D7%9C%D7%95%D7%9D%2C%20%D7%90%D7%A0%D7%99%20%D7%A8%D7%95%D7%A6%D7%94%20%D7%9C%D7%94%D7%96%D7%9E%D7%99%D7%9F%20%D7%90%D7%AA%20%D7%94%D7%9E%D7%95%D7%A6%D7%A8%20%D7%91%D7%95%D7%A9%D7%9D%20%D7%92%D7%95%D7%A3%20250%20%D7%9E%22%D7%9C%20%D7%A7%D7%A1%D7%9D%20%D7%9E%D7%98%D7%95%D7%A8%D7%A3",https://wa.me/972524033442?text=%D7%A9%D7%9C%D7%95%D7%9D%2C%20%D7%90%D7%A0%D7%99%20%D7%A8%D7%95%D7%A6%D7%94%20%D7%9C%D7%94%D7%96%D7%9E%D7%99%D7%9F%20%D7%90%D7%AA%20%D7%94%D7%9E%D7%95%D7%A6%D7%A8%20%D7%91%D7%95%D7%A9%D7%9D%20%D7%92%D7%95%D7%A3%20250%20%D7%9E%22%D7%9C%20%D7%A7%D7%A1%D7%9D%20%D7%9E%D7%98%D7%95%D7%A8%D7%A3,https://madperfume.co.il/?app=product.show.591,https://www.mad-parfumeur.com/respondio-catalog/og/he/p-591-250.jpg?v=20260731-4,https://madperfume.co.il/upload/09-2024/product/66e6a6e97dc76.png
he,"בושם גוף 250 מ""ל","בושם גוף 250 מ""ל",בושם גוף,60,https://www.mad-parfumeur.com/respondio-catalog/wa/he/p-592-250.html?v=20260731-4,https://www.mad-parfumeur.com/respondio-catalog/media/he/p-592-250.jpg?v=20260731-4,"בושם גוף 250 מ""ל
קוד: בושם גוף 250 מ""ל
מחיר: 60 ILS
חזרה לשיחה: https://wa.me/972524033442?text=%D7%A9%D7%9C%D7%95%D7%9D%2C%20%D7%90%D7%A0%D7%99%20%D7%A8%D7%95%D7%A6%D7%94%20%D7%9C%D7%94%D7%96%D7%9E%D7%99%D7%9F%20%D7%90%D7%AA%20%D7%94%D7%9E%D7%95%D7%A6%D7%A8%20%D7%91%D7%95%D7%A9%D7%9D%20%D7%92%D7%95%D7%A3%20250%20%D7%9E%22%D7%9C",https://wa.me/972524033442?text=%D7%A9%D7%9C%D7%95%D7%9D%2C%20%D7%90%D7%A0%D7%99%20%D7%A8%D7%95%D7%A6%D7%94%20%D7%9C%D7%94%D7%96%D7%9E%D7%99%D7%9F%20%D7%90%D7%AA%20%D7%94%D7%9E%D7%95%D7%A6%D7%A8%20%D7%91%D7%95%D7%A9%D7%9D%20%D7%92%D7%95%D7%A3%20250%20%D7%9E%22%D7%9C,https://madperfume.co.il/?app=product.show.592,https://www.mad-parfumeur.com/respondio-catalog/og/he/p-592-250.jpg?v=20260731-4,https://madperfume.co.il/upload/09-2024/product/66e6a5ca2b4f3.png
he,"בושם גוף 250 מ""ל וניל סקיי","בושם גוף 250 מ""ל וניל סקיי",בושם גוף,60,https://www.mad-parfumeur.com/respondio-catalog/wa/he/p-593-250.html?v=20260731-4,https://www.mad-parfumeur.com/respondio-catalog/media/he/p-593-250.jpg?v=20260731-4,"בושם גוף 250 מ""ל וניל סקיי
קוד: בושם גוף 250 מ""ל וניל סקיי
מחיר: 60 ILS
חזרה לשיחה: https://wa.me/972524033442?text=%D7%A9%D7%9C%D7%95%D7%9D%2C%20%D7%90%D7%A0%D7%99%20%D7%A8%D7%95%D7%A6%D7%94%20%D7%9C%D7%94%D7%96%D7%9E%D7%99%D7%9F%20%D7%90%D7%AA%20%D7%94%D7%9E%D7%95%D7%A6%D7%A8%20%D7%91%D7%95%D7%A9%D7%9D%20%D7%92%D7%95%D7%A3%20250%20%D7%9E%22%D7%9C%20%D7%95%D7%A0%D7%99%D7%9C%20%D7%A1%D7%A7%D7%99%D7%99",https://wa.me/972524033442?text=%D7%A9%D7%9C%D7%95%D7%9D%2C%20%D7%90%D7%A0%D7%99%20%D7%A8%D7%95%D7%A6%D7%94%20%D7%9C%D7%94%D7%96%D7%9E%D7%99%D7%9F%20%D7%90%D7%AA%20%D7%94%D7%9E%D7%95%D7%A6%D7%A8%20%D7%91%D7%95%D7%A9%D7%9D%20%D7%92%D7%95%D7%A3%20250%20%D7%9E%22%D7%9C%20%D7%95%D7%A0%D7%99%D7%9C%20%D7%A1%D7%A7%D7%99%D7%99,https://madperfume.co.il/?app=product.show.593,https://www.mad-parfumeur.com/respondio-catalog/og/he/p-593-250.jpg?v=20260731-4,https://madperfume.co.il/upload/09-2024/product/66e6a550c2789.png
he,"בושם גוף 250 מ""ל מאד ערפל ים","בושם גוף 250 מ""ל מאד ערפל ים",בושם גוף,60,https://www.mad-parfumeur.com/respondio-catalog/wa/he/p-594-250.html?v=20260731-4,https://www.mad-parfumeur.com/respondio-catalog/media/he/p-594-250.jpg?v=20260731-4,"בושם גוף 250 מ""ל מאד ערפל ים
קוד: בושם גוף 250 מ""ל מאד ערפל ים
מחיר: 60 ILS
חזרה לשיחה: https://wa.me/972524033442?text=%D7%A9%D7%9C%D7%95%D7%9D%2C%20%D7%90%D7%A0%D7%99%20%D7%A8%D7%95%D7%A6%D7%94%20%D7%9C%D7%94%D7%96%D7%9E%D7%99%D7%9F%20%D7%90%D7%AA%20%D7%94%D7%9E%D7%95%D7%A6%D7%A8%20%D7%91%D7%95%D7%A9%D7%9D%20%D7%92%D7%95%D7%A3%20250%20%D7%9E%22%D7%9C%20%D7%9E%D7%90%D7%93%20%D7%A2%D7%A8%D7%A4%D7%9C%20%D7%99%D7%9D",https://wa.me/972524033442?text=%D7%A9%D7%9C%D7%95%D7%9D%2C%20%D7%90%D7%A0%D7%99%20%D7%A8%D7%95%D7%A6%D7%94%20%D7%9C%D7%94%D7%96%D7%9E%D7%99%D7%9F%20%D7%90%D7%AA%20%D7%94%D7%9E%D7%95%D7%A6%D7%A8%20%D7%91%D7%95%D7%A9%D7%9D%20%D7%92%D7%95%D7%A3%20250%20%D7%9E%22%D7%9C%20%D7%9E%D7%90%D7%93%20%D7%A2%D7%A8%D7%A4%D7%9C%20%D7%99%D7%9D,https://madperfume.co.il/?app=product.show.594,https://www.mad-parfumeur.com/respondio-catalog/og/he/p-594-250.jpg?v=20260731-4,https://madperfume.co.il/upload/09-2024/product/66e6a5029fc32.png
he,"בושם גוף 250 מ""ל דיי דרים","בושם גוף 250 מ""ל דיי דרים",בושם גוף,60,https://www.mad-parfumeur.com/respondio-catalog/wa/he/p-595-250.html?v=20260731-4,https://www.mad-parfumeur.com/respondio-catalog/media/he/p-595-250.jpg?v=20260731-4,"בושם גוף 250 מ""ל דיי דרים
קוד: בושם גוף 250 מ""ל דיי דרים
מחיר: 60 ILS
חזרה לשיחה: https://wa.me/972524033442?text=%D7%A9%D7%9C%D7%95%D7%9D%2C%20%D7%90%D7%A0%D7%99%20%D7%A8%D7%95%D7%A6%D7%94%20%D7%9C%D7%94%D7%96%D7%9E%D7%99%D7%9F%20%D7%90%D7%AA%20%D7%94%D7%9E%D7%95%D7%A6%D7%A8%20%D7%91%D7%95%D7%A9%D7%9D%20%D7%92%D7%95%D7%A3%20250%20%D7%9E%22%D7%9C%20%D7%93%D7%99%D7%99%20%D7%93%D7%A8%D7%99%D7%9D",https://wa.me/972524033442?text=%D7%A9%D7%9C%D7%95%D7%9D%2C%20%D7%90%D7%A0%D7%99%20%D7%A8%D7%95%D7%A6%D7%94%20%D7%9C%D7%94%D7%96%D7%9E%D7%99%D7%9F%20%D7%90%D7%AA%20%D7%94%D7%9E%D7%95%D7%A6%D7%A8%20%D7%91%D7%95%D7%A9%D7%9D%20%D7%92%D7%95%D7%A3%20250%20%D7%9E%22%D7%9C%20%D7%93%D7%99%D7%99%20%D7%93%D7%A8%D7%99%D7%9D,https://madperfume.co.il/?app=product.show.595,https://www.mad-parfumeur.com/respondio-catalog/og/he/p-595-250.jpg?v=20260731-4,https://madperfume.co.il/upload/09-2024/product/66e6a3ce0b411.png
he,"בושם גוף 250 מ""ל קיץ מיסטי","מתאים ל: יומיום, קיץ, חופשות, אחרי מקלחת 🌞🌸",בושם גוף,60,https://www.mad-parfumeur.com/respondio-catalog/wa/he/p-596-250.html?v=20260731-4,https://www.mad-parfumeur.com/respondio-catalog/media/he/p-596-250.jpg?v=20260731-4,"מתאים ל: יומיום, קיץ, חופשות, אחרי מקלחת 🌞🌸
קוד: בושם גוף 250 מ""ל קיץ מיסטי
מחיר: 60 ILS
חזרה לשיחה: https://wa.me/972524033442?text=%D7%A9%D7%9C%D7%95%D7%9D%2C%20%D7%90%D7%A0%D7%99%20%D7%A8%D7%95%D7%A6%D7%94%20%D7%9C%D7%94%D7%96%D7%9E%D7%99%D7%9F%20%D7%90%D7%AA%20%D7%94%D7%9E%D7%95%D7%A6%D7%A8%20%D7%91%D7%95%D7%A9%D7%9D%20%D7%92%D7%95%D7%A3%20250%20%D7%9E%22%D7%9C%20%D7%A7%D7%99%D7%A5%20%D7%9E%D7%99%D7%A1%D7%98%D7%99",https://wa.me/972524033442?text=%D7%A9%D7%9C%D7%95%D7%9D%2C%20%D7%90%D7%A0%D7%99%20%D7%A8%D7%95%D7%A6%D7%94%20%D7%9C%D7%94%D7%96%D7%9E%D7%99%D7%9F%20%D7%90%D7%AA%20%D7%94%D7%9E%D7%95%D7%A6%D7%A8%20%D7%91%D7%95%D7%A9%D7%9D%20%D7%92%D7%95%D7%A3%20250%20%D7%9E%22%D7%9C%20%D7%A7%D7%99%D7%A5%20%D7%9E%D7%99%D7%A1%D7%98%D7%99,https://madperfume.co.il/?app=product.show.596,https://www.mad-parfumeur.com/respondio-catalog/og/he/p-596-250.jpg?v=20260731-4,https://madperfume.co.il/upload/07-2025/product/mad-mystic-summer-250-ml-body-mist250--c4291b.webp
he,STARLIGHET,City Of Stars Louis Vuitton,בשמי נישה נשים,350,https://www.mad-parfumeur.com/respondio-catalog/wa/he/p-602-starlighet.html?v=20260731-4,https://www.mad-parfumeur.com/respondio-catalog/media/he/p-602-starlighet.jpg?v=20260731-4,"City Of Stars Louis Vuitton
קוד: STARLIGHET
מחיר: 350 ILS
חזרה לשיחה: https://wa.me/972524033442?text=%D7%A9%D7%9C%D7%95%D7%9D%2C%20%D7%90%D7%A0%D7%99%20%D7%A8%D7%95%D7%A6%D7%94%20%D7%9C%D7%94%D7%96%D7%9E%D7%99%D7%9F%20%D7%90%D7%AA%20%D7%94%D7%9E%D7%95%D7%A6%D7%A8%20STARLIGHET",https://wa.me/972524033442?text=%D7%A9%D7%9C%D7%95%D7%9D%2C%20%D7%90%D7%A0%D7%99%20%D7%A8%D7%95%D7%A6%D7%94%20%D7%9C%D7%94%D7%96%D7%9E%D7%99%D7%9F%20%D7%90%D7%AA%20%D7%94%D7%9E%D7%95%D7%A6%D7%A8%20STARLIGHET,https://madperfume.co.il/?app=product.show.602,https://www.mad-parfumeur.com/respondio-catalog/og/he/p-602-starlighet.jpg?v=20260731-4,https://madperfume.co.il/upload/01-2026/product/697a436473d80.png
he,SIVI SABUN MAD VELVET LAVENDER 250ml,SIVI SABUN MAD VELVET LAVENDER 250ml,סבון,20,https://www.mad-parfumeur.com/respondio-catalog/wa/he/p-607-sivi-sabun-mad-velvet-lavender-250ml.html?v=20260731-4,https://www.mad-parfumeur.com/respondio-catalog/media/he/p-607-sivi-sabun-mad-velvet-lavender-250ml.jpg?v=20260731-4,"SIVI SABUN MAD VELVET LAVENDER 250ml
קוד: SIVI SABUN MAD VELVET LAVENDER 250ml
מחיר: 20 ILS
חזרה לשיחה: https://wa.me/972524033442?text=%D7%A9%D7%9C%D7%95%D7%9D%2C%20%D7%90%D7%A0%D7%99%20%D7%A8%D7%95%D7%A6%D7%94%20%D7%9C%D7%94%D7%96%D7%9E%D7%99%D7%9F%20%D7%90%D7%AA%20%D7%94%D7%9E%D7%95%D7%A6%D7%A8%20SIVI%20SABUN%20MAD%20VELVET%20LAVENDER%20250ml",https://wa.me/972524033442?text=%D7%A9%D7%9C%D7%95%D7%9D%2C%20%D7%90%D7%A0%D7%99%20%D7%A8%D7%95%D7%A6%D7%94%20%D7%9C%D7%94%D7%96%D7%9E%D7%99%D7%9F%20%D7%90%D7%AA%20%D7%94%D7%9E%D7%95%D7%A6%D7%A8%20SIVI%20SABUN%20MAD%20VELVET%20LAVENDER%20250ml,https://madperfume.co.il/?app=product.show.607,https://www.mad-parfumeur.com/respondio-catalog/og/he/p-607-sivi-sabun-mad-velvet-lavender-250ml.jpg?v=20260731-4,https://madperfume.co.il/upload/10-2024/product/670f80455d060.jpg
he,Sify Soap Mad Ice 250ml,Sify Soap Mad Ice 250ml,סבון,20,https://www.mad-parfumeur.com/respondio-catalog/wa/he/p-608-sify-soap-mad-ice-250ml.html?v=20260731-4,https://www.mad-parfumeur.com/respondio-catalog/media/he/p-608-sify-soap-mad-ice-250ml.jpg?v=20260731-4,"Sify Soap Mad Ice 250ml
קוד: Sify Soap Mad Ice 250ml
מחיר: 20 ILS
חזרה לשיחה: https://wa.me/972524033442?text=%D7%A9%D7%9C%D7%95%D7%9D%2C%20%D7%90%D7%A0%D7%99%20%D7%A8%D7%95%D7%A6%D7%94%20%D7%9C%D7%94%D7%96%D7%9E%D7%99%D7%9F%20%D7%90%D7%AA%20%D7%94%D7%9E%D7%95%D7%A6%D7%A8%20Sify%20Soap%20Mad%20Ice%20250ml",https://wa.me/972524033442?text=%D7%A9%D7%9C%D7%95%D7%9D%2C%20%D7%90%D7%A0%D7%99%20%D7%A8%D7%95%D7%A6%D7%94%20%D7%9C%D7%94%D7%96%D7%9E%D7%99%D7%9F%20%D7%90%D7%AA%20%D7%94%D7%9E%D7%95%D7%A6%D7%A8%20Sify%20Soap%20Mad%20Ice%20250ml,https://madperfume.co.il/?app=product.show.608,https://www.mad-parfumeur.com/respondio-catalog/og/he/p-608-sify-soap-mad-ice-250ml.jpg?v=20260731-4,https://madperfume.co.il/upload/10-2024/product/670f806f7bb56.jpg
he,SIVI SABUN MAD JAPANESE CHERRY BLOSSOM 250ml,SIVI SABUN MAD JAPANESE CHERRY BLOSSOM 250ml,סבון,20,https://www.mad-parfumeur.com/respondio-catalog/wa/he/p-609-sivi-sabun-mad-japanese-cherry-blossom-250ml.html?v=20260731-4,https://www.mad-parfumeur.com/respondio-catalog/media/he/p-609-sivi-sabun-mad-japanese-cherry-blossom-250ml.jpg?v=20260731-4,"SIVI SABUN MAD JAPANESE CHERRY BLOSSOM 250ml
קוד: SIVI SABUN MAD JAPANESE CHERRY BLOSSOM 250ml
מחיר: 20 ILS
חזרה לשיחה: https://wa.me/972524033442?text=%D7%A9%D7%9C%D7%95%D7%9D%2C%20%D7%90%D7%A0%D7%99%20%D7%A8%D7%95%D7%A6%D7%94%20%D7%9C%D7%94%D7%96%D7%9E%D7%99%D7%9F%20%D7%90%D7%AA%20%D7%94%D7%9E%D7%95%D7%A6%D7%A8%20SIVI%20SABUN%20MAD%20JAPANESE%20CHERRY%20BLOSSOM%20250ml",https://wa.me/972524033442?text=%D7%A9%D7%9C%D7%95%D7%9D%2C%20%D7%90%D7%A0%D7%99%20%D7%A8%D7%95%D7%A6%D7%94%20%D7%9C%D7%94%D7%96%D7%9E%D7%99%D7%9F%20%D7%90%D7%AA%20%D7%94%D7%9E%D7%95%D7%A6%D7%A8%20SIVI%20SABUN%20MAD%20JAPANESE%20CHERRY%20BLOSSOM%20250ml,https://madperfume.co.il/?app=product.show.609,https://www.mad-parfumeur.com/respondio-catalog/og/he/p-609-sivi-sabun-mad-japanese-cherry-blossom-250ml.jpg?v=20260731-4,https://madperfume.co.il/upload/10-2024/product/670f80b392f1d.jpg
he,SIVI SABUN MAD AMBER250ml,SIVI SABUN MAD AMBER250ml,סבון,20,https://www.mad-parfumeur.com/respondio-catalog/wa/he/p-610-sivi-sabun-mad-amber250ml.html?v=20260731-4,https://www.mad-parfumeur.com/respondio-catalog/media/he/p-610-sivi-sabun-mad-amber250ml.jpg?v=20260731-4,"SIVI SABUN MAD AMBER250ml
קוד: SIVI SABUN MAD AMBER250ml
מחיר: 20 ILS
חזרה לשיחה: https://wa.me/972524033442?text=%D7%A9%D7%9C%D7%95%D7%9D%2C%20%D7%90%D7%A0%D7%99%20%D7%A8%D7%95%D7%A6%D7%94%20%D7%9C%D7%94%D7%96%D7%9E%D7%99%D7%9F%20%D7%90%D7%AA%20%D7%94%D7%9E%D7%95%D7%A6%D7%A8%20SIVI%20SABUN%20MAD%20AMBER250ml",https://wa.me/972524033442?text=%D7%A9%D7%9C%D7%95%D7%9D%2C%20%D7%90%D7%A0%D7%99%20%D7%A8%D7%95%D7%A6%D7%94%20%D7%9C%D7%94%D7%96%D7%9E%D7%99%D7%9F%20%D7%90%D7%AA%20%D7%94%D7%9E%D7%95%D7%A6%D7%A8%20SIVI%20SABUN%20MAD%20AMBER250ml,https://madperfume.co.il/?app=product.show.610,https://www.mad-parfumeur.com/respondio-catalog/og/he/p-610-sivi-sabun-mad-amber250ml.jpg?v=20260731-4,https://madperfume.co.il/upload/10-2024/product/670f80ef78414.jpg
he,New York Night,Bond Number One Bond No 9,בשמי נישה נשים,300,https://www.mad-parfumeur.com/respondio-catalog/wa/he/p-612-new-york-night.html?v=20260731-4,https://www.mad-parfumeur.com/respondio-catalog/media/he/p-612-new-york-night.jpg?v=20260731-4,"Bond Number One Bond No 9
קוד: New York Night
מחיר: 300 ILS
חזרה לשיחה: https://wa.me/972524033442?text=%D7%A9%D7%9C%D7%95%D7%9D%2C%20%D7%90%D7%A0%D7%99%20%D7%A8%D7%95%D7%A6%D7%94%20%D7%9C%D7%94%D7%96%D7%9E%D7%99%D7%9F%20%D7%90%D7%AA%20%D7%94%D7%9E%D7%95%D7%A6%D7%A8%20New%20York%20Night",https://wa.me/972524033442?text=%D7%A9%D7%9C%D7%95%D7%9D%2C%20%D7%90%D7%A0%D7%99%20%D7%A8%D7%95%D7%A6%D7%94%20%D7%9C%D7%94%D7%96%D7%9E%D7%99%D7%9F%20%D7%90%D7%AA%20%D7%94%D7%9E%D7%95%D7%A6%D7%A8%20New%20York%20Night,https://madperfume.co.il/?app=product.show.612,https://www.mad-parfumeur.com/respondio-catalog/og/he/p-612-new-york-night.jpg?v=20260731-4,https://madperfume.co.il/upload/01-2026/product/697a3aad885b3.png
he,W183 Extra,Aventus – Creed,בשמי גברים,150,https://www.mad-parfumeur.com/respondio-catalog/wa/he/p-613-w183-extra.html?v=20260731-4,https://www.mad-parfumeur.com/respondio-catalog/media/he/p-613-w183-extra.jpg?v=20260731-4,"Aventus – Creed
קוד: W183 Extra
מחיר: 150 ILS
חזרה לשיחה: https://wa.me/972524033442?text=%D7%A9%D7%9C%D7%95%D7%9D%2C%20%D7%90%D7%A0%D7%99%20%D7%A8%D7%95%D7%A6%D7%94%20%D7%9C%D7%94%D7%96%D7%9E%D7%99%D7%9F%20%D7%90%D7%AA%20%D7%94%D7%9E%D7%95%D7%A6%D7%A8%20W183%20Extra",https://wa.me/972524033442?text=%D7%A9%D7%9C%D7%95%D7%9D%2C%20%D7%90%D7%A0%D7%99%20%D7%A8%D7%95%D7%A6%D7%94%20%D7%9C%D7%94%D7%96%D7%9E%D7%99%D7%9F%20%D7%90%D7%AA%20%D7%94%D7%9E%D7%95%D7%A6%D7%A8%20W183%20Extra,https://madperfume.co.il/?app=product.show.613,https://www.mad-parfumeur.com/respondio-catalog/og/he/p-613-w183-extra.jpg?v=20260731-4,https://madperfume.co.il/upload/06-2025/product/684ea27b63383.png
he,T109 EXTRA,Après l’Amour – Thomas Kosmala 4,בשמי גברים,150,https://www.mad-parfumeur.com/respondio-catalog/wa/he/p-614-t109-extra.html?v=20260731-4,https://www.mad-parfumeur.com/respondio-catalog/media/he/p-614-t109-extra.jpg?v=20260731-4,"Après l’Amour – Thomas Kosmala 4
קוד: T109 EXTRA
מחיר: 150 ILS
חזרה לשיחה: https://wa.me/972524033442?text=%D7%A9%D7%9C%D7%95%D7%9D%2C%20%D7%90%D7%A0%D7%99%20%D7%A8%D7%95%D7%A6%D7%94%20%D7%9C%D7%94%D7%96%D7%9E%D7%99%D7%9F%20%D7%90%D7%AA%20%D7%94%D7%9E%D7%95%D7%A6%D7%A8%20T109%20EXTRA",https://wa.me/972524033442?text=%D7%A9%D7%9C%D7%95%D7%9D%2C%20%D7%90%D7%A0%D7%99%20%D7%A8%D7%95%D7%A6%D7%94%20%D7%9C%D7%94%D7%96%D7%9E%D7%99%D7%9F%20%D7%90%D7%AA%20%D7%94%D7%9E%D7%95%D7%A6%D7%A8%20T109%20EXTRA,https://madperfume.co.il/?app=product.show.614,https://www.mad-parfumeur.com/respondio-catalog/og/he/p-614-t109-extra.jpg?v=20260731-4,https://madperfume.co.il/upload/06-2025/product/684ea77611557.png
he,L103 EXTRA,Imagination – Louis Vuitton,בשמי גברים,150,https://www.mad-parfumeur.com/respondio-catalog/wa/he/p-615-l103-extra.html?v=20260731-4,https://www.mad-parfumeur.com/respondio-catalog/media/he/p-615-l103-extra.jpg?v=20260731-4,"Imagination – Louis Vuitton
קוד: L103 EXTRA
מחיר: 150 ILS
חזרה לשיחה: https://wa.me/972524033442?text=%D7%A9%D7%9C%D7%95%D7%9D%2C%20%D7%90%D7%A0%D7%99%20%D7%A8%D7%95%D7%A6%D7%94%20%D7%9C%D7%94%D7%96%D7%9E%D7%99%D7%9F%20%D7%90%D7%AA%20%D7%94%D7%9E%D7%95%D7%A6%D7%A8%20L103%20EXTRA",https://wa.me/972524033442?text=%D7%A9%D7%9C%D7%95%D7%9D%2C%20%D7%90%D7%A0%D7%99%20%D7%A8%D7%95%D7%A6%D7%94%20%D7%9C%D7%94%D7%96%D7%9E%D7%99%D7%9F%20%D7%90%D7%AA%20%D7%94%D7%9E%D7%95%D7%A6%D7%A8%20L103%20EXTRA,https://madperfume.co.il/?app=product.show.615,https://www.mad-parfumeur.com/respondio-catalog/og/he/p-615-l103-extra.jpg?v=20260731-4,https://madperfume.co.il/upload/06-2025/product/684ea39f773ba.png
he,B101 P104 P101,B101 P104 P101,מבצעים גברים,300,https://www.mad-parfumeur.com/respondio-catalog/wa/he/p-618-b101-p104-p101.html?v=20260731-4,https://www.mad-parfumeur.com/respondio-catalog/media/he/p-618-b101-p104-p101.jpg?v=20260731-4,"B101 P104 P101
קוד: B101 P104 P101
מחיר: 300 ILS
חזרה לשיחה: https://wa.me/972524033442?text=%D7%A9%D7%9C%D7%95%D7%9D%2C%20%D7%90%D7%A0%D7%99%20%D7%A8%D7%95%D7%A6%D7%94%20%D7%9C%D7%94%D7%96%D7%9E%D7%99%D7%9F%20%D7%90%D7%AA%20%D7%94%D7%9E%D7%95%D7%A6%D7%A8%20B101%20P104%20P101",https://wa.me/972524033442?text=%D7%A9%D7%9C%D7%95%D7%9D%2C%20%D7%90%D7%A0%D7%99%20%D7%A8%D7%95%D7%A6%D7%94%20%D7%9C%D7%94%D7%96%D7%9E%D7%99%D7%9F%20%D7%90%D7%AA%20%D7%94%D7%9E%D7%95%D7%A6%D7%A8%20B101%20P104%20P101,https://madperfume.co.il/?app=product.show.618,https://www.mad-parfumeur.com/respondio-catalog/og/he/p-618-b101-p104-p101.jpg?v=20260731-4,https://madperfume.co.il/upload/11-2024/product/business man.jpg
he,Mad Midnight 100 ml Unisex,בושם שנולד מתוך דממת הלילה,בשמי נישה גברים,300,https://www.mad-parfumeur.com/respondio-catalog/wa/he/p-620-mad-midnight-100-ml-unisex.html?v=20260731-4,https://www.mad-parfumeur.com/respondio-catalog/media/he/p-620-mad-midnight-100-ml-unisex.jpg?v=20260731-4,"בושם שנולד מתוך דממת הלילה
קוד: Mad Midnight 100 ml Unisex
מחיר: 300 ILS
חזרה לשיחה: https://wa.me/972524033442?text=%D7%A9%D7%9C%D7%95%D7%9D%2C%20%D7%90%D7%A0%D7%99%20%D7%A8%D7%95%D7%A6%D7%94%20%D7%9C%D7%94%D7%96%D7%9E%D7%99%D7%9F%20%D7%90%D7%AA%20%D7%94%D7%9E%D7%95%D7%A6%D7%A8%20Mad%20Midnight%20100%20ml%20Unisex",https://wa.me/972524033442?text=%D7%A9%D7%9C%D7%95%D7%9D%2C%20%D7%90%D7%A0%D7%99%20%D7%A8%D7%95%D7%A6%D7%94%20%D7%9C%D7%94%D7%96%D7%9E%D7%99%D7%9F%20%D7%90%D7%AA%20%D7%94%D7%9E%D7%95%D7%A6%D7%A8%20Mad%20Midnight%20100%20ml%20Unisex,https://madperfume.co.il/?app=product.show.620,https://www.mad-parfumeur.com/respondio-catalog/og/he/p-620-mad-midnight-100-ml-unisex.jpg?v=20260731-4,https://madperfume.co.il/upload/01-2026/product/a95b6150-a436-4b09-9896-8fc7bf76bbb0_size640_cropCenter.jpg
he,Lady Secret,Lady Secret - p107 Y102 G104 w154 B103,מבצעים נשים,500,https://www.mad-parfumeur.com/respondio-catalog/wa/he/p-622-lady-secret.html?v=20260731-4,https://www.mad-parfumeur.com/respondio-catalog/media/he/p-622-lady-secret.jpg?v=20260731-4,"Lady Secret - p107 Y102 G104 w154 B103
קוד: Lady Secret
מחיר: 500 ILS
חזרה לשיחה: https://wa.me/972524033442?text=%D7%A9%D7%9C%D7%95%D7%9D%2C%20%D7%90%D7%A0%D7%99%20%D7%A8%D7%95%D7%A6%D7%94%20%D7%9C%D7%94%D7%96%D7%9E%D7%99%D7%9F%20%D7%90%D7%AA%20%D7%94%D7%9E%D7%95%D7%A6%D7%A8%20Lady%20Secret",https://wa.me/972524033442?text=%D7%A9%D7%9C%D7%95%D7%9D%2C%20%D7%90%D7%A0%D7%99%20%D7%A8%D7%95%D7%A6%D7%94%20%D7%9C%D7%94%D7%96%D7%9E%D7%99%D7%9F%20%D7%90%D7%AA%20%D7%94%D7%9E%D7%95%D7%A6%D7%A8%20Lady%20Secret,https://madperfume.co.il/?app=product.show.622,https://www.mad-parfumeur.com/respondio-catalog/og/he/p-622-lady-secret.jpg?v=20260731-4,https://madperfume.co.il/upload/02-2026/product/699cebfd157d1.png
he,R110,Ralph Ralph Lauren,בשמי נשים,100,https://www.mad-parfumeur.com/respondio-catalog/wa/he/p-627-r110.html?v=20260731-4,https://www.mad-parfumeur.com/respondio-catalog/media/he/p-627-r110.jpg?v=20260731-4,"Ralph Ralph Lauren
קוד: R110
מחיר: 100 ILS
חזרה לשיחה: https://wa.me/972524033442?text=%D7%A9%D7%9C%D7%95%D7%9D%2C%20%D7%90%D7%A0%D7%99%20%D7%A8%D7%95%D7%A6%D7%94%20%D7%9C%D7%94%D7%96%D7%9E%D7%99%D7%9F%20%D7%90%D7%AA%20%D7%94%D7%9E%D7%95%D7%A6%D7%A8%20R110",https://wa.me/972524033442?text=%D7%A9%D7%9C%D7%95%D7%9D%2C%20%D7%90%D7%A0%D7%99%20%D7%A8%D7%95%D7%A6%D7%94%20%D7%9C%D7%94%D7%96%D7%9E%D7%99%D7%9F%20%D7%90%D7%AA%20%D7%94%D7%9E%D7%95%D7%A6%D7%A8%20R110,https://madperfume.co.il/?app=product.show.627,https://www.mad-parfumeur.com/respondio-catalog/og/he/p-627-r110.jpg?v=20260731-4,https://madperfume.co.il/upload/06-2025/product/685124ec1cfe7.png
he,Q112 T109 J105 Y102 Q113,Q112 T109 J105 Y102 Q113,מבצעים גברים,500,https://www.mad-parfumeur.com/respondio-catalog/wa/he/p-664-q112-t109-j105-y102-q113.html?v=20260731-4,https://www.mad-parfumeur.com/respondio-catalog/media/he/p-664-q112-t109-j105-y102-q113.jpg?v=20260731-4,"Q112 T109 J105 Y102 Q113
קוד: Q112 T109 J105 Y102 Q113
מחיר: 500 ILS
חזרה לשיחה: https://wa.me/972524033442?text=%D7%A9%D7%9C%D7%95%D7%9D%2C%20%D7%90%D7%A0%D7%99%20%D7%A8%D7%95%D7%A6%D7%94%20%D7%9C%D7%94%D7%96%D7%9E%D7%99%D7%9F%20%D7%90%D7%AA%20%D7%94%D7%9E%D7%95%D7%A6%D7%A8%20Q112%20T109%20J105%20Y102%20Q113",https://wa.me/972524033442?text=%D7%A9%D7%9C%D7%95%D7%9D%2C%20%D7%90%D7%A0%D7%99%20%D7%A8%D7%95%D7%A6%D7%94%20%D7%9C%D7%94%D7%96%D7%9E%D7%99%D7%9F%20%D7%90%D7%AA%20%D7%94%D7%9E%D7%95%D7%A6%D7%A8%20Q112%20T109%20J105%20Y102%20Q113,https://madperfume.co.il/?app=product.show.664,https://www.mad-parfumeur.com/respondio-catalog/og/he/p-664-q112-t109-j105-y102-q113.jpg?v=20260731-4,https://madperfume.co.il/upload/02-2026/product/699df0a81c6d1.png
he,dream lighet,ATTRAPE-RÊVES,בשמי נישה נשים,350,https://www.mad-parfumeur.com/respondio-catalog/wa/he/p-689-dream-lighet.html?v=20260731-4,https://www.mad-parfumeur.com/respondio-catalog/media/he/p-689-dream-lighet.jpg?v=20260731-4,"ATTRAPE-RÊVES
קוד: dream lighet
מחיר: 350 ILS
חזרה לשיחה: https://wa.me/972524033442?text=%D7%A9%D7%9C%D7%95%D7%9D%2C%20%D7%90%D7%A0%D7%99%20%D7%A8%D7%95%D7%A6%D7%94%20%D7%9C%D7%94%D7%96%D7%9E%D7%99%D7%9F%20%D7%90%D7%AA%20%D7%94%D7%9E%D7%95%D7%A6%D7%A8%20dream%20lighet",https://wa.me/972524033442?text=%D7%A9%D7%9C%D7%95%D7%9D%2C%20%D7%90%D7%A0%D7%99%20%D7%A8%D7%95%D7%A6%D7%94%20%D7%9C%D7%94%D7%96%D7%9E%D7%99%D7%9F%20%D7%90%D7%AA%20%D7%94%D7%9E%D7%95%D7%A6%D7%A8%20dream%20lighet,https://madperfume.co.il/?app=product.show.689,https://www.mad-parfumeur.com/respondio-catalog/og/he/p-689-dream-lighet.jpg?v=20260731-4,https://madperfume.co.il/upload/01-2026/product/697a420402f02.png
he,Q113 Q114 Q112 P105 W183,✨ חמשת הבשמים היוקרתיים ביותר שמביאים איתם אלגנטיות ופאר! ✨,מבצעים גברים,500,https://www.mad-parfumeur.com/respondio-catalog/wa/he/p-695-q113-q114-q112-p105-w183.html?v=20260731-4,https://www.mad-parfumeur.com/respondio-catalog/media/he/p-695-q113-q114-q112-p105-w183.jpg?v=20260731-4,"✨ חמשת הבשמים היוקרתיים ביותר שמביאים איתם אלגנטיות ופאר! ✨
קוד: Q113 Q114 Q112 P105 W183
מחיר: 500 ILS
חזרה לשיחה: https://wa.me/972524033442?text=%D7%A9%D7%9C%D7%95%D7%9D%2C%20%D7%90%D7%A0%D7%99%20%D7%A8%D7%95%D7%A6%D7%94%20%D7%9C%D7%94%D7%96%D7%9E%D7%99%D7%9F%20%D7%90%D7%AA%20%D7%94%D7%9E%D7%95%D7%A6%D7%A8%20Q113%20Q114%20Q112%20P105%20W183",https://wa.me/972524033442?text=%D7%A9%D7%9C%D7%95%D7%9D%2C%20%D7%90%D7%A0%D7%99%20%D7%A8%D7%95%D7%A6%D7%94%20%D7%9C%D7%94%D7%96%D7%9E%D7%99%D7%9F%20%D7%90%D7%AA%20%D7%94%D7%9E%D7%95%D7%A6%D7%A8%20Q113%20Q114%20Q112%20P105%20W183,https://madperfume.co.il/?app=product.show.695,https://www.mad-parfumeur.com/respondio-catalog/og/he/p-695-q113-q114-q112-p105-w183.jpg?v=20260731-4,https://madperfume.co.il/upload/02-2026/product/699ce84f2fd68.png
he,D102,Green Irish Tweed-Creed,בשמי גברים,100,https://www.mad-parfumeur.com/respondio-catalog/wa/he/p-712-d102.html?v=20260731-4,https://www.mad-parfumeur.com/respondio-catalog/media/he/p-712-d102.jpg?v=20260731-4,"Green Irish Tweed-Creed
קוד: D102
מחיר: 100 ILS
חזרה לשיחה: https://wa.me/972524033442?text=%D7%A9%D7%9C%D7%95%D7%9D%2C%20%D7%90%D7%A0%D7%99%20%D7%A8%D7%95%D7%A6%D7%94%20%D7%9C%D7%94%D7%96%D7%9E%D7%99%D7%9F%20%D7%90%D7%AA%20%D7%94%D7%9E%D7%95%D7%A6%D7%A8%20D102",https://wa.me/972524033442?text=%D7%A9%D7%9C%D7%95%D7%9D%2C%20%D7%90%D7%A0%D7%99%20%D7%A8%D7%95%D7%A6%D7%94%20%D7%9C%D7%94%D7%96%D7%9E%D7%99%D7%9F%20%D7%90%D7%AA%20%D7%94%D7%9E%D7%95%D7%A6%D7%A8%20D102,https://madperfume.co.il/?app=product.show.712,https://www.mad-parfumeur.com/respondio-catalog/og/he/p-712-d102.jpg?v=20260731-4,https://madperfume.co.il/upload/03-2026/product/AE86DC26-7382-4446-B6DF-8BF17B5B87B8.png
he,L103 T102 Y101,L103 T102 Y101,מבצעים גברים,300,https://www.mad-parfumeur.com/respondio-catalog/wa/he/p-722-l103-t102-y101.html?v=20260731-4,https://www.mad-parfumeur.com/respondio-catalog/media/he/p-722-l103-t102-y101.jpg?v=20260731-4,"L103 T102 Y101
קוד: L103 T102 Y101
מחיר: 300 ILS
חזרה לשיחה: https://wa.me/972524033442?text=%D7%A9%D7%9C%D7%95%D7%9D%2C%20%D7%90%D7%A0%D7%99%20%D7%A8%D7%95%D7%A6%D7%94%20%D7%9C%D7%94%D7%96%D7%9E%D7%99%D7%9F%20%D7%90%D7%AA%20%D7%94%D7%9E%D7%95%D7%A6%D7%A8%20L103%20T102%20Y101",https://wa.me/972524033442?text=%D7%A9%D7%9C%D7%95%D7%9D%2C%20%D7%90%D7%A0%D7%99%20%D7%A8%D7%95%D7%A6%D7%94%20%D7%9C%D7%94%D7%96%D7%9E%D7%99%D7%9F%20%D7%90%D7%AA%20%D7%94%D7%9E%D7%95%D7%A6%D7%A8%20L103%20T102%20Y101,https://madperfume.co.il/?app=product.show.722,https://www.mad-parfumeur.com/respondio-catalog/og/he/p-722-l103-t102-y101.jpg?v=20260731-4,https://madperfume.co.il/upload/03-2025/product/67cffb143f235.jpg
he,C120 G106 A112,💸 רק ₪350 לשלישייה,מבצעים גברים,300,https://www.mad-parfumeur.com/respondio-catalog/wa/he/p-726-c120-g106-a112.html?v=20260731-4,https://www.mad-parfumeur.com/respondio-catalog/media/he/p-726-c120-g106-a112.jpg?v=20260731-4,"💸 רק ₪350 לשלישייה
קוד: C120 G106 A112
מחיר: 300 ILS
חזרה לשיחה: https://wa.me/972524033442?text=%D7%A9%D7%9C%D7%95%D7%9D%2C%20%D7%90%D7%A0%D7%99%20%D7%A8%D7%95%D7%A6%D7%94%20%D7%9C%D7%94%D7%96%D7%9E%D7%99%D7%9F%20%D7%90%D7%AA%20%D7%94%D7%9E%D7%95%D7%A6%D7%A8%20C120%20G106%20A112",https://wa.me/972524033442?text=%D7%A9%D7%9C%D7%95%D7%9D%2C%20%D7%90%D7%A0%D7%99%20%D7%A8%D7%95%D7%A6%D7%94%20%D7%9C%D7%94%D7%96%D7%9E%D7%99%D7%9F%20%D7%90%D7%AA%20%D7%94%D7%9E%D7%95%D7%A6%D7%A8%20C120%20G106%20A112,https://madperfume.co.il/?app=product.show.726,https://www.mad-parfumeur.com/respondio-catalog/og/he/p-726-c120-g106-a112.jpg?v=20260731-4,https://madperfume.co.il/upload/10-2025/product/An_ROf-wzVIOb4Ec4tEVuVlGM0P5rxAiWaO6PKiURtrFMEkPu2lcaDTvZ-alMtXAvDtUbzvtpEV-WihzFWg7zcNUOXbMgwLv-qv7BIxvznH40bWU_2-eb24zFNxvydmUCexejIzv-4_xI11Oal_O_ybAw8xTjTnSDpwZ_kHxo1BOPZFKmSjuo55x-YYFYSGU5Ur5WUsTNpTZ6_bpiMABD.jpeg
he,G106 L101 W201,G106 L101 W201,מבצעים גברים,300,https://www.mad-parfumeur.com/respondio-catalog/wa/he/p-727-g106-l101-w201.html?v=20260731-4,https://www.mad-parfumeur.com/respondio-catalog/media/he/p-727-g106-l101-w201.jpg?v=20260731-4,"G106 L101 W201
קוד: G106 L101 W201
מחיר: 300 ILS
חזרה לשיחה: https://wa.me/972524033442?text=%D7%A9%D7%9C%D7%95%D7%9D%2C%20%D7%90%D7%A0%D7%99%20%D7%A8%D7%95%D7%A6%D7%94%20%D7%9C%D7%94%D7%96%D7%9E%D7%99%D7%9F%20%D7%90%D7%AA%20%D7%94%D7%9E%D7%95%D7%A6%D7%A8%20G106%20L101%20W201",https://wa.me/972524033442?text=%D7%A9%D7%9C%D7%95%D7%9D%2C%20%D7%90%D7%A0%D7%99%20%D7%A8%D7%95%D7%A6%D7%94%20%D7%9C%D7%94%D7%96%D7%9E%D7%99%D7%9F%20%D7%90%D7%AA%20%D7%94%D7%9E%D7%95%D7%A6%D7%A8%20G106%20L101%20W201,https://madperfume.co.il/?app=product.show.727,https://www.mad-parfumeur.com/respondio-catalog/og/he/p-727-g106-l101-w201.jpg?v=20260731-4,https://madperfume.co.il/upload/10-2025/product/An-RVEpKwrzmcV7eqxDQq1ByyNpUxbKYqVq4tOzG9IaHusaVe8-xLBHNeAufxi6iK0NI-OJ9PeZI5vyytT5MWGeeJdSMtoTX4sZEEXb8b0lWYDWEgEQoQDMvzkOyGufOs4kxZAI_CXblQKa2imalHra9lUg2mySTlS5MlTNytDMNjtVRUAYndQ18UTvPUiRetTi2SC7PrqNHcxE8jNN8L.jpeg
he,G106 J102 A122 L103 A112,G106 J102 A122 L103 A112,מבצעים נשים,500,https://www.mad-parfumeur.com/respondio-catalog/wa/he/p-729-g106-j102-a122-l103-a112.html?v=20260731-4,https://www.mad-parfumeur.com/respondio-catalog/media/he/p-729-g106-j102-a122-l103-a112.jpg?v=20260731-4,"G106 J102 A122 L103 A112
קוד: G106 J102 A122 L103 A112
מחיר: 500 ILS
חזרה לשיחה: https://wa.me/972524033442?text=%D7%A9%D7%9C%D7%95%D7%9D%2C%20%D7%90%D7%A0%D7%99%20%D7%A8%D7%95%D7%A6%D7%94%20%D7%9C%D7%94%D7%96%D7%9E%D7%99%D7%9F%20%D7%90%D7%AA%20%D7%94%D7%9E%D7%95%D7%A6%D7%A8%20G106%20J102%20A122%20L103%20A112",https://wa.me/972524033442?text=%D7%A9%D7%9C%D7%95%D7%9D%2C%20%D7%90%D7%A0%D7%99%20%D7%A8%D7%95%D7%A6%D7%94%20%D7%9C%D7%94%D7%96%D7%9E%D7%99%D7%9F%20%D7%90%D7%AA%20%D7%94%D7%9E%D7%95%D7%A6%D7%A8%20G106%20J102%20A122%20L103%20A112,https://madperfume.co.il/?app=product.show.729,https://www.mad-parfumeur.com/respondio-catalog/og/he/p-729-g106-j102-a122-l103-a112.jpg?v=20260731-4,https://madperfume.co.il/upload/02-2026/product/699ded380c7fe.png
he,LOVE ME,"Love, Don’t Be Shy",בשמי נישה נשים,300,https://www.mad-parfumeur.com/respondio-catalog/wa/he/p-730-love-me.html?v=20260731-4,https://www.mad-parfumeur.com/respondio-catalog/media/he/p-730-love-me.jpg?v=20260731-4,"Love, Don’t Be Shy
קוד: LOVE ME
מחיר: 300 ILS
חזרה לשיחה: https://wa.me/972524033442?text=%D7%A9%D7%9C%D7%95%D7%9D%2C%20%D7%90%D7%A0%D7%99%20%D7%A8%D7%95%D7%A6%D7%94%20%D7%9C%D7%94%D7%96%D7%9E%D7%99%D7%9F%20%D7%90%D7%AA%20%D7%94%D7%9E%D7%95%D7%A6%D7%A8%20LOVE%20ME",https://wa.me/972524033442?text=%D7%A9%D7%9C%D7%95%D7%9D%2C%20%D7%90%D7%A0%D7%99%20%D7%A8%D7%95%D7%A6%D7%94%20%D7%9C%D7%94%D7%96%D7%9E%D7%99%D7%9F%20%D7%90%D7%AA%20%D7%94%D7%9E%D7%95%D7%A6%D7%A8%20LOVE%20ME,https://madperfume.co.il/?app=product.show.730,https://www.mad-parfumeur.com/respondio-catalog/og/he/p-730-love-me.jpg?v=20260731-4,https://madperfume.co.il/upload/03-2026/product/IMG_0323.jpeg
he,A115,You Intensely,בשמי גברים,100,https://www.mad-parfumeur.com/respondio-catalog/wa/he/p-731-a115.html?v=20260731-4,https://www.mad-parfumeur.com/respondio-catalog/media/he/p-731-a115.jpg?v=20260731-4,"You Intensely
קוד: A115
מחיר: 100 ILS
חזרה לשיחה: https://wa.me/972524033442?text=%D7%A9%D7%9C%D7%95%D7%9D%2C%20%D7%90%D7%A0%D7%99%20%D7%A8%D7%95%D7%A6%D7%94%20%D7%9C%D7%94%D7%96%D7%9E%D7%99%D7%9F%20%D7%90%D7%AA%20%D7%94%D7%9E%D7%95%D7%A6%D7%A8%20A115",https://wa.me/972524033442?text=%D7%A9%D7%9C%D7%95%D7%9D%2C%20%D7%90%D7%A0%D7%99%20%D7%A8%D7%95%D7%A6%D7%94%20%D7%9C%D7%94%D7%96%D7%9E%D7%99%D7%9F%20%D7%90%D7%AA%20%D7%94%D7%9E%D7%95%D7%A6%D7%A8%20A115,https://madperfume.co.il/?app=product.show.731,https://www.mad-parfumeur.com/respondio-catalog/og/he/p-731-a115.jpg?v=20260731-4,https://madperfume.co.il/upload/01-2026/product/697ba8ff8f00f.png
he,J101,Scandal Pour Homme,בשמי גברים,100,https://www.mad-parfumeur.com/respondio-catalog/wa/he/p-732-j101.html?v=20260731-4,https://www.mad-parfumeur.com/respondio-catalog/media/he/p-732-j101.jpg?v=20260731-4,"Scandal Pour Homme
קוד: J101
מחיר: 100 ILS
חזרה לשיחה: https://wa.me/972524033442?text=%D7%A9%D7%9C%D7%95%D7%9D%2C%20%D7%90%D7%A0%D7%99%20%D7%A8%D7%95%D7%A6%D7%94%20%D7%9C%D7%94%D7%96%D7%9E%D7%99%D7%9F%20%D7%90%D7%AA%20%D7%94%D7%9E%D7%95%D7%A6%D7%A8%20J101",https://wa.me/972524033442?text=%D7%A9%D7%9C%D7%95%D7%9D%2C%20%D7%90%D7%A0%D7%99%20%D7%A8%D7%95%D7%A6%D7%94%20%D7%9C%D7%94%D7%96%D7%9E%D7%99%D7%9F%20%D7%90%D7%AA%20%D7%94%D7%9E%D7%95%D7%A6%D7%A8%20J101,https://madperfume.co.il/?app=product.show.732,https://www.mad-parfumeur.com/respondio-catalog/og/he/p-732-j101.jpg?v=20260731-4,https://madperfume.co.il/upload/03-2026/product/IMG_0416.jpeg
he,P107,Prada Paradoxe Prada,בשמי נשים,100,https://www.mad-parfumeur.com/respondio-catalog/wa/he/p-733-p107.html?v=20260731-4,https://www.mad-parfumeur.com/respondio-catalog/media/he/p-733-p107.jpg?v=20260731-4,"Prada Paradoxe Prada
קוד: P107
מחיר: 100 ILS
חזרה לשיחה: https://wa.me/972524033442?text=%D7%A9%D7%9C%D7%95%D7%9D%2C%20%D7%90%D7%A0%D7%99%20%D7%A8%D7%95%D7%A6%D7%94%20%D7%9C%D7%94%D7%96%D7%9E%D7%99%D7%9F%20%D7%90%D7%AA%20%D7%94%D7%9E%D7%95%D7%A6%D7%A8%20P107",https://wa.me/972524033442?text=%D7%A9%D7%9C%D7%95%D7%9D%2C%20%D7%90%D7%A0%D7%99%20%D7%A8%D7%95%D7%A6%D7%94%20%D7%9C%D7%94%D7%96%D7%9E%D7%99%D7%9F%20%D7%90%D7%AA%20%D7%94%D7%9E%D7%95%D7%A6%D7%A8%20P107,https://madperfume.co.il/?app=product.show.733,https://www.mad-parfumeur.com/respondio-catalog/og/he/p-733-p107.jpg?v=20260731-4,https://madperfume.co.il/upload/01-2026/product/697be70268448.png
he,NARCOTIC,Fleur Narcotique Ex Nihilo,בשמי נישה גברים,350,https://www.mad-parfumeur.com/respondio-catalog/wa/he/p-734-narcotic.html?v=20260731-4,https://www.mad-parfumeur.com/respondio-catalog/media/he/p-734-narcotic.jpg?v=20260731-4,"Fleur Narcotique Ex Nihilo
קוד: NARCOTIC
מחיר: 350 ILS
חזרה לשיחה: https://wa.me/972524033442?text=%D7%A9%D7%9C%D7%95%D7%9D%2C%20%D7%90%D7%A0%D7%99%20%D7%A8%D7%95%D7%A6%D7%94%20%D7%9C%D7%94%D7%96%D7%9E%D7%99%D7%9F%20%D7%90%D7%AA%20%D7%94%D7%9E%D7%95%D7%A6%D7%A8%20NARCOTIC",https://wa.me/972524033442?text=%D7%A9%D7%9C%D7%95%D7%9D%2C%20%D7%90%D7%A0%D7%99%20%D7%A8%D7%95%D7%A6%D7%94%20%D7%9C%D7%94%D7%96%D7%9E%D7%99%D7%9F%20%D7%90%D7%AA%20%D7%94%D7%9E%D7%95%D7%A6%D7%A8%20NARCOTIC,https://madperfume.co.il/?app=product.show.734,https://www.mad-parfumeur.com/respondio-catalog/og/he/p-734-narcotic.jpg?v=20260731-4,https://madperfume.co.il/upload/01-2026/product/697a458040a6d.png
he,DRACO,Gris Charnel Extrait BDK Parfums,בשמי נישה גברים,350,https://www.mad-parfumeur.com/respondio-catalog/wa/he/p-736-draco.html?v=20260731-4,https://www.mad-parfumeur.com/respondio-catalog/media/he/p-736-draco.jpg?v=20260731-4,"Gris Charnel Extrait BDK Parfums
קוד: DRACO
מחיר: 350 ILS
חזרה לשיחה: https://wa.me/972524033442?text=%D7%A9%D7%9C%D7%95%D7%9D%2C%20%D7%90%D7%A0%D7%99%20%D7%A8%D7%95%D7%A6%D7%94%20%D7%9C%D7%94%D7%96%D7%9E%D7%99%D7%9F%20%D7%90%D7%AA%20%D7%94%D7%9E%D7%95%D7%A6%D7%A8%20DRACO",https://wa.me/972524033442?text=%D7%A9%D7%9C%D7%95%D7%9D%2C%20%D7%90%D7%A0%D7%99%20%D7%A8%D7%95%D7%A6%D7%94%20%D7%9C%D7%94%D7%96%D7%9E%D7%99%D7%9F%20%D7%90%D7%AA%20%D7%94%D7%9E%D7%95%D7%A6%D7%A8%20DRACO,https://madperfume.co.il/?app=product.show.736,https://www.mad-parfumeur.com/respondio-catalog/og/he/p-736-draco.jpg?v=20260731-4,https://madperfume.co.il/upload/03-2026/product/IMG_0325.jpeg
he,C101,212 Carolina Herrera,בשמי גברים,100,https://www.mad-parfumeur.com/respondio-catalog/wa/he/p-739-c101.html?v=20260731-4,https://www.mad-parfumeur.com/respondio-catalog/media/he/p-739-c101.jpg?v=20260731-4,"212 Carolina Herrera
קוד: C101
מחיר: 100 ILS
חזרה לשיחה: https://wa.me/972524033442?text=%D7%A9%D7%9C%D7%95%D7%9D%2C%20%D7%90%D7%A0%D7%99%20%D7%A8%D7%95%D7%A6%D7%94%20%D7%9C%D7%94%D7%96%D7%9E%D7%99%D7%9F%20%D7%90%D7%AA%20%D7%94%D7%9E%D7%95%D7%A6%D7%A8%20C101",https://wa.me/972524033442?text=%D7%A9%D7%9C%D7%95%D7%9D%2C%20%D7%90%D7%A0%D7%99%20%D7%A8%D7%95%D7%A6%D7%94%20%D7%9C%D7%94%D7%96%D7%9E%D7%99%D7%9F%20%D7%90%D7%AA%20%D7%94%D7%9E%D7%95%D7%A6%D7%A8%20C101,https://madperfume.co.il/?app=product.show.739,https://www.mad-parfumeur.com/respondio-catalog/og/he/p-739-c101.jpg?v=20260731-4,https://madperfume.co.il/upload/03-2026/product/ABEAC5AE-D57C-44CE-A5C8-6711E666620E.png
he,J103,Joop,בשמי גברים,100,https://www.mad-parfumeur.com/respondio-catalog/wa/he/p-741-j103.html?v=20260731-4,https://www.mad-parfumeur.com/respondio-catalog/media/he/p-741-j103.jpg?v=20260731-4,"Joop
קוד: J103
מחיר: 100 ILS
חזרה לשיחה: https://wa.me/972524033442?text=%D7%A9%D7%9C%D7%95%D7%9D%2C%20%D7%90%D7%A0%D7%99%20%D7%A8%D7%95%D7%A6%D7%94%20%D7%9C%D7%94%D7%96%D7%9E%D7%99%D7%9F%20%D7%90%D7%AA%20%D7%94%D7%9E%D7%95%D7%A6%D7%A8%20J103",https://wa.me/972524033442?text=%D7%A9%D7%9C%D7%95%D7%9D%2C%20%D7%90%D7%A0%D7%99%20%D7%A8%D7%95%D7%A6%D7%94%20%D7%9C%D7%94%D7%96%D7%9E%D7%99%D7%9F%20%D7%90%D7%AA%20%D7%94%D7%9E%D7%95%D7%A6%D7%A8%20J103,https://madperfume.co.il/?app=product.show.741,https://www.mad-parfumeur.com/respondio-catalog/og/he/p-741-j103.jpg?v=20260731-4,https://madperfume.co.il/upload/06-2025/product/684dbba0e8a87.png
he,B103 women,Burberry Her Burberry,בשמי נשים,100,https://www.mad-parfumeur.com/respondio-catalog/wa/he/p-743-b103-women.html?v=20260731-4,https://www.mad-parfumeur.com/respondio-catalog/media/he/p-743-b103-women.jpg?v=20260731-4,"Burberry Her Burberry
קוד: B103 women
מחיר: 100 ILS
חזרה לשיחה: https://wa.me/972524033442?text=%D7%A9%D7%9C%D7%95%D7%9D%2C%20%D7%90%D7%A0%D7%99%20%D7%A8%D7%95%D7%A6%D7%94%20%D7%9C%D7%94%D7%96%D7%9E%D7%99%D7%9F%20%D7%90%D7%AA%20%D7%94%D7%9E%D7%95%D7%A6%D7%A8%20B103%20women",https://wa.me/972524033442?text=%D7%A9%D7%9C%D7%95%D7%9D%2C%20%D7%90%D7%A0%D7%99%20%D7%A8%D7%95%D7%A6%D7%94%20%D7%9C%D7%94%D7%96%D7%9E%D7%99%D7%9F%20%D7%90%D7%AA%20%D7%94%D7%9E%D7%95%D7%A6%D7%A8%20B103%20women,https://madperfume.co.il/?app=product.show.743,https://www.mad-parfumeur.com/respondio-catalog/og/he/p-743-b103-women.jpg?v=20260731-4,https://madperfume.co.il/upload/01-2026/product/697bdc9fda80d.png
he,B105,Burberry Her Elixir de Parfum Burberry,בשמי נשים,100,https://www.mad-parfumeur.com/respondio-catalog/wa/he/p-744-b105.html?v=20260731-4,https://www.mad-parfumeur.com/respondio-catalog/media/he/p-744-b105.jpg?v=20260731-4,"Burberry Her Elixir de Parfum Burberry
קוד: B105
מחיר: 100 ILS
חזרה לשיחה: https://wa.me/972524033442?text=%D7%A9%D7%9C%D7%95%D7%9D%2C%20%D7%90%D7%A0%D7%99%20%D7%A8%D7%95%D7%A6%D7%94%20%D7%9C%D7%94%D7%96%D7%9E%D7%99%D7%9F%20%D7%90%D7%AA%20%D7%94%D7%9E%D7%95%D7%A6%D7%A8%20B105",https://wa.me/972524033442?text=%D7%A9%D7%9C%D7%95%D7%9D%2C%20%D7%90%D7%A0%D7%99%20%D7%A8%D7%95%D7%A6%D7%94%20%D7%9C%D7%94%D7%96%D7%9E%D7%99%D7%9F%20%D7%90%D7%AA%20%D7%94%D7%9E%D7%95%D7%A6%D7%A8%20B105,https://madperfume.co.il/?app=product.show.744,https://www.mad-parfumeur.com/respondio-catalog/og/he/p-744-b105.jpg?v=20260731-4,https://madperfume.co.il/upload/01-2026/product/697d083c2c986.png
he,W213,Black Opium Yves Saint Laurent,בשמי נשים,100,https://www.mad-parfumeur.com/respondio-catalog/wa/he/p-745-w213.html?v=20260731-4,https://www.mad-parfumeur.com/respondio-catalog/media/he/p-745-w213.jpg?v=20260731-4,"Black Opium Yves Saint Laurent
קוד: W213
מחיר: 100 ILS
חזרה לשיחה: https://wa.me/972524033442?text=%D7%A9%D7%9C%D7%95%D7%9D%2C%20%D7%90%D7%A0%D7%99%20%D7%A8%D7%95%D7%A6%D7%94%20%D7%9C%D7%94%D7%96%D7%9E%D7%99%D7%9F%20%D7%90%D7%AA%20%D7%94%D7%9E%D7%95%D7%A6%D7%A8%20W213",https://wa.me/972524033442?text=%D7%A9%D7%9C%D7%95%D7%9D%2C%20%D7%90%D7%A0%D7%99%20%D7%A8%D7%95%D7%A6%D7%94%20%D7%9C%D7%94%D7%96%D7%9E%D7%99%D7%9F%20%D7%90%D7%AA%20%D7%94%D7%9E%D7%95%D7%A6%D7%A8%20W213,https://madperfume.co.il/?app=product.show.745,https://www.mad-parfumeur.com/respondio-catalog/og/he/p-745-w213.jpg?v=20260731-4,https://madperfume.co.il/upload/01-2026/product/697bad7b10c3d.png
he,Q105-T103,Black Orchid – Tom Ford,בשמי גברים,100,https://www.mad-parfumeur.com/respondio-catalog/wa/he/p-746-q105-t103.html?v=20260731-4,https://www.mad-parfumeur.com/respondio-catalog/media/he/p-746-q105-t103.jpg?v=20260731-4,"Black Orchid – Tom Ford
קוד: Q105-T103
מחיר: 100 ILS
חזרה לשיחה: https://wa.me/972524033442?text=%D7%A9%D7%9C%D7%95%D7%9D%2C%20%D7%90%D7%A0%D7%99%20%D7%A8%D7%95%D7%A6%D7%94%20%D7%9C%D7%94%D7%96%D7%9E%D7%99%D7%9F%20%D7%90%D7%AA%20%D7%94%D7%9E%D7%95%D7%A6%D7%A8%20Q105-T103",https://wa.me/972524033442?text=%D7%A9%D7%9C%D7%95%D7%9D%2C%20%D7%90%D7%A0%D7%99%20%D7%A8%D7%95%D7%A6%D7%94%20%D7%9C%D7%94%D7%96%D7%9E%D7%99%D7%9F%20%D7%90%D7%AA%20%D7%94%D7%9E%D7%95%D7%A6%D7%A8%20Q105-T103,https://madperfume.co.il/?app=product.show.746,https://www.mad-parfumeur.com/respondio-catalog/og/he/p-746-q105-t103.jpg?v=20260731-4,https://madperfume.co.il/upload/03-2026/product/49B1C376-EC77-42DB-B9E2-7BE7E9D2437F.png
he,Q109 -T185,Tobacco Vanille – Tom Ford,בשמי גברים,100,https://www.mad-parfumeur.com/respondio-catalog/wa/he/p-748-q109-t185.html?v=20260731-4,https://www.mad-parfumeur.com/respondio-catalog/media/he/p-748-q109-t185.jpg?v=20260731-4,"Tobacco Vanille – Tom Ford
קוד: Q109 -T185
מחיר: 100 ILS
חזרה לשיחה: https://wa.me/972524033442?text=%D7%A9%D7%9C%D7%95%D7%9D%2C%20%D7%90%D7%A0%D7%99%20%D7%A8%D7%95%D7%A6%D7%94%20%D7%9C%D7%94%D7%96%D7%9E%D7%99%D7%9F%20%D7%90%D7%AA%20%D7%94%D7%9E%D7%95%D7%A6%D7%A8%20Q109%20-T185",https://wa.me/972524033442?text=%D7%A9%D7%9C%D7%95%D7%9D%2C%20%D7%90%D7%A0%D7%99%20%D7%A8%D7%95%D7%A6%D7%94%20%D7%9C%D7%94%D7%96%D7%9E%D7%99%D7%9F%20%D7%90%D7%AA%20%D7%94%D7%9E%D7%95%D7%A6%D7%A8%20Q109%20-T185,https://madperfume.co.il/?app=product.show.748,https://www.mad-parfumeur.com/respondio-catalog/og/he/p-748-q109-t185.jpg?v=20260731-4,https://madperfume.co.il/upload/03-2026/product/IMG_0361.jpeg
he,wizard,wizard,לבית ומשרד,65,https://www.mad-parfumeur.com/respondio-catalog/wa/he/p-749-wizard.html?v=20260731-4,https://www.mad-parfumeur.com/respondio-catalog/media/he/p-749-wizard.jpg?v=20260731-4,"wizard
קוד: wizard
מחיר: 65 ILS
חזרה לשיחה: https://wa.me/972524033442?text=%D7%A9%D7%9C%D7%95%D7%9D%2C%20%D7%90%D7%A0%D7%99%20%D7%A8%D7%95%D7%A6%D7%94%20%D7%9C%D7%94%D7%96%D7%9E%D7%99%D7%9F%20%D7%90%D7%AA%20%D7%94%D7%9E%D7%95%D7%A6%D7%A8%20wizard",https://wa.me/972524033442?text=%D7%A9%D7%9C%D7%95%D7%9D%2C%20%D7%90%D7%A0%D7%99%20%D7%A8%D7%95%D7%A6%D7%94%20%D7%9C%D7%94%D7%96%D7%9E%D7%99%D7%9F%20%D7%90%D7%AA%20%D7%94%D7%9E%D7%95%D7%A6%D7%A8%20wizard,https://madperfume.co.il/?app=product.show.749,https://www.mad-parfumeur.com/respondio-catalog/og/he/p-749-wizard.jpg?v=20260731-4,https://madperfume.co.il/upload/04-2025/product/wizard.jpg
he,love me,love me,לבית ומשרד,65,https://www.mad-parfumeur.com/respondio-catalog/wa/he/p-750-love-me.html?v=20260731-4,https://www.mad-parfumeur.com/respondio-catalog/media/he/p-750-love-me.jpg?v=20260731-4,"love me
קוד: love me
מחיר: 65 ILS
חזרה לשיחה: https://wa.me/972524033442?text=%D7%A9%D7%9C%D7%95%D7%9D%2C%20%D7%90%D7%A0%D7%99%20%D7%A8%D7%95%D7%A6%D7%94%20%D7%9C%D7%94%D7%96%D7%9E%D7%99%D7%9F%20%D7%90%D7%AA%20%D7%94%D7%9E%D7%95%D7%A6%D7%A8%20love%20me",https://wa.me/972524033442?text=%D7%A9%D7%9C%D7%95%D7%9D%2C%20%D7%90%D7%A0%D7%99%20%D7%A8%D7%95%D7%A6%D7%94%20%D7%9C%D7%94%D7%96%D7%9E%D7%99%D7%9F%20%D7%90%D7%AA%20%D7%94%D7%9E%D7%95%D7%A6%D7%A8%20love%20me,https://madperfume.co.il/?app=product.show.750,https://www.mad-parfumeur.com/respondio-catalog/og/he/p-750-love-me.jpg?v=20260731-4,https://madperfume.co.il/upload/04-2025/product/love me.jpg
he,COFFE BISCUIT,חדש,לבית ומשרד,65,https://www.mad-parfumeur.com/respondio-catalog/wa/he/p-751-coffe-biscuit.html?v=20260731-4,https://www.mad-parfumeur.com/respondio-catalog/media/he/p-751-coffe-biscuit.jpg?v=20260731-4,"חדש
קוד: COFFE BISCUIT
מחיר: 65 ILS
חזרה לשיחה: https://wa.me/972524033442?text=%D7%A9%D7%9C%D7%95%D7%9D%2C%20%D7%90%D7%A0%D7%99%20%D7%A8%D7%95%D7%A6%D7%94%20%D7%9C%D7%94%D7%96%D7%9E%D7%99%D7%9F%20%D7%90%D7%AA%20%D7%94%D7%9E%D7%95%D7%A6%D7%A8%20COFFE%20BISCUIT",https://wa.me/972524033442?text=%D7%A9%D7%9C%D7%95%D7%9D%2C%20%D7%90%D7%A0%D7%99%20%D7%A8%D7%95%D7%A6%D7%94%20%D7%9C%D7%94%D7%96%D7%9E%D7%99%D7%9F%20%D7%90%D7%AA%20%D7%94%D7%9E%D7%95%D7%A6%D7%A8%20COFFE%20BISCUIT,https://madperfume.co.il/?app=product.show.751,https://www.mad-parfumeur.com/respondio-catalog/og/he/p-751-coffe-biscuit.jpg?v=20260731-4,https://madperfume.co.il/upload/04-2025/product/mad-coffee-biscuit-160-ml-ortam-kokusu-48ce-9.webp
he,ROUGH NIGHT 160 ML,חדש,לבית ומשרד,65,https://www.mad-parfumeur.com/respondio-catalog/wa/he/p-752-rough-night-160-ml.html?v=20260731-4,https://www.mad-parfumeur.com/respondio-catalog/media/he/p-752-rough-night-160-ml.jpg?v=20260731-4,"חדש
קוד: ROUGH NIGHT 160 ML
מחיר: 65 ILS
חזרה לשיחה: https://wa.me/972524033442?text=%D7%A9%D7%9C%D7%95%D7%9D%2C%20%D7%90%D7%A0%D7%99%20%D7%A8%D7%95%D7%A6%D7%94%20%D7%9C%D7%94%D7%96%D7%9E%D7%99%D7%9F%20%D7%90%D7%AA%20%D7%94%D7%9E%D7%95%D7%A6%D7%A8%20ROUGH%20NIGHT%20160%20ML",https://wa.me/972524033442?text=%D7%A9%D7%9C%D7%95%D7%9D%2C%20%D7%90%D7%A0%D7%99%20%D7%A8%D7%95%D7%A6%D7%94%20%D7%9C%D7%94%D7%96%D7%9E%D7%99%D7%9F%20%D7%90%D7%AA%20%D7%94%D7%9E%D7%95%D7%A6%D7%A8%20ROUGH%20NIGHT%20160%20ML,https://madperfume.co.il/?app=product.show.752,https://www.mad-parfumeur.com/respondio-catalog/og/he/p-752-rough-night-160-ml.jpg?v=20260731-4,https://madperfume.co.il/upload/04-2025/product/67f24a4bc2add.webp
he,PREVIL 160ML,חדש,לבית ומשרד,65,https://www.mad-parfumeur.com/respondio-catalog/wa/he/p-754-previl-160ml.html?v=20260731-4,https://www.mad-parfumeur.com/respondio-catalog/media/he/p-754-previl-160ml.jpg?v=20260731-4,"חדש
קוד: PREVIL 160ML
מחיר: 65 ILS
חזרה לשיחה: https://wa.me/972524033442?text=%D7%A9%D7%9C%D7%95%D7%9D%2C%20%D7%90%D7%A0%D7%99%20%D7%A8%D7%95%D7%A6%D7%94%20%D7%9C%D7%94%D7%96%D7%9E%D7%99%D7%9F%20%D7%90%D7%AA%20%D7%94%D7%9E%D7%95%D7%A6%D7%A8%20PREVIL%20160ML",https://wa.me/972524033442?text=%D7%A9%D7%9C%D7%95%D7%9D%2C%20%D7%90%D7%A0%D7%99%20%D7%A8%D7%95%D7%A6%D7%94%20%D7%9C%D7%94%D7%96%D7%9E%D7%99%D7%9F%20%D7%90%D7%AA%20%D7%94%D7%9E%D7%95%D7%A6%D7%A8%20PREVIL%20160ML,https://madperfume.co.il/?app=product.show.754,https://www.mad-parfumeur.com/respondio-catalog/og/he/p-754-previl-160ml.jpg?v=20260731-4,https://madperfume.co.il/upload/04-2025/product/mad-prevail-160-ml-ortam-kokusu160-ml-7f3-86.webp
he,Mad Spicy Apple,חדש,לבית ומשרד,65,https://www.mad-parfumeur.com/respondio-catalog/wa/he/p-755-mad-spicy-apple.html?v=20260731-4,https://www.mad-parfumeur.com/respondio-catalog/media/he/p-755-mad-spicy-apple.jpg?v=20260731-4,"חדש
קוד: Mad Spicy Apple
מחיר: 65 ILS
חזרה לשיחה: https://wa.me/972524033442?text=%D7%A9%D7%9C%D7%95%D7%9D%2C%20%D7%90%D7%A0%D7%99%20%D7%A8%D7%95%D7%A6%D7%94%20%D7%9C%D7%94%D7%96%D7%9E%D7%99%D7%9F%20%D7%90%D7%AA%20%D7%94%D7%9E%D7%95%D7%A6%D7%A8%20Mad%20Spicy%20Apple",https://wa.me/972524033442?text=%D7%A9%D7%9C%D7%95%D7%9D%2C%20%D7%90%D7%A0%D7%99%20%D7%A8%D7%95%D7%A6%D7%94%20%D7%9C%D7%94%D7%96%D7%9E%D7%99%D7%9F%20%D7%90%D7%AA%20%D7%94%D7%9E%D7%95%D7%A6%D7%A8%20Mad%20Spicy%20Apple,https://madperfume.co.il/?app=product.show.755,https://www.mad-parfumeur.com/respondio-catalog/og/he/p-755-mad-spicy-apple.jpg?v=20260731-4,https://madperfume.co.il/upload/04-2025/product/mad-spicy-apple-160-ml-ortam-kokusu160--84bb-.webp
he,VANILLA CARNAVAL,חדש,לבית ומשרד,65,https://www.mad-parfumeur.com/respondio-catalog/wa/he/p-756-vanilla-carnaval.html?v=20260731-4,https://www.mad-parfumeur.com/respondio-catalog/media/he/p-756-vanilla-carnaval.jpg?v=20260731-4,"חדש
קוד: VANILLA CARNAVAL
מחיר: 65 ILS
חזרה לשיחה: https://wa.me/972524033442?text=%D7%A9%D7%9C%D7%95%D7%9D%2C%20%D7%90%D7%A0%D7%99%20%D7%A8%D7%95%D7%A6%D7%94%20%D7%9C%D7%94%D7%96%D7%9E%D7%99%D7%9F%20%D7%90%D7%AA%20%D7%94%D7%9E%D7%95%D7%A6%D7%A8%20VANILLA%20CARNAVAL",https://wa.me/972524033442?text=%D7%A9%D7%9C%D7%95%D7%9D%2C%20%D7%90%D7%A0%D7%99%20%D7%A8%D7%95%D7%A6%D7%94%20%D7%9C%D7%94%D7%96%D7%9E%D7%99%D7%9F%20%D7%90%D7%AA%20%D7%94%D7%9E%D7%95%D7%A6%D7%A8%20VANILLA%20CARNAVAL,https://madperfume.co.il/?app=product.show.756,https://www.mad-parfumeur.com/respondio-catalog/og/he/p-756-vanilla-carnaval.jpg?v=20260731-4,https://madperfume.co.il/upload/04-2025/product/mad-vanilla-carnaval-160-ml-ortam-koku-b3-e07.webp
he,SUN SHINE,חדש,לבית ומשרד,65,https://www.mad-parfumeur.com/respondio-catalog/wa/he/p-757-sun-shine.html?v=20260731-4,https://www.mad-parfumeur.com/respondio-catalog/media/he/p-757-sun-shine.jpg?v=20260731-4,"חדש
קוד: SUN SHINE
מחיר: 65 ILS
חזרה לשיחה: https://wa.me/972524033442?text=%D7%A9%D7%9C%D7%95%D7%9D%2C%20%D7%90%D7%A0%D7%99%20%D7%A8%D7%95%D7%A6%D7%94%20%D7%9C%D7%94%D7%96%D7%9E%D7%99%D7%9F%20%D7%90%D7%AA%20%D7%94%D7%9E%D7%95%D7%A6%D7%A8%20SUN%20SHINE",https://wa.me/972524033442?text=%D7%A9%D7%9C%D7%95%D7%9D%2C%20%D7%90%D7%A0%D7%99%20%D7%A8%D7%95%D7%A6%D7%94%20%D7%9C%D7%94%D7%96%D7%9E%D7%99%D7%9F%20%D7%90%D7%AA%20%D7%94%D7%9E%D7%95%D7%A6%D7%A8%20SUN%20SHINE,https://madperfume.co.il/?app=product.show.757,https://www.mad-parfumeur.com/respondio-catalog/og/he/p-757-sun-shine.jpg?v=20260731-4,https://madperfume.co.il/upload/04-2025/product/mad-sunshine-160-ml-ortam-kokusu160-ml-baa3-d.webp
he,Mad Vanilla,50 ml,לבית ומשרד,30,https://www.mad-parfumeur.com/respondio-catalog/wa/he/p-758-mad-vanilla.html?v=20260731-4,https://www.mad-parfumeur.com/respondio-catalog/media/he/p-758-mad-vanilla.jpg?v=20260731-4,"50 ml
קוד: Mad Vanilla
מחיר: 30 ILS
חזרה לשיחה: https://wa.me/972524033442?text=%D7%A9%D7%9C%D7%95%D7%9D%2C%20%D7%90%D7%A0%D7%99%20%D7%A8%D7%95%D7%A6%D7%94%20%D7%9C%D7%94%D7%96%D7%9E%D7%99%D7%9F%20%D7%90%D7%AA%20%D7%94%D7%9E%D7%95%D7%A6%D7%A8%20Mad%20Vanilla",https://wa.me/972524033442?text=%D7%A9%D7%9C%D7%95%D7%9D%2C%20%D7%90%D7%A0%D7%99%20%D7%A8%D7%95%D7%A6%D7%94%20%D7%9C%D7%94%D7%96%D7%9E%D7%99%D7%9F%20%D7%90%D7%AA%20%D7%94%D7%9E%D7%95%D7%A6%D7%A8%20Mad%20Vanilla,https://madperfume.co.il/?app=product.show.758,https://www.mad-parfumeur.com/respondio-catalog/og/he/p-758-mad-vanilla.jpg?v=20260731-4,https://madperfume.co.il/upload/04-2025/product/67f2541fd28a8.webp
he,Mad Rose&Coffee,50 מייל,לבית ומשרד,30,https://www.mad-parfumeur.com/respondio-catalog/wa/he/p-759-mad-rose-coffee.html?v=20260731-4,https://www.mad-parfumeur.com/respondio-catalog/media/he/p-759-mad-rose-coffee.jpg?v=20260731-4,"50 מייל
קוד: Mad Rose&Coffee
מחיר: 30 ILS
חזרה לשיחה: https://wa.me/972524033442?text=%D7%A9%D7%9C%D7%95%D7%9D%2C%20%D7%90%D7%A0%D7%99%20%D7%A8%D7%95%D7%A6%D7%94%20%D7%9C%D7%94%D7%96%D7%9E%D7%99%D7%9F%20%D7%90%D7%AA%20%D7%94%D7%9E%D7%95%D7%A6%D7%A8%20Mad%20Rose%26Coffee",https://wa.me/972524033442?text=%D7%A9%D7%9C%D7%95%D7%9D%2C%20%D7%90%D7%A0%D7%99%20%D7%A8%D7%95%D7%A6%D7%94%20%D7%9C%D7%94%D7%96%D7%9E%D7%99%D7%9F%20%D7%90%D7%AA%20%D7%94%D7%9E%D7%95%D7%A6%D7%A8%20Mad%20Rose%26Coffee,https://madperfume.co.il/?app=product.show.759,https://www.mad-parfumeur.com/respondio-catalog/og/he/p-759-mad-rose-coffee.jpg?v=20260731-4,https://madperfume.co.il/upload/04-2025/product/mad-rosecoffee-50-ml-ortam-kokusu50ml-8-5d3e.webp
he,Mad Red Moon,50 מייל,לבית ומשרד,30,https://www.mad-parfumeur.com/respondio-catalog/wa/he/p-760-mad-red-moon.html?v=20260731-4,https://www.mad-parfumeur.com/respondio-catalog/media/he/p-760-mad-red-moon.jpg?v=20260731-4,"50 מייל
קוד: Mad Red Moon
מחיר: 30 ILS
חזרה לשיחה: https://wa.me/972524033442?text=%D7%A9%D7%9C%D7%95%D7%9D%2C%20%D7%90%D7%A0%D7%99%20%D7%A8%D7%95%D7%A6%D7%94%20%D7%9C%D7%94%D7%96%D7%9E%D7%99%D7%9F%20%D7%90%D7%AA%20%D7%94%D7%9E%D7%95%D7%A6%D7%A8%20Mad%20Red%20Moon",https://wa.me/972524033442?text=%D7%A9%D7%9C%D7%95%D7%9D%2C%20%D7%90%D7%A0%D7%99%20%D7%A8%D7%95%D7%A6%D7%94%20%D7%9C%D7%94%D7%96%D7%9E%D7%99%D7%9F%20%D7%90%D7%AA%20%D7%94%D7%9E%D7%95%D7%A6%D7%A8%20Mad%20Red%20Moon,https://madperfume.co.il/?app=product.show.760,https://www.mad-parfumeur.com/respondio-catalog/og/he/p-760-mad-red-moon.jpg?v=20260731-4,https://madperfume.co.il/upload/04-2025/product/mad-red-moon-50-ml-ortam-kokusu50ml-9-bc5d.webp
he,Mad Pure Shine,50 מייל,לבית ומשרד,30,https://www.mad-parfumeur.com/respondio-catalog/wa/he/p-761-mad-pure-shine.html?v=20260731-4,https://www.mad-parfumeur.com/respondio-catalog/media/he/p-761-mad-pure-shine.jpg?v=20260731-4,"50 מייל
קוד: Mad Pure Shine
מחיר: 30 ILS
חזרה לשיחה: https://wa.me/972524033442?text=%D7%A9%D7%9C%D7%95%D7%9D%2C%20%D7%90%D7%A0%D7%99%20%D7%A8%D7%95%D7%A6%D7%94%20%D7%9C%D7%94%D7%96%D7%9E%D7%99%D7%9F%20%D7%90%D7%AA%20%D7%94%D7%9E%D7%95%D7%A6%D7%A8%20Mad%20Pure%20Shine",https://wa.me/972524033442?text=%D7%A9%D7%9C%D7%95%D7%9D%2C%20%D7%90%D7%A0%D7%99%20%D7%A8%D7%95%D7%A6%D7%94%20%D7%9C%D7%94%D7%96%D7%9E%D7%99%D7%9F%20%D7%90%D7%AA%20%D7%94%D7%9E%D7%95%D7%A6%D7%A8%20Mad%20Pure%20Shine,https://madperfume.co.il/?app=product.show.761,https://www.mad-parfumeur.com/respondio-catalog/og/he/p-761-mad-pure-shine.jpg?v=20260731-4,https://madperfume.co.il/upload/04-2025/product/mad-pure-shine-50-ml-ortam-kokusu50ml-46-40d.webp
he,Mad Osmanthus,50 מייל,לבית ומשרד,30,https://www.mad-parfumeur.com/respondio-catalog/wa/he/p-762-mad-osmanthus.html?v=20260731-4,https://www.mad-parfumeur.com/respondio-catalog/media/he/p-762-mad-osmanthus.jpg?v=20260731-4,"50 מייל
קוד: Mad Osmanthus
מחיר: 30 ILS
חזרה לשיחה: https://wa.me/972524033442?text=%D7%A9%D7%9C%D7%95%D7%9D%2C%20%D7%90%D7%A0%D7%99%20%D7%A8%D7%95%D7%A6%D7%94%20%D7%9C%D7%94%D7%96%D7%9E%D7%99%D7%9F%20%D7%90%D7%AA%20%D7%94%D7%9E%D7%95%D7%A6%D7%A8%20Mad%20Osmanthus",https://wa.me/972524033442?text=%D7%A9%D7%9C%D7%95%D7%9D%2C%20%D7%90%D7%A0%D7%99%20%D7%A8%D7%95%D7%A6%D7%94%20%D7%9C%D7%94%D7%96%D7%9E%D7%99%D7%9F%20%D7%90%D7%AA%20%D7%94%D7%9E%D7%95%D7%A6%D7%A8%20Mad%20Osmanthus,https://madperfume.co.il/?app=product.show.762,https://www.mad-parfumeur.com/respondio-catalog/og/he/p-762-mad-osmanthus.jpg?v=20260731-4,https://madperfume.co.il/upload/04-2025/product/mad-osmanthus-50-ml-ortam-kokusu50ml-29700c.webp
he,Mad Kiwi,50 מייל,לבית ומשרד,30,https://www.mad-parfumeur.com/respondio-catalog/wa/he/p-763-mad-kiwi.html?v=20260731-4,https://www.mad-parfumeur.com/respondio-catalog/media/he/p-763-mad-kiwi.jpg?v=20260731-4,"50 מייל
קוד: Mad Kiwi
מחיר: 30 ILS
חזרה לשיחה: https://wa.me/972524033442?text=%D7%A9%D7%9C%D7%95%D7%9D%2C%20%D7%90%D7%A0%D7%99%20%D7%A8%D7%95%D7%A6%D7%94%20%D7%9C%D7%94%D7%96%D7%9E%D7%99%D7%9F%20%D7%90%D7%AA%20%D7%94%D7%9E%D7%95%D7%A6%D7%A8%20Mad%20Kiwi",https://wa.me/972524033442?text=%D7%A9%D7%9C%D7%95%D7%9D%2C%20%D7%90%D7%A0%D7%99%20%D7%A8%D7%95%D7%A6%D7%94%20%D7%9C%D7%94%D7%96%D7%9E%D7%99%D7%9F%20%D7%90%D7%AA%20%D7%94%D7%9E%D7%95%D7%A6%D7%A8%20Mad%20Kiwi,https://madperfume.co.il/?app=product.show.763,https://www.mad-parfumeur.com/respondio-catalog/og/he/p-763-mad-kiwi.jpg?v=20260731-4,https://madperfume.co.il/upload/04-2025/product/mad-kiwi-50-ml-ortam-kokusu50ml-5db-9b.webp
he,Mad Exotic Oud,50 מייל,לבית ומשרד,30,https://www.mad-parfumeur.com/respondio-catalog/wa/he/p-765-mad-exotic-oud.html?v=20260731-4,https://www.mad-parfumeur.com/respondio-catalog/media/he/p-765-mad-exotic-oud.jpg?v=20260731-4,"50 מייל
קוד: Mad Exotic Oud
מחיר: 30 ILS
חזרה לשיחה: https://wa.me/972524033442?text=%D7%A9%D7%9C%D7%95%D7%9D%2C%20%D7%90%D7%A0%D7%99%20%D7%A8%D7%95%D7%A6%D7%94%20%D7%9C%D7%94%D7%96%D7%9E%D7%99%D7%9F%20%D7%90%D7%AA%20%D7%94%D7%9E%D7%95%D7%A6%D7%A8%20Mad%20Exotic%20Oud",https://wa.me/972524033442?text=%D7%A9%D7%9C%D7%95%D7%9D%2C%20%D7%90%D7%A0%D7%99%20%D7%A8%D7%95%D7%A6%D7%94%20%D7%9C%D7%94%D7%96%D7%9E%D7%99%D7%9F%20%D7%90%D7%AA%20%D7%94%D7%9E%D7%95%D7%A6%D7%A8%20Mad%20Exotic%20Oud,https://madperfume.co.il/?app=product.show.765,https://www.mad-parfumeur.com/respondio-catalog/og/he/p-765-mad-exotic-oud.jpg?v=20260731-4,https://madperfume.co.il/upload/04-2025/product/mad-exotic-oud-50-ml-ortam-kokusu50ml-951ba8.webp
he,Mad Coconut,50 מייל,לבית ומשרד,30,https://www.mad-parfumeur.com/respondio-catalog/wa/he/p-766-mad-coconut.html?v=20260731-4,https://www.mad-parfumeur.com/respondio-catalog/media/he/p-766-mad-coconut.jpg?v=20260731-4,"50 מייל
קוד: Mad Coconut
מחיר: 30 ILS
חזרה לשיחה: https://wa.me/972524033442?text=%D7%A9%D7%9C%D7%95%D7%9D%2C%20%D7%90%D7%A0%D7%99%20%D7%A8%D7%95%D7%A6%D7%94%20%D7%9C%D7%94%D7%96%D7%9E%D7%99%D7%9F%20%D7%90%D7%AA%20%D7%94%D7%9E%D7%95%D7%A6%D7%A8%20Mad%20Coconut",https://wa.me/972524033442?text=%D7%A9%D7%9C%D7%95%D7%9D%2C%20%D7%90%D7%A0%D7%99%20%D7%A8%D7%95%D7%A6%D7%94%20%D7%9C%D7%94%D7%96%D7%9E%D7%99%D7%9F%20%D7%90%D7%AA%20%D7%94%D7%9E%D7%95%D7%A6%D7%A8%20Mad%20Coconut,https://madperfume.co.il/?app=product.show.766,https://www.mad-parfumeur.com/respondio-catalog/og/he/p-766-mad-coconut.jpg?v=20260731-4,https://madperfume.co.il/upload/04-2025/product/mad-coconut-50-ml-ortam-kokusu50ml-f-dd29.webp
he,Mad Caramel,50 מייל,לבית ומשרד,30,https://www.mad-parfumeur.com/respondio-catalog/wa/he/p-767-mad-caramel.html?v=20260731-4,https://www.mad-parfumeur.com/respondio-catalog/media/he/p-767-mad-caramel.jpg?v=20260731-4,"50 מייל
קוד: Mad Caramel
מחיר: 30 ILS
חזרה לשיחה: https://wa.me/972524033442?text=%D7%A9%D7%9C%D7%95%D7%9D%2C%20%D7%90%D7%A0%D7%99%20%D7%A8%D7%95%D7%A6%D7%94%20%D7%9C%D7%94%D7%96%D7%9E%D7%99%D7%9F%20%D7%90%D7%AA%20%D7%94%D7%9E%D7%95%D7%A6%D7%A8%20Mad%20Caramel",https://wa.me/972524033442?text=%D7%A9%D7%9C%D7%95%D7%9D%2C%20%D7%90%D7%A0%D7%99%20%D7%A8%D7%95%D7%A6%D7%94%20%D7%9C%D7%94%D7%96%D7%9E%D7%99%D7%9F%20%D7%90%D7%AA%20%D7%94%D7%9E%D7%95%D7%A6%D7%A8%20Mad%20Caramel,https://madperfume.co.il/?app=product.show.767,https://www.mad-parfumeur.com/respondio-catalog/og/he/p-767-mad-caramel.jpg?v=20260731-4,https://madperfume.co.il/upload/04-2025/product/mad-caramel-50-ml-ortam-kokusu50ml-0ce0ea.webp
he,Mad Bubble&Sandal,50 מייל,לבית ומשרד,30,https://www.mad-parfumeur.com/respondio-catalog/wa/he/p-768-mad-bubble-sandal.html?v=20260731-4,https://www.mad-parfumeur.com/respondio-catalog/media/he/p-768-mad-bubble-sandal.jpg?v=20260731-4,"50 מייל
קוד: Mad Bubble&Sandal
מחיר: 30 ILS
חזרה לשיחה: https://wa.me/972524033442?text=%D7%A9%D7%9C%D7%95%D7%9D%2C%20%D7%90%D7%A0%D7%99%20%D7%A8%D7%95%D7%A6%D7%94%20%D7%9C%D7%94%D7%96%D7%9E%D7%99%D7%9F%20%D7%90%D7%AA%20%D7%94%D7%9E%D7%95%D7%A6%D7%A8%20Mad%20Bubble%26Sandal",https://wa.me/972524033442?text=%D7%A9%D7%9C%D7%95%D7%9D%2C%20%D7%90%D7%A0%D7%99%20%D7%A8%D7%95%D7%A6%D7%94%20%D7%9C%D7%94%D7%96%D7%9E%D7%99%D7%9F%20%D7%90%D7%AA%20%D7%94%D7%9E%D7%95%D7%A6%D7%A8%20Mad%20Bubble%26Sandal,https://madperfume.co.il/?app=product.show.768,https://www.mad-parfumeur.com/respondio-catalog/og/he/p-768-mad-bubble-sandal.jpg?v=20260731-4,https://madperfume.co.il/upload/04-2025/product/mad-bubblesandal-50-ml-ortam-kokusu50m-03d-4e.webp
he,HIPONYTZYA,HIPONYTZYA,מטהר אוויר חדש 250 מייל,35,https://www.mad-parfumeur.com/respondio-catalog/wa/he/p-769-hiponytzya.html?v=20260731-4,https://www.mad-parfumeur.com/respondio-catalog/media/he/p-769-hiponytzya.jpg?v=20260731-4,"HIPONYTZYA
קוד: HIPONYTZYA
מחיר: 35 ILS
חזרה לשיחה: https://wa.me/972524033442?text=%D7%A9%D7%9C%D7%95%D7%9D%2C%20%D7%90%D7%A0%D7%99%20%D7%A8%D7%95%D7%A6%D7%94%20%D7%9C%D7%94%D7%96%D7%9E%D7%99%D7%9F%20%D7%90%D7%AA%20%D7%94%D7%9E%D7%95%D7%A6%D7%A8%20HIPONYTZYA",https://wa.me/972524033442?text=%D7%A9%D7%9C%D7%95%D7%9D%2C%20%D7%90%D7%A0%D7%99%20%D7%A8%D7%95%D7%A6%D7%94%20%D7%9C%D7%94%D7%96%D7%9E%D7%99%D7%9F%20%D7%90%D7%AA%20%D7%94%D7%9E%D7%95%D7%A6%D7%A8%20HIPONYTZYA,https://madperfume.co.il/?app=product.show.769,https://www.mad-parfumeur.com/respondio-catalog/og/he/p-769-hiponytzya.jpg?v=20260731-4,https://madperfume.co.il/upload/04-2025/product/mad-hipnotizya-250-ml-luks-oda-spreyi2-78c183.webp
he,PURE NATURAL,PURE NATURAL,מטהר אוויר חדש 250 מייל,35,https://www.mad-parfumeur.com/respondio-catalog/wa/he/p-770-pure-natural.html?v=20260731-4,https://www.mad-parfumeur.com/respondio-catalog/media/he/p-770-pure-natural.jpg?v=20260731-4,"PURE NATURAL
קוד: PURE NATURAL
מחיר: 35 ILS
חזרה לשיחה: https://wa.me/972524033442?text=%D7%A9%D7%9C%D7%95%D7%9D%2C%20%D7%90%D7%A0%D7%99%20%D7%A8%D7%95%D7%A6%D7%94%20%D7%9C%D7%94%D7%96%D7%9E%D7%99%D7%9F%20%D7%90%D7%AA%20%D7%94%D7%9E%D7%95%D7%A6%D7%A8%20PURE%20NATURAL",https://wa.me/972524033442?text=%D7%A9%D7%9C%D7%95%D7%9D%2C%20%D7%90%D7%A0%D7%99%20%D7%A8%D7%95%D7%A6%D7%94%20%D7%9C%D7%94%D7%96%D7%9E%D7%99%D7%9F%20%D7%90%D7%AA%20%D7%94%D7%9E%D7%95%D7%A6%D7%A8%20PURE%20NATURAL,https://madperfume.co.il/?app=product.show.770,https://www.mad-parfumeur.com/respondio-catalog/og/he/p-770-pure-natural.jpg?v=20260731-4,https://madperfume.co.il/upload/04-2025/product/mad-pure-natural-250-ml-luks-oda-sprey-86f4b5.webp
he,RAIN FORREST,RAIN FORREST,מטהר אוויר חדש 250 מייל,35,https://www.mad-parfumeur.com/respondio-catalog/wa/he/p-771-rain-forrest.html?v=20260731-4,https://www.mad-parfumeur.com/respondio-catalog/media/he/p-771-rain-forrest.jpg?v=20260731-4,"RAIN FORREST
קוד: RAIN FORREST
מחיר: 35 ILS
חזרה לשיחה: https://wa.me/972524033442?text=%D7%A9%D7%9C%D7%95%D7%9D%2C%20%D7%90%D7%A0%D7%99%20%D7%A8%D7%95%D7%A6%D7%94%20%D7%9C%D7%94%D7%96%D7%9E%D7%99%D7%9F%20%D7%90%D7%AA%20%D7%94%D7%9E%D7%95%D7%A6%D7%A8%20RAIN%20FORREST",https://wa.me/972524033442?text=%D7%A9%D7%9C%D7%95%D7%9D%2C%20%D7%90%D7%A0%D7%99%20%D7%A8%D7%95%D7%A6%D7%94%20%D7%9C%D7%94%D7%96%D7%9E%D7%99%D7%9F%20%D7%90%D7%AA%20%D7%94%D7%9E%D7%95%D7%A6%D7%A8%20RAIN%20FORREST,https://madperfume.co.il/?app=product.show.771,https://www.mad-parfumeur.com/respondio-catalog/og/he/p-771-rain-forrest.jpg?v=20260731-4,https://madperfume.co.il/upload/04-2025/product/mad-rain-forest-250-ml-luks-oda-spreyi-338-d0.webp
he,MONA ROSA,MONA ROSA,מטהר אוויר חדש 250 מייל,35,https://www.mad-parfumeur.com/respondio-catalog/wa/he/p-772-mona-rosa.html?v=20260731-4,https://www.mad-parfumeur.com/respondio-catalog/media/he/p-772-mona-rosa.jpg?v=20260731-4,"MONA ROSA
קוד: MONA ROSA
מחיר: 35 ILS
חזרה לשיחה: https://wa.me/972524033442?text=%D7%A9%D7%9C%D7%95%D7%9D%2C%20%D7%90%D7%A0%D7%99%20%D7%A8%D7%95%D7%A6%D7%94%20%D7%9C%D7%94%D7%96%D7%9E%D7%99%D7%9F%20%D7%90%D7%AA%20%D7%94%D7%9E%D7%95%D7%A6%D7%A8%20MONA%20ROSA",https://wa.me/972524033442?text=%D7%A9%D7%9C%D7%95%D7%9D%2C%20%D7%90%D7%A0%D7%99%20%D7%A8%D7%95%D7%A6%D7%94%20%D7%9C%D7%94%D7%96%D7%9E%D7%99%D7%9F%20%D7%90%D7%AA%20%D7%94%D7%9E%D7%95%D7%A6%D7%A8%20MONA%20ROSA,https://madperfume.co.il/?app=product.show.772,https://www.mad-parfumeur.com/respondio-catalog/og/he/p-772-mona-rosa.jpg?v=20260731-4,https://madperfume.co.il/upload/04-2025/product/mad-mona-rosa-250-ml-luks-oda-spreyi25-2-185c.webp
he,TURKISH BATH,TURKISH BATH,מטהר אוויר חדש 250 מייל,35,https://www.mad-parfumeur.com/respondio-catalog/wa/he/p-773-turkish-bath.html?v=20260731-4,https://www.mad-parfumeur.com/respondio-catalog/media/he/p-773-turkish-bath.jpg?v=20260731-4,"TURKISH BATH
קוד: TURKISH BATH
מחיר: 35 ILS
חזרה לשיחה: https://wa.me/972524033442?text=%D7%A9%D7%9C%D7%95%D7%9D%2C%20%D7%90%D7%A0%D7%99%20%D7%A8%D7%95%D7%A6%D7%94%20%D7%9C%D7%94%D7%96%D7%9E%D7%99%D7%9F%20%D7%90%D7%AA%20%D7%94%D7%9E%D7%95%D7%A6%D7%A8%20TURKISH%20BATH",https://wa.me/972524033442?text=%D7%A9%D7%9C%D7%95%D7%9D%2C%20%D7%90%D7%A0%D7%99%20%D7%A8%D7%95%D7%A6%D7%94%20%D7%9C%D7%94%D7%96%D7%9E%D7%99%D7%9F%20%D7%90%D7%AA%20%D7%94%D7%9E%D7%95%D7%A6%D7%A8%20TURKISH%20BATH,https://madperfume.co.il/?app=product.show.773,https://www.mad-parfumeur.com/respondio-catalog/og/he/p-773-turkish-bath.jpg?v=20260731-4,https://madperfume.co.il/upload/04-2025/product/mad-turkish-bath-250-ml-luks-oda-sprey-acdd-9.webp
he,DEREAM BOUQET,DEREAM BOUQET,מטהר אוויר חדש 250 מייל,35,https://www.mad-parfumeur.com/respondio-catalog/wa/he/p-774-deream-bouqet.html?v=20260731-4,https://www.mad-parfumeur.com/respondio-catalog/media/he/p-774-deream-bouqet.jpg?v=20260731-4,"DEREAM BOUQET
קוד: DEREAM BOUQET
מחיר: 35 ILS
חזרה לשיחה: https://wa.me/972524033442?text=%D7%A9%D7%9C%D7%95%D7%9D%2C%20%D7%90%D7%A0%D7%99%20%D7%A8%D7%95%D7%A6%D7%94%20%D7%9C%D7%94%D7%96%D7%9E%D7%99%D7%9F%20%D7%90%D7%AA%20%D7%94%D7%9E%D7%95%D7%A6%D7%A8%20DEREAM%20BOUQET",https://wa.me/972524033442?text=%D7%A9%D7%9C%D7%95%D7%9D%2C%20%D7%90%D7%A0%D7%99%20%D7%A8%D7%95%D7%A6%D7%94%20%D7%9C%D7%94%D7%96%D7%9E%D7%99%D7%9F%20%D7%90%D7%AA%20%D7%94%D7%9E%D7%95%D7%A6%D7%A8%20DEREAM%20BOUQET,https://madperfume.co.il/?app=product.show.774,https://www.mad-parfumeur.com/respondio-catalog/og/he/p-774-deream-bouqet.jpg?v=20260731-4,https://madperfume.co.il/upload/04-2025/product/mad-dream-bouquet-250-ml-luks-oda-spre-3d8abc.webp
he,B107 women,Goddess Burberry,בשמי נשים,100,https://www.mad-parfumeur.com/respondio-catalog/wa/he/p-775-b107-women.html?v=20260731-4,https://www.mad-parfumeur.com/respondio-catalog/media/he/p-775-b107-women.jpg?v=20260731-4,"Goddess Burberry
קוד: B107 women
מחיר: 100 ILS
חזרה לשיחה: https://wa.me/972524033442?text=%D7%A9%D7%9C%D7%95%D7%9D%2C%20%D7%90%D7%A0%D7%99%20%D7%A8%D7%95%D7%A6%D7%94%20%D7%9C%D7%94%D7%96%D7%9E%D7%99%D7%9F%20%D7%90%D7%AA%20%D7%94%D7%9E%D7%95%D7%A6%D7%A8%20B107%20women",https://wa.me/972524033442?text=%D7%A9%D7%9C%D7%95%D7%9D%2C%20%D7%90%D7%A0%D7%99%20%D7%A8%D7%95%D7%A6%D7%94%20%D7%9C%D7%94%D7%96%D7%9E%D7%99%D7%9F%20%D7%90%D7%AA%20%D7%94%D7%9E%D7%95%D7%A6%D7%A8%20B107%20women,https://madperfume.co.il/?app=product.show.775,https://www.mad-parfumeur.com/respondio-catalog/og/he/p-775-b107-women.jpg?v=20260731-4,https://madperfume.co.il/upload/01-2026/product/697bddbe92b62.png
he,C114,Euphoria Men by Calvin Klein,בשמי גברים,100,https://www.mad-parfumeur.com/respondio-catalog/wa/he/p-776-c114.html?v=20260731-4,https://www.mad-parfumeur.com/respondio-catalog/media/he/p-776-c114.jpg?v=20260731-4,"Euphoria Men by Calvin Klein
קוד: C114
מחיר: 100 ILS
חזרה לשיחה: https://wa.me/972524033442?text=%D7%A9%D7%9C%D7%95%D7%9D%2C%20%D7%90%D7%A0%D7%99%20%D7%A8%D7%95%D7%A6%D7%94%20%D7%9C%D7%94%D7%96%D7%9E%D7%99%D7%9F%20%D7%90%D7%AA%20%D7%94%D7%9E%D7%95%D7%A6%D7%A8%20C114",https://wa.me/972524033442?text=%D7%A9%D7%9C%D7%95%D7%9D%2C%20%D7%90%D7%A0%D7%99%20%D7%A8%D7%95%D7%A6%D7%94%20%D7%9C%D7%94%D7%96%D7%9E%D7%99%D7%9F%20%D7%90%D7%AA%20%D7%94%D7%9E%D7%95%D7%A6%D7%A8%20C114,https://madperfume.co.il/?app=product.show.776,https://www.mad-parfumeur.com/respondio-catalog/og/he/p-776-c114.jpg?v=20260731-4,https://madperfume.co.il/upload/01-2026/product/697d046d1278e.png
he,H102,H24 – Hermès,בשמי גברים,100,https://www.mad-parfumeur.com/respondio-catalog/wa/he/p-777-h102.html?v=20260731-4,https://www.mad-parfumeur.com/respondio-catalog/media/he/p-777-h102.jpg?v=20260731-4,"H24 – Hermès
קוד: H102
מחיר: 100 ILS
חזרה לשיחה: https://wa.me/972524033442?text=%D7%A9%D7%9C%D7%95%D7%9D%2C%20%D7%90%D7%A0%D7%99%20%D7%A8%D7%95%D7%A6%D7%94%20%D7%9C%D7%94%D7%96%D7%9E%D7%99%D7%9F%20%D7%90%D7%AA%20%D7%94%D7%9E%D7%95%D7%A6%D7%A8%20H102",https://wa.me/972524033442?text=%D7%A9%D7%9C%D7%95%D7%9D%2C%20%D7%90%D7%A0%D7%99%20%D7%A8%D7%95%D7%A6%D7%94%20%D7%9C%D7%94%D7%96%D7%9E%D7%99%D7%9F%20%D7%90%D7%AA%20%D7%94%D7%9E%D7%95%D7%A6%D7%A8%20H102,https://madperfume.co.il/?app=product.show.777,https://www.mad-parfumeur.com/respondio-catalog/og/he/p-777-h102.jpg?v=20260731-4,https://madperfume.co.il/upload/03-2026/product/7548A855-9ABC-49FA-BF59-A4B2189848FE.png
he,G101 women,Envy Me Gucci,בשמי נשים,100,https://www.mad-parfumeur.com/respondio-catalog/wa/he/p-778-g101-women.html?v=20260731-4,https://www.mad-parfumeur.com/respondio-catalog/media/he/p-778-g101-women.jpg?v=20260731-4,"Envy Me Gucci
קוד: G101 women
מחיר: 100 ILS
חזרה לשיחה: https://wa.me/972524033442?text=%D7%A9%D7%9C%D7%95%D7%9D%2C%20%D7%90%D7%A0%D7%99%20%D7%A8%D7%95%D7%A6%D7%94%20%D7%9C%D7%94%D7%96%D7%9E%D7%99%D7%9F%20%D7%90%D7%AA%20%D7%94%D7%9E%D7%95%D7%A6%D7%A8%20G101%20women",https://wa.me/972524033442?text=%D7%A9%D7%9C%D7%95%D7%9D%2C%20%D7%90%D7%A0%D7%99%20%D7%A8%D7%95%D7%A6%D7%94%20%D7%9C%D7%94%D7%96%D7%9E%D7%99%D7%9F%20%D7%90%D7%AA%20%D7%94%D7%9E%D7%95%D7%A6%D7%A8%20G101%20women,https://madperfume.co.il/?app=product.show.778,https://www.mad-parfumeur.com/respondio-catalog/og/he/p-778-g101-women.jpg?v=20260731-4,https://madperfume.co.il/upload/06-2025/product/685004d2d5f6d.png
he,H102 women,Hugo Woman Hugo Boss,בשמי נשים,100,https://www.mad-parfumeur.com/respondio-catalog/wa/he/p-779-h102-women.html?v=20260731-4,https://www.mad-parfumeur.com/respondio-catalog/media/he/p-779-h102-women.jpg?v=20260731-4,"Hugo Woman Hugo Boss
קוד: H102 women
מחיר: 100 ILS
חזרה לשיחה: https://wa.me/972524033442?text=%D7%A9%D7%9C%D7%95%D7%9D%2C%20%D7%90%D7%A0%D7%99%20%D7%A8%D7%95%D7%A6%D7%94%20%D7%9C%D7%94%D7%96%D7%9E%D7%99%D7%9F%20%D7%90%D7%AA%20%D7%94%D7%9E%D7%95%D7%A6%D7%A8%20H102%20women",https://wa.me/972524033442?text=%D7%A9%D7%9C%D7%95%D7%9D%2C%20%D7%90%D7%A0%D7%99%20%D7%A8%D7%95%D7%A6%D7%94%20%D7%9C%D7%94%D7%96%D7%9E%D7%99%D7%9F%20%D7%90%D7%AA%20%D7%94%D7%9E%D7%95%D7%A6%D7%A8%20H102%20women,https://madperfume.co.il/?app=product.show.779,https://www.mad-parfumeur.com/respondio-catalog/og/he/p-779-h102-women.jpg?v=20260731-4,https://madperfume.co.il/upload/02-2026/product/697e7ff23b2cd.png
he,W174 women,Elixir des Merveilles,בשמי נשים,100,https://www.mad-parfumeur.com/respondio-catalog/wa/he/p-780-w174-women.html?v=20260731-4,https://www.mad-parfumeur.com/respondio-catalog/media/he/p-780-w174-women.jpg?v=20260731-4,"Elixir des Merveilles
קוד: W174 women
מחיר: 100 ILS
חזרה לשיחה: https://wa.me/972524033442?text=%D7%A9%D7%9C%D7%95%D7%9D%2C%20%D7%90%D7%A0%D7%99%20%D7%A8%D7%95%D7%A6%D7%94%20%D7%9C%D7%94%D7%96%D7%9E%D7%99%D7%9F%20%D7%90%D7%AA%20%D7%94%D7%9E%D7%95%D7%A6%D7%A8%20W174%20women",https://wa.me/972524033442?text=%D7%A9%D7%9C%D7%95%D7%9D%2C%20%D7%90%D7%A0%D7%99%20%D7%A8%D7%95%D7%A6%D7%94%20%D7%9C%D7%94%D7%96%D7%9E%D7%99%D7%9F%20%D7%90%D7%AA%20%D7%94%D7%9E%D7%95%D7%A6%D7%A8%20W174%20women,https://madperfume.co.il/?app=product.show.780,https://www.mad-parfumeur.com/respondio-catalog/og/he/p-780-w174-women.jpg?v=20260731-4,https://madperfume.co.il/upload/01-2026/product/697e54b722a76.png
he,W212,Sexy Amber Michael Kors,בשמי נשים,100,https://www.mad-parfumeur.com/respondio-catalog/wa/he/p-781-w212.html?v=20260731-4,https://www.mad-parfumeur.com/respondio-catalog/media/he/p-781-w212.jpg?v=20260731-4,"Sexy Amber Michael Kors
קוד: W212
מחיר: 100 ILS
חזרה לשיחה: https://wa.me/972524033442?text=%D7%A9%D7%9C%D7%95%D7%9D%2C%20%D7%90%D7%A0%D7%99%20%D7%A8%D7%95%D7%A6%D7%94%20%D7%9C%D7%94%D7%96%D7%9E%D7%99%D7%9F%20%D7%90%D7%AA%20%D7%94%D7%9E%D7%95%D7%A6%D7%A8%20W212",https://wa.me/972524033442?text=%D7%A9%D7%9C%D7%95%D7%9D%2C%20%D7%90%D7%A0%D7%99%20%D7%A8%D7%95%D7%A6%D7%94%20%D7%9C%D7%94%D7%96%D7%9E%D7%99%D7%9F%20%D7%90%D7%AA%20%D7%94%D7%9E%D7%95%D7%A6%D7%A8%20W212,https://madperfume.co.il/?app=product.show.781,https://www.mad-parfumeur.com/respondio-catalog/og/he/p-781-w212.jpg?v=20260731-4,https://madperfume.co.il/upload/02-2026/product/697e7b7edb09b.png
he,J106,Gaultier Divine Jean Paul Gaultier,בשמי נשים,100,https://www.mad-parfumeur.com/respondio-catalog/wa/he/p-782-j106.html?v=20260731-4,https://www.mad-parfumeur.com/respondio-catalog/media/he/p-782-j106.jpg?v=20260731-4,"Gaultier Divine Jean Paul Gaultier
קוד: J106
מחיר: 100 ILS
חזרה לשיחה: https://wa.me/972524033442?text=%D7%A9%D7%9C%D7%95%D7%9D%2C%20%D7%90%D7%A0%D7%99%20%D7%A8%D7%95%D7%A6%D7%94%20%D7%9C%D7%94%D7%96%D7%9E%D7%99%D7%9F%20%D7%90%D7%AA%20%D7%94%D7%9E%D7%95%D7%A6%D7%A8%20J106",https://wa.me/972524033442?text=%D7%A9%D7%9C%D7%95%D7%9D%2C%20%D7%90%D7%A0%D7%99%20%D7%A8%D7%95%D7%A6%D7%94%20%D7%9C%D7%94%D7%96%D7%9E%D7%99%D7%9F%20%D7%90%D7%AA%20%D7%94%D7%9E%D7%95%D7%A6%D7%A8%20J106,https://madperfume.co.il/?app=product.show.782,https://www.mad-parfumeur.com/respondio-catalog/og/he/p-782-j106.jpg?v=20260731-4,https://madperfume.co.il/upload/01-2026/product/697e42b5c7475.png
he,COFFEE BISQUIT,חדש,נירות,80,https://www.mad-parfumeur.com/respondio-catalog/wa/he/p-783-coffee-bisquit.html?v=20260731-4,https://www.mad-parfumeur.com/respondio-catalog/media/he/p-783-coffee-bisquit.jpg?v=20260731-4,"חדש
קוד: COFFEE BISQUIT
מחיר: 80 ILS
חזרה לשיחה: https://wa.me/972524033442?text=%D7%A9%D7%9C%D7%95%D7%9D%2C%20%D7%90%D7%A0%D7%99%20%D7%A8%D7%95%D7%A6%D7%94%20%D7%9C%D7%94%D7%96%D7%9E%D7%99%D7%9F%20%D7%90%D7%AA%20%D7%94%D7%9E%D7%95%D7%A6%D7%A8%20COFFEE%20BISQUIT",https://wa.me/972524033442?text=%D7%A9%D7%9C%D7%95%D7%9D%2C%20%D7%90%D7%A0%D7%99%20%D7%A8%D7%95%D7%A6%D7%94%20%D7%9C%D7%94%D7%96%D7%9E%D7%99%D7%9F%20%D7%90%D7%AA%20%D7%94%D7%9E%D7%95%D7%A6%D7%A8%20COFFEE%20BISQUIT,https://madperfume.co.il/?app=product.show.783,https://www.mad-parfumeur.com/respondio-catalog/og/he/p-783-coffee-bisquit.jpg?v=20260731-4,https://madperfume.co.il/upload/04-2025/product/mad-coffee-biscuit-200-gr-mum-cam-bard-cae02a.webp
he,SUN SHINE,חדש,נירות,80,https://www.mad-parfumeur.com/respondio-catalog/wa/he/p-785-sun-shine.html?v=20260731-4,https://www.mad-parfumeur.com/respondio-catalog/media/he/p-785-sun-shine.jpg?v=20260731-4,"חדש
קוד: SUN SHINE
מחיר: 80 ILS
חזרה לשיחה: https://wa.me/972524033442?text=%D7%A9%D7%9C%D7%95%D7%9D%2C%20%D7%90%D7%A0%D7%99%20%D7%A8%D7%95%D7%A6%D7%94%20%D7%9C%D7%94%D7%96%D7%9E%D7%99%D7%9F%20%D7%90%D7%AA%20%D7%94%D7%9E%D7%95%D7%A6%D7%A8%20SUN%20SHINE",https://wa.me/972524033442?text=%D7%A9%D7%9C%D7%95%D7%9D%2C%20%D7%90%D7%A0%D7%99%20%D7%A8%D7%95%D7%A6%D7%94%20%D7%9C%D7%94%D7%96%D7%9E%D7%99%D7%9F%20%D7%90%D7%AA%20%D7%94%D7%9E%D7%95%D7%A6%D7%A8%20SUN%20SHINE,https://madperfume.co.il/?app=product.show.785,https://www.mad-parfumeur.com/respondio-catalog/og/he/p-785-sun-shine.jpg?v=20260731-4,https://madperfume.co.il/upload/04-2025/product/mad-sunshine-200-gr-mum-cam-bardak200--b7c-19.webp
he,SUMMER TIME,חדש,נירות,80,https://www.mad-parfumeur.com/respondio-catalog/wa/he/p-786-summer-time.html?v=20260731-4,https://www.mad-parfumeur.com/respondio-catalog/media/he/p-786-summer-time.jpg?v=20260731-4,"חדש
קוד: SUMMER TIME
מחיר: 80 ILS
חזרה לשיחה: https://wa.me/972524033442?text=%D7%A9%D7%9C%D7%95%D7%9D%2C%20%D7%90%D7%A0%D7%99%20%D7%A8%D7%95%D7%A6%D7%94%20%D7%9C%D7%94%D7%96%D7%9E%D7%99%D7%9F%20%D7%90%D7%AA%20%D7%94%D7%9E%D7%95%D7%A6%D7%A8%20SUMMER%20TIME",https://wa.me/972524033442?text=%D7%A9%D7%9C%D7%95%D7%9D%2C%20%D7%90%D7%A0%D7%99%20%D7%A8%D7%95%D7%A6%D7%94%20%D7%9C%D7%94%D7%96%D7%9E%D7%99%D7%9F%20%D7%90%D7%AA%20%D7%94%D7%9E%D7%95%D7%A6%D7%A8%20SUMMER%20TIME,https://madperfume.co.il/?app=product.show.786,https://www.mad-parfumeur.com/respondio-catalog/og/he/p-786-summer-time.jpg?v=20260731-4,https://madperfume.co.il/upload/04-2025/product/Summer-Time1-r.jpg
he,WINTER TALE,חדש,נירות,80,https://www.mad-parfumeur.com/respondio-catalog/wa/he/p-787-winter-tale.html?v=20260731-4,https://www.mad-parfumeur.com/respondio-catalog/media/he/p-787-winter-tale.jpg?v=20260731-4,"חדש
קוד: WINTER TALE
מחיר: 80 ILS
חזרה לשיחה: https://wa.me/972524033442?text=%D7%A9%D7%9C%D7%95%D7%9D%2C%20%D7%90%D7%A0%D7%99%20%D7%A8%D7%95%D7%A6%D7%94%20%D7%9C%D7%94%D7%96%D7%9E%D7%99%D7%9F%20%D7%90%D7%AA%20%D7%94%D7%9E%D7%95%D7%A6%D7%A8%20WINTER%20TALE",https://wa.me/972524033442?text=%D7%A9%D7%9C%D7%95%D7%9D%2C%20%D7%90%D7%A0%D7%99%20%D7%A8%D7%95%D7%A6%D7%94%20%D7%9C%D7%94%D7%96%D7%9E%D7%99%D7%9F%20%D7%90%D7%AA%20%D7%94%D7%9E%D7%95%D7%A6%D7%A8%20WINTER%20TALE,https://madperfume.co.il/?app=product.show.787,https://www.mad-parfumeur.com/respondio-catalog/og/he/p-787-winter-tale.jpg?v=20260731-4,https://madperfume.co.il/upload/04-2025/product/Winter-Tale1-r-1.jpg
he,SPRING,חדש,נירות,80,https://www.mad-parfumeur.com/respondio-catalog/wa/he/p-788-spring.html?v=20260731-4,https://www.mad-parfumeur.com/respondio-catalog/media/he/p-788-spring.jpg?v=20260731-4,"חדש
קוד: SPRING
מחיר: 80 ILS
חזרה לשיחה: https://wa.me/972524033442?text=%D7%A9%D7%9C%D7%95%D7%9D%2C%20%D7%90%D7%A0%D7%99%20%D7%A8%D7%95%D7%A6%D7%94%20%D7%9C%D7%94%D7%96%D7%9E%D7%99%D7%9F%20%D7%90%D7%AA%20%D7%94%D7%9E%D7%95%D7%A6%D7%A8%20SPRING",https://wa.me/972524033442?text=%D7%A9%D7%9C%D7%95%D7%9D%2C%20%D7%90%D7%A0%D7%99%20%D7%A8%D7%95%D7%A6%D7%94%20%D7%9C%D7%94%D7%96%D7%9E%D7%99%D7%9F%20%D7%90%D7%AA%20%D7%94%D7%9E%D7%95%D7%A6%D7%A8%20SPRING,https://madperfume.co.il/?app=product.show.788,https://www.mad-parfumeur.com/respondio-catalog/og/he/p-788-spring.jpg?v=20260731-4,https://madperfume.co.il/upload/04-2025/product/spring.jpg
he,AUTUMN WIND,חדש,נירות,80,https://www.mad-parfumeur.com/respondio-catalog/wa/he/p-789-autumn-wind.html?v=20260731-4,https://www.mad-parfumeur.com/respondio-catalog/media/he/p-789-autumn-wind.jpg?v=20260731-4,"חדש
קוד: AUTUMN WIND
מחיר: 80 ILS
חזרה לשיחה: https://wa.me/972524033442?text=%D7%A9%D7%9C%D7%95%D7%9D%2C%20%D7%90%D7%A0%D7%99%20%D7%A8%D7%95%D7%A6%D7%94%20%D7%9C%D7%94%D7%96%D7%9E%D7%99%D7%9F%20%D7%90%D7%AA%20%D7%94%D7%9E%D7%95%D7%A6%D7%A8%20AUTUMN%20WIND",https://wa.me/972524033442?text=%D7%A9%D7%9C%D7%95%D7%9D%2C%20%D7%90%D7%A0%D7%99%20%D7%A8%D7%95%D7%A6%D7%94%20%D7%9C%D7%94%D7%96%D7%9E%D7%99%D7%9F%20%D7%90%D7%AA%20%D7%94%D7%9E%D7%95%D7%A6%D7%A8%20AUTUMN%20WIND,https://madperfume.co.il/?app=product.show.789,https://www.mad-parfumeur.com/respondio-catalog/og/he/p-789-autumn-wind.jpg?v=20260731-4,https://madperfume.co.il/upload/04-2025/product/AUTUMN.jpg
he,SPICY APPLE,חדש,נירות,80,https://www.mad-parfumeur.com/respondio-catalog/wa/he/p-790-spicy-apple.html?v=20260731-4,https://www.mad-parfumeur.com/respondio-catalog/media/he/p-790-spicy-apple.jpg?v=20260731-4,"חדש
קוד: SPICY APPLE
מחיר: 80 ILS
חזרה לשיחה: https://wa.me/972524033442?text=%D7%A9%D7%9C%D7%95%D7%9D%2C%20%D7%90%D7%A0%D7%99%20%D7%A8%D7%95%D7%A6%D7%94%20%D7%9C%D7%94%D7%96%D7%9E%D7%99%D7%9F%20%D7%90%D7%AA%20%D7%94%D7%9E%D7%95%D7%A6%D7%A8%20SPICY%20APPLE",https://wa.me/972524033442?text=%D7%A9%D7%9C%D7%95%D7%9D%2C%20%D7%90%D7%A0%D7%99%20%D7%A8%D7%95%D7%A6%D7%94%20%D7%9C%D7%94%D7%96%D7%9E%D7%99%D7%9F%20%D7%90%D7%AA%20%D7%94%D7%9E%D7%95%D7%A6%D7%A8%20SPICY%20APPLE,https://madperfume.co.il/?app=product.show.790,https://www.mad-parfumeur.com/respondio-catalog/og/he/p-790-spicy-apple.jpg?v=20260731-4,https://madperfume.co.il/upload/04-2025/product/mad-spicy-apple-200-gr-mum200-gr-3e3-ad.webp
he,VANILLA CARNIVAL,חדש,נירות,80,https://www.mad-parfumeur.com/respondio-catalog/wa/he/p-791-vanilla-carnival.html?v=20260731-4,https://www.mad-parfumeur.com/respondio-catalog/media/he/p-791-vanilla-carnival.jpg?v=20260731-4,"חדש
קוד: VANILLA CARNIVAL
מחיר: 80 ILS
חזרה לשיחה: https://wa.me/972524033442?text=%D7%A9%D7%9C%D7%95%D7%9D%2C%20%D7%90%D7%A0%D7%99%20%D7%A8%D7%95%D7%A6%D7%94%20%D7%9C%D7%94%D7%96%D7%9E%D7%99%D7%9F%20%D7%90%D7%AA%20%D7%94%D7%9E%D7%95%D7%A6%D7%A8%20VANILLA%20CARNIVAL",https://wa.me/972524033442?text=%D7%A9%D7%9C%D7%95%D7%9D%2C%20%D7%90%D7%A0%D7%99%20%D7%A8%D7%95%D7%A6%D7%94%20%D7%9C%D7%94%D7%96%D7%9E%D7%99%D7%9F%20%D7%90%D7%AA%20%D7%94%D7%9E%D7%95%D7%A6%D7%A8%20VANILLA%20CARNIVAL,https://madperfume.co.il/?app=product.show.791,https://www.mad-parfumeur.com/respondio-catalog/og/he/p-791-vanilla-carnival.jpg?v=20260731-4,https://madperfume.co.il/upload/04-2025/product/mad-vanilla-carnaval-200-gr-mum200-gr--fdbb-.webp
he,L103 W183 Q107,"חוסכים כ 5600ש""ח בקנייה הזו",מבצעים גברים,300,https://www.mad-parfumeur.com/respondio-catalog/wa/he/p-797-l103-w183-q107.html?v=20260731-4,https://www.mad-parfumeur.com/respondio-catalog/media/he/p-797-l103-w183-q107.jpg?v=20260731-4,"חוסכים כ 5600ש""ח בקנייה הזו
קוד: L103 W183 Q107
מחיר: 300 ILS
חזרה לשיחה: https://wa.me/972524033442?text=%D7%A9%D7%9C%D7%95%D7%9D%2C%20%D7%90%D7%A0%D7%99%20%D7%A8%D7%95%D7%A6%D7%94%20%D7%9C%D7%94%D7%96%D7%9E%D7%99%D7%9F%20%D7%90%D7%AA%20%D7%94%D7%9E%D7%95%D7%A6%D7%A8%20L103%20W183%20Q107",https://wa.me/972524033442?text=%D7%A9%D7%9C%D7%95%D7%9D%2C%20%D7%90%D7%A0%D7%99%20%D7%A8%D7%95%D7%A6%D7%94%20%D7%9C%D7%94%D7%96%D7%9E%D7%99%D7%9F%20%D7%90%D7%AA%20%D7%94%D7%9E%D7%95%D7%A6%D7%A8%20L103%20W183%20Q107,https://madperfume.co.il/?app=product.show.797,https://www.mad-parfumeur.com/respondio-catalog/og/he/p-797-l103-w183-q107.jpg?v=20260731-4,https://madperfume.co.il/upload/02-2026/product/699cd8c090b8b.jpg
he,C120 G106 A118 Y102 P107,"חוסכים יותר מ־₪2,500 בקנייה",מבצעים גברים,500,https://www.mad-parfumeur.com/respondio-catalog/wa/he/p-818-c120-g106-a118-y102-p107.html?v=20260731-4,https://www.mad-parfumeur.com/respondio-catalog/media/he/p-818-c120-g106-a118-y102-p107.jpg?v=20260731-4,"חוסכים יותר מ־₪2,500 בקנייה
קוד: C120 G106 A118 Y102 P107
מחיר: 500 ILS
חזרה לשיחה: https://wa.me/972524033442?text=%D7%A9%D7%9C%D7%95%D7%9D%2C%20%D7%90%D7%A0%D7%99%20%D7%A8%D7%95%D7%A6%D7%94%20%D7%9C%D7%94%D7%96%D7%9E%D7%99%D7%9F%20%D7%90%D7%AA%20%D7%94%D7%9E%D7%95%D7%A6%D7%A8%20C120%20G106%20A118%20Y102%20P107",https://wa.me/972524033442?text=%D7%A9%D7%9C%D7%95%D7%9D%2C%20%D7%90%D7%A0%D7%99%20%D7%A8%D7%95%D7%A6%D7%94%20%D7%9C%D7%94%D7%96%D7%9E%D7%99%D7%9F%20%D7%90%D7%AA%20%D7%94%D7%9E%D7%95%D7%A6%D7%A8%20C120%20G106%20A118%20Y102%20P107,https://madperfume.co.il/?app=product.show.818,https://www.mad-parfumeur.com/respondio-catalog/og/he/p-818-c120-g106-a118-y102-p107.jpg?v=20260731-4,https://madperfume.co.il/upload/02-2026/product/699cea16a3335.png
he,D110,Dior Homme (2020) – Dior,בשמי גברים,100,https://www.mad-parfumeur.com/respondio-catalog/wa/he/p-829-d110.html?v=20260731-4,https://www.mad-parfumeur.com/respondio-catalog/media/he/p-829-d110.jpg?v=20260731-4,"Dior Homme (2020) – Dior
קוד: D110
מחיר: 100 ILS
חזרה לשיחה: https://wa.me/972524033442?text=%D7%A9%D7%9C%D7%95%D7%9D%2C%20%D7%90%D7%A0%D7%99%20%D7%A8%D7%95%D7%A6%D7%94%20%D7%9C%D7%94%D7%96%D7%9E%D7%99%D7%9F%20%D7%90%D7%AA%20%D7%94%D7%9E%D7%95%D7%A6%D7%A8%20D110",https://wa.me/972524033442?text=%D7%A9%D7%9C%D7%95%D7%9D%2C%20%D7%90%D7%A0%D7%99%20%D7%A8%D7%95%D7%A6%D7%94%20%D7%9C%D7%94%D7%96%D7%9E%D7%99%D7%9F%20%D7%90%D7%AA%20%D7%94%D7%9E%D7%95%D7%A6%D7%A8%20D110,https://madperfume.co.il/?app=product.show.829,https://www.mad-parfumeur.com/respondio-catalog/og/he/p-829-d110.jpg?v=20260731-4,https://madperfume.co.il/upload/03-2026/product/CF33FC02-F76B-4B28-89E3-5F9C122B73DC.png
he,W191 T109 L103 W190 W183,W191 T109 L103 W190 W183,מבצעים גברים,500,https://www.mad-parfumeur.com/respondio-catalog/wa/he/p-833-w191-t109-l103-w190-w183.html?v=20260731-4,https://www.mad-parfumeur.com/respondio-catalog/media/he/p-833-w191-t109-l103-w190-w183.jpg?v=20260731-4,"W191 T109 L103 W190 W183
קוד: W191 T109 L103 W190 W183
מחיר: 500 ILS
חזרה לשיחה: https://wa.me/972524033442?text=%D7%A9%D7%9C%D7%95%D7%9D%2C%20%D7%90%D7%A0%D7%99%20%D7%A8%D7%95%D7%A6%D7%94%20%D7%9C%D7%94%D7%96%D7%9E%D7%99%D7%9F%20%D7%90%D7%AA%20%D7%94%D7%9E%D7%95%D7%A6%D7%A8%20W191%20T109%20L103%20W190%20W183",https://wa.me/972524033442?text=%D7%A9%D7%9C%D7%95%D7%9D%2C%20%D7%90%D7%A0%D7%99%20%D7%A8%D7%95%D7%A6%D7%94%20%D7%9C%D7%94%D7%96%D7%9E%D7%99%D7%9F%20%D7%90%D7%AA%20%D7%94%D7%9E%D7%95%D7%A6%D7%A8%20W191%20T109%20L103%20W190%20W183,https://madperfume.co.il/?app=product.show.833,https://www.mad-parfumeur.com/respondio-catalog/og/he/p-833-w191-t109-l103-w190-w183.jpg?v=20260731-4,https://madperfume.co.il/upload/02-2026/product/699d8fb076cc1.png
he,D117,Devotion Dolce&Gabbana,בשמי נשים,100,https://www.mad-parfumeur.com/respondio-catalog/wa/he/p-839-d117.html?v=20260731-4,https://www.mad-parfumeur.com/respondio-catalog/media/he/p-839-d117.jpg?v=20260731-4,"Devotion Dolce&Gabbana
קוד: D117
מחיר: 100 ILS
חזרה לשיחה: https://wa.me/972524033442?text=%D7%A9%D7%9C%D7%95%D7%9D%2C%20%D7%90%D7%A0%D7%99%20%D7%A8%D7%95%D7%A6%D7%94%20%D7%9C%D7%94%D7%96%D7%9E%D7%99%D7%9F%20%D7%90%D7%AA%20%D7%94%D7%9E%D7%95%D7%A6%D7%A8%20D117",https://wa.me/972524033442?text=%D7%A9%D7%9C%D7%95%D7%9D%2C%20%D7%90%D7%A0%D7%99%20%D7%A8%D7%95%D7%A6%D7%94%20%D7%9C%D7%94%D7%96%D7%9E%D7%99%D7%9F%20%D7%90%D7%AA%20%D7%94%D7%9E%D7%95%D7%A6%D7%A8%20D117,https://madperfume.co.il/?app=product.show.839,https://www.mad-parfumeur.com/respondio-catalog/og/he/p-839-d117.jpg?v=20260731-4,https://madperfume.co.il/upload/01-2026/product/697e3c79c430d.png
he,A105,Wanted Azzaro,בשמי גברים,100,https://www.mad-parfumeur.com/respondio-catalog/wa/he/p-840-a105.html?v=20260731-4,https://www.mad-parfumeur.com/respondio-catalog/media/he/p-840-a105.jpg?v=20260731-4,"Wanted Azzaro
קוד: A105
מחיר: 100 ILS
חזרה לשיחה: https://wa.me/972524033442?text=%D7%A9%D7%9C%D7%95%D7%9D%2C%20%D7%90%D7%A0%D7%99%20%D7%A8%D7%95%D7%A6%D7%94%20%D7%9C%D7%94%D7%96%D7%9E%D7%99%D7%9F%20%D7%90%D7%AA%20%D7%94%D7%9E%D7%95%D7%A6%D7%A8%20A105",https://wa.me/972524033442?text=%D7%A9%D7%9C%D7%95%D7%9D%2C%20%D7%90%D7%A0%D7%99%20%D7%A8%D7%95%D7%A6%D7%94%20%D7%9C%D7%94%D7%96%D7%9E%D7%99%D7%9F%20%D7%90%D7%AA%20%D7%94%D7%9E%D7%95%D7%A6%D7%A8%20A105,https://madperfume.co.il/?app=product.show.840,https://www.mad-parfumeur.com/respondio-catalog/og/he/p-840-a105.jpg?v=20260731-4,https://madperfume.co.il/upload/01-2026/product/697d03b93d7ae.png
he,B105,Burberry Her Elixir de Parfum,בשמי נשים,100,https://www.mad-parfumeur.com/respondio-catalog/wa/he/p-841-b105.html?v=20260731-4,https://www.mad-parfumeur.com/respondio-catalog/media/he/p-841-b105.jpg?v=20260731-4,"Burberry Her Elixir de Parfum
קוד: B105
מחיר: 100 ILS
חזרה לשיחה: https://wa.me/972524033442?text=%D7%A9%D7%9C%D7%95%D7%9D%2C%20%D7%90%D7%A0%D7%99%20%D7%A8%D7%95%D7%A6%D7%94%20%D7%9C%D7%94%D7%96%D7%9E%D7%99%D7%9F%20%D7%90%D7%AA%20%D7%94%D7%9E%D7%95%D7%A6%D7%A8%20B105",https://wa.me/972524033442?text=%D7%A9%D7%9C%D7%95%D7%9D%2C%20%D7%90%D7%A0%D7%99%20%D7%A8%D7%95%D7%A6%D7%94%20%D7%9C%D7%94%D7%96%D7%9E%D7%99%D7%9F%20%D7%90%D7%AA%20%D7%94%D7%9E%D7%95%D7%A6%D7%A8%20B105,https://madperfume.co.il/?app=product.show.841,https://www.mad-parfumeur.com/respondio-catalog/og/he/p-841-b105.jpg?v=20260731-4,https://madperfume.co.il/upload/06-2025/product/685adf2ab1ecd.png
he,J106,Divine Le Parfum,בשמי נשים,100,https://www.mad-parfumeur.com/respondio-catalog/wa/he/p-843-j106.html?v=20260731-4,https://www.mad-parfumeur.com/respondio-catalog/media/he/p-843-j106.jpg?v=20260731-4,"Divine Le Parfum
קוד: J106
מחיר: 100 ILS
חזרה לשיחה: https://wa.me/972524033442?text=%D7%A9%D7%9C%D7%95%D7%9D%2C%20%D7%90%D7%A0%D7%99%20%D7%A8%D7%95%D7%A6%D7%94%20%D7%9C%D7%94%D7%96%D7%9E%D7%99%D7%9F%20%D7%90%D7%AA%20%D7%94%D7%9E%D7%95%D7%A6%D7%A8%20J106",https://wa.me/972524033442?text=%D7%A9%D7%9C%D7%95%D7%9D%2C%20%D7%90%D7%A0%D7%99%20%D7%A8%D7%95%D7%A6%D7%94%20%D7%9C%D7%94%D7%96%D7%9E%D7%99%D7%9F%20%D7%90%D7%AA%20%D7%94%D7%9E%D7%95%D7%A6%D7%A8%20J106,https://madperfume.co.il/?app=product.show.843,https://www.mad-parfumeur.com/respondio-catalog/og/he/p-843-j106.jpg?v=20260731-4,https://madperfume.co.il/upload/06-2025/product/134.png
he,D101,Divine Le Parfum,בשמי נשים,100,https://www.mad-parfumeur.com/respondio-catalog/wa/he/p-844-d101.html?v=20260731-4,https://www.mad-parfumeur.com/respondio-catalog/media/he/p-844-d101.jpg?v=20260731-4,"Divine Le Parfum
קוד: D101
מחיר: 100 ILS
חזרה לשיחה: https://wa.me/972524033442?text=%D7%A9%D7%9C%D7%95%D7%9D%2C%20%D7%90%D7%A0%D7%99%20%D7%A8%D7%95%D7%A6%D7%94%20%D7%9C%D7%94%D7%96%D7%9E%D7%99%D7%9F%20%D7%90%D7%AA%20%D7%94%D7%9E%D7%95%D7%A6%D7%A8%20D101",https://wa.me/972524033442?text=%D7%A9%D7%9C%D7%95%D7%9D%2C%20%D7%90%D7%A0%D7%99%20%D7%A8%D7%95%D7%A6%D7%94%20%D7%9C%D7%94%D7%96%D7%9E%D7%99%D7%9F%20%D7%90%D7%AA%20%D7%94%D7%9E%D7%95%D7%A6%D7%A8%20D101,https://madperfume.co.il/?app=product.show.844,https://www.mad-parfumeur.com/respondio-catalog/og/he/p-844-d101.jpg?v=20260731-4,https://madperfume.co.il/upload/06-2025/product/204.png
he,H103,Hypnotic Poison – Dior,בשמי נשים,100,https://www.mad-parfumeur.com/respondio-catalog/wa/he/p-845-h103.html?v=20260731-4,https://www.mad-parfumeur.com/respondio-catalog/media/he/p-845-h103.jpg?v=20260731-4,"Hypnotic Poison – Dior
קוד: H103
מחיר: 100 ILS
חזרה לשיחה: https://wa.me/972524033442?text=%D7%A9%D7%9C%D7%95%D7%9D%2C%20%D7%90%D7%A0%D7%99%20%D7%A8%D7%95%D7%A6%D7%94%20%D7%9C%D7%94%D7%96%D7%9E%D7%99%D7%9F%20%D7%90%D7%AA%20%D7%94%D7%9E%D7%95%D7%A6%D7%A8%20H103",https://wa.me/972524033442?text=%D7%A9%D7%9C%D7%95%D7%9D%2C%20%D7%90%D7%A0%D7%99%20%D7%A8%D7%95%D7%A6%D7%94%20%D7%9C%D7%94%D7%96%D7%9E%D7%99%D7%9F%20%D7%90%D7%AA%20%D7%94%D7%9E%D7%95%D7%A6%D7%A8%20H103,https://madperfume.co.il/?app=product.show.845,https://www.mad-parfumeur.com/respondio-catalog/og/he/p-845-h103.jpg?v=20260731-4,https://madperfume.co.il/upload/01-2026/product/697bb92a74b01.png
he,L113,Lacoste Pour Femme,בשמי נשים,100,https://www.mad-parfumeur.com/respondio-catalog/wa/he/p-846-l113.html?v=20260731-4,https://www.mad-parfumeur.com/respondio-catalog/media/he/p-846-l113.jpg?v=20260731-4,"Lacoste Pour Femme
קוד: L113
מחיר: 100 ILS
חזרה לשיחה: https://wa.me/972524033442?text=%D7%A9%D7%9C%D7%95%D7%9D%2C%20%D7%90%D7%A0%D7%99%20%D7%A8%D7%95%D7%A6%D7%94%20%D7%9C%D7%94%D7%96%D7%9E%D7%99%D7%9F%20%D7%90%D7%AA%20%D7%94%D7%9E%D7%95%D7%A6%D7%A8%20L113",https://wa.me/972524033442?text=%D7%A9%D7%9C%D7%95%D7%9D%2C%20%D7%90%D7%A0%D7%99%20%D7%A8%D7%95%D7%A6%D7%94%20%D7%9C%D7%94%D7%96%D7%9E%D7%99%D7%9F%20%D7%90%D7%AA%20%D7%94%D7%9E%D7%95%D7%A6%D7%A8%20L113,https://madperfume.co.il/?app=product.show.846,https://www.mad-parfumeur.com/respondio-catalog/og/he/p-846-l113.jpg?v=20260731-4,https://madperfume.co.il/upload/01-2026/product/697e3a13793c2.png
he,M109,Armani Mania,בשמי נשים,100,https://www.mad-parfumeur.com/respondio-catalog/wa/he/p-848-m109.html?v=20260731-4,https://www.mad-parfumeur.com/respondio-catalog/media/he/p-848-m109.jpg?v=20260731-4,"Armani Mania
קוד: M109
מחיר: 100 ILS
חזרה לשיחה: https://wa.me/972524033442?text=%D7%A9%D7%9C%D7%95%D7%9D%2C%20%D7%90%D7%A0%D7%99%20%D7%A8%D7%95%D7%A6%D7%94%20%D7%9C%D7%94%D7%96%D7%9E%D7%99%D7%9F%20%D7%90%D7%AA%20%D7%94%D7%9E%D7%95%D7%A6%D7%A8%20M109",https://wa.me/972524033442?text=%D7%A9%D7%9C%D7%95%D7%9D%2C%20%D7%90%D7%A0%D7%99%20%D7%A8%D7%95%D7%A6%D7%94%20%D7%9C%D7%94%D7%96%D7%9E%D7%99%D7%9F%20%D7%90%D7%AA%20%D7%94%D7%9E%D7%95%D7%A6%D7%A8%20M109,https://madperfume.co.il/?app=product.show.848,https://www.mad-parfumeur.com/respondio-catalog/og/he/p-848-m109.jpg?v=20260731-4,https://madperfume.co.il/upload/06-2025/product/176.png
he,L111,Lolita Lempicka Eau de Parfum,בשמי נשים,100,https://www.mad-parfumeur.com/respondio-catalog/wa/he/p-850-l111.html?v=20260731-4,https://www.mad-parfumeur.com/respondio-catalog/media/he/p-850-l111.jpg?v=20260731-4,"Lolita Lempicka Eau de Parfum
קוד: L111
מחיר: 100 ILS
חזרה לשיחה: https://wa.me/972524033442?text=%D7%A9%D7%9C%D7%95%D7%9D%2C%20%D7%90%D7%A0%D7%99%20%D7%A8%D7%95%D7%A6%D7%94%20%D7%9C%D7%94%D7%96%D7%9E%D7%99%D7%9F%20%D7%90%D7%AA%20%D7%94%D7%9E%D7%95%D7%A6%D7%A8%20L111",https://wa.me/972524033442?text=%D7%A9%D7%9C%D7%95%D7%9D%2C%20%D7%90%D7%A0%D7%99%20%D7%A8%D7%95%D7%A6%D7%94%20%D7%9C%D7%94%D7%96%D7%9E%D7%99%D7%9F%20%D7%90%D7%AA%20%D7%94%D7%9E%D7%95%D7%A6%D7%A8%20L111,https://madperfume.co.il/?app=product.show.850,https://www.mad-parfumeur.com/respondio-catalog/og/he/p-850-l111.jpg?v=20260731-4,https://madperfume.co.il/upload/06-2025/product/197.png
he,K103,Flower by Kenzo Eau de Parfum,בשמי נשים,100,https://www.mad-parfumeur.com/respondio-catalog/wa/he/p-852-k103.html?v=20260731-4,https://www.mad-parfumeur.com/respondio-catalog/media/he/p-852-k103.jpg?v=20260731-4,"Flower by Kenzo Eau de Parfum
קוד: K103
מחיר: 100 ILS
חזרה לשיחה: https://wa.me/972524033442?text=%D7%A9%D7%9C%D7%95%D7%9D%2C%20%D7%90%D7%A0%D7%99%20%D7%A8%D7%95%D7%A6%D7%94%20%D7%9C%D7%94%D7%96%D7%9E%D7%99%D7%9F%20%D7%90%D7%AA%20%D7%94%D7%9E%D7%95%D7%A6%D7%A8%20K103",https://wa.me/972524033442?text=%D7%A9%D7%9C%D7%95%D7%9D%2C%20%D7%90%D7%A0%D7%99%20%D7%A8%D7%95%D7%A6%D7%94%20%D7%9C%D7%94%D7%96%D7%9E%D7%99%D7%9F%20%D7%90%D7%AA%20%D7%94%D7%9E%D7%95%D7%A6%D7%A8%20K103,https://madperfume.co.il/?app=product.show.852,https://www.mad-parfumeur.com/respondio-catalog/og/he/p-852-k103.jpg?v=20260731-4,https://madperfume.co.il/upload/06-2025/product/178.png
he,"מטהר אוויר לרכב מד מלון 7 מ""ל MADPARFUME","מטהר אוויר לרכב מד מלון 7 מ""ל MADPARFUME",לרכב,15,https://www.mad-parfumeur.com/respondio-catalog/wa/he/p-857-7-madparfume.html?v=20260731-4,https://www.mad-parfumeur.com/respondio-catalog/media/he/p-857-7-madparfume.jpg?v=20260731-4,"מטהר אוויר לרכב מד מלון 7 מ""ל MADPARFUME
קוד: מטהר אוויר לרכב מד מלון 7 מ""ל MADPARFUME
מחיר: 15 ILS
חזרה לשיחה: https://wa.me/972524033442?text=%D7%A9%D7%9C%D7%95%D7%9D%2C%20%D7%90%D7%A0%D7%99%20%D7%A8%D7%95%D7%A6%D7%94%20%D7%9C%D7%94%D7%96%D7%9E%D7%99%D7%9F%20%D7%90%D7%AA%20%D7%94%D7%9E%D7%95%D7%A6%D7%A8%20%D7%9E%D7%98%D7%94%D7%A8%20%D7%90%D7%95%D7%95%D7%99%D7%A8%20%D7%9C%D7%A8%D7%9B%D7%91%20%D7%9E%D7%93%20%D7%9E%D7%9C%D7%95%D7%9F%207%20%D7%9E%22%D7%9C%20MADPARFUME",https://wa.me/972524033442?text=%D7%A9%D7%9C%D7%95%D7%9D%2C%20%D7%90%D7%A0%D7%99%20%D7%A8%D7%95%D7%A6%D7%94%20%D7%9C%D7%94%D7%96%D7%9E%D7%99%D7%9F%20%D7%90%D7%AA%20%D7%94%D7%9E%D7%95%D7%A6%D7%A8%20%D7%9E%D7%98%D7%94%D7%A8%20%D7%90%D7%95%D7%95%D7%99%D7%A8%20%D7%9C%D7%A8%D7%9B%D7%91%20%D7%9E%D7%93%20%D7%9E%D7%9C%D7%95%D7%9F%207%20%D7%9E%22%D7%9C%20MADPARFUME,https://madperfume.co.il/?app=product.show.857,https://www.mad-parfumeur.com/respondio-catalog/og/he/p-857-7-madparfume.jpg?v=20260731-4,https://madperfume.co.il/upload/06-2025/product/melon car.png
he,"מטהר אוויר לרכב מד מונה רוזה 7 מ""ל MADPARFUME","מטהר אוויר לרכב מד מונה רוזה 7 מ""ל MADPARFUME",לרכב,15,https://www.mad-parfumeur.com/respondio-catalog/wa/he/p-858-7-madparfume.html?v=20260731-4,https://www.mad-parfumeur.com/respondio-catalog/media/he/p-858-7-madparfume.jpg?v=20260731-4,"מטהר אוויר לרכב מד מונה רוזה 7 מ""ל MADPARFUME
קוד: מטהר אוויר לרכב מד מונה רוזה 7 מ""ל MADPARFUME
מחיר: 15 ILS
חזרה לשיחה: https://wa.me/972524033442?text=%D7%A9%D7%9C%D7%95%D7%9D%2C%20%D7%90%D7%A0%D7%99%20%D7%A8%D7%95%D7%A6%D7%94%20%D7%9C%D7%94%D7%96%D7%9E%D7%99%D7%9F%20%D7%90%D7%AA%20%D7%94%D7%9E%D7%95%D7%A6%D7%A8%20%D7%9E%D7%98%D7%94%D7%A8%20%D7%90%D7%95%D7%95%D7%99%D7%A8%20%D7%9C%D7%A8%D7%9B%D7%91%20%D7%9E%D7%93%20%D7%9E%D7%95%D7%A0%D7%94%20%D7%A8%D7%95%D7%96%D7%94%207%20%D7%9E%22%D7%9C%20MADPARFUME",https://wa.me/972524033442?text=%D7%A9%D7%9C%D7%95%D7%9D%2C%20%D7%90%D7%A0%D7%99%20%D7%A8%D7%95%D7%A6%D7%94%20%D7%9C%D7%94%D7%96%D7%9E%D7%99%D7%9F%20%D7%90%D7%AA%20%D7%94%D7%9E%D7%95%D7%A6%D7%A8%20%D7%9E%D7%98%D7%94%D7%A8%20%D7%90%D7%95%D7%95%D7%99%D7%A8%20%D7%9C%D7%A8%D7%9B%D7%91%20%D7%9E%D7%93%20%D7%9E%D7%95%D7%A0%D7%94%20%D7%A8%D7%95%D7%96%D7%94%207%20%D7%9E%22%D7%9C%20MADPARFUME,https://madperfume.co.il/?app=product.show.858,https://www.mad-parfumeur.com/respondio-catalog/og/he/p-858-7-madparfume.jpg?v=20260731-4,https://madperfume.co.il/upload/06-2025/product/1-8624e5aa.png
he,L102 P101 J105,מחיר: ₪350 כולל משלוח,מבצעים גברים,300,https://www.mad-parfumeur.com/respondio-catalog/wa/he/p-861-l102-p101-j105.html?v=20260731-4,https://www.mad-parfumeur.com/respondio-catalog/media/he/p-861-l102-p101-j105.jpg?v=20260731-4,"מחיר: ₪350 כולל משלוח
קוד: L102 P101 J105
מחיר: 300 ILS
חזרה לשיחה: https://wa.me/972524033442?text=%D7%A9%D7%9C%D7%95%D7%9D%2C%20%D7%90%D7%A0%D7%99%20%D7%A8%D7%95%D7%A6%D7%94%20%D7%9C%D7%94%D7%96%D7%9E%D7%99%D7%9F%20%D7%90%D7%AA%20%D7%94%D7%9E%D7%95%D7%A6%D7%A8%20L102%20P101%20J105",https://wa.me/972524033442?text=%D7%A9%D7%9C%D7%95%D7%9D%2C%20%D7%90%D7%A0%D7%99%20%D7%A8%D7%95%D7%A6%D7%94%20%D7%9C%D7%94%D7%96%D7%9E%D7%99%D7%9F%20%D7%90%D7%AA%20%D7%94%D7%9E%D7%95%D7%A6%D7%A8%20L102%20P101%20J105,https://madperfume.co.il/?app=product.show.861,https://www.mad-parfumeur.com/respondio-catalog/og/he/p-861-l102-p101-j105.jpg?v=20260731-4,https://madperfume.co.il/upload/02-2026/product/699ce0453e4f8.png
he,A118 C120 D117,₪300 כולל משלוח,מבצעים גברים,300,https://www.mad-parfumeur.com/respondio-catalog/wa/he/p-868-a118-c120-d117.html?v=20260731-4,https://www.mad-parfumeur.com/respondio-catalog/media/he/p-868-a118-c120-d117.jpg?v=20260731-4,"₪300 כולל משלוח
קוד: A118 C120 D117
מחיר: 300 ILS
חזרה לשיחה: https://wa.me/972524033442?text=%D7%A9%D7%9C%D7%95%D7%9D%2C%20%D7%90%D7%A0%D7%99%20%D7%A8%D7%95%D7%A6%D7%94%20%D7%9C%D7%94%D7%96%D7%9E%D7%99%D7%9F%20%D7%90%D7%AA%20%D7%94%D7%9E%D7%95%D7%A6%D7%A8%20A118%20C120%20D117",https://wa.me/972524033442?text=%D7%A9%D7%9C%D7%95%D7%9D%2C%20%D7%90%D7%A0%D7%99%20%D7%A8%D7%95%D7%A6%D7%94%20%D7%9C%D7%94%D7%96%D7%9E%D7%99%D7%9F%20%D7%90%D7%AA%20%D7%94%D7%9E%D7%95%D7%A6%D7%A8%20A118%20C120%20D117,https://madperfume.co.il/?app=product.show.868,https://www.mad-parfumeur.com/respondio-catalog/og/he/p-868-a118-c120-d117.jpg?v=20260731-4,https://madperfume.co.il/upload/02-2026/product/699cdeccc76ee.png
he,G104 G109 G110,₪350 כולל משלוח,מבצעים נשים,300,https://www.mad-parfumeur.com/respondio-catalog/wa/he/p-870-g104-g109-g110.html?v=20260731-4,https://www.mad-parfumeur.com/respondio-catalog/media/he/p-870-g104-g109-g110.jpg?v=20260731-4,"₪350 כולל משלוח
קוד: G104 G109 G110
מחיר: 300 ILS
חזרה לשיחה: https://wa.me/972524033442?text=%D7%A9%D7%9C%D7%95%D7%9D%2C%20%D7%90%D7%A0%D7%99%20%D7%A8%D7%95%D7%A6%D7%94%20%D7%9C%D7%94%D7%96%D7%9E%D7%99%D7%9F%20%D7%90%D7%AA%20%D7%94%D7%9E%D7%95%D7%A6%D7%A8%20G104%20G109%20G110",https://wa.me/972524033442?text=%D7%A9%D7%9C%D7%95%D7%9D%2C%20%D7%90%D7%A0%D7%99%20%D7%A8%D7%95%D7%A6%D7%94%20%D7%9C%D7%94%D7%96%D7%9E%D7%99%D7%9F%20%D7%90%D7%AA%20%D7%94%D7%9E%D7%95%D7%A6%D7%A8%20G104%20G109%20G110,https://madperfume.co.il/?app=product.show.870,https://www.mad-parfumeur.com/respondio-catalog/og/he/p-870-g104-g109-g110.jpg?v=20260731-4,https://madperfume.co.il/upload/02-2026/product/699ce14e0f228.png
he,Y104,Black Opium Over Red Yves Saint Laurent,בשמי נשים,100,https://www.mad-parfumeur.com/respondio-catalog/wa/he/p-880-y104.html?v=20260731-4,https://www.mad-parfumeur.com/respondio-catalog/media/he/p-880-y104.jpg?v=20260731-4,"Black Opium Over Red Yves Saint Laurent
קוד: Y104
מחיר: 100 ILS
חזרה לשיחה: https://wa.me/972524033442?text=%D7%A9%D7%9C%D7%95%D7%9D%2C%20%D7%90%D7%A0%D7%99%20%D7%A8%D7%95%D7%A6%D7%94%20%D7%9C%D7%94%D7%96%D7%9E%D7%99%D7%9F%20%D7%90%D7%AA%20%D7%94%D7%9E%D7%95%D7%A6%D7%A8%20Y104",https://wa.me/972524033442?text=%D7%A9%D7%9C%D7%95%D7%9D%2C%20%D7%90%D7%A0%D7%99%20%D7%A8%D7%95%D7%A6%D7%94%20%D7%9C%D7%94%D7%96%D7%9E%D7%99%D7%9F%20%D7%90%D7%AA%20%D7%94%D7%9E%D7%95%D7%A6%D7%A8%20Y104,https://madperfume.co.il/?app=product.show.880,https://www.mad-parfumeur.com/respondio-catalog/og/he/p-880-y104.jpg?v=20260731-4,https://madperfume.co.il/upload/01-2026/product/697ca2fbc50e4.png
he,W123,W123,בשמי גברים,120,https://www.mad-parfumeur.com/respondio-catalog/wa/he/p-881-w123.html?v=20260731-4,https://www.mad-parfumeur.com/respondio-catalog/media/he/p-881-w123.jpg?v=20260731-4,"W123
קוד: W123
מחיר: 120 ILS
חזרה לשיחה: https://wa.me/972524033442?text=%D7%A9%D7%9C%D7%95%D7%9D%2C%20%D7%90%D7%A0%D7%99%20%D7%A8%D7%95%D7%A6%D7%94%20%D7%9C%D7%94%D7%96%D7%9E%D7%99%D7%9F%20%D7%90%D7%AA%20%D7%94%D7%9E%D7%95%D7%A6%D7%A8%20W123",https://wa.me/972524033442?text=%D7%A9%D7%9C%D7%95%D7%9D%2C%20%D7%90%D7%A0%D7%99%20%D7%A8%D7%95%D7%A6%D7%94%20%D7%9C%D7%94%D7%96%D7%9E%D7%99%D7%9F%20%D7%90%D7%AA%20%D7%94%D7%9E%D7%95%D7%A6%D7%A8%20W123,https://madperfume.co.il/?app=product.show.881,https://www.mad-parfumeur.com/respondio-catalog/og/he/p-881-w123.jpg?v=20260731-4,https://madperfume.co.il/upload/03-2026/product/IMG_0543.jpeg
he,j108,Le Male Elixir Absolu Jean Paul Gaultier,בשמי גברים,100,https://www.mad-parfumeur.com/respondio-catalog/wa/he/p-882-j108.html?v=20260731-4,https://www.mad-parfumeur.com/respondio-catalog/media/he/p-882-j108.jpg?v=20260731-4,"Le Male Elixir Absolu Jean Paul Gaultier
קוד: j108
מחיר: 100 ILS
חזרה לשיחה: https://wa.me/972524033442?text=%D7%A9%D7%9C%D7%95%D7%9D%2C%20%D7%90%D7%A0%D7%99%20%D7%A8%D7%95%D7%A6%D7%94%20%D7%9C%D7%94%D7%96%D7%9E%D7%99%D7%9F%20%D7%90%D7%AA%20%D7%94%D7%9E%D7%95%D7%A6%D7%A8%20j108",https://wa.me/972524033442?text=%D7%A9%D7%9C%D7%95%D7%9D%2C%20%D7%90%D7%A0%D7%99%20%D7%A8%D7%95%D7%A6%D7%94%20%D7%9C%D7%94%D7%96%D7%9E%D7%99%D7%9F%20%D7%90%D7%AA%20%D7%94%D7%9E%D7%95%D7%A6%D7%A8%20j108,https://madperfume.co.il/?app=product.show.882,https://www.mad-parfumeur.com/respondio-catalog/og/he/p-882-j108.jpg?v=20260731-4,https://madperfume.co.il/upload/01-2026/product/697cf4be5198d.png
he,j107,j107,בשמי נשים,120,https://www.mad-parfumeur.com/respondio-catalog/wa/he/p-883-j107.html?v=20260731-4,https://www.mad-parfumeur.com/respondio-catalog/media/he/p-883-j107.jpg?v=20260731-4,"j107
קוד: j107
מחיר: 120 ILS
חזרה לשיחה: https://wa.me/972524033442?text=%D7%A9%D7%9C%D7%95%D7%9D%2C%20%D7%90%D7%A0%D7%99%20%D7%A8%D7%95%D7%A6%D7%94%20%D7%9C%D7%94%D7%96%D7%9E%D7%99%D7%9F%20%D7%90%D7%AA%20%D7%94%D7%9E%D7%95%D7%A6%D7%A8%20j107",https://wa.me/972524033442?text=%D7%A9%D7%9C%D7%95%D7%9D%2C%20%D7%90%D7%A0%D7%99%20%D7%A8%D7%95%D7%A6%D7%94%20%D7%9C%D7%94%D7%96%D7%9E%D7%99%D7%9F%20%D7%90%D7%AA%20%D7%94%D7%9E%D7%95%D7%A6%D7%A8%20j107,https://madperfume.co.il/?app=product.show.883,https://www.mad-parfumeur.com/respondio-catalog/og/he/p-883-j107.jpg?v=20260731-4,https://madperfume.co.il/upload/09-2025/product/68d42cf9b8ff5.png
he,P107 GOLD,P107 GOLD,בשמי נשים,120,https://www.mad-parfumeur.com/respondio-catalog/wa/he/p-885-p107-gold.html?v=20260731-4,https://www.mad-parfumeur.com/respondio-catalog/media/he/p-885-p107-gold.jpg?v=20260731-4,"P107 GOLD
קוד: P107 GOLD
מחיר: 120 ILS
חזרה לשיחה: https://wa.me/972524033442?text=%D7%A9%D7%9C%D7%95%D7%9D%2C%20%D7%90%D7%A0%D7%99%20%D7%A8%D7%95%D7%A6%D7%94%20%D7%9C%D7%94%D7%96%D7%9E%D7%99%D7%9F%20%D7%90%D7%AA%20%D7%94%D7%9E%D7%95%D7%A6%D7%A8%20P107%20GOLD",https://wa.me/972524033442?text=%D7%A9%D7%9C%D7%95%D7%9D%2C%20%D7%90%D7%A0%D7%99%20%D7%A8%D7%95%D7%A6%D7%94%20%D7%9C%D7%94%D7%96%D7%9E%D7%99%D7%9F%20%D7%90%D7%AA%20%D7%94%D7%9E%D7%95%D7%A6%D7%A8%20P107%20GOLD,https://madperfume.co.il/?app=product.show.885,https://www.mad-parfumeur.com/respondio-catalog/og/he/p-885-p107-gold.jpg?v=20260731-4,https://madperfume.co.il/upload/09-2025/product/68d42d4f6330d.png
he,Y102 GOLD women,Y102 GOLD women,בשמי נשים,120,https://www.mad-parfumeur.com/respondio-catalog/wa/he/p-886-y102-gold-women.html?v=20260731-4,https://www.mad-parfumeur.com/respondio-catalog/media/he/p-886-y102-gold-women.jpg?v=20260731-4,"Y102 GOLD women
קוד: Y102 GOLD women
מחיר: 120 ILS
חזרה לשיחה: https://wa.me/972524033442?text=%D7%A9%D7%9C%D7%95%D7%9D%2C%20%D7%90%D7%A0%D7%99%20%D7%A8%D7%95%D7%A6%D7%94%20%D7%9C%D7%94%D7%96%D7%9E%D7%99%D7%9F%20%D7%90%D7%AA%20%D7%94%D7%9E%D7%95%D7%A6%D7%A8%20Y102%20GOLD%20women",https://wa.me/972524033442?text=%D7%A9%D7%9C%D7%95%D7%9D%2C%20%D7%90%D7%A0%D7%99%20%D7%A8%D7%95%D7%A6%D7%94%20%D7%9C%D7%94%D7%96%D7%9E%D7%99%D7%9F%20%D7%90%D7%AA%20%D7%94%D7%9E%D7%95%D7%A6%D7%A8%20Y102%20GOLD%20women,https://madperfume.co.il/?app=product.show.886,https://www.mad-parfumeur.com/respondio-catalog/og/he/p-886-y102-gold-women.jpg?v=20260731-4,https://madperfume.co.il/upload/09-2025/product/68d42d88108c5.png
he,A118 GOLD,A118 GOLD,בשמי נשים,120,https://www.mad-parfumeur.com/respondio-catalog/wa/he/p-887-a118-gold.html?v=20260731-4,https://www.mad-parfumeur.com/respondio-catalog/media/he/p-887-a118-gold.jpg?v=20260731-4,"A118 GOLD
קוד: A118 GOLD
מחיר: 120 ILS
חזרה לשיחה: https://wa.me/972524033442?text=%D7%A9%D7%9C%D7%95%D7%9D%2C%20%D7%90%D7%A0%D7%99%20%D7%A8%D7%95%D7%A6%D7%94%20%D7%9C%D7%94%D7%96%D7%9E%D7%99%D7%9F%20%D7%90%D7%AA%20%D7%94%D7%9E%D7%95%D7%A6%D7%A8%20A118%20GOLD",https://wa.me/972524033442?text=%D7%A9%D7%9C%D7%95%D7%9D%2C%20%D7%90%D7%A0%D7%99%20%D7%A8%D7%95%D7%A6%D7%94%20%D7%9C%D7%94%D7%96%D7%9E%D7%99%D7%9F%20%D7%90%D7%AA%20%D7%94%D7%9E%D7%95%D7%A6%D7%A8%20A118%20GOLD,https://madperfume.co.il/?app=product.show.887,https://www.mad-parfumeur.com/respondio-catalog/og/he/p-887-a118-gold.jpg?v=20260731-4,https://madperfume.co.il/upload/09-2025/product/68d42ded3487c.png
he,B103 GOLD women,B103 GOLD women,בשמי נשים,120,https://www.mad-parfumeur.com/respondio-catalog/wa/he/p-888-b103-gold-women.html?v=20260731-4,https://www.mad-parfumeur.com/respondio-catalog/media/he/p-888-b103-gold-women.jpg?v=20260731-4,"B103 GOLD women
קוד: B103 GOLD women
מחיר: 120 ILS
חזרה לשיחה: https://wa.me/972524033442?text=%D7%A9%D7%9C%D7%95%D7%9D%2C%20%D7%90%D7%A0%D7%99%20%D7%A8%D7%95%D7%A6%D7%94%20%D7%9C%D7%94%D7%96%D7%9E%D7%99%D7%9F%20%D7%90%D7%AA%20%D7%94%D7%9E%D7%95%D7%A6%D7%A8%20B103%20GOLD%20women",https://wa.me/972524033442?text=%D7%A9%D7%9C%D7%95%D7%9D%2C%20%D7%90%D7%A0%D7%99%20%D7%A8%D7%95%D7%A6%D7%94%20%D7%9C%D7%94%D7%96%D7%9E%D7%99%D7%9F%20%D7%90%D7%AA%20%D7%94%D7%9E%D7%95%D7%A6%D7%A8%20B103%20GOLD%20women,https://madperfume.co.il/?app=product.show.888,https://www.mad-parfumeur.com/respondio-catalog/og/he/p-888-b103-gold-women.jpg?v=20260731-4,https://madperfume.co.il/upload/09-2025/product/68d42e27e6706.png
he,G104 GOLD,G104 GOLD,בשמי נשים,120,https://www.mad-parfumeur.com/respondio-catalog/wa/he/p-889-g104-gold.html?v=20260731-4,https://www.mad-parfumeur.com/respondio-catalog/media/he/p-889-g104-gold.jpg?v=20260731-4,"G104 GOLD
קוד: G104 GOLD
מחיר: 120 ILS
חזרה לשיחה: https://wa.me/972524033442?text=%D7%A9%D7%9C%D7%95%D7%9D%2C%20%D7%90%D7%A0%D7%99%20%D7%A8%D7%95%D7%A6%D7%94%20%D7%9C%D7%94%D7%96%D7%9E%D7%99%D7%9F%20%D7%90%D7%AA%20%D7%94%D7%9E%D7%95%D7%A6%D7%A8%20G104%20GOLD",https://wa.me/972524033442?text=%D7%A9%D7%9C%D7%95%D7%9D%2C%20%D7%90%D7%A0%D7%99%20%D7%A8%D7%95%D7%A6%D7%94%20%D7%9C%D7%94%D7%96%D7%9E%D7%99%D7%9F%20%D7%90%D7%AA%20%D7%94%D7%9E%D7%95%D7%A6%D7%A8%20G104%20GOLD,https://madperfume.co.il/?app=product.show.889,https://www.mad-parfumeur.com/respondio-catalog/og/he/p-889-g104-gold.jpg?v=20260731-4,https://madperfume.co.il/upload/09-2025/product/68d42e5263697.png
he,W191 GOLD,W191 GOLD,בשמי גברים,120,https://www.mad-parfumeur.com/respondio-catalog/wa/he/p-890-w191-gold.html?v=20260731-4,https://www.mad-parfumeur.com/respondio-catalog/media/he/p-890-w191-gold.jpg?v=20260731-4,"W191 GOLD
קוד: W191 GOLD
מחיר: 120 ILS
חזרה לשיחה: https://wa.me/972524033442?text=%D7%A9%D7%9C%D7%95%D7%9D%2C%20%D7%90%D7%A0%D7%99%20%D7%A8%D7%95%D7%A6%D7%94%20%D7%9C%D7%94%D7%96%D7%9E%D7%99%D7%9F%20%D7%90%D7%AA%20%D7%94%D7%9E%D7%95%D7%A6%D7%A8%20W191%20GOLD",https://wa.me/972524033442?text=%D7%A9%D7%9C%D7%95%D7%9D%2C%20%D7%90%D7%A0%D7%99%20%D7%A8%D7%95%D7%A6%D7%94%20%D7%9C%D7%94%D7%96%D7%9E%D7%99%D7%9F%20%D7%90%D7%AA%20%D7%94%D7%9E%D7%95%D7%A6%D7%A8%20W191%20GOLD,https://madperfume.co.il/?app=product.show.890,https://www.mad-parfumeur.com/respondio-catalog/og/he/p-890-w191-gold.jpg?v=20260731-4,https://madperfume.co.il/upload/03-2026/product/IMG_0541.jpeg
he,Y102 GOLD,Y102 GOLD,בשמי גברים,120,https://www.mad-parfumeur.com/respondio-catalog/wa/he/p-891-y102-gold.html?v=20260731-4,https://www.mad-parfumeur.com/respondio-catalog/media/he/p-891-y102-gold.jpg?v=20260731-4,"Y102 GOLD
קוד: Y102 GOLD
מחיר: 120 ILS
חזרה לשיחה: https://wa.me/972524033442?text=%D7%A9%D7%9C%D7%95%D7%9D%2C%20%D7%90%D7%A0%D7%99%20%D7%A8%D7%95%D7%A6%D7%94%20%D7%9C%D7%94%D7%96%D7%9E%D7%99%D7%9F%20%D7%90%D7%AA%20%D7%94%D7%9E%D7%95%D7%A6%D7%A8%20Y102%20GOLD",https://wa.me/972524033442?text=%D7%A9%D7%9C%D7%95%D7%9D%2C%20%D7%90%D7%A0%D7%99%20%D7%A8%D7%95%D7%A6%D7%94%20%D7%9C%D7%94%D7%96%D7%9E%D7%99%D7%9F%20%D7%90%D7%AA%20%D7%94%D7%9E%D7%95%D7%A6%D7%A8%20Y102%20GOLD,https://madperfume.co.il/?app=product.show.891,https://www.mad-parfumeur.com/respondio-catalog/og/he/p-891-y102-gold.jpg?v=20260731-4,https://madperfume.co.il/upload/03-2026/product/IMG_0539.jpeg
he,A115 GOLD,A115 GOLD,בשמי גברים,120,https://www.mad-parfumeur.com/respondio-catalog/wa/he/p-892-a115-gold.html?v=20260731-4,https://www.mad-parfumeur.com/respondio-catalog/media/he/p-892-a115-gold.jpg?v=20260731-4,"A115 GOLD
קוד: A115 GOLD
מחיר: 120 ILS
חזרה לשיחה: https://wa.me/972524033442?text=%D7%A9%D7%9C%D7%95%D7%9D%2C%20%D7%90%D7%A0%D7%99%20%D7%A8%D7%95%D7%A6%D7%94%20%D7%9C%D7%94%D7%96%D7%9E%D7%99%D7%9F%20%D7%90%D7%AA%20%D7%94%D7%9E%D7%95%D7%A6%D7%A8%20A115%20GOLD",https://wa.me/972524033442?text=%D7%A9%D7%9C%D7%95%D7%9D%2C%20%D7%90%D7%A0%D7%99%20%D7%A8%D7%95%D7%A6%D7%94%20%D7%9C%D7%94%D7%96%D7%9E%D7%99%D7%9F%20%D7%90%D7%AA%20%D7%94%D7%9E%D7%95%D7%A6%D7%A8%20A115%20GOLD,https://madperfume.co.il/?app=product.show.892,https://www.mad-parfumeur.com/respondio-catalog/og/he/p-892-a115-gold.jpg?v=20260731-4,https://madperfume.co.il/upload/03-2026/product/IMG_0551.jpeg
he,J101 GOLD,J101 GOLD,בשמי גברים,120,https://www.mad-parfumeur.com/respondio-catalog/wa/he/p-893-j101-gold.html?v=20260731-4,https://www.mad-parfumeur.com/respondio-catalog/media/he/p-893-j101-gold.jpg?v=20260731-4,"J101 GOLD
קוד: J101 GOLD
מחיר: 120 ILS
חזרה לשיחה: https://wa.me/972524033442?text=%D7%A9%D7%9C%D7%95%D7%9D%2C%20%D7%90%D7%A0%D7%99%20%D7%A8%D7%95%D7%A6%D7%94%20%D7%9C%D7%94%D7%96%D7%9E%D7%99%D7%9F%20%D7%90%D7%AA%20%D7%94%D7%9E%D7%95%D7%A6%D7%A8%20J101%20GOLD",https://wa.me/972524033442?text=%D7%A9%D7%9C%D7%95%D7%9D%2C%20%D7%90%D7%A0%D7%99%20%D7%A8%D7%95%D7%A6%D7%94%20%D7%9C%D7%94%D7%96%D7%9E%D7%99%D7%9F%20%D7%90%D7%AA%20%D7%94%D7%9E%D7%95%D7%A6%D7%A8%20J101%20GOLD,https://madperfume.co.il/?app=product.show.893,https://www.mad-parfumeur.com/respondio-catalog/og/he/p-893-j101-gold.jpg?v=20260731-4,https://madperfume.co.il/upload/03-2026/product/IMG_0550.jpeg
he,J105 GOLD,J105 GOLD,בשמי גברים,120,https://www.mad-parfumeur.com/respondio-catalog/wa/he/p-894-j105-gold.html?v=20260731-4,https://www.mad-parfumeur.com/respondio-catalog/media/he/p-894-j105-gold.jpg?v=20260731-4,"J105 GOLD
קוד: J105 GOLD
מחיר: 120 ILS
חזרה לשיחה: https://wa.me/972524033442?text=%D7%A9%D7%9C%D7%95%D7%9D%2C%20%D7%90%D7%A0%D7%99%20%D7%A8%D7%95%D7%A6%D7%94%20%D7%9C%D7%94%D7%96%D7%9E%D7%99%D7%9F%20%D7%90%D7%AA%20%D7%94%D7%9E%D7%95%D7%A6%D7%A8%20J105%20GOLD",https://wa.me/972524033442?text=%D7%A9%D7%9C%D7%95%D7%9D%2C%20%D7%90%D7%A0%D7%99%20%D7%A8%D7%95%D7%A6%D7%94%20%D7%9C%D7%94%D7%96%D7%9E%D7%99%D7%9F%20%D7%90%D7%AA%20%D7%94%D7%9E%D7%95%D7%A6%D7%A8%20J105%20GOLD,https://madperfume.co.il/?app=product.show.894,https://www.mad-parfumeur.com/respondio-catalog/og/he/p-894-j105-gold.jpg?v=20260731-4,https://madperfume.co.il/upload/03-2026/product/IMG_0545.jpeg
he,Sofia,Sofia,מבצעים גברים,200,https://www.mad-parfumeur.com/respondio-catalog/wa/he/p-899-sofia.html?v=20260731-4,https://www.mad-parfumeur.com/respondio-catalog/media/he/p-899-sofia.jpg?v=20260731-4,"Sofia
קוד: Sofia
מחיר: 200 ILS
חזרה לשיחה: https://wa.me/972524033442?text=%D7%A9%D7%9C%D7%95%D7%9D%2C%20%D7%90%D7%A0%D7%99%20%D7%A8%D7%95%D7%A6%D7%94%20%D7%9C%D7%94%D7%96%D7%9E%D7%99%D7%9F%20%D7%90%D7%AA%20%D7%94%D7%9E%D7%95%D7%A6%D7%A8%20Sofia",https://wa.me/972524033442?text=%D7%A9%D7%9C%D7%95%D7%9D%2C%20%D7%90%D7%A0%D7%99%20%D7%A8%D7%95%D7%A6%D7%94%20%D7%9C%D7%94%D7%96%D7%9E%D7%99%D7%9F%20%D7%90%D7%AA%20%D7%94%D7%9E%D7%95%D7%A6%D7%A8%20Sofia,https://madperfume.co.il/?app=product.show.899,https://www.mad-parfumeur.com/respondio-catalog/og/he/p-899-sofia.jpg?v=20260731-4,https://madperfume.co.il/upload/09-2025/product/10.png
he,havana,havana,מבצעים גברים,300,https://www.mad-parfumeur.com/respondio-catalog/wa/he/p-901-havana.html?v=20260731-4,https://www.mad-parfumeur.com/respondio-catalog/media/he/p-901-havana.jpg?v=20260731-4,"havana
קוד: havana
מחיר: 300 ILS
חזרה לשיחה: https://wa.me/972524033442?text=%D7%A9%D7%9C%D7%95%D7%9D%2C%20%D7%90%D7%A0%D7%99%20%D7%A8%D7%95%D7%A6%D7%94%20%D7%9C%D7%94%D7%96%D7%9E%D7%99%D7%9F%20%D7%90%D7%AA%20%D7%94%D7%9E%D7%95%D7%A6%D7%A8%20havana",https://wa.me/972524033442?text=%D7%A9%D7%9C%D7%95%D7%9D%2C%20%D7%90%D7%A0%D7%99%20%D7%A8%D7%95%D7%A6%D7%94%20%D7%9C%D7%94%D7%96%D7%9E%D7%99%D7%9F%20%D7%90%D7%AA%20%D7%94%D7%9E%D7%95%D7%A6%D7%A8%20havana,https://madperfume.co.il/?app=product.show.901,https://www.mad-parfumeur.com/respondio-catalog/og/he/p-901-havana.jpg?v=20260731-4,https://madperfume.co.il/upload/09-2025/product/13.png
he,L103 W183 L102,L103 W183 L102,מבצעים גברים,300,https://www.mad-parfumeur.com/respondio-catalog/wa/he/p-902-l103-w183-l102.html?v=20260731-4,https://www.mad-parfumeur.com/respondio-catalog/media/he/p-902-l103-w183-l102.jpg?v=20260731-4,"L103 W183 L102
קוד: L103 W183 L102
מחיר: 300 ILS
חזרה לשיחה: https://wa.me/972524033442?text=%D7%A9%D7%9C%D7%95%D7%9D%2C%20%D7%90%D7%A0%D7%99%20%D7%A8%D7%95%D7%A6%D7%94%20%D7%9C%D7%94%D7%96%D7%9E%D7%99%D7%9F%20%D7%90%D7%AA%20%D7%94%D7%9E%D7%95%D7%A6%D7%A8%20L103%20W183%20L102",https://wa.me/972524033442?text=%D7%A9%D7%9C%D7%95%D7%9D%2C%20%D7%90%D7%A0%D7%99%20%D7%A8%D7%95%D7%A6%D7%94%20%D7%9C%D7%94%D7%96%D7%9E%D7%99%D7%9F%20%D7%90%D7%AA%20%D7%94%D7%9E%D7%95%D7%A6%D7%A8%20L103%20W183%20L102,https://madperfume.co.il/?app=product.show.902,https://www.mad-parfumeur.com/respondio-catalog/og/he/p-902-l103-w183-l102.jpg?v=20260731-4,https://madperfume.co.il/upload/11-2025/product/69086212e91ac.jpg
he,Mystic gourmand,Mystic Gourmand 50 מ״ל – בושם יוניסקס,בשמי נישה גברים,350,https://www.mad-parfumeur.com/respondio-catalog/wa/he/p-903-mystic-gourmand.html?v=20260731-4,https://www.mad-parfumeur.com/respondio-catalog/media/he/p-903-mystic-gourmand.jpg?v=20260731-4,"Mystic Gourmand 50 מ״ל – בושם יוניסקס
קוד: Mystic gourmand
מחיר: 350 ILS
חזרה לשיחה: https://wa.me/972524033442?text=%D7%A9%D7%9C%D7%95%D7%9D%2C%20%D7%90%D7%A0%D7%99%20%D7%A8%D7%95%D7%A6%D7%94%20%D7%9C%D7%94%D7%96%D7%9E%D7%99%D7%9F%20%D7%90%D7%AA%20%D7%94%D7%9E%D7%95%D7%A6%D7%A8%20Mystic%20gourmand",https://wa.me/972524033442?text=%D7%A9%D7%9C%D7%95%D7%9D%2C%20%D7%90%D7%A0%D7%99%20%D7%A8%D7%95%D7%A6%D7%94%20%D7%9C%D7%94%D7%96%D7%9E%D7%99%D7%9F%20%D7%90%D7%AA%20%D7%94%D7%9E%D7%95%D7%A6%D7%A8%20Mystic%20gourmand,https://madperfume.co.il/?app=product.show.903,https://www.mad-parfumeur.com/respondio-catalog/og/he/p-903-mystic-gourmand.jpg?v=20260731-4,https://madperfume.co.il/upload/01-2026/product/be216344-96cc-4fd1-a2cf-d30386913aac_size640_cropCenter.jpg
he,Exotic Oud 50 ml,Mad Exotic Oud 50 ml Unisex,בשמי נישה גברים,350,https://www.mad-parfumeur.com/respondio-catalog/wa/he/p-904-exotic-oud-50-ml.html?v=20260731-4,https://www.mad-parfumeur.com/respondio-catalog/media/he/p-904-exotic-oud-50-ml.jpg?v=20260731-4,"Mad Exotic Oud 50 ml Unisex
קוד: Exotic Oud 50 ml
מחיר: 350 ILS
חזרה לשיחה: https://wa.me/972524033442?text=%D7%A9%D7%9C%D7%95%D7%9D%2C%20%D7%90%D7%A0%D7%99%20%D7%A8%D7%95%D7%A6%D7%94%20%D7%9C%D7%94%D7%96%D7%9E%D7%99%D7%9F%20%D7%90%D7%AA%20%D7%94%D7%9E%D7%95%D7%A6%D7%A8%20Exotic%20Oud%2050%20ml",https://wa.me/972524033442?text=%D7%A9%D7%9C%D7%95%D7%9D%2C%20%D7%90%D7%A0%D7%99%20%D7%A8%D7%95%D7%A6%D7%94%20%D7%9C%D7%94%D7%96%D7%9E%D7%99%D7%9F%20%D7%90%D7%AA%20%D7%94%D7%9E%D7%95%D7%A6%D7%A8%20Exotic%20Oud%2050%20ml,https://madperfume.co.il/?app=product.show.904,https://www.mad-parfumeur.com/respondio-catalog/og/he/p-904-exotic-oud-50-ml.jpg?v=20260731-4,https://madperfume.co.il/upload/01-2026/product/c3e017a8-49c9-45f5-adc3-5afd27184a21_size640_cropCenter.jpg
he,Timeless Leather 50,Mad Timeless Leather 50 ml Unisex,בשמי נישה גברים,350,https://www.mad-parfumeur.com/respondio-catalog/wa/he/p-905-timeless-leather-50.html?v=20260731-4,https://www.mad-parfumeur.com/respondio-catalog/media/he/p-905-timeless-leather-50.jpg?v=20260731-4,"Mad Timeless Leather 50 ml Unisex
קוד: Timeless Leather 50
מחיר: 350 ILS
חזרה לשיחה: https://wa.me/972524033442?text=%D7%A9%D7%9C%D7%95%D7%9D%2C%20%D7%90%D7%A0%D7%99%20%D7%A8%D7%95%D7%A6%D7%94%20%D7%9C%D7%94%D7%96%D7%9E%D7%99%D7%9F%20%D7%90%D7%AA%20%D7%94%D7%9E%D7%95%D7%A6%D7%A8%20Timeless%20Leather%2050",https://wa.me/972524033442?text=%D7%A9%D7%9C%D7%95%D7%9D%2C%20%D7%90%D7%A0%D7%99%20%D7%A8%D7%95%D7%A6%D7%94%20%D7%9C%D7%94%D7%96%D7%9E%D7%99%D7%9F%20%D7%90%D7%AA%20%D7%94%D7%9E%D7%95%D7%A6%D7%A8%20Timeless%20Leather%2050,https://madperfume.co.il/?app=product.show.905,https://www.mad-parfumeur.com/respondio-catalog/og/he/p-905-timeless-leather-50.jpg?v=20260731-4,https://madperfume.co.il/upload/01-2026/product/a89138f6-574d-4314-8f8d-841a82bc6c5f_size640_cropCenter.jpg
he,Treasure 100 ml,Mad Treasure 100 ml Unisex,בשמי נישה גברים,350,https://www.mad-parfumeur.com/respondio-catalog/wa/he/p-906-treasure-100-ml.html?v=20260731-4,https://www.mad-parfumeur.com/respondio-catalog/media/he/p-906-treasure-100-ml.jpg?v=20260731-4,"Mad Treasure 100 ml Unisex
קוד: Treasure 100 ml
מחיר: 350 ILS
חזרה לשיחה: https://wa.me/972524033442?text=%D7%A9%D7%9C%D7%95%D7%9D%2C%20%D7%90%D7%A0%D7%99%20%D7%A8%D7%95%D7%A6%D7%94%20%D7%9C%D7%94%D7%96%D7%9E%D7%99%D7%9F%20%D7%90%D7%AA%20%D7%94%D7%9E%D7%95%D7%A6%D7%A8%20Treasure%20100%20ml",https://wa.me/972524033442?text=%D7%A9%D7%9C%D7%95%D7%9D%2C%20%D7%90%D7%A0%D7%99%20%D7%A8%D7%95%D7%A6%D7%94%20%D7%9C%D7%94%D7%96%D7%9E%D7%99%D7%9F%20%D7%90%D7%AA%20%D7%94%D7%9E%D7%95%D7%A6%D7%A8%20Treasure%20100%20ml,https://madperfume.co.il/?app=product.show.906,https://www.mad-parfumeur.com/respondio-catalog/og/he/p-906-treasure-100-ml.jpg?v=20260731-4,https://madperfume.co.il/upload/01-2026/product/d5390a37-5baa-47ce-9b5d-f1bec7c58361_size640_cropCenter.jpg
he,Adria 100 ml Unisex,Adria,בשמי נישה גברים,350,https://www.mad-parfumeur.com/respondio-catalog/wa/he/p-907-adria-100-ml-unisex.html?v=20260731-4,https://www.mad-parfumeur.com/respondio-catalog/media/he/p-907-adria-100-ml-unisex.jpg?v=20260731-4,"Adria
קוד: Adria 100 ml Unisex
מחיר: 350 ILS
חזרה לשיחה: https://wa.me/972524033442?text=%D7%A9%D7%9C%D7%95%D7%9D%2C%20%D7%90%D7%A0%D7%99%20%D7%A8%D7%95%D7%A6%D7%94%20%D7%9C%D7%94%D7%96%D7%9E%D7%99%D7%9F%20%D7%90%D7%AA%20%D7%94%D7%9E%D7%95%D7%A6%D7%A8%20Adria%20100%20ml%20Unisex",https://wa.me/972524033442?text=%D7%A9%D7%9C%D7%95%D7%9D%2C%20%D7%90%D7%A0%D7%99%20%D7%A8%D7%95%D7%A6%D7%94%20%D7%9C%D7%94%D7%96%D7%9E%D7%99%D7%9F%20%D7%90%D7%AA%20%D7%94%D7%9E%D7%95%D7%A6%D7%A8%20Adria%20100%20ml%20Unisex,https://madperfume.co.il/?app=product.show.907,https://www.mad-parfumeur.com/respondio-catalog/og/he/p-907-adria-100-ml-unisex.jpg?v=20260731-4,https://madperfume.co.il/upload/01-2026/product/697a6315b1a28.png
he,Marjorie 50 ml,Marjorie,בשמי נישה נשים,300,https://www.mad-parfumeur.com/respondio-catalog/wa/he/p-908-marjorie-50-ml.html?v=20260731-4,https://www.mad-parfumeur.com/respondio-catalog/media/he/p-908-marjorie-50-ml.jpg?v=20260731-4,"Marjorie
קוד: Marjorie 50 ml
מחיר: 300 ILS
חזרה לשיחה: https://wa.me/972524033442?text=%D7%A9%D7%9C%D7%95%D7%9D%2C%20%D7%90%D7%A0%D7%99%20%D7%A8%D7%95%D7%A6%D7%94%20%D7%9C%D7%94%D7%96%D7%9E%D7%99%D7%9F%20%D7%90%D7%AA%20%D7%94%D7%9E%D7%95%D7%A6%D7%A8%20Marjorie%2050%20ml",https://wa.me/972524033442?text=%D7%A9%D7%9C%D7%95%D7%9D%2C%20%D7%90%D7%A0%D7%99%20%D7%A8%D7%95%D7%A6%D7%94%20%D7%9C%D7%94%D7%96%D7%9E%D7%99%D7%9F%20%D7%90%D7%AA%20%D7%94%D7%9E%D7%95%D7%A6%D7%A8%20Marjorie%2050%20ml,https://madperfume.co.il/?app=product.show.908,https://www.mad-parfumeur.com/respondio-catalog/og/he/p-908-marjorie-50-ml.jpg?v=20260731-4,https://madperfume.co.il/upload/01-2026/product/697a64a2e467d.png
he,SHAH,Shah 50 ml Unisex,בשמי נישה גברים,500,https://www.mad-parfumeur.com/respondio-catalog/wa/he/p-909-shah.html?v=20260731-4,https://www.mad-parfumeur.com/respondio-catalog/media/he/p-909-shah.jpg?v=20260731-4,"Shah 50 ml Unisex
קוד: SHAH
מחיר: 500 ILS
חזרה לשיחה: https://wa.me/972524033442?text=%D7%A9%D7%9C%D7%95%D7%9D%2C%20%D7%90%D7%A0%D7%99%20%D7%A8%D7%95%D7%A6%D7%94%20%D7%9C%D7%94%D7%96%D7%9E%D7%99%D7%9F%20%D7%90%D7%AA%20%D7%94%D7%9E%D7%95%D7%A6%D7%A8%20SHAH",https://wa.me/972524033442?text=%D7%A9%D7%9C%D7%95%D7%9D%2C%20%D7%90%D7%A0%D7%99%20%D7%A8%D7%95%D7%A6%D7%94%20%D7%9C%D7%94%D7%96%D7%9E%D7%99%D7%9F%20%D7%90%D7%AA%20%D7%94%D7%9E%D7%95%D7%A6%D7%A8%20SHAH,https://madperfume.co.il/?app=product.show.909,https://www.mad-parfumeur.com/respondio-catalog/og/he/p-909-shah.jpg?v=20260731-4,https://madperfume.co.il/upload/01-2026/product/106e07a1-b587-46b0-9ba0-f30e1c359afa_size640_cropCenter.jpg
he,H106 women,H.106 – Hermès Barenia,בשמי נשים,100,https://www.mad-parfumeur.com/respondio-catalog/wa/he/p-910-h106-women.html?v=20260731-4,https://www.mad-parfumeur.com/respondio-catalog/media/he/p-910-h106-women.jpg?v=20260731-4,"H.106 – Hermès Barenia
קוד: H106 women
מחיר: 100 ILS
חזרה לשיחה: https://wa.me/972524033442?text=%D7%A9%D7%9C%D7%95%D7%9D%2C%20%D7%90%D7%A0%D7%99%20%D7%A8%D7%95%D7%A6%D7%94%20%D7%9C%D7%94%D7%96%D7%9E%D7%99%D7%9F%20%D7%90%D7%AA%20%D7%94%D7%9E%D7%95%D7%A6%D7%A8%20H106%20women",https://wa.me/972524033442?text=%D7%A9%D7%9C%D7%95%D7%9D%2C%20%D7%90%D7%A0%D7%99%20%D7%A8%D7%95%D7%A6%D7%94%20%D7%9C%D7%94%D7%96%D7%9E%D7%99%D7%9F%20%D7%90%D7%AA%20%D7%94%D7%9E%D7%95%D7%A6%D7%A8%20H106%20women,https://madperfume.co.il/?app=product.show.910,https://www.mad-parfumeur.com/respondio-catalog/og/he/p-910-h106-women.jpg?v=20260731-4,https://madperfume.co.il/upload/01-2026/product/697e37877e491.png
he,L105,Lancôme La Vie Est Belle L’Elixir,בשמי נשים,100,https://www.mad-parfumeur.com/respondio-catalog/wa/he/p-911-l105.html?v=20260731-4,https://www.mad-parfumeur.com/respondio-catalog/media/he/p-911-l105.jpg?v=20260731-4,"Lancôme La Vie Est Belle L’Elixir
קוד: L105
מחיר: 100 ILS
חזרה לשיחה: https://wa.me/972524033442?text=%D7%A9%D7%9C%D7%95%D7%9D%2C%20%D7%90%D7%A0%D7%99%20%D7%A8%D7%95%D7%A6%D7%94%20%D7%9C%D7%94%D7%96%D7%9E%D7%99%D7%9F%20%D7%90%D7%AA%20%D7%94%D7%9E%D7%95%D7%A6%D7%A8%20L105",https://wa.me/972524033442?text=%D7%A9%D7%9C%D7%95%D7%9D%2C%20%D7%90%D7%A0%D7%99%20%D7%A8%D7%95%D7%A6%D7%94%20%D7%9C%D7%94%D7%96%D7%9E%D7%99%D7%9F%20%D7%90%D7%AA%20%D7%94%D7%9E%D7%95%D7%A6%D7%A8%20L105,https://madperfume.co.il/?app=product.show.911,https://www.mad-parfumeur.com/respondio-catalog/og/he/p-911-l105.jpg?v=20260731-4,https://madperfume.co.il/upload/01-2026/product/697e3757e11c1.png
he,G112,Gucci Flora Gorgeous Orchid,בשמי נשים,100,https://www.mad-parfumeur.com/respondio-catalog/wa/he/p-912-g112.html?v=20260731-4,https://www.mad-parfumeur.com/respondio-catalog/media/he/p-912-g112.jpg?v=20260731-4,"Gucci Flora Gorgeous Orchid
קוד: G112
מחיר: 100 ILS
חזרה לשיחה: https://wa.me/972524033442?text=%D7%A9%D7%9C%D7%95%D7%9D%2C%20%D7%90%D7%A0%D7%99%20%D7%A8%D7%95%D7%A6%D7%94%20%D7%9C%D7%94%D7%96%D7%9E%D7%99%D7%9F%20%D7%90%D7%AA%20%D7%94%D7%9E%D7%95%D7%A6%D7%A8%20G112",https://wa.me/972524033442?text=%D7%A9%D7%9C%D7%95%D7%9D%2C%20%D7%90%D7%A0%D7%99%20%D7%A8%D7%95%D7%A6%D7%94%20%D7%9C%D7%94%D7%96%D7%9E%D7%99%D7%9F%20%D7%90%D7%AA%20%D7%94%D7%9E%D7%95%D7%A6%D7%A8%20G112,https://madperfume.co.il/?app=product.show.912,https://www.mad-parfumeur.com/respondio-catalog/og/he/p-912-g112.jpg?v=20260731-4,https://madperfume.co.il/upload/01-2026/product/697cef65c7e7a.png
he,J110,Jean Paul Gaultier Scandal Absolu Pour Homme,בשמי גברים,100,https://www.mad-parfumeur.com/respondio-catalog/wa/he/p-913-j110.html?v=20260731-4,https://www.mad-parfumeur.com/respondio-catalog/media/he/p-913-j110.jpg?v=20260731-4,"Jean Paul Gaultier Scandal Absolu Pour Homme
קוד: J110
מחיר: 100 ILS
חזרה לשיחה: https://wa.me/972524033442?text=%D7%A9%D7%9C%D7%95%D7%9D%2C%20%D7%90%D7%A0%D7%99%20%D7%A8%D7%95%D7%A6%D7%94%20%D7%9C%D7%94%D7%96%D7%9E%D7%99%D7%9F%20%D7%90%D7%AA%20%D7%94%D7%9E%D7%95%D7%A6%D7%A8%20J110",https://wa.me/972524033442?text=%D7%A9%D7%9C%D7%95%D7%9D%2C%20%D7%90%D7%A0%D7%99%20%D7%A8%D7%95%D7%A6%D7%94%20%D7%9C%D7%94%D7%96%D7%9E%D7%99%D7%9F%20%D7%90%D7%AA%20%D7%94%D7%9E%D7%95%D7%A6%D7%A8%20J110,https://madperfume.co.il/?app=product.show.913,https://www.mad-parfumeur.com/respondio-catalog/og/he/p-913-j110.jpg?v=20260731-4,https://madperfume.co.il/upload/01-2026/product/697e372736d0e.png
he,W223,Paco Rabanne Olympea Parfum,בשמי נשים,100,https://www.mad-parfumeur.com/respondio-catalog/wa/he/p-914-w223.html?v=20260731-4,https://www.mad-parfumeur.com/respondio-catalog/media/he/p-914-w223.jpg?v=20260731-4,"Paco Rabanne Olympea Parfum
קוד: W223
מחיר: 100 ILS
חזרה לשיחה: https://wa.me/972524033442?text=%D7%A9%D7%9C%D7%95%D7%9D%2C%20%D7%90%D7%A0%D7%99%20%D7%A8%D7%95%D7%A6%D7%94%20%D7%9C%D7%94%D7%96%D7%9E%D7%99%D7%9F%20%D7%90%D7%AA%20%D7%94%D7%9E%D7%95%D7%A6%D7%A8%20W223",https://wa.me/972524033442?text=%D7%A9%D7%9C%D7%95%D7%9D%2C%20%D7%90%D7%A0%D7%99%20%D7%A8%D7%95%D7%A6%D7%94%20%D7%9C%D7%94%D7%96%D7%9E%D7%99%D7%9F%20%D7%90%D7%AA%20%D7%94%D7%9E%D7%95%D7%A6%D7%A8%20W223,https://madperfume.co.il/?app=product.show.914,https://www.mad-parfumeur.com/respondio-catalog/og/he/p-914-w223.jpg?v=20260731-4,https://madperfume.co.il/upload/01-2026/product/697e36edd3c5f.png
he,W127,Paco Rabanne 1 Million Royal,בשמי גברים,100,https://www.mad-parfumeur.com/respondio-catalog/wa/he/p-915-w127.html?v=20260731-4,https://www.mad-parfumeur.com/respondio-catalog/media/he/p-915-w127.jpg?v=20260731-4,"Paco Rabanne 1 Million Royal
קוד: W127
מחיר: 100 ILS
חזרה לשיחה: https://wa.me/972524033442?text=%D7%A9%D7%9C%D7%95%D7%9D%2C%20%D7%90%D7%A0%D7%99%20%D7%A8%D7%95%D7%A6%D7%94%20%D7%9C%D7%94%D7%96%D7%9E%D7%99%D7%9F%20%D7%90%D7%AA%20%D7%94%D7%9E%D7%95%D7%A6%D7%A8%20W127",https://wa.me/972524033442?text=%D7%A9%D7%9C%D7%95%D7%9D%2C%20%D7%90%D7%A0%D7%99%20%D7%A8%D7%95%D7%A6%D7%94%20%D7%9C%D7%94%D7%96%D7%9E%D7%99%D7%9F%20%D7%90%D7%AA%20%D7%94%D7%9E%D7%95%D7%A6%D7%A8%20W127,https://madperfume.co.il/?app=product.show.915,https://www.mad-parfumeur.com/respondio-catalog/og/he/p-915-w127.jpg?v=20260731-4,https://madperfume.co.il/upload/01-2026/product/697e36c6a5bfa.png
he,P108,P.108 – Paco Rabanne Million Gold For Her,בשמי נשים,100,https://www.mad-parfumeur.com/respondio-catalog/wa/he/p-916-p108.html?v=20260731-4,https://www.mad-parfumeur.com/respondio-catalog/media/he/p-916-p108.jpg?v=20260731-4,"P.108 – Paco Rabanne Million Gold For Her
קוד: P108
מחיר: 100 ILS
חזרה לשיחה: https://wa.me/972524033442?text=%D7%A9%D7%9C%D7%95%D7%9D%2C%20%D7%90%D7%A0%D7%99%20%D7%A8%D7%95%D7%A6%D7%94%20%D7%9C%D7%94%D7%96%D7%9E%D7%99%D7%9F%20%D7%90%D7%AA%20%D7%94%D7%9E%D7%95%D7%A6%D7%A8%20P108",https://wa.me/972524033442?text=%D7%A9%D7%9C%D7%95%D7%9D%2C%20%D7%90%D7%A0%D7%99%20%D7%A8%D7%95%D7%A6%D7%94%20%D7%9C%D7%94%D7%96%D7%9E%D7%99%D7%9F%20%D7%90%D7%AA%20%D7%94%D7%9E%D7%95%D7%A6%D7%A8%20P108,https://madperfume.co.il/?app=product.show.916,https://www.mad-parfumeur.com/respondio-catalog/og/he/p-916-p108.jpg?v=20260731-4,https://madperfume.co.il/upload/01-2026/product/697e36a0146b0.png
he,W179,W.179 – Paco Rabanne Invictus Parfum,בשמי גברים,100,https://www.mad-parfumeur.com/respondio-catalog/wa/he/p-917-w179.html?v=20260731-4,https://www.mad-parfumeur.com/respondio-catalog/media/he/p-917-w179.jpg?v=20260731-4,"W.179 – Paco Rabanne Invictus Parfum
קוד: W179
מחיר: 100 ILS
חזרה לשיחה: https://wa.me/972524033442?text=%D7%A9%D7%9C%D7%95%D7%9D%2C%20%D7%90%D7%A0%D7%99%20%D7%A8%D7%95%D7%A6%D7%94%20%D7%9C%D7%94%D7%96%D7%9E%D7%99%D7%9F%20%D7%90%D7%AA%20%D7%94%D7%9E%D7%95%D7%A6%D7%A8%20W179",https://wa.me/972524033442?text=%D7%A9%D7%9C%D7%95%D7%9D%2C%20%D7%90%D7%A0%D7%99%20%D7%A8%D7%95%D7%A6%D7%94%20%D7%9C%D7%94%D7%96%D7%9E%D7%99%D7%9F%20%D7%90%D7%AA%20%D7%94%D7%9E%D7%95%D7%A6%D7%A8%20W179,https://madperfume.co.il/?app=product.show.917,https://www.mad-parfumeur.com/respondio-catalog/og/he/p-917-w179.jpg?v=20260731-4,https://madperfume.co.il/upload/01-2026/product/697e3668eff38.png
he,K102,K.102 – Kayali Vanilla Candy Rock Sugar,בשמי נשים,100,https://www.mad-parfumeur.com/respondio-catalog/wa/he/p-918-k102.html?v=20260731-4,https://www.mad-parfumeur.com/respondio-catalog/media/he/p-918-k102.jpg?v=20260731-4,"K.102 – Kayali Vanilla Candy Rock Sugar
קוד: K102
מחיר: 100 ILS
חזרה לשיחה: https://wa.me/972524033442?text=%D7%A9%D7%9C%D7%95%D7%9D%2C%20%D7%90%D7%A0%D7%99%20%D7%A8%D7%95%D7%A6%D7%94%20%D7%9C%D7%94%D7%96%D7%9E%D7%99%D7%9F%20%D7%90%D7%AA%20%D7%94%D7%9E%D7%95%D7%A6%D7%A8%20K102",https://wa.me/972524033442?text=%D7%A9%D7%9C%D7%95%D7%9D%2C%20%D7%90%D7%A0%D7%99%20%D7%A8%D7%95%D7%A6%D7%94%20%D7%9C%D7%94%D7%96%D7%9E%D7%99%D7%9F%20%D7%90%D7%AA%20%D7%94%D7%9E%D7%95%D7%A6%D7%A8%20K102,https://madperfume.co.il/?app=product.show.918,https://www.mad-parfumeur.com/respondio-catalog/og/he/p-918-k102.jpg?v=20260731-4,https://madperfume.co.il/upload/01-2026/product/697cecc918f1e.png
he,L101,Mad L101 – Floral Scent תרסיס בושם לגוף (Body Mist) – 200 מ״ל,בושם גוף,50,https://www.mad-parfumeur.com/respondio-catalog/wa/he/p-919-l101.html?v=20260731-4,https://www.mad-parfumeur.com/respondio-catalog/media/he/p-919-l101.jpg?v=20260731-4,"Mad L101 – Floral Scent תרסיס בושם לגוף (Body Mist) – 200 מ״ל
קוד: L101
מחיר: 50 ILS
חזרה לשיחה: https://wa.me/972524033442?text=%D7%A9%D7%9C%D7%95%D7%9D%2C%20%D7%90%D7%A0%D7%99%20%D7%A8%D7%95%D7%A6%D7%94%20%D7%9C%D7%94%D7%96%D7%9E%D7%99%D7%9F%20%D7%90%D7%AA%20%D7%94%D7%9E%D7%95%D7%A6%D7%A8%20L101",https://wa.me/972524033442?text=%D7%A9%D7%9C%D7%95%D7%9D%2C%20%D7%90%D7%A0%D7%99%20%D7%A8%D7%95%D7%A6%D7%94%20%D7%9C%D7%94%D7%96%D7%9E%D7%99%D7%9F%20%D7%90%D7%AA%20%D7%94%D7%9E%D7%95%D7%A6%D7%A8%20L101,https://madperfume.co.il/?app=product.show.919,https://www.mad-parfumeur.com/respondio-catalog/og/he/p-919-l101.jpg?v=20260731-4,https://madperfume.co.il/upload/01-2026/product/d0d263e8-c76f-40fa-b88a-bde960a3c416_size640_cropCenter.jpg
he,A118,Mad A.118 – Floral Scent תרסיס בושם לגוף (Body Mist) – 200 מ״ל,בושם גוף,50,https://www.mad-parfumeur.com/respondio-catalog/wa/he/p-920-a118.html?v=20260731-4,https://www.mad-parfumeur.com/respondio-catalog/media/he/p-920-a118.jpg?v=20260731-4,"Mad A.118 – Floral Scent תרסיס בושם לגוף (Body Mist) – 200 מ״ל
קוד: A118
מחיר: 50 ILS
חזרה לשיחה: https://wa.me/972524033442?text=%D7%A9%D7%9C%D7%95%D7%9D%2C%20%D7%90%D7%A0%D7%99%20%D7%A8%D7%95%D7%A6%D7%94%20%D7%9C%D7%94%D7%96%D7%9E%D7%99%D7%9F%20%D7%90%D7%AA%20%D7%94%D7%9E%D7%95%D7%A6%D7%A8%20A118",https://wa.me/972524033442?text=%D7%A9%D7%9C%D7%95%D7%9D%2C%20%D7%90%D7%A0%D7%99%20%D7%A8%D7%95%D7%A6%D7%94%20%D7%9C%D7%94%D7%96%D7%9E%D7%99%D7%9F%20%D7%90%D7%AA%20%D7%94%D7%9E%D7%95%D7%A6%D7%A8%20A118,https://madperfume.co.il/?app=product.show.920,https://www.mad-parfumeur.com/respondio-catalog/og/he/p-920-a118.jpg?v=20260731-4,https://madperfume.co.il/upload/01-2026/product/38184a38-6413-47b1-8475-768931fff82b_size640_cropCenter.jpg
he,Z101,Mad Z.101 – Oriental Scent תרסיס בושם לגוף (Body Mist) – 200 מ״ל,בושם גוף,50,https://www.mad-parfumeur.com/respondio-catalog/wa/he/p-921-z101.html?v=20260731-4,https://www.mad-parfumeur.com/respondio-catalog/media/he/p-921-z101.jpg?v=20260731-4,"Mad Z.101 – Oriental Scent תרסיס בושם לגוף (Body Mist) – 200 מ״ל
קוד: Z101
מחיר: 50 ILS
חזרה לשיחה: https://wa.me/972524033442?text=%D7%A9%D7%9C%D7%95%D7%9D%2C%20%D7%90%D7%A0%D7%99%20%D7%A8%D7%95%D7%A6%D7%94%20%D7%9C%D7%94%D7%96%D7%9E%D7%99%D7%9F%20%D7%90%D7%AA%20%D7%94%D7%9E%D7%95%D7%A6%D7%A8%20Z101",https://wa.me/972524033442?text=%D7%A9%D7%9C%D7%95%D7%9D%2C%20%D7%90%D7%A0%D7%99%20%D7%A8%D7%95%D7%A6%D7%94%20%D7%9C%D7%94%D7%96%D7%9E%D7%99%D7%9F%20%D7%90%D7%AA%20%D7%94%D7%9E%D7%95%D7%A6%D7%A8%20Z101,https://madperfume.co.il/?app=product.show.921,https://www.mad-parfumeur.com/respondio-catalog/og/he/p-921-z101.jpg?v=20260731-4,https://madperfume.co.il/upload/01-2026/product/d7377816-d005-4e83-b3ae-efb82b225af9_size640_cropCenter.jpg
he,W213,Mad W.213 – Oriental Scent תרסיס בושם לגוף (Body Mist) – 200 מ״ל,בושם גוף,50,https://www.mad-parfumeur.com/respondio-catalog/wa/he/p-922-w213.html?v=20260731-4,https://www.mad-parfumeur.com/respondio-catalog/media/he/p-922-w213.jpg?v=20260731-4,"Mad W.213 – Oriental Scent תרסיס בושם לגוף (Body Mist) – 200 מ״ל
קוד: W213
מחיר: 50 ILS
חזרה לשיחה: https://wa.me/972524033442?text=%D7%A9%D7%9C%D7%95%D7%9D%2C%20%D7%90%D7%A0%D7%99%20%D7%A8%D7%95%D7%A6%D7%94%20%D7%9C%D7%94%D7%96%D7%9E%D7%99%D7%9F%20%D7%90%D7%AA%20%D7%94%D7%9E%D7%95%D7%A6%D7%A8%20W213",https://wa.me/972524033442?text=%D7%A9%D7%9C%D7%95%D7%9D%2C%20%D7%90%D7%A0%D7%99%20%D7%A8%D7%95%D7%A6%D7%94%20%D7%9C%D7%94%D7%96%D7%9E%D7%99%D7%9F%20%D7%90%D7%AA%20%D7%94%D7%9E%D7%95%D7%A6%D7%A8%20W213,https://madperfume.co.il/?app=product.show.922,https://www.mad-parfumeur.com/respondio-catalog/og/he/p-922-w213.jpg?v=20260731-4,https://madperfume.co.il/upload/01-2026/product/eef08009-97f6-4a7a-8b40-4b1275410473_size640_cropCenter.jpg
he,Y102,**Mad Y.102 – Oriental Scent** תרסיס בושם לגוף (Body Mist) – 200 מ״ל,בושם גוף,50,https://www.mad-parfumeur.com/respondio-catalog/wa/he/p-924-y102.html?v=20260731-4,https://www.mad-parfumeur.com/respondio-catalog/media/he/p-924-y102.jpg?v=20260731-4,"**Mad Y.102 – Oriental Scent** תרסיס בושם לגוף (Body Mist) – 200 מ״ל
קוד: Y102
מחיר: 50 ILS
חזרה לשיחה: https://wa.me/972524033442?text=%D7%A9%D7%9C%D7%95%D7%9D%2C%20%D7%90%D7%A0%D7%99%20%D7%A8%D7%95%D7%A6%D7%94%20%D7%9C%D7%94%D7%96%D7%9E%D7%99%D7%9F%20%D7%90%D7%AA%20%D7%94%D7%9E%D7%95%D7%A6%D7%A8%20Y102",https://wa.me/972524033442?text=%D7%A9%D7%9C%D7%95%D7%9D%2C%20%D7%90%D7%A0%D7%99%20%D7%A8%D7%95%D7%A6%D7%94%20%D7%9C%D7%94%D7%96%D7%9E%D7%99%D7%9F%20%D7%90%D7%AA%20%D7%94%D7%9E%D7%95%D7%A6%D7%A8%20Y102,https://madperfume.co.il/?app=product.show.924,https://www.mad-parfumeur.com/respondio-catalog/og/he/p-924-y102.jpg?v=20260731-4,https://madperfume.co.il/upload/01-2026/product/edf47198-11a7-48a9-9b47-fa0a0f7efb44_size640_cropCenter.jpg
he,V112,**Mad V.112 – Oriental Scent** תרסיס בושם לגוף (Body Mist) – 200 מ״ל,בושם גוף,50,https://www.mad-parfumeur.com/respondio-catalog/wa/he/p-925-v112.html?v=20260731-4,https://www.mad-parfumeur.com/respondio-catalog/media/he/p-925-v112.jpg?v=20260731-4,"**Mad V.112 – Oriental Scent** תרסיס בושם לגוף (Body Mist) – 200 מ״ל
קוד: V112
מחיר: 50 ILS
חזרה לשיחה: https://wa.me/972524033442?text=%D7%A9%D7%9C%D7%95%D7%9D%2C%20%D7%90%D7%A0%D7%99%20%D7%A8%D7%95%D7%A6%D7%94%20%D7%9C%D7%94%D7%96%D7%9E%D7%99%D7%9F%20%D7%90%D7%AA%20%D7%94%D7%9E%D7%95%D7%A6%D7%A8%20V112",https://wa.me/972524033442?text=%D7%A9%D7%9C%D7%95%D7%9D%2C%20%D7%90%D7%A0%D7%99%20%D7%A8%D7%95%D7%A6%D7%94%20%D7%9C%D7%94%D7%96%D7%9E%D7%99%D7%9F%20%D7%90%D7%AA%20%D7%94%D7%9E%D7%95%D7%A6%D7%A8%20V112,https://madperfume.co.il/?app=product.show.925,https://www.mad-parfumeur.com/respondio-catalog/og/he/p-925-v112.jpg?v=20260731-4,https://madperfume.co.il/upload/01-2026/product/3c4aa9ac-ae11-4b15-91b6-5d400404b0b9_size640_cropCenter.jpg
he,V109,**Mad V.109 – Gourmand Scent** תרסיס בושם לגוף (Body Mist) – 200 מ״ל,בושם גוף,50,https://www.mad-parfumeur.com/respondio-catalog/wa/he/p-926-v109.html?v=20260731-4,https://www.mad-parfumeur.com/respondio-catalog/media/he/p-926-v109.jpg?v=20260731-4,"**Mad V.109 – Gourmand Scent** תרסיס בושם לגוף (Body Mist) – 200 מ״ל
קוד: V109
מחיר: 50 ILS
חזרה לשיחה: https://wa.me/972524033442?text=%D7%A9%D7%9C%D7%95%D7%9D%2C%20%D7%90%D7%A0%D7%99%20%D7%A8%D7%95%D7%A6%D7%94%20%D7%9C%D7%94%D7%96%D7%9E%D7%99%D7%9F%20%D7%90%D7%AA%20%D7%94%D7%9E%D7%95%D7%A6%D7%A8%20V109",https://wa.me/972524033442?text=%D7%A9%D7%9C%D7%95%D7%9D%2C%20%D7%90%D7%A0%D7%99%20%D7%A8%D7%95%D7%A6%D7%94%20%D7%9C%D7%94%D7%96%D7%9E%D7%99%D7%9F%20%D7%90%D7%AA%20%D7%94%D7%9E%D7%95%D7%A6%D7%A8%20V109,https://madperfume.co.il/?app=product.show.926,https://www.mad-parfumeur.com/respondio-catalog/og/he/p-926-v109.jpg?v=20260731-4,https://madperfume.co.il/upload/01-2026/product/7afe3763-900d-41bb-af4a-973ba6628a32_size640_cropCenter.jpg
he,B103,**Mad B.103 – Fruity Scent** תרסיס בושם לגוף (Body Mist) – 200 מ״ל,בושם גוף,50,https://www.mad-parfumeur.com/respondio-catalog/wa/he/p-927-b103.html?v=20260731-4,https://www.mad-parfumeur.com/respondio-catalog/media/he/p-927-b103.jpg?v=20260731-4,"**Mad B.103 – Fruity Scent** תרסיס בושם לגוף (Body Mist) – 200 מ״ל
קוד: B103
מחיר: 50 ILS
חזרה לשיחה: https://wa.me/972524033442?text=%D7%A9%D7%9C%D7%95%D7%9D%2C%20%D7%90%D7%A0%D7%99%20%D7%A8%D7%95%D7%A6%D7%94%20%D7%9C%D7%94%D7%96%D7%9E%D7%99%D7%9F%20%D7%90%D7%AA%20%D7%94%D7%9E%D7%95%D7%A6%D7%A8%20B103",https://wa.me/972524033442?text=%D7%A9%D7%9C%D7%95%D7%9D%2C%20%D7%90%D7%A0%D7%99%20%D7%A8%D7%95%D7%A6%D7%94%20%D7%9C%D7%94%D7%96%D7%9E%D7%99%D7%9F%20%D7%90%D7%AA%20%D7%94%D7%9E%D7%95%D7%A6%D7%A8%20B103,https://madperfume.co.il/?app=product.show.927,https://www.mad-parfumeur.com/respondio-catalog/og/he/p-927-b103.jpg?v=20260731-4,https://madperfume.co.il/upload/01-2026/product/0bd0c7d9-ef7f-4dbf-a1fe-f36afd6f0b00_size640_cropCenter.jpg
he,H105,**Mad H.105 – Oriental Scent** תרסיס בושם לגוף (Body Mist) – 200 מ״ל,בושם גוף,50,https://www.mad-parfumeur.com/respondio-catalog/wa/he/p-928-h105.html?v=20260731-4,https://www.mad-parfumeur.com/respondio-catalog/media/he/p-928-h105.jpg?v=20260731-4,"**Mad H.105 – Oriental Scent** תרסיס בושם לגוף (Body Mist) – 200 מ״ל
קוד: H105
מחיר: 50 ILS
חזרה לשיחה: https://wa.me/972524033442?text=%D7%A9%D7%9C%D7%95%D7%9D%2C%20%D7%90%D7%A0%D7%99%20%D7%A8%D7%95%D7%A6%D7%94%20%D7%9C%D7%94%D7%96%D7%9E%D7%99%D7%9F%20%D7%90%D7%AA%20%D7%94%D7%9E%D7%95%D7%A6%D7%A8%20H105",https://wa.me/972524033442?text=%D7%A9%D7%9C%D7%95%D7%9D%2C%20%D7%90%D7%A0%D7%99%20%D7%A8%D7%95%D7%A6%D7%94%20%D7%9C%D7%94%D7%96%D7%9E%D7%99%D7%9F%20%D7%90%D7%AA%20%D7%94%D7%9E%D7%95%D7%A6%D7%A8%20H105,https://madperfume.co.il/?app=product.show.928,https://www.mad-parfumeur.com/respondio-catalog/og/he/p-928-h105.jpg?v=20260731-4,https://madperfume.co.il/upload/01-2026/product/3cba76cf-28ff-4295-8942-8b44c0f0797a_size640_cropCenter.jpg
he,W201,**Mad W.201 – Oriental Scent** תרסיס בושם לגוף (Body Mist) – 200 מ״ל,בושם גוף,50,https://www.mad-parfumeur.com/respondio-catalog/wa/he/p-929-w201.html?v=20260731-4,https://www.mad-parfumeur.com/respondio-catalog/media/he/p-929-w201.jpg?v=20260731-4,"**Mad W.201 – Oriental Scent** תרסיס בושם לגוף (Body Mist) – 200 מ״ל
קוד: W201
מחיר: 50 ILS
חזרה לשיחה: https://wa.me/972524033442?text=%D7%A9%D7%9C%D7%95%D7%9D%2C%20%D7%90%D7%A0%D7%99%20%D7%A8%D7%95%D7%A6%D7%94%20%D7%9C%D7%94%D7%96%D7%9E%D7%99%D7%9F%20%D7%90%D7%AA%20%D7%94%D7%9E%D7%95%D7%A6%D7%A8%20W201",https://wa.me/972524033442?text=%D7%A9%D7%9C%D7%95%D7%9D%2C%20%D7%90%D7%A0%D7%99%20%D7%A8%D7%95%D7%A6%D7%94%20%D7%9C%D7%94%D7%96%D7%9E%D7%99%D7%9F%20%D7%90%D7%AA%20%D7%94%D7%9E%D7%95%D7%A6%D7%A8%20W201,https://madperfume.co.il/?app=product.show.929,https://www.mad-parfumeur.com/respondio-catalog/og/he/p-929-w201.jpg?v=20260731-4,https://madperfume.co.il/upload/01-2026/product/f34e4bb8-b279-4edc-a70b-f6a899aa4682_size640_cropCenter.jpg
he,Y101,**Mad Y.101 – Floral Scent** תרסיס בושם לגוף (Body Mist) – 200 מ״ל,בושם גוף,50,https://www.mad-parfumeur.com/respondio-catalog/wa/he/p-930-y101.html?v=20260731-4,https://www.mad-parfumeur.com/respondio-catalog/media/he/p-930-y101.jpg?v=20260731-4,"**Mad Y.101 – Floral Scent** תרסיס בושם לגוף (Body Mist) – 200 מ״ל
קוד: Y101
מחיר: 50 ILS
חזרה לשיחה: https://wa.me/972524033442?text=%D7%A9%D7%9C%D7%95%D7%9D%2C%20%D7%90%D7%A0%D7%99%20%D7%A8%D7%95%D7%A6%D7%94%20%D7%9C%D7%94%D7%96%D7%9E%D7%99%D7%9F%20%D7%90%D7%AA%20%D7%94%D7%9E%D7%95%D7%A6%D7%A8%20Y101",https://wa.me/972524033442?text=%D7%A9%D7%9C%D7%95%D7%9D%2C%20%D7%90%D7%A0%D7%99%20%D7%A8%D7%95%D7%A6%D7%94%20%D7%9C%D7%94%D7%96%D7%9E%D7%99%D7%9F%20%D7%90%D7%AA%20%D7%94%D7%9E%D7%95%D7%A6%D7%A8%20Y101,https://madperfume.co.il/?app=product.show.930,https://www.mad-parfumeur.com/respondio-catalog/og/he/p-930-y101.jpg?v=20260731-4,https://madperfume.co.il/upload/01-2026/product/3f15a958-3195-49de-b392-80fc18b4fe59_size256_cropCenter.jpg
he,H103,**Mad H.103 – Oriental Scent** תרסיס בושם לגוף (Body Mist) – 200 מ״ל,בושם גוף,50,https://www.mad-parfumeur.com/respondio-catalog/wa/he/p-931-h103.html?v=20260731-4,https://www.mad-parfumeur.com/respondio-catalog/media/he/p-931-h103.jpg?v=20260731-4,"**Mad H.103 – Oriental Scent** תרסיס בושם לגוף (Body Mist) – 200 מ״ל
קוד: H103
מחיר: 50 ILS
חזרה לשיחה: https://wa.me/972524033442?text=%D7%A9%D7%9C%D7%95%D7%9D%2C%20%D7%90%D7%A0%D7%99%20%D7%A8%D7%95%D7%A6%D7%94%20%D7%9C%D7%94%D7%96%D7%9E%D7%99%D7%9F%20%D7%90%D7%AA%20%D7%94%D7%9E%D7%95%D7%A6%D7%A8%20H103",https://wa.me/972524033442?text=%D7%A9%D7%9C%D7%95%D7%9D%2C%20%D7%90%D7%A0%D7%99%20%D7%A8%D7%95%D7%A6%D7%94%20%D7%9C%D7%94%D7%96%D7%9E%D7%99%D7%9F%20%D7%90%D7%AA%20%D7%94%D7%9E%D7%95%D7%A6%D7%A8%20H103,https://madperfume.co.il/?app=product.show.931,https://www.mad-parfumeur.com/respondio-catalog/og/he/p-931-h103.jpg?v=20260731-4,https://madperfume.co.il/upload/01-2026/product/75766d0d-ddab-4d41-b6dd-d7c8b1f5f5a5_size640_cropCenter.jpg
he,G103,**Mad G103 – Oriental Scent** תרסיס בושם לגוף (Body Mist) – 200 מ״ל,בושם גוף,50,https://www.mad-parfumeur.com/respondio-catalog/wa/he/p-932-g103.html?v=20260731-4,https://www.mad-parfumeur.com/respondio-catalog/media/he/p-932-g103.jpg?v=20260731-4,"**Mad G103 – Oriental Scent** תרסיס בושם לגוף (Body Mist) – 200 מ״ל
קוד: G103
מחיר: 50 ILS
חזרה לשיחה: https://wa.me/972524033442?text=%D7%A9%D7%9C%D7%95%D7%9D%2C%20%D7%90%D7%A0%D7%99%20%D7%A8%D7%95%D7%A6%D7%94%20%D7%9C%D7%94%D7%96%D7%9E%D7%99%D7%9F%20%D7%90%D7%AA%20%D7%94%D7%9E%D7%95%D7%A6%D7%A8%20G103",https://wa.me/972524033442?text=%D7%A9%D7%9C%D7%95%D7%9D%2C%20%D7%90%D7%A0%D7%99%20%D7%A8%D7%95%D7%A6%D7%94%20%D7%9C%D7%94%D7%96%D7%9E%D7%99%D7%9F%20%D7%90%D7%AA%20%D7%94%D7%9E%D7%95%D7%A6%D7%A8%20G103,https://madperfume.co.il/?app=product.show.932,https://www.mad-parfumeur.com/respondio-catalog/og/he/p-932-g103.jpg?v=20260731-4,https://madperfume.co.il/upload/01-2026/product/e58ccb69-12d8-467f-bf89-2bba33fe9e11_size640_cropCenter.jpg
he,Wellbeing Refreshed,Mad Wellbeing Refreshed 200 Gr Mum,נירות,80,https://www.mad-parfumeur.com/respondio-catalog/wa/he/p-933-wellbeing-refreshed.html?v=20260731-4,https://www.mad-parfumeur.com/respondio-catalog/media/he/p-933-wellbeing-refreshed.jpg?v=20260731-4,"Mad Wellbeing Refreshed 200 Gr Mum
קוד: Wellbeing Refreshed
מחיר: 80 ILS
חזרה לשיחה: https://wa.me/972524033442?text=%D7%A9%D7%9C%D7%95%D7%9D%2C%20%D7%90%D7%A0%D7%99%20%D7%A8%D7%95%D7%A6%D7%94%20%D7%9C%D7%94%D7%96%D7%9E%D7%99%D7%9F%20%D7%90%D7%AA%20%D7%94%D7%9E%D7%95%D7%A6%D7%A8%20Wellbeing%20Refreshed",https://wa.me/972524033442?text=%D7%A9%D7%9C%D7%95%D7%9D%2C%20%D7%90%D7%A0%D7%99%20%D7%A8%D7%95%D7%A6%D7%94%20%D7%9C%D7%94%D7%96%D7%9E%D7%99%D7%9F%20%D7%90%D7%AA%20%D7%94%D7%9E%D7%95%D7%A6%D7%A8%20Wellbeing%20Refreshed,https://madperfume.co.il/?app=product.show.933,https://www.mad-parfumeur.com/respondio-catalog/og/he/p-933-wellbeing-refreshed.jpg?v=20260731-4,https://madperfume.co.il/upload/01-2026/product/4bfeecc9-4bfb-49d7-9361-cde855d7ebe1_size640_cropCenter.jpg
he,Wellbeing Loving,Mad Wellbeing Loving 200 Gr Mum,נירות,80,https://www.mad-parfumeur.com/respondio-catalog/wa/he/p-934-wellbeing-loving.html?v=20260731-4,https://www.mad-parfumeur.com/respondio-catalog/media/he/p-934-wellbeing-loving.jpg?v=20260731-4,"Mad Wellbeing Loving 200 Gr Mum
קוד: Wellbeing Loving
מחיר: 80 ILS
חזרה לשיחה: https://wa.me/972524033442?text=%D7%A9%D7%9C%D7%95%D7%9D%2C%20%D7%90%D7%A0%D7%99%20%D7%A8%D7%95%D7%A6%D7%94%20%D7%9C%D7%94%D7%96%D7%9E%D7%99%D7%9F%20%D7%90%D7%AA%20%D7%94%D7%9E%D7%95%D7%A6%D7%A8%20Wellbeing%20Loving",https://wa.me/972524033442?text=%D7%A9%D7%9C%D7%95%D7%9D%2C%20%D7%90%D7%A0%D7%99%20%D7%A8%D7%95%D7%A6%D7%94%20%D7%9C%D7%94%D7%96%D7%9E%D7%99%D7%9F%20%D7%90%D7%AA%20%D7%94%D7%9E%D7%95%D7%A6%D7%A8%20Wellbeing%20Loving,https://madperfume.co.il/?app=product.show.934,https://www.mad-parfumeur.com/respondio-catalog/og/he/p-934-wellbeing-loving.jpg?v=20260731-4,https://madperfume.co.il/upload/01-2026/product/cebf4646-eb62-4dc2-a8ba-5f6fe68b474a_size640_cropCenter.jpg
he,Wellbeing Harmonious,Mad Wellbeing Harmonious 200 Gr Mum,נירות,80,https://www.mad-parfumeur.com/respondio-catalog/wa/he/p-935-wellbeing-harmonious.html?v=20260731-4,https://www.mad-parfumeur.com/respondio-catalog/media/he/p-935-wellbeing-harmonious.jpg?v=20260731-4,"Mad Wellbeing Harmonious 200 Gr Mum
קוד: Wellbeing Harmonious
מחיר: 80 ILS
חזרה לשיחה: https://wa.me/972524033442?text=%D7%A9%D7%9C%D7%95%D7%9D%2C%20%D7%90%D7%A0%D7%99%20%D7%A8%D7%95%D7%A6%D7%94%20%D7%9C%D7%94%D7%96%D7%9E%D7%99%D7%9F%20%D7%90%D7%AA%20%D7%94%D7%9E%D7%95%D7%A6%D7%A8%20Wellbeing%20Harmonious",https://wa.me/972524033442?text=%D7%A9%D7%9C%D7%95%D7%9D%2C%20%D7%90%D7%A0%D7%99%20%D7%A8%D7%95%D7%A6%D7%94%20%D7%9C%D7%94%D7%96%D7%9E%D7%99%D7%9F%20%D7%90%D7%AA%20%D7%94%D7%9E%D7%95%D7%A6%D7%A8%20Wellbeing%20Harmonious,https://madperfume.co.il/?app=product.show.935,https://www.mad-parfumeur.com/respondio-catalog/og/he/p-935-wellbeing-harmonious.jpg?v=20260731-4,https://madperfume.co.il/upload/01-2026/product/40235a8b-aa59-48da-818b-a39253a755ec_size640_cropCenter.jpg
he,Wellbeing Dreamy,Mad Wellbeing Dreamy 200 Gr Mum,נירות,80,https://www.mad-parfumeur.com/respondio-catalog/wa/he/p-936-wellbeing-dreamy.html?v=20260731-4,https://www.mad-parfumeur.com/respondio-catalog/media/he/p-936-wellbeing-dreamy.jpg?v=20260731-4,"Mad Wellbeing Dreamy 200 Gr Mum
קוד: Wellbeing Dreamy
מחיר: 80 ILS
חזרה לשיחה: https://wa.me/972524033442?text=%D7%A9%D7%9C%D7%95%D7%9D%2C%20%D7%90%D7%A0%D7%99%20%D7%A8%D7%95%D7%A6%D7%94%20%D7%9C%D7%94%D7%96%D7%9E%D7%99%D7%9F%20%D7%90%D7%AA%20%D7%94%D7%9E%D7%95%D7%A6%D7%A8%20Wellbeing%20Dreamy",https://wa.me/972524033442?text=%D7%A9%D7%9C%D7%95%D7%9D%2C%20%D7%90%D7%A0%D7%99%20%D7%A8%D7%95%D7%A6%D7%94%20%D7%9C%D7%94%D7%96%D7%9E%D7%99%D7%9F%20%D7%90%D7%AA%20%D7%94%D7%9E%D7%95%D7%A6%D7%A8%20Wellbeing%20Dreamy,https://madperfume.co.il/?app=product.show.936,https://www.mad-parfumeur.com/respondio-catalog/og/he/p-936-wellbeing-dreamy.jpg?v=20260731-4,https://madperfume.co.il/upload/01-2026/product/c9af599b-3ca1-40af-bbb0-2f0a5635f332_size640_cropCenter.jpg
he,Mad Wellbeing Loving,**Mad Wellbeing Loving** – מבשם חלל (Reed Diffuser) 190 מ״ל,לבית ומשרד,145,https://www.mad-parfumeur.com/respondio-catalog/wa/he/p-937-mad-wellbeing-loving.html?v=20260731-4,https://www.mad-parfumeur.com/respondio-catalog/media/he/p-937-mad-wellbeing-loving.jpg?v=20260731-4,"**Mad Wellbeing Loving** – מבשם חלל (Reed Diffuser) 190 מ״ל
קוד: Mad Wellbeing Loving
מחיר: 145 ILS
חזרה לשיחה: https://wa.me/972524033442?text=%D7%A9%D7%9C%D7%95%D7%9D%2C%20%D7%90%D7%A0%D7%99%20%D7%A8%D7%95%D7%A6%D7%94%20%D7%9C%D7%94%D7%96%D7%9E%D7%99%D7%9F%20%D7%90%D7%AA%20%D7%94%D7%9E%D7%95%D7%A6%D7%A8%20Mad%20Wellbeing%20Loving",https://wa.me/972524033442?text=%D7%A9%D7%9C%D7%95%D7%9D%2C%20%D7%90%D7%A0%D7%99%20%D7%A8%D7%95%D7%A6%D7%94%20%D7%9C%D7%94%D7%96%D7%9E%D7%99%D7%9F%20%D7%90%D7%AA%20%D7%94%D7%9E%D7%95%D7%A6%D7%A8%20Mad%20Wellbeing%20Loving,https://madperfume.co.il/?app=product.show.937,https://www.mad-parfumeur.com/respondio-catalog/og/he/p-937-mad-wellbeing-loving.jpg?v=20260731-4,https://madperfume.co.il/upload/01-2026/product/0aeb36de-ffb5-4e87-a6b3-f992412ef15d_size640_cropCenter.jpg
he,Mad Wellbeing Harmonious,**Mad Wellbeing Harmonious** – מבשם חלל (Reed Diffuser) 190 מ״ל,לבית ומשרד,145,https://www.mad-parfumeur.com/respondio-catalog/wa/he/p-938-mad-wellbeing-harmonious.html?v=20260731-4,https://www.mad-parfumeur.com/respondio-catalog/media/he/p-938-mad-wellbeing-harmonious.jpg?v=20260731-4,"**Mad Wellbeing Harmonious** – מבשם חלל (Reed Diffuser) 190 מ״ל
קוד: Mad Wellbeing Harmonious
מחיר: 145 ILS
חזרה לשיחה: https://wa.me/972524033442?text=%D7%A9%D7%9C%D7%95%D7%9D%2C%20%D7%90%D7%A0%D7%99%20%D7%A8%D7%95%D7%A6%D7%94%20%D7%9C%D7%94%D7%96%D7%9E%D7%99%D7%9F%20%D7%90%D7%AA%20%D7%94%D7%9E%D7%95%D7%A6%D7%A8%20Mad%20Wellbeing%20Harmonious",https://wa.me/972524033442?text=%D7%A9%D7%9C%D7%95%D7%9D%2C%20%D7%90%D7%A0%D7%99%20%D7%A8%D7%95%D7%A6%D7%94%20%D7%9C%D7%94%D7%96%D7%9E%D7%99%D7%9F%20%D7%90%D7%AA%20%D7%94%D7%9E%D7%95%D7%A6%D7%A8%20Mad%20Wellbeing%20Harmonious,https://madperfume.co.il/?app=product.show.938,https://www.mad-parfumeur.com/respondio-catalog/og/he/p-938-mad-wellbeing-harmonious.jpg?v=20260731-4,https://madperfume.co.il/upload/01-2026/product/dd98770e-f116-45df-9cf7-0999359a2571_size640_cropCenter.jpg
he,Reed Diffuser,**Mad Wellbeing Refreshed 190 מ״ל** מבשם חלל (Reed Diffuser),לבית ומשרד,145,https://www.mad-parfumeur.com/respondio-catalog/wa/he/p-939-reed-diffuser.html?v=20260731-4,https://www.mad-parfumeur.com/respondio-catalog/media/he/p-939-reed-diffuser.jpg?v=20260731-4,"**Mad Wellbeing Refreshed 190 מ״ל** מבשם חלל (Reed Diffuser)
קוד: Reed Diffuser
מחיר: 145 ILS
חזרה לשיחה: https://wa.me/972524033442?text=%D7%A9%D7%9C%D7%95%D7%9D%2C%20%D7%90%D7%A0%D7%99%20%D7%A8%D7%95%D7%A6%D7%94%20%D7%9C%D7%94%D7%96%D7%9E%D7%99%D7%9F%20%D7%90%D7%AA%20%D7%94%D7%9E%D7%95%D7%A6%D7%A8%20Reed%20Diffuser",https://wa.me/972524033442?text=%D7%A9%D7%9C%D7%95%D7%9D%2C%20%D7%90%D7%A0%D7%99%20%D7%A8%D7%95%D7%A6%D7%94%20%D7%9C%D7%94%D7%96%D7%9E%D7%99%D7%9F%20%D7%90%D7%AA%20%D7%94%D7%9E%D7%95%D7%A6%D7%A8%20Reed%20Diffuser,https://madperfume.co.il/?app=product.show.939,https://www.mad-parfumeur.com/respondio-catalog/og/he/p-939-reed-diffuser.jpg?v=20260731-4,https://madperfume.co.il/upload/01-2026/product/6979023e382e9.jpg
he,Mad Wellbeing Dreamy,**Mad Wellbeing Dreamy** – מבשם חלל (Reed Diffuser) 190 מ״ל,לבית ומשרד,145,https://www.mad-parfumeur.com/respondio-catalog/wa/he/p-940-mad-wellbeing-dreamy.html?v=20260731-4,https://www.mad-parfumeur.com/respondio-catalog/media/he/p-940-mad-wellbeing-dreamy.jpg?v=20260731-4,"**Mad Wellbeing Dreamy** – מבשם חלל (Reed Diffuser) 190 מ״ל
קוד: Mad Wellbeing Dreamy
מחיר: 145 ILS
חזרה לשיחה: https://wa.me/972524033442?text=%D7%A9%D7%9C%D7%95%D7%9D%2C%20%D7%90%D7%A0%D7%99%20%D7%A8%D7%95%D7%A6%D7%94%20%D7%9C%D7%94%D7%96%D7%9E%D7%99%D7%9F%20%D7%90%D7%AA%20%D7%94%D7%9E%D7%95%D7%A6%D7%A8%20Mad%20Wellbeing%20Dreamy",https://wa.me/972524033442?text=%D7%A9%D7%9C%D7%95%D7%9D%2C%20%D7%90%D7%A0%D7%99%20%D7%A8%D7%95%D7%A6%D7%94%20%D7%9C%D7%94%D7%96%D7%9E%D7%99%D7%9F%20%D7%90%D7%AA%20%D7%94%D7%9E%D7%95%D7%A6%D7%A8%20Mad%20Wellbeing%20Dreamy,https://madperfume.co.il/?app=product.show.940,https://www.mad-parfumeur.com/respondio-catalog/og/he/p-940-mad-wellbeing-dreamy.jpg?v=20260731-4,https://madperfume.co.il/upload/01-2026/product/17f91ac8-a8b7-4d91-ad51-927c8e1d48ac_size640_cropCenter.jpg
he,Fruit Fusion,**Mad Fruit Fusion 120 מ״ל** מבשם חלל (Reed Diffuser),לבית ומשרד,45,https://www.mad-parfumeur.com/respondio-catalog/wa/he/p-941-fruit-fusion.html?v=20260731-4,https://www.mad-parfumeur.com/respondio-catalog/media/he/p-941-fruit-fusion.jpg?v=20260731-4,"**Mad Fruit Fusion 120 מ״ל** מבשם חלל (Reed Diffuser)
קוד: Fruit Fusion
מחיר: 45 ILS
חזרה לשיחה: https://wa.me/972524033442?text=%D7%A9%D7%9C%D7%95%D7%9D%2C%20%D7%90%D7%A0%D7%99%20%D7%A8%D7%95%D7%A6%D7%94%20%D7%9C%D7%94%D7%96%D7%9E%D7%99%D7%9F%20%D7%90%D7%AA%20%D7%94%D7%9E%D7%95%D7%A6%D7%A8%20Fruit%20Fusion",https://wa.me/972524033442?text=%D7%A9%D7%9C%D7%95%D7%9D%2C%20%D7%90%D7%A0%D7%99%20%D7%A8%D7%95%D7%A6%D7%94%20%D7%9C%D7%94%D7%96%D7%9E%D7%99%D7%9F%20%D7%90%D7%AA%20%D7%94%D7%9E%D7%95%D7%A6%D7%A8%20Fruit%20Fusion,https://madperfume.co.il/?app=product.show.941,https://www.mad-parfumeur.com/respondio-catalog/og/he/p-941-fruit-fusion.jpg?v=20260731-4,https://madperfume.co.il/upload/01-2026/product/e828201a-ddda-420e-828b-1c8cd0c3129b_size640_cropCenter.jpg
he,Bruno Gold Intense,**Bruno Gold Intense 100 מ״ל** – בושם לגברים,בשמי נישה גברים,300,https://www.mad-parfumeur.com/respondio-catalog/wa/he/p-942-bruno-gold-intense.html?v=20260731-4,https://www.mad-parfumeur.com/respondio-catalog/media/he/p-942-bruno-gold-intense.jpg?v=20260731-4,"**Bruno Gold Intense 100 מ״ל** – בושם לגברים
קוד: Bruno Gold Intense
מחיר: 300 ILS
חזרה לשיחה: https://wa.me/972524033442?text=%D7%A9%D7%9C%D7%95%D7%9D%2C%20%D7%90%D7%A0%D7%99%20%D7%A8%D7%95%D7%A6%D7%94%20%D7%9C%D7%94%D7%96%D7%9E%D7%99%D7%9F%20%D7%90%D7%AA%20%D7%94%D7%9E%D7%95%D7%A6%D7%A8%20Bruno%20Gold%20Intense",https://wa.me/972524033442?text=%D7%A9%D7%9C%D7%95%D7%9D%2C%20%D7%90%D7%A0%D7%99%20%D7%A8%D7%95%D7%A6%D7%94%20%D7%9C%D7%94%D7%96%D7%9E%D7%99%D7%9F%20%D7%90%D7%AA%20%D7%94%D7%9E%D7%95%D7%A6%D7%A8%20Bruno%20Gold%20Intense,https://madperfume.co.il/?app=product.show.942,https://www.mad-parfumeur.com/respondio-catalog/og/he/p-942-bruno-gold-intense.jpg?v=20260731-4,https://madperfume.co.il/upload/01-2026/product/69794fd4b14fc.png
he,Golden Vanilla,Mad Golden Vanilla 250 ml Body Mist,בושם גוף,60,https://www.mad-parfumeur.com/respondio-catalog/wa/he/p-943-golden-vanilla.html?v=20260731-4,https://www.mad-parfumeur.com/respondio-catalog/media/he/p-943-golden-vanilla.jpg?v=20260731-4,"Mad Golden Vanilla 250 ml Body Mist
קוד: Golden Vanilla
מחיר: 60 ILS
חזרה לשיחה: https://wa.me/972524033442?text=%D7%A9%D7%9C%D7%95%D7%9D%2C%20%D7%90%D7%A0%D7%99%20%D7%A8%D7%95%D7%A6%D7%94%20%D7%9C%D7%94%D7%96%D7%9E%D7%99%D7%9F%20%D7%90%D7%AA%20%D7%94%D7%9E%D7%95%D7%A6%D7%A8%20Golden%20Vanilla",https://wa.me/972524033442?text=%D7%A9%D7%9C%D7%95%D7%9D%2C%20%D7%90%D7%A0%D7%99%20%D7%A8%D7%95%D7%A6%D7%94%20%D7%9C%D7%94%D7%96%D7%9E%D7%99%D7%9F%20%D7%90%D7%AA%20%D7%94%D7%9E%D7%95%D7%A6%D7%A8%20Golden%20Vanilla,https://madperfume.co.il/?app=product.show.943,https://www.mad-parfumeur.com/respondio-catalog/og/he/p-943-golden-vanilla.jpg?v=20260731-4,https://madperfume.co.il/upload/01-2026/product/4adc2e02-5a8c-41d1-a9eb-eb595424ec3b_size640_cropCenter.jpg
he,Pink Coconut,Mad Pink Coconut 250 ml Body Mist,בושם גוף,60,https://www.mad-parfumeur.com/respondio-catalog/wa/he/p-944-pink-coconut.html?v=20260731-4,https://www.mad-parfumeur.com/respondio-catalog/media/he/p-944-pink-coconut.jpg?v=20260731-4,"Mad Pink Coconut 250 ml Body Mist
קוד: Pink Coconut
מחיר: 60 ILS
חזרה לשיחה: https://wa.me/972524033442?text=%D7%A9%D7%9C%D7%95%D7%9D%2C%20%D7%90%D7%A0%D7%99%20%D7%A8%D7%95%D7%A6%D7%94%20%D7%9C%D7%94%D7%96%D7%9E%D7%99%D7%9F%20%D7%90%D7%AA%20%D7%94%D7%9E%D7%95%D7%A6%D7%A8%20Pink%20Coconut",https://wa.me/972524033442?text=%D7%A9%D7%9C%D7%95%D7%9D%2C%20%D7%90%D7%A0%D7%99%20%D7%A8%D7%95%D7%A6%D7%94%20%D7%9C%D7%94%D7%96%D7%9E%D7%99%D7%9F%20%D7%90%D7%AA%20%D7%94%D7%9E%D7%95%D7%A6%D7%A8%20Pink%20Coconut,https://madperfume.co.il/?app=product.show.944,https://www.mad-parfumeur.com/respondio-catalog/og/he/p-944-pink-coconut.jpg?v=20260731-4,https://madperfume.co.il/upload/01-2026/product/4d55a8f2-7a6e-4dd0-9808-997964a0cb0c_size640_cropCenter.jpg
he,His & Hers Set Y102 L101 Y101 J101,His & Hers Set,מבצעים גברים,400,https://www.mad-parfumeur.com/respondio-catalog/wa/he/p-946-his-hers-set-y102-l101-y101-j101.html?v=20260731-4,https://www.mad-parfumeur.com/respondio-catalog/media/he/p-946-his-hers-set-y102-l101-y101-j101.jpg?v=20260731-4,"His & Hers Set
קוד: His & Hers Set Y102 L101 Y101 J101
מחיר: 400 ILS
חזרה לשיחה: https://wa.me/972524033442?text=%D7%A9%D7%9C%D7%95%D7%9D%2C%20%D7%90%D7%A0%D7%99%20%D7%A8%D7%95%D7%A6%D7%94%20%D7%9C%D7%94%D7%96%D7%9E%D7%99%D7%9F%20%D7%90%D7%AA%20%D7%94%D7%9E%D7%95%D7%A6%D7%A8%20His%20%26%20Hers%20Set%20Y102%20L101%20Y101%20J101",https://wa.me/972524033442?text=%D7%A9%D7%9C%D7%95%D7%9D%2C%20%D7%90%D7%A0%D7%99%20%D7%A8%D7%95%D7%A6%D7%94%20%D7%9C%D7%94%D7%96%D7%9E%D7%99%D7%9F%20%D7%90%D7%AA%20%D7%94%D7%9E%D7%95%D7%A6%D7%A8%20His%20%26%20Hers%20Set%20Y102%20L101%20Y101%20J101,https://madperfume.co.il/?app=product.show.946,https://www.mad-parfumeur.com/respondio-catalog/og/he/p-946-his-hers-set-y102-l101-y101-j101.jpg?v=20260731-4,https://madperfume.co.il/upload/02-2026/product/699e02f4e8fc7.png
he,Couple Collection B105 G112 Y102 A115,Couple Collection,מבצעים גברים,400,https://www.mad-parfumeur.com/respondio-catalog/wa/he/p-947-couple-collection-b105-g112-y102-a115.html?v=20260731-4,https://www.mad-parfumeur.com/respondio-catalog/media/he/p-947-couple-collection-b105-g112-y102-a115.jpg?v=20260731-4,"Couple Collection
קוד: Couple Collection B105 G112 Y102 A115
מחיר: 400 ILS
חזרה לשיחה: https://wa.me/972524033442?text=%D7%A9%D7%9C%D7%95%D7%9D%2C%20%D7%90%D7%A0%D7%99%20%D7%A8%D7%95%D7%A6%D7%94%20%D7%9C%D7%94%D7%96%D7%9E%D7%99%D7%9F%20%D7%90%D7%AA%20%D7%94%D7%9E%D7%95%D7%A6%D7%A8%20Couple%20Collection%20B105%20G112%20Y102%20A115",https://wa.me/972524033442?text=%D7%A9%D7%9C%D7%95%D7%9D%2C%20%D7%90%D7%A0%D7%99%20%D7%A8%D7%95%D7%A6%D7%94%20%D7%9C%D7%94%D7%96%D7%9E%D7%99%D7%9F%20%D7%90%D7%AA%20%D7%94%D7%9E%D7%95%D7%A6%D7%A8%20Couple%20Collection%20B105%20G112%20Y102%20A115,https://madperfume.co.il/?app=product.show.947,https://www.mad-parfumeur.com/respondio-catalog/og/he/p-947-couple-collection-b105-g112-y102-a115.jpg?v=20260731-4,https://madperfume.co.il/upload/02-2026/product/699e029c7f529.png
he,חבילת הפלטינום,X102 – L103 – L102 – W183 – Q105,מבצעים גברים,500,https://www.mad-parfumeur.com/respondio-catalog/wa/he/p-948-product.html?v=20260731-4,https://www.mad-parfumeur.com/respondio-catalog/media/he/p-948-product.jpg?v=20260731-4,"X102 – L103 – L102 – W183 – Q105
קוד: חבילת הפלטינום
מחיר: 500 ILS
חזרה לשיחה: https://wa.me/972524033442?text=%D7%A9%D7%9C%D7%95%D7%9D%2C%20%D7%90%D7%A0%D7%99%20%D7%A8%D7%95%D7%A6%D7%94%20%D7%9C%D7%94%D7%96%D7%9E%D7%99%D7%9F%20%D7%90%D7%AA%20%D7%94%D7%9E%D7%95%D7%A6%D7%A8%20%D7%97%D7%91%D7%99%D7%9C%D7%AA%20%D7%94%D7%A4%D7%9C%D7%98%D7%99%D7%A0%D7%95%D7%9D",https://wa.me/972524033442?text=%D7%A9%D7%9C%D7%95%D7%9D%2C%20%D7%90%D7%A0%D7%99%20%D7%A8%D7%95%D7%A6%D7%94%20%D7%9C%D7%94%D7%96%D7%9E%D7%99%D7%9F%20%D7%90%D7%AA%20%D7%94%D7%9E%D7%95%D7%A6%D7%A8%20%D7%97%D7%91%D7%99%D7%9C%D7%AA%20%D7%94%D7%A4%D7%9C%D7%98%D7%99%D7%A0%D7%95%D7%9D,https://madperfume.co.il/?app=product.show.948,https://www.mad-parfumeur.com/respondio-catalog/og/he/p-948-product.jpg?v=20260731-4,https://madperfume.co.il/upload/03-2026/product/69a55314e5fba.png
he,חבילת החלומות,L103 A115 T109 X102 W183,מבצעים גברים,500,https://www.mad-parfumeur.com/respondio-catalog/wa/he/p-949-product.html?v=20260731-4,https://www.mad-parfumeur.com/respondio-catalog/media/he/p-949-product.jpg?v=20260731-4,"L103 A115 T109 X102 W183
קוד: חבילת החלומות
מחיר: 500 ILS
חזרה לשיחה: https://wa.me/972524033442?text=%D7%A9%D7%9C%D7%95%D7%9D%2C%20%D7%90%D7%A0%D7%99%20%D7%A8%D7%95%D7%A6%D7%94%20%D7%9C%D7%94%D7%96%D7%9E%D7%99%D7%9F%20%D7%90%D7%AA%20%D7%94%D7%9E%D7%95%D7%A6%D7%A8%20%D7%97%D7%91%D7%99%D7%9C%D7%AA%20%D7%94%D7%97%D7%9C%D7%95%D7%9E%D7%95%D7%AA",https://wa.me/972524033442?text=%D7%A9%D7%9C%D7%95%D7%9D%2C%20%D7%90%D7%A0%D7%99%20%D7%A8%D7%95%D7%A6%D7%94%20%D7%9C%D7%94%D7%96%D7%9E%D7%99%D7%9F%20%D7%90%D7%AA%20%D7%94%D7%9E%D7%95%D7%A6%D7%A8%20%D7%97%D7%91%D7%99%D7%9C%D7%AA%20%D7%94%D7%97%D7%9C%D7%95%D7%9E%D7%95%D7%AA,https://madperfume.co.il/?app=product.show.949,https://www.mad-parfumeur.com/respondio-catalog/og/he/p-949-product.jpg?v=20260731-4,https://madperfume.co.il/upload/03-2026/product/IMG_0209.jpeg
he,Mad Kraken,Mad Kraken,בשמי נישה גברים,280,https://www.mad-parfumeur.com/respondio-catalog/wa/he/p-950-mad-kraken.html?v=20260731-4,https://www.mad-parfumeur.com/respondio-catalog/media/he/p-950-mad-kraken.jpg?v=20260731-4,"Mad Kraken
קוד: Mad Kraken
מחיר: 280 ILS
חזרה לשיחה: https://wa.me/972524033442?text=%D7%A9%D7%9C%D7%95%D7%9D%2C%20%D7%90%D7%A0%D7%99%20%D7%A8%D7%95%D7%A6%D7%94%20%D7%9C%D7%94%D7%96%D7%9E%D7%99%D7%9F%20%D7%90%D7%AA%20%D7%94%D7%9E%D7%95%D7%A6%D7%A8%20Mad%20Kraken",https://wa.me/972524033442?text=%D7%A9%D7%9C%D7%95%D7%9D%2C%20%D7%90%D7%A0%D7%99%20%D7%A8%D7%95%D7%A6%D7%94%20%D7%9C%D7%94%D7%96%D7%9E%D7%99%D7%9F%20%D7%90%D7%AA%20%D7%94%D7%9E%D7%95%D7%A6%D7%A8%20Mad%20Kraken,https://madperfume.co.il/?app=product.show.950,https://www.mad-parfumeur.com/respondio-catalog/og/he/p-950-mad-kraken.jpg?v=20260731-4,https://madperfume.co.il/upload/03-2026/product/IMG_1315.jpeg
he,Mad Griffin,Mad Griffin,בשמי נישה גברים,280,https://www.mad-parfumeur.com/respondio-catalog/wa/he/p-951-mad-griffin.html?v=20260731-4,https://www.mad-parfumeur.com/respondio-catalog/media/he/p-951-mad-griffin.jpg?v=20260731-4,"Mad Griffin
קוד: Mad Griffin
מחיר: 280 ILS
חזרה לשיחה: https://wa.me/972524033442?text=%D7%A9%D7%9C%D7%95%D7%9D%2C%20%D7%90%D7%A0%D7%99%20%D7%A8%D7%95%D7%A6%D7%94%20%D7%9C%D7%94%D7%96%D7%9E%D7%99%D7%9F%20%D7%90%D7%AA%20%D7%94%D7%9E%D7%95%D7%A6%D7%A8%20Mad%20Griffin",https://wa.me/972524033442?text=%D7%A9%D7%9C%D7%95%D7%9D%2C%20%D7%90%D7%A0%D7%99%20%D7%A8%D7%95%D7%A6%D7%94%20%D7%9C%D7%94%D7%96%D7%9E%D7%99%D7%9F%20%D7%90%D7%AA%20%D7%94%D7%9E%D7%95%D7%A6%D7%A8%20Mad%20Griffin,https://madperfume.co.il/?app=product.show.951,https://www.mad-parfumeur.com/respondio-catalog/og/he/p-951-mad-griffin.jpg?v=20260731-4,https://madperfume.co.il/upload/03-2026/product/IMG_1318.jpeg
he,Mad Cold Spire,Mad Cold Spire,בשמי נישה גברים,280,https://www.mad-parfumeur.com/respondio-catalog/wa/he/p-952-mad-cold-spire.html?v=20260731-4,https://www.mad-parfumeur.com/respondio-catalog/media/he/p-952-mad-cold-spire.jpg?v=20260731-4,"Mad Cold Spire
קוד: Mad Cold Spire
מחיר: 280 ILS
חזרה לשיחה: https://wa.me/972524033442?text=%D7%A9%D7%9C%D7%95%D7%9D%2C%20%D7%90%D7%A0%D7%99%20%D7%A8%D7%95%D7%A6%D7%94%20%D7%9C%D7%94%D7%96%D7%9E%D7%99%D7%9F%20%D7%90%D7%AA%20%D7%94%D7%9E%D7%95%D7%A6%D7%A8%20Mad%20Cold%20Spire",https://wa.me/972524033442?text=%D7%A9%D7%9C%D7%95%D7%9D%2C%20%D7%90%D7%A0%D7%99%20%D7%A8%D7%95%D7%A6%D7%94%20%D7%9C%D7%94%D7%96%D7%9E%D7%99%D7%9F%20%D7%90%D7%AA%20%D7%94%D7%9E%D7%95%D7%A6%D7%A8%20Mad%20Cold%20Spire,https://madperfume.co.il/?app=product.show.952,https://www.mad-parfumeur.com/respondio-catalog/og/he/p-952-mad-cold-spire.jpg?v=20260731-4,https://madperfume.co.il/upload/03-2026/product/IMG_1321.jpeg
he,Quarter,Quarter,בשמי נישה גברים,350,https://www.mad-parfumeur.com/respondio-catalog/wa/he/p-953-quarter.html?v=20260731-4,https://www.mad-parfumeur.com/respondio-catalog/media/he/p-953-quarter.jpg?v=20260731-4,"Quarter
קוד: Quarter
מחיר: 350 ILS
חזרה לשיחה: https://wa.me/972524033442?text=%D7%A9%D7%9C%D7%95%D7%9D%2C%20%D7%90%D7%A0%D7%99%20%D7%A8%D7%95%D7%A6%D7%94%20%D7%9C%D7%94%D7%96%D7%9E%D7%99%D7%9F%20%D7%90%D7%AA%20%D7%94%D7%9E%D7%95%D7%A6%D7%A8%20Quarter",https://wa.me/972524033442?text=%D7%A9%D7%9C%D7%95%D7%9D%2C%20%D7%90%D7%A0%D7%99%20%D7%A8%D7%95%D7%A6%D7%94%20%D7%9C%D7%94%D7%96%D7%9E%D7%99%D7%9F%20%D7%90%D7%AA%20%D7%94%D7%9E%D7%95%D7%A6%D7%A8%20Quarter,https://madperfume.co.il/?app=product.show.953,https://www.mad-parfumeur.com/respondio-catalog/og/he/p-953-quarter.jpg?v=20260731-4,https://madperfume.co.il/upload/03-2026/product/IMG_1324.jpeg
he,C101,C101-CAROLINA HERRERA LA BOMBA,בשמי נשים,100,https://www.mad-parfumeur.com/respondio-catalog/wa/he/p-954-c101.html?v=20260731-4,https://www.mad-parfumeur.com/respondio-catalog/media/he/p-954-c101.jpg?v=20260731-4,"C101-CAROLINA HERRERA LA BOMBA
קוד: C101
מחיר: 100 ILS
חזרה לשיחה: https://wa.me/972524033442?text=%D7%A9%D7%9C%D7%95%D7%9D%2C%20%D7%90%D7%A0%D7%99%20%D7%A8%D7%95%D7%A6%D7%94%20%D7%9C%D7%94%D7%96%D7%9E%D7%99%D7%9F%20%D7%90%D7%AA%20%D7%94%D7%9E%D7%95%D7%A6%D7%A8%20C101",https://wa.me/972524033442?text=%D7%A9%D7%9C%D7%95%D7%9D%2C%20%D7%90%D7%A0%D7%99%20%D7%A8%D7%95%D7%A6%D7%94%20%D7%9C%D7%94%D7%96%D7%9E%D7%99%D7%9F%20%D7%90%D7%AA%20%D7%94%D7%9E%D7%95%D7%A6%D7%A8%20C101,https://madperfume.co.il/?app=product.show.954,https://www.mad-parfumeur.com/respondio-catalog/og/he/p-954-c101.jpg?v=20260731-4,https://madperfume.co.il/upload/03-2026/product/IMG_1342.jpeg
he,R104,R104-ROCHAS AUDACE,בשמי נשים,100,https://www.mad-parfumeur.com/respondio-catalog/wa/he/p-955-r104.html?v=20260731-4,https://www.mad-parfumeur.com/respondio-catalog/media/he/p-955-r104.jpg?v=20260731-4,"R104-ROCHAS AUDACE
קוד: R104
מחיר: 100 ILS
חזרה לשיחה: https://wa.me/972524033442?text=%D7%A9%D7%9C%D7%95%D7%9D%2C%20%D7%90%D7%A0%D7%99%20%D7%A8%D7%95%D7%A6%D7%94%20%D7%9C%D7%94%D7%96%D7%9E%D7%99%D7%9F%20%D7%90%D7%AA%20%D7%94%D7%9E%D7%95%D7%A6%D7%A8%20R104",https://wa.me/972524033442?text=%D7%A9%D7%9C%D7%95%D7%9D%2C%20%D7%90%D7%A0%D7%99%20%D7%A8%D7%95%D7%A6%D7%94%20%D7%9C%D7%94%D7%96%D7%9E%D7%99%D7%9F%20%D7%90%D7%AA%20%D7%94%D7%9E%D7%95%D7%A6%D7%A8%20R104,https://madperfume.co.il/?app=product.show.955,https://www.mad-parfumeur.com/respondio-catalog/og/he/p-955-r104.jpg?v=20260731-4,https://madperfume.co.il/upload/03-2026/product/IMG_1337.jpeg
he,V115,V115-VICTORIA'S SECRET TEASE SUGAR FLEUR,בשמי נשים,100,https://www.mad-parfumeur.com/respondio-catalog/wa/he/p-956-v115.html?v=20260731-4,https://www.mad-parfumeur.com/respondio-catalog/media/he/p-956-v115.jpg?v=20260731-4,"V115-VICTORIA'S SECRET TEASE SUGAR FLEUR
קוד: V115
מחיר: 100 ILS
חזרה לשיחה: https://wa.me/972524033442?text=%D7%A9%D7%9C%D7%95%D7%9D%2C%20%D7%90%D7%A0%D7%99%20%D7%A8%D7%95%D7%A6%D7%94%20%D7%9C%D7%94%D7%96%D7%9E%D7%99%D7%9F%20%D7%90%D7%AA%20%D7%94%D7%9E%D7%95%D7%A6%D7%A8%20V115",https://wa.me/972524033442?text=%D7%A9%D7%9C%D7%95%D7%9D%2C%20%D7%90%D7%A0%D7%99%20%D7%A8%D7%95%D7%A6%D7%94%20%D7%9C%D7%94%D7%96%D7%9E%D7%99%D7%9F%20%D7%90%D7%AA%20%D7%94%D7%9E%D7%95%D7%A6%D7%A8%20V115,https://madperfume.co.il/?app=product.show.956,https://www.mad-parfumeur.com/respondio-catalog/og/he/p-956-v115.jpg?v=20260731-4,https://madperfume.co.il/upload/03-2026/product/IMG_1332.jpeg
he,Y105,Y105-YVES SAINT LAURENT LIBRE VANILLA COUTURE EDP,בשמי נשים,100,https://www.mad-parfumeur.com/respondio-catalog/wa/he/p-957-y105.html?v=20260731-4,https://www.mad-parfumeur.com/respondio-catalog/media/he/p-957-y105.jpg?v=20260731-4,"Y105-YVES SAINT LAURENT LIBRE VANILLA COUTURE EDP
קוד: Y105
מחיר: 100 ILS
חזרה לשיחה: https://wa.me/972524033442?text=%D7%A9%D7%9C%D7%95%D7%9D%2C%20%D7%90%D7%A0%D7%99%20%D7%A8%D7%95%D7%A6%D7%94%20%D7%9C%D7%94%D7%96%D7%9E%D7%99%D7%9F%20%D7%90%D7%AA%20%D7%94%D7%9E%D7%95%D7%A6%D7%A8%20Y105",https://wa.me/972524033442?text=%D7%A9%D7%9C%D7%95%D7%9D%2C%20%D7%90%D7%A0%D7%99%20%D7%A8%D7%95%D7%A6%D7%94%20%D7%9C%D7%94%D7%96%D7%9E%D7%99%D7%9F%20%D7%90%D7%AA%20%D7%94%D7%9E%D7%95%D7%A6%D7%A8%20Y105,https://madperfume.co.il/?app=product.show.957,https://www.mad-parfumeur.com/respondio-catalog/og/he/p-957-y105.jpg?v=20260731-4,https://madperfume.co.il/upload/03-2026/product/IMG_1327.jpeg
he,חמשת המלכים - J101 W191 A115 T109 T102,חמשת המלכים - J101 W191 A115 T109 T102,מבצעים גברים,500,https://www.mad-parfumeur.com/respondio-catalog/wa/he/p-958-j101-w191-a115-t109-t102.html?v=20260731-4,https://www.mad-parfumeur.com/respondio-catalog/media/he/p-958-j101-w191-a115-t109-t102.jpg?v=20260731-4,"חמשת המלכים - J101 W191 A115 T109 T102
קוד: חמשת המלכים - J101 W191 A115 T109 T102
מחיר: 500 ILS
חזרה לשיחה: https://wa.me/972524033442?text=%D7%A9%D7%9C%D7%95%D7%9D%2C%20%D7%90%D7%A0%D7%99%20%D7%A8%D7%95%D7%A6%D7%94%20%D7%9C%D7%94%D7%96%D7%9E%D7%99%D7%9F%20%D7%90%D7%AA%20%D7%94%D7%9E%D7%95%D7%A6%D7%A8%20%D7%97%D7%9E%D7%A9%D7%AA%20%D7%94%D7%9E%D7%9C%D7%9B%D7%99%D7%9D%20-%20J101%20W191%20A115%20T109%20T102",https://wa.me/972524033442?text=%D7%A9%D7%9C%D7%95%D7%9D%2C%20%D7%90%D7%A0%D7%99%20%D7%A8%D7%95%D7%A6%D7%94%20%D7%9C%D7%94%D7%96%D7%9E%D7%99%D7%9F%20%D7%90%D7%AA%20%D7%94%D7%9E%D7%95%D7%A6%D7%A8%20%D7%97%D7%9E%D7%A9%D7%AA%20%D7%94%D7%9E%D7%9C%D7%9B%D7%99%D7%9D%20-%20J101%20W191%20A115%20T109%20T102,https://madperfume.co.il/?app=product.show.958,https://www.mad-parfumeur.com/respondio-catalog/og/he/p-958-j101-w191-a115-t109-t102.jpg?v=20260731-4,https://madperfume.co.il/upload/05-2026/product/6a0829479b813.png
he,W183 L102 L103 T109 Y101,W183 L102 L103 T109 Y101,מבצעים גברים,500,https://www.mad-parfumeur.com/respondio-catalog/wa/he/p-959-w183-l102-l103-t109-y101.html?v=20260731-4,https://www.mad-parfumeur.com/respondio-catalog/media/he/p-959-w183-l102-l103-t109-y101.jpg?v=20260731-4,"W183 L102 L103 T109 Y101
קוד: W183 L102 L103 T109 Y101
מחיר: 500 ILS
חזרה לשיחה: https://wa.me/972524033442?text=%D7%A9%D7%9C%D7%95%D7%9D%2C%20%D7%90%D7%A0%D7%99%20%D7%A8%D7%95%D7%A6%D7%94%20%D7%9C%D7%94%D7%96%D7%9E%D7%99%D7%9F%20%D7%90%D7%AA%20%D7%94%D7%9E%D7%95%D7%A6%D7%A8%20W183%20L102%20L103%20T109%20Y101",https://wa.me/972524033442?text=%D7%A9%D7%9C%D7%95%D7%9D%2C%20%D7%90%D7%A0%D7%99%20%D7%A8%D7%95%D7%A6%D7%94%20%D7%9C%D7%94%D7%96%D7%9E%D7%99%D7%9F%20%D7%90%D7%AA%20%D7%94%D7%9E%D7%95%D7%A6%D7%A8%20W183%20L102%20L103%20T109%20Y101,https://madperfume.co.il/?app=product.show.959,https://www.mad-parfumeur.com/respondio-catalog/og/he/p-959-w183-l102-l103-t109-y101.jpg?v=20260731-4,https://madperfume.co.il/upload/07-2026/product/6a4d887403827.webp
