language,code,name,category,price_ils,whatsapp_preview_url,product_url,og_image_url,image_url
ar,W183,Aventus - Creed,عطور الرجال,100,https://www.mad-parfumeur.com/respondio-catalog/wa/ar/p-1-w183.html?v=20260731-2,https://madperfume.ps/?app=product.show.1,https://www.mad-parfumeur.com/respondio-catalog/og/ar/p-1-w183.jpg?v=20260731-2,https://madperfume.ps/upload/01-2026/product/697bd913f3a5c.png
ar,I101,Invictus Intense by Paco Rabanne,عطور الرجال,100,https://www.mad-parfumeur.com/respondio-catalog/wa/ar/p-2-i101.html?v=20260731-2,https://madperfume.ps/?app=product.show.2,https://www.mad-parfumeur.com/respondio-catalog/og/ar/p-2-i101.jpg?v=20260731-2,https://madperfume.ps/upload/01-2026/product/697caf93cf568.png
ar,Q109,Tobacco Vanille by Tom Ford,عطور الرجال,100,https://www.mad-parfumeur.com/respondio-catalog/wa/ar/p-3-q109.html?v=20260731-2,https://madperfume.ps/?app=product.show.3,https://www.mad-parfumeur.com/respondio-catalog/og/ar/p-3-q109.jpg?v=20260731-2,https://madperfume.ps/upload/03-2026/product/IMG_0361.jpeg
ar,W189,Boss Bottled Intense Eau de Parfum - Hugo Boss,عطور الرجال,100,https://www.mad-parfumeur.com/respondio-catalog/wa/ar/p-4-w189.html?v=20260731-2,https://madperfume.ps/?app=product.show.4,https://www.mad-parfumeur.com/respondio-catalog/og/ar/p-4-w189.jpg?v=20260731-2,https://madperfume.ps/upload/03-2026/product/C8F61B86-E8F8-4990-A78D-165536DCA724.png
ar,W191,Sauvage by Dior,عطور الرجال,100,https://www.mad-parfumeur.com/respondio-catalog/wa/ar/p-5-w191.html?v=20260731-2,https://madperfume.ps/?app=product.show.5,https://www.mad-parfumeur.com/respondio-catalog/og/ar/p-5-w191.jpg?v=20260731-2,https://madperfume.ps/upload/01-2026/product/697bbae866ee3.png
ar,W192,Sauvage by Dior,عطور الرجال,100,https://www.mad-parfumeur.com/respondio-catalog/wa/ar/p-6-w192.html?v=20260731-2,https://madperfume.ps/?app=product.show.6,https://www.mad-parfumeur.com/respondio-catalog/og/ar/p-6-w192.jpg?v=20260731-2,https://madperfume.ps/upload/01-2026/product/697d0069b8482.png
ar,W180,Invictus by Paco Rabanne,عطور الرجال,100,https://www.mad-parfumeur.com/respondio-catalog/wa/ar/p-7-w180.html?v=20260731-2,https://madperfume.ps/?app=product.show.7,https://www.mad-parfumeur.com/respondio-catalog/og/ar/p-7-w180.jpg?v=20260731-2,https://madperfume.ps/upload/01-2026/product/697bab98aabb7.png
ar,W184,My Land - Trussardi,عطور الرجال,100,https://www.mad-parfumeur.com/respondio-catalog/wa/ar/p-8-w184.html?v=20260731-2,https://madperfume.ps/?app=product.show.8,https://www.mad-parfumeur.com/respondio-catalog/og/ar/p-8-w184.jpg?v=20260731-2,https://madperfume.ps/upload/02-2026/product/697e84042a2be.png
ar,W163,Only The Brave Eau de Parfum - Diesel,عطور الرجال,100,https://www.mad-parfumeur.com/respondio-catalog/wa/ar/p-9-w163.html?v=20260731-2,https://madperfume.ps/?app=product.show.9,https://www.mad-parfumeur.com/respondio-catalog/og/ar/p-9-w163.jpg?v=20260731-2,https://madperfume.ps/upload/03-2026/product/2E7E598E-3116-477A-92D7-CC7503B30E67.png
ar,W164,Guilty Pour Homme - Gucci,عطور الرجال,100,https://www.mad-parfumeur.com/respondio-catalog/wa/ar/p-10-w164.html?v=20260731-2,https://madperfume.ps/?app=product.show.10,https://www.mad-parfumeur.com/respondio-catalog/og/ar/p-10-w164.jpg?v=20260731-2,https://madperfume.ps/upload/03-2026/product/D4EE47EC-FCAB-4608-979D-0661CBB71C69.png
ar,W171,Spicebomb - Viktor&Rolf,عطور الرجال,100,https://www.mad-parfumeur.com/respondio-catalog/wa/ar/p-11-w171.html?v=20260731-2,https://madperfume.ps/?app=product.show.11,https://www.mad-parfumeur.com/respondio-catalog/og/ar/p-11-w171.jpg?v=20260731-2,https://madperfume.ps/upload/01-2026/product/697e42c834b01.png
ar,W190,Acqua di Giò Profumo by Giorgio Armani,عطور الرجال,100,https://www.mad-parfumeur.com/respondio-catalog/wa/ar/p-12-w190.html?v=20260731-2,https://madperfume.ps/?app=product.show.12,https://www.mad-parfumeur.com/respondio-catalog/og/ar/p-12-w190.jpg?v=20260731-2,https://madperfume.ps/upload/03-2026/product/77A37010-8EB9-41A6-AF49-C5A252B5E388.png
ar,H106,Hugo Energise - Hugo Boss,عطور الرجال,100,https://www.mad-parfumeur.com/respondio-catalog/wa/ar/p-14-h106.html?v=20260731-2,https://madperfume.ps/?app=product.show.14,https://www.mad-parfumeur.com/respondio-catalog/og/ar/p-14-h106.jpg?v=20260731-2,https://madperfume.ps/upload/01-2026/product/697e7b09e0fbd.png
ar,P104,The Blazing Mr. Sam by Penhaligon's,عطور الرجال,100,https://www.mad-parfumeur.com/respondio-catalog/wa/ar/p-15-p104.html?v=20260731-2,https://madperfume.ps/?app=product.show.15,https://www.mad-parfumeur.com/respondio-catalog/og/ar/p-15-p104.jpg?v=20260731-2,https://madperfume.ps/upload/03-2026/product/AEBAB920-9411-4DB5-9778-6F006EA37EF3.png
ar,S102,Sculpture Homme - Nikos,عطور الرجال,100,https://www.mad-parfumeur.com/respondio-catalog/wa/ar/p-16-s102.html?v=20260731-2,https://madperfume.ps/?app=product.show.16,https://www.mad-parfumeur.com/respondio-catalog/og/ar/p-16-s102.jpg?v=20260731-2,https://madperfume.ps/upload/03-2026/product/6DBA4662-CF7C-40CC-A366-78B932764462.png
ar,B108,Bvlgari Man Terrae Essence - Bvlgari,عطور الرجال,100,https://www.mad-parfumeur.com/respondio-catalog/wa/ar/p-17-b108.html?v=20260731-2,https://madperfume.ps/?app=product.show.17,https://www.mad-parfumeur.com/respondio-catalog/og/ar/p-17-b108.jpg?v=20260731-2,https://madperfume.ps/upload/03-2026/product/D4057BB8-D151-4B10-983E-20B51A67A4F7.png
ar,W174,Eros by Versace,عطور الرجال,100,https://www.mad-parfumeur.com/respondio-catalog/wa/ar/p-18-w174.html?v=20260731-2,https://madperfume.ps/?app=product.show.18,https://www.mad-parfumeur.com/respondio-catalog/og/ar/p-18-w174.jpg?v=20260731-2,https://madperfume.ps/upload/01-2026/product/697bd68974e6d.png
ar,W150,Blue de Chance - Maison Alhambra,عطور الرجال,100,https://www.mad-parfumeur.com/respondio-catalog/wa/ar/p-19-w150.html?v=20260731-2,https://madperfume.ps/?app=product.show.19,https://www.mad-parfumeur.com/respondio-catalog/og/ar/p-19-w150.jpg?v=20260731-2,https://madperfume.ps/upload/03-2026/product/8D854A49-1BAA-4787-9489-60AB5FAA2B45.png
ar,W129,1 Million Elixir من Paco Rabanne,عطور الرجال,100,https://www.mad-parfumeur.com/respondio-catalog/wa/ar/p-20-w129.html?v=20260731-2,https://madperfume.ps/?app=product.show.20,https://www.mad-parfumeur.com/respondio-catalog/og/ar/p-20-w129.jpg?v=20260731-2,https://madperfume.ps/upload/01-2026/product/697be331b33eb.png
ar,W160,La Nuit de l'Homme - Yves Saint Laurent,عطور الرجال,100,https://www.mad-parfumeur.com/respondio-catalog/wa/ar/p-22-w160.html?v=20260731-2,https://madperfume.ps/?app=product.show.22,https://www.mad-parfumeur.com/respondio-catalog/og/ar/p-22-w160.jpg?v=20260731-2,https://madperfume.ps/upload/02-2026/product/697e7d8694e56.png
ar,W161,212 VIP Men - Carolina Herrera,عطور الرجال,100,https://www.mad-parfumeur.com/respondio-catalog/wa/ar/p-23-w161.html?v=20260731-2,https://madperfume.ps/?app=product.show.23,https://www.mad-parfumeur.com/respondio-catalog/og/ar/p-23-w161.jpg?v=20260731-2,https://madperfume.ps/upload/01-2026/product/697bec08f295e.png
ar,W128,1 Million by Paco Rabanne,عطور الرجال,100,https://www.mad-parfumeur.com/respondio-catalog/wa/ar/p-25-w128.html?v=20260731-2,https://madperfume.ps/?app=product.show.25,https://www.mad-parfumeur.com/respondio-catalog/og/ar/p-25-w128.jpg?v=20260731-2,https://madperfume.ps/upload/01-2026/product/697e4dc725a18.png
ar,W133,The One for Men - Dolce & Gabbana,عطور الرجال,100,https://www.mad-parfumeur.com/respondio-catalog/wa/ar/p-26-w133.html?v=20260731-2,https://madperfume.ps/?app=product.show.26,https://www.mad-parfumeur.com/respondio-catalog/og/ar/p-26-w133.jpg?v=20260731-2,https://madperfume.ps/upload/03-2026/product/1BAB9566-FC5F-4109-AABA-1C5E15E16A5F.png
ar,W139,Only The Brave - Diesel,عطور الرجال,100,https://www.mad-parfumeur.com/respondio-catalog/wa/ar/p-27-w139.html?v=20260731-2,https://madperfume.ps/?app=product.show.27,https://www.mad-parfumeur.com/respondio-catalog/og/ar/p-27-w139.jpg?v=20260731-2,https://madperfume.ps/upload/01-2026/product/697ca5fe6892f.png
ar,W143,Terre D'Hermes Eau Intense Vetiver - Hermès,عطور الرجال,100,https://www.mad-parfumeur.com/respondio-catalog/wa/ar/p-28-w143.html?v=20260731-2,https://madperfume.ps/?app=product.show.28,https://www.mad-parfumeur.com/respondio-catalog/og/ar/p-28-w143.jpg?v=20260731-2,https://madperfume.ps/upload/03-2026/product/9FE00963-501A-47B1-BF39-3F724614071F.png
ar,W111,Black XS - Paco Rabanne,عطور الرجال,100,https://www.mad-parfumeur.com/respondio-catalog/wa/ar/p-29-w111.html?v=20260731-2,https://madperfume.ps/?app=product.show.29,https://www.mad-parfumeur.com/respondio-catalog/og/ar/p-29-w111.jpg?v=20260731-2,https://madperfume.ps/upload/03-2026/product/B239BA5D-ADF2-4CAA-9803-1E2E8C650E99.png
ar,W120,212 Sexy Men - Carolina Herrera,عطور الرجال,100,https://www.mad-parfumeur.com/respondio-catalog/wa/ar/p-30-w120.html?v=20260731-2,https://madperfume.ps/?app=product.show.30,https://www.mad-parfumeur.com/respondio-catalog/og/ar/p-30-w120.jpg?v=20260731-2,https://madperfume.ps/upload/01-2026/product/697e4d9faf215.png
ar,T102,Oud Wood by Tom Ford,عطور الرجال,100,https://www.mad-parfumeur.com/respondio-catalog/wa/ar/p-31-t102.html?v=20260731-2,https://madperfume.ps/?app=product.show.31,https://www.mad-parfumeur.com/respondio-catalog/og/ar/p-31-t102.jpg?v=20260731-2,https://madperfume.ps/upload/03-2026/product/ED60511F-FED9-42F3-98E3-1A2929240132.png
ar,W126,Fuel for Life Homme - Diesel,عطور الرجال,100,https://www.mad-parfumeur.com/respondio-catalog/wa/ar/p-33-w126.html?v=20260731-2,https://madperfume.ps/?app=product.show.33,https://www.mad-parfumeur.com/respondio-catalog/og/ar/p-33-w126.jpg?v=20260731-2,https://madperfume.ps/upload/01-2026/product/697e45f59641b.png
ar,Q106,Vanille Fatale by Tom Ford,عطور الرجال,100,https://www.mad-parfumeur.com/respondio-catalog/wa/ar/p-34-q106.html?v=20260731-2,https://madperfume.ps/?app=product.show.34,https://www.mad-parfumeur.com/respondio-catalog/og/ar/p-34-q106.jpg?v=20260731-2,https://madperfume.ps/upload/03-2026/product/81556DC1-0562-48A4-AACE-946F9EE2B4B0.jpeg
ar,Q107,Fucking Fabulous – Tom Ford,عطور الرجال,100,https://www.mad-parfumeur.com/respondio-catalog/wa/ar/p-35-q107.html?v=20260731-2,https://madperfume.ps/?app=product.show.35,https://www.mad-parfumeur.com/respondio-catalog/og/ar/p-35-q107.jpg?v=20260731-2,https://madperfume.ps/upload/03-2026/product/IMG_0358.jpeg
ar,Q108,Noir Extreme by Tom Ford,عطور الرجال,100,https://www.mad-parfumeur.com/respondio-catalog/wa/ar/p-36-q108.html?v=20260731-2,https://madperfume.ps/?app=product.show.36,https://www.mad-parfumeur.com/respondio-catalog/og/ar/p-36-q108.jpg?v=20260731-2,https://madperfume.ps/upload/01-2026/product/697e426e6fb64.png
ar,P103,Phantom by Paco Rabanne,عطور الرجال,100,https://www.mad-parfumeur.com/respondio-catalog/wa/ar/p-38-p103.html?v=20260731-2,https://madperfume.ps/?app=product.show.38,https://www.mad-parfumeur.com/respondio-catalog/og/ar/p-38-p103.jpg?v=20260731-2,https://madperfume.ps/upload/01-2026/product/697e5a0c036fb.png
ar,P109,Polo Blue Eau de Parfum - Ralph Lauren,عطور الرجال,100,https://www.mad-parfumeur.com/respondio-catalog/wa/ar/p-39-p109.html?v=20260731-2,https://madperfume.ps/?app=product.show.39,https://www.mad-parfumeur.com/respondio-catalog/og/ar/p-39-p109.jpg?v=20260731-2,https://madperfume.ps/upload/01-2026/product/697ca06c622c7.png
ar,Q105,Black Orchid by Tom Ford,عطور الرجال,100,https://www.mad-parfumeur.com/respondio-catalog/wa/ar/p-41-q105.html?v=20260731-2,https://madperfume.ps/?app=product.show.41,https://www.mad-parfumeur.com/respondio-catalog/og/ar/p-41-q105.jpg?v=20260731-2,https://madperfume.ps/upload/03-2026/product/49B1C376-EC77-42DB-B9E2-7BE7E9D2437F.png
ar,L105,Lacoste Style In Play - Lacoste,عطور الرجال,100,https://www.mad-parfumeur.com/respondio-catalog/wa/ar/p-42-l105.html?v=20260731-2,https://madperfume.ps/?app=product.show.42,https://www.mad-parfumeur.com/respondio-catalog/og/ar/p-42-l105.jpg?v=20260731-2,https://madperfume.ps/upload/01-2026/product/697c9f3854612.png
ar,L106,Lacoste Essential Collector Edition - Lacoste,عطور الرجال,100,https://www.mad-parfumeur.com/respondio-catalog/wa/ar/p-43-l106.html?v=20260731-2,https://madperfume.ps/?app=product.show.43,https://www.mad-parfumeur.com/respondio-catalog/og/ar/p-43-l106.jpg?v=20260731-2,https://madperfume.ps/upload/01-2026/product/697e45d38e373.png
ar,P101,Pegasus by Parfums de Marly,عطور الرجال,100,https://www.mad-parfumeur.com/respondio-catalog/wa/ar/p-44-p101.html?v=20260731-2,https://madperfume.ps/?app=product.show.44,https://www.mad-parfumeur.com/respondio-catalog/og/ar/p-44-p101.jpg?v=20260731-2,https://madperfume.ps/upload/03-2026/product/F7548EA0-E6D5-4D27-84B1-4890CFF5141E.png
ar,P102,1 Million Lucky by Paco Rabanne,عطور الرجال,100,https://www.mad-parfumeur.com/respondio-catalog/wa/ar/p-45-p102.html?v=20260731-2,https://madperfume.ps/?app=product.show.45,https://www.mad-parfumeur.com/respondio-catalog/og/ar/p-45-p102.jpg?v=20260731-2,https://madperfume.ps/upload/01-2026/product/697ba79ab897c.png
ar,W158,Dior Homme Intense by Dior,عطور الرجال,100,https://www.mad-parfumeur.com/respondio-catalog/wa/ar/p-46-w158.html?v=20260731-2,https://madperfume.ps/?app=product.show.46,https://www.mad-parfumeur.com/respondio-catalog/og/ar/p-46-w158.jpg?v=20260731-2,https://madperfume.ps/upload/03-2026/product/A3B90F25-81C7-4F1A-B17B-7EAFF226A111.png
ar,J102,Le Male - Jean Paul Gaultier,عطور الرجال,100,https://www.mad-parfumeur.com/respondio-catalog/wa/ar/p-47-j102.html?v=20260731-2,https://madperfume.ps/?app=product.show.47,https://www.mad-parfumeur.com/respondio-catalog/og/ar/p-47-j102.jpg?v=20260731-2,https://madperfume.ps/upload/01-2026/product/697cf06370378.png
ar,J104,Jil Sander Sun Men Fresh - Jil Sander,عطور الرجال,100,https://www.mad-parfumeur.com/respondio-catalog/wa/ar/p-48-j104.html?v=20260731-2,https://madperfume.ps/?app=product.show.48,https://www.mad-parfumeur.com/respondio-catalog/og/ar/p-48-j104.jpg?v=20260731-2,https://madperfume.ps/upload/01-2026/product/697e400797790.png
ar,K101,Kenzo Pour Homme - Kenzo,عطور الرجال,100,https://www.mad-parfumeur.com/respondio-catalog/wa/ar/p-49-k101.html?v=20260731-2,https://madperfume.ps/?app=product.show.49,https://www.mad-parfumeur.com/respondio-catalog/og/ar/p-49-k101.jpg?v=20260731-2,https://madperfume.ps/upload/01-2026/product/697e45b084008.png
ar,L101,Santal 33 by Le Labo unisex,عطور الرجال,100,https://www.mad-parfumeur.com/respondio-catalog/wa/ar/p-50-l101.html?v=20260731-2,https://madperfume.ps/?app=product.show.50,https://www.mad-parfumeur.com/respondio-catalog/og/ar/p-50-l101.jpg?v=20260731-2,https://madperfume.ps/upload/03-2026/product/ACC6BE66-19FD-450F-B147-5400A12EA589.png
ar,I104,Invictus Aqua – Paco Rabanne,عطور الرجال,100,https://www.mad-parfumeur.com/respondio-catalog/wa/ar/p-52-i104.html?v=20260731-2,https://madperfume.ps/?app=product.show.52,https://www.mad-parfumeur.com/respondio-catalog/og/ar/p-52-i104.jpg?v=20260731-2,https://madperfume.ps/upload/01-2026/product/697d01387acf8.png
ar,J101,Scandal Pour Homme – جان بول غوتييه,عطور الرجال,100,https://www.mad-parfumeur.com/respondio-catalog/wa/ar/p-53-j101.html?v=20260731-2,https://madperfume.ps/?app=product.show.53,https://www.mad-parfumeur.com/respondio-catalog/og/ar/p-53-j101.jpg?v=20260731-2,https://madperfume.ps/upload/03-2026/product/IMG_0416.jpeg
ar,G101,Pi - Givenchy,عطور الرجال,100,https://www.mad-parfumeur.com/respondio-catalog/wa/ar/p-54-g101.html?v=20260731-2,https://madperfume.ps/?app=product.show.54,https://www.mad-parfumeur.com/respondio-catalog/og/ar/p-54-g101.jpg?v=20260731-2,https://madperfume.ps/upload/03-2026/product/8F705A86-A14D-4B1D-BEC7-5D52A767B1C1.png
ar,F101,Fahrenheit Le Parfum by Dior,عطور الرجال,100,https://www.mad-parfumeur.com/respondio-catalog/wa/ar/p-55-f101.html?v=20260731-2,https://madperfume.ps/?app=product.show.55,https://www.mad-parfumeur.com/respondio-catalog/og/ar/p-55-f101.jpg?v=20260731-2,https://madperfume.ps/upload/01-2026/product/697cae1f89405.png
ar,E104,Emporio Armani He - Giorgio Armani,عطور الرجال,100,https://www.mad-parfumeur.com/respondio-catalog/wa/ar/p-56-e104.html?v=20260731-2,https://madperfume.ps/?app=product.show.56,https://www.mad-parfumeur.com/respondio-catalog/og/ar/p-56-e104.jpg?v=20260731-2,https://madperfume.ps/upload/03-2026/product/61BFA1AC-EF08-4842-979A-806CB249AE37.png
ar,C108,Bad Boy - Carolina Herrera,عطور الرجال,100,https://www.mad-parfumeur.com/respondio-catalog/wa/ar/p-57-c108.html?v=20260731-2,https://madperfume.ps/?app=product.show.57,https://www.mad-parfumeur.com/respondio-catalog/og/ar/p-57-c108.jpg?v=20260731-2,https://madperfume.ps/upload/01-2026/product/697beab71a19a.png
ar,C109,212 Heroes - Carolina Herrera,عطور الرجال,100,https://www.mad-parfumeur.com/respondio-catalog/wa/ar/p-58-c109.html?v=20260731-2,https://madperfume.ps/?app=product.show.58,https://www.mad-parfumeur.com/respondio-catalog/og/ar/p-58-c109.jpg?v=20260731-2,https://madperfume.ps/upload/03-2026/product/FF975633-DA99-4877-A122-FB490905CD2A.png
ar,B106,Burberry Men - Burberry,عطور الرجال,100,https://www.mad-parfumeur.com/respondio-catalog/wa/ar/p-60-b106.html?v=20260731-2,https://madperfume.ps/?app=product.show.60,https://www.mad-parfumeur.com/respondio-catalog/og/ar/p-60-b106.jpg?v=20260731-2,https://madperfume.ps/upload/01-2026/product/697e3fdd36c72.png
ar,B107,Bvlgari Man In Black - Bvlgari,عطور الرجال,100,https://www.mad-parfumeur.com/respondio-catalog/wa/ar/p-61-b107.html?v=20260731-2,https://madperfume.ps/?app=product.show.61,https://www.mad-parfumeur.com/respondio-catalog/og/ar/p-61-b107.jpg?v=20260731-2,https://madperfume.ps/upload/03-2026/product/6875B924-7ABE-41C1-AA78-0E2E7407675E.png
ar,C101,C101,عطور الرجال,100,https://www.mad-parfumeur.com/respondio-catalog/wa/ar/p-62-c101.html?v=20260731-2,https://madperfume.ps/?app=product.show.62,https://www.mad-parfumeur.com/respondio-catalog/og/ar/p-62-c101.jpg?v=20260731-2,https://madperfume.ps/upload/03-2026/product/ABEAC5AE-D57C-44CE-A5C8-6711E666620E.png
ar,A115,Emporio Armani – Stronger With You Intensely,عطور الرجال,100,https://www.mad-parfumeur.com/respondio-catalog/wa/ar/p-63-a115.html?v=20260731-2,https://madperfume.ps/?app=product.show.63,https://www.mad-parfumeur.com/respondio-catalog/og/ar/p-63-a115.jpg?v=20260731-2,https://madperfume.ps/upload/01-2026/product/697ba8b2467f8.png
ar,B101,Black Afgano by Nasomatto,عطور الرجال,100,https://www.mad-parfumeur.com/respondio-catalog/wa/ar/p-64-b101.html?v=20260731-2,https://madperfume.ps/?app=product.show.64,https://www.mad-parfumeur.com/respondio-catalog/og/ar/p-64-b101.jpg?v=20260731-2,https://madperfume.ps/upload/03-2026/product/AFA85D59-7252-4B53-9DDA-2922830165A7.png
ar,B102,Bvlgari Man Wood Essence - Bvlgari,عطور الرجال,100,https://www.mad-parfumeur.com/respondio-catalog/wa/ar/p-65-b102.html?v=20260731-2,https://madperfume.ps/?app=product.show.65,https://www.mad-parfumeur.com/respondio-catalog/og/ar/p-65-b102.jpg?v=20260731-2,https://madperfume.ps/upload/03-2026/product/2454B0BC-18AD-49A2-8AD9-55F94496553F.png
ar,B103,Hero - Burberry,عطور الرجال,100,https://www.mad-parfumeur.com/respondio-catalog/wa/ar/p-66-b103.html?v=20260731-2,https://madperfume.ps/?app=product.show.66,https://www.mad-parfumeur.com/respondio-catalog/og/ar/p-66-b103.jpg?v=20260731-2,https://madperfume.ps/upload/01-2026/product/697d079291ba1.png
ar,A102,Acqua di Giò by Giorgio Armani,عطور الرجال,100,https://www.mad-parfumeur.com/respondio-catalog/wa/ar/p-68-a102.html?v=20260731-2,https://madperfume.ps/?app=product.show.68,https://www.mad-parfumeur.com/respondio-catalog/og/ar/p-68-a102.jpg?v=20260731-2,https://madperfume.ps/upload/01-2026/product/697ceeb8c4a63.png
ar,A104,Acqua di Giò Absolu by Giorgio Armani,عطور الرجال,100,https://www.mad-parfumeur.com/respondio-catalog/wa/ar/p-69-a104.html?v=20260731-2,https://madperfume.ps/?app=product.show.69,https://www.mad-parfumeur.com/respondio-catalog/og/ar/p-69-a104.jpg?v=20260731-2,https://madperfume.ps/upload/02-2026/product/697e7bb32c7a0.png
ar,A113,Armani Code - Giorgio Armani,عطور الرجال,100,https://www.mad-parfumeur.com/respondio-catalog/wa/ar/p-70-a113.html?v=20260731-2,https://madperfume.ps/?app=product.show.70,https://www.mad-parfumeur.com/respondio-catalog/og/ar/p-70-a113.jpg?v=20260731-2,https://madperfume.ps/upload/01-2026/product/697ca72ac7ef3.png
ar,W170,Scent Intense - CoSTUME NATIONAL,عطور الرجال,100,https://www.mad-parfumeur.com/respondio-catalog/wa/ar/p-72-w170.html?v=20260731-2,https://madperfume.ps/?app=product.show.72,https://www.mad-parfumeur.com/respondio-catalog/og/ar/p-72-w170.jpg?v=20260731-2,https://madperfume.ps/upload/03-2026/product/4D0D214E-B868-4B48-9457-238C76E3A951.png
ar,W173,Jil Sander Man Absolute - Jil Sander,عطور الرجال,100,https://www.mad-parfumeur.com/respondio-catalog/wa/ar/p-74-w173.html?v=20260731-2,https://madperfume.ps/?app=product.show.74,https://www.mad-parfumeur.com/respondio-catalog/og/ar/p-74-w173.jpg?v=20260731-2,https://madperfume.ps/upload/03-2026/product/627CF6B8-27C5-4C6D-9322-B72585BE9AE0.png
ar,NARCOTIC,Fleur Narcotique Ex Nihilo,عطور النيش الرجاليه,350,https://www.mad-parfumeur.com/respondio-catalog/wa/ar/p-75-narcotic.html?v=20260731-2,https://madperfume.ps/?app=product.show.75,https://www.mad-parfumeur.com/respondio-catalog/og/ar/p-75-narcotic.jpg?v=20260731-2,https://madperfume.ps/upload/01-2026/product/697a4569af7f0.png
ar,ROUGE,Barakkat Rouge 540 Extrait de Parfum Fragrance,عطور النيش الرجاليه,300,https://www.mad-parfumeur.com/respondio-catalog/wa/ar/p-76-rouge.html?v=20260731-2,https://madperfume.ps/?app=product.show.76,https://www.mad-parfumeur.com/respondio-catalog/og/ar/p-76-rouge.jpg?v=20260731-2,https://madperfume.ps/upload/01-2026/product/69794a374a58d.png
ar,NO47,Sirrah Tiziana Terenzi,عطور النيش الرجاليه,280,https://www.mad-parfumeur.com/respondio-catalog/wa/ar/p-77-no47.html?v=20260731-2,https://madperfume.ps/?app=product.show.77,https://www.mad-parfumeur.com/respondio-catalog/og/ar/p-77-no47.jpg?v=20260731-2,https://madperfume.ps/upload/03-2026/product/IMG_1304.jpeg
ar,A122,Sì Passione - Giorgio Armani,عطور النساء,100,https://www.mad-parfumeur.com/respondio-catalog/wa/ar/p-78-a122.html?v=20260731-2,https://madperfume.ps/?app=product.show.78,https://www.mad-parfumeur.com/respondio-catalog/og/ar/p-78-a122.jpg?v=20260731-2,https://madperfume.ps/upload/06-2025/product/140.png
ar,L101,Idôle** من **Lancôme,عطور النساء,100,https://www.mad-parfumeur.com/respondio-catalog/wa/ar/p-79-l101.html?v=20260731-2,https://madperfume.ps/?app=product.show.79,https://www.mad-parfumeur.com/respondio-catalog/og/ar/p-79-l101.jpg?v=20260731-2,https://madperfume.ps/upload/01-2026/product/697be589d9cba.png
ar,W160,VIP للنساء من Carolina Herrera,عطور النساء,100,https://www.mad-parfumeur.com/respondio-catalog/wa/ar/p-80-w160.html?v=20260731-2,https://madperfume.ps/?app=product.show.80,https://www.mad-parfumeur.com/respondio-catalog/og/ar/p-80-w160.jpg?v=20260731-2,https://madperfume.ps/upload/06-2025/product/128 (1).png
ar,W162,Love Chloé من Chloé,عطور النساء,100,https://www.mad-parfumeur.com/respondio-catalog/wa/ar/p-81-w162.html?v=20260731-2,https://madperfume.ps/?app=product.show.81,https://www.mad-parfumeur.com/respondio-catalog/og/ar/p-81-w162.jpg?v=20260731-2,https://madperfume.ps/upload/06-2025/product/6852ab1d83582.png
ar,W164 women,Beauty من Calvin Klein,عطور النساء,100,https://www.mad-parfumeur.com/respondio-catalog/wa/ar/p-82-w164-women.html?v=20260731-2,https://madperfume.ps/?app=product.show.82,https://www.mad-parfumeur.com/respondio-catalog/og/ar/p-82-w164-women.jpg?v=20260731-2,https://madperfume.ps/upload/01-2026/product/697d05fdab03b.png
ar,L102 women,La Nuit Trésor Caresse** من **Lancôme,عطور النساء,100,https://www.mad-parfumeur.com/respondio-catalog/wa/ar/p-83-l102-women.html?v=20260731-2,https://madperfume.ps/?app=product.show.83,https://www.mad-parfumeur.com/respondio-catalog/og/ar/p-83-l102-women.jpg?v=20260731-2,https://madperfume.ps/upload/01-2026/product/697e39ad64e58.png
ar,W144,Chloé Eau de Parfum من Chloé,عطور النساء,100,https://www.mad-parfumeur.com/respondio-catalog/wa/ar/p-84-w144.html?v=20260731-2,https://madperfume.ps/?app=product.show.84,https://www.mad-parfumeur.com/respondio-catalog/og/ar/p-84-w144.jpg?v=20260731-2,https://madperfume.ps/upload/06-2025/product/6852a88652de9.png
ar,W150 women,Crystal Noir – من فيرساتشي,عطور النساء,100,https://www.mad-parfumeur.com/respondio-catalog/wa/ar/p-85-w150-women.html?v=20260731-2,https://madperfume.ps/?app=product.show.85,https://www.mad-parfumeur.com/respondio-catalog/og/ar/p-85-w150-women.jpg?v=20260731-2,https://madperfume.ps/upload/01-2026/product/697e3c36e241e.png
ar,A112,Alien Eau de Toilette - Mugler,عطور النساء,100,https://www.mad-parfumeur.com/respondio-catalog/wa/ar/p-87-a112.html?v=20260731-2,https://madperfume.ps/?app=product.show.87,https://www.mad-parfumeur.com/respondio-catalog/og/ar/p-87-a112.jpg?v=20260731-2,https://madperfume.ps/upload/06-2025/product/127.png
ar,N105,Narciso Rodriguez for Her Eau de Parfum,عطور النساء,100,https://www.mad-parfumeur.com/respondio-catalog/wa/ar/p-88-n105.html?v=20260731-2,https://madperfume.ps/?app=product.show.88,https://www.mad-parfumeur.com/respondio-catalog/og/ar/p-88-n105.jpg?v=20260731-2,https://madperfume.ps/upload/02-2026/product/697e803ce6023.png
ar,W154,Chance Eau Vive Chanel,عطور النساء,100,https://www.mad-parfumeur.com/respondio-catalog/wa/ar/p-89-w154.html?v=20260731-2,https://madperfume.ps/?app=product.show.89,https://www.mad-parfumeur.com/respondio-catalog/og/ar/p-89-w154.jpg?v=20260731-2,https://madperfume.ps/upload/06-2025/product/121.png
ar,V107,Very Sexy (إصدار 2018) من Victoria's Secret,عطور النساء,100,https://www.mad-parfumeur.com/respondio-catalog/wa/ar/p-90-v107.html?v=20260731-2,https://madperfume.ps/?app=product.show.90,https://www.mad-parfumeur.com/respondio-catalog/og/ar/p-90-v107.jpg?v=20260731-2,https://madperfume.ps/upload/06-2025/product/6852a270f1047.png
ar,C126,212 Sexy - Carolina Herrera,عطور النساء,100,https://www.mad-parfumeur.com/respondio-catalog/wa/ar/p-91-c126.html?v=20260731-2,https://madperfume.ps/?app=product.show.91,https://www.mad-parfumeur.com/respondio-catalog/og/ar/p-91-c126.jpg?v=20260731-2,https://madperfume.ps/upload/06-2025/product/195.png
ar,G108,Mon Guerlain - Guerlain,عطور النساء,100,https://www.mad-parfumeur.com/respondio-catalog/wa/ar/p-92-g108.html?v=20260731-2,https://madperfume.ps/?app=product.show.92,https://www.mad-parfumeur.com/respondio-catalog/og/ar/p-92-g108.jpg?v=20260731-2,https://madperfume.ps/upload/06-2025/product/172.png
ar,D104,Joy by Dior - Dior,عطور النساء,100,https://www.mad-parfumeur.com/respondio-catalog/wa/ar/p-93-d104.html?v=20260731-2,https://madperfume.ps/?app=product.show.93,https://www.mad-parfumeur.com/respondio-catalog/og/ar/p-93-d104.jpg?v=20260731-2,https://madperfume.ps/upload/06-2025/product/68529d7e885a8.png
ar,A121,Emporio Armani Because It’s You - Giorgio Armani,عطور النساء,100,https://www.mad-parfumeur.com/respondio-catalog/wa/ar/p-94-a121.html?v=20260731-2,https://madperfume.ps/?app=product.show.94,https://www.mad-parfumeur.com/respondio-catalog/og/ar/p-94-a121.jpg?v=20260731-2,https://madperfume.ps/upload/06-2025/product/190.png
ar,W113,Midnight Fantasy من Britney Spears,عطور النساء,100,https://www.mad-parfumeur.com/respondio-catalog/wa/ar/p-95-w113.html?v=20260731-2,https://madperfume.ps/?app=product.show.95,https://www.mad-parfumeur.com/respondio-catalog/og/ar/p-95-w113.jpg?v=20260731-2,https://madperfume.ps/upload/06-2025/product/189.png
ar,V105,Bombshell Intense من Victoria's Secret,عطور النساء,100,https://www.mad-parfumeur.com/respondio-catalog/wa/ar/p-96-v105.html?v=20260731-2,https://madperfume.ps/?app=product.show.96,https://www.mad-parfumeur.com/respondio-catalog/og/ar/p-96-v105.jpg?v=20260731-2,https://madperfume.ps/upload/06-2025/product/188.png
ar,V106,Very Sexy Orchid من Victoria's Secret,عطور النساء,100,https://www.mad-parfumeur.com/respondio-catalog/wa/ar/p-97-v106.html?v=20260731-2,https://madperfume.ps/?app=product.show.97,https://www.mad-parfumeur.com/respondio-catalog/og/ar/p-97-v106.jpg?v=20260731-2,https://madperfume.ps/upload/01-2026/product/697d0324aeeca.png
ar,S112,Sexy Graffiti من Escada,عطور النساء,100,https://www.mad-parfumeur.com/respondio-catalog/wa/ar/p-98-s112.html?v=20260731-2,https://madperfume.ps/?app=product.show.98,https://www.mad-parfumeur.com/respondio-catalog/og/ar/p-98-s112.jpg?v=20260731-2,https://madperfume.ps/upload/06-2025/product/187.png
ar,T103 - Q101,Velvet Orchid من Tom Ford,عطور النساء,100,https://www.mad-parfumeur.com/respondio-catalog/wa/ar/p-99-t103-q101.html?v=20260731-2,https://madperfume.ps/?app=product.show.99,https://www.mad-parfumeur.com/respondio-catalog/og/ar/p-99-t103-q101.jpg?v=20260731-2,https://madperfume.ps/upload/01-2026/product/697e4deae1afe.png
ar,R110,Ralph من Ralph Lauren,عطور النساء,100,https://www.mad-parfumeur.com/respondio-catalog/wa/ar/p-100-r110.html?v=20260731-2,https://madperfume.ps/?app=product.show.100,https://www.mad-parfumeur.com/respondio-catalog/og/ar/p-100-r110.jpg?v=20260731-2,https://madperfume.ps/upload/06-2025/product/170.png
ar,H103,Hypnotic Poison Eau de Parfum** من **Dior,عطور النساء,100,https://www.mad-parfumeur.com/respondio-catalog/wa/ar/p-101-h103.html?v=20260731-2,https://madperfume.ps/?app=product.show.101,https://www.mad-parfumeur.com/respondio-catalog/og/ar/p-101-h103.jpg?v=20260731-2,https://madperfume.ps/upload/01-2026/product/697bb90dd7d61.png
ar,S101,Ginza من Shiseido,عطور النساء,100,https://www.mad-parfumeur.com/respondio-catalog/wa/ar/p-102-s101.html?v=20260731-2,https://madperfume.ps/?app=product.show.102,https://www.mad-parfumeur.com/respondio-catalog/og/ar/p-102-s101.jpg?v=20260731-2,https://madperfume.ps/upload/06-2025/product/169.png
ar,V102,Night من Victoria's Secret,عطور النساء,100,https://www.mad-parfumeur.com/respondio-catalog/wa/ar/p-103-v102.html?v=20260731-2,https://madperfume.ps/?app=product.show.103,https://www.mad-parfumeur.com/respondio-catalog/og/ar/p-103-v102.jpg?v=20260731-2,https://madperfume.ps/upload/01-2026/product/697bda2eee8d5.png
ar,N101,Noa من دار Cacharel,عطور النساء,100,https://www.mad-parfumeur.com/respondio-catalog/wa/ar/p-104-n101.html?v=20260731-2,https://madperfume.ps/?app=product.show.104,https://www.mad-parfumeur.com/respondio-catalog/og/ar/p-104-n101.jpg?v=20260731-2,https://madperfume.ps/upload/01-2026/product/697be46b2250b.png
ar,W125,Zen من دار Shiseido,عطور النساء,100,https://www.mad-parfumeur.com/respondio-catalog/wa/ar/p-105-w125.html?v=20260731-2,https://madperfume.ps/?app=product.show.105,https://www.mad-parfumeur.com/respondio-catalog/og/ar/p-105-w125.jpg?v=20260731-2,https://madperfume.ps/upload/01-2026/product/697e3b7001c7a.png
ar,N106,Narciso Rodriguez For Her,عطور النساء,100,https://www.mad-parfumeur.com/respondio-catalog/wa/ar/p-106-n106.html?v=20260731-2,https://madperfume.ps/?app=product.show.106,https://www.mad-parfumeur.com/respondio-catalog/og/ar/p-106-n106.jpg?v=20260731-2,https://madperfume.ps/upload/06-2025/product/152.png
ar,C121,Euphoria Crystalline - Calvin Klein,عطور النساء,100,https://www.mad-parfumeur.com/respondio-catalog/wa/ar/p-107-c121.html?v=20260731-2,https://madperfume.ps/?app=product.show.107,https://www.mad-parfumeur.com/respondio-catalog/og/ar/p-107-c121.jpg?v=20260731-2,https://madperfume.ps/upload/01-2026/product/697d023616d04.png
ar,R105,Gucci Rush من Gucci,عطور النساء,100,https://www.mad-parfumeur.com/respondio-catalog/wa/ar/p-108-r105.html?v=20260731-2,https://madperfume.ps/?app=product.show.108,https://www.mad-parfumeur.com/respondio-catalog/og/ar/p-108-r105.jpg?v=20260731-2,https://madperfume.ps/upload/06-2025/product/193.png
ar,R109,Gucci Rush 2 من Gucci,عطور النساء,100,https://www.mad-parfumeur.com/respondio-catalog/wa/ar/p-109-r109.html?v=20260731-2,https://madperfume.ps/?app=product.show.109,https://www.mad-parfumeur.com/respondio-catalog/og/ar/p-109-r109.jpg?v=20260731-2,https://madperfume.ps/upload/06-2025/product/175.png
ar,L112,Hypnôse Eau Legere** من **Lancôme,عطور النساء,100,https://www.mad-parfumeur.com/respondio-catalog/wa/ar/p-110-l112.html?v=20260731-2,https://madperfume.ps/?app=product.show.110,https://www.mad-parfumeur.com/respondio-catalog/og/ar/p-110-l112.jpg?v=20260731-2,https://madperfume.ps/upload/01-2026/product/697e458c3be4c.png
ar,U101,Ultraviolet للنساء من Paco Rabanne,عطور النساء,100,https://www.mad-parfumeur.com/respondio-catalog/wa/ar/p-111-u101.html?v=20260731-2,https://madperfume.ps/?app=product.show.111,https://www.mad-parfumeur.com/respondio-catalog/og/ar/p-111-u101.jpg?v=20260731-2,https://madperfume.ps/upload/06-2025/product/150.png
ar,M104,Pink Extasy من دار Montale,عطور النساء,100,https://www.mad-parfumeur.com/respondio-catalog/wa/ar/p-112-m104.html?v=20260731-2,https://madperfume.ps/?app=product.show.112,https://www.mad-parfumeur.com/respondio-catalog/og/ar/p-112-m104.jpg?v=20260731-2,https://madperfume.ps/upload/06-2025/product/685d46d8dc438.png
ar,A113 women,Alien Goddess - Mugler,عطور النساء,100,https://www.mad-parfumeur.com/respondio-catalog/wa/ar/p-113-a113-women.html?v=20260731-2,https://madperfume.ps/?app=product.show.113,https://www.mad-parfumeur.com/respondio-catalog/og/ar/p-113-a113-women.jpg?v=20260731-2,https://madperfume.ps/upload/01-2026/product/697e4554e38c4.png
ar,J102 women,Scandal** من **Jean Paul Gaultier,عطور النساء,100,https://www.mad-parfumeur.com/respondio-catalog/wa/ar/p-114-j102-women.html?v=20260731-2,https://madperfume.ps/?app=product.show.114,https://www.mad-parfumeur.com/respondio-catalog/og/ar/p-114-j102-women.jpg?v=20260731-2,https://madperfume.ps/upload/06-2025/product/98.png
ar,H104,Boss Alive Eau de Parfum** من **Hugo Boss,عطور النساء,100,https://www.mad-parfumeur.com/respondio-catalog/wa/ar/p-115-h104.html?v=20260731-2,https://madperfume.ps/?app=product.show.115,https://www.mad-parfumeur.com/respondio-catalog/og/ar/p-115-h104.jpg?v=20260731-2,https://madperfume.ps/upload/01-2026/product/697e3985e284e.png
ar,J103 women,Gaultier 2** من **Jean Paul Gaultier**,عطور النساء,100,https://www.mad-parfumeur.com/respondio-catalog/wa/ar/p-116-j103-women.html?v=20260731-2,https://madperfume.ps/?app=product.show.116,https://www.mad-parfumeur.com/respondio-catalog/og/ar/p-116-j103-women.jpg?v=20260731-2,https://madperfume.ps/upload/06-2025/product/129 (1).png
ar,J101 women,J'Adore Absolu** من **Dior,عطور النساء,100,https://www.mad-parfumeur.com/respondio-catalog/wa/ar/p-117-j101-women.html?v=20260731-2,https://madperfume.ps/?app=product.show.117,https://www.mad-parfumeur.com/respondio-catalog/og/ar/p-117-j101-women.jpg?v=20260731-2,https://madperfume.ps/upload/06-2025/product/6851180187df0.png
ar,K101 women,Good Girl Gone Bad** من **By Kilian,عطور النساء,100,https://www.mad-parfumeur.com/respondio-catalog/wa/ar/p-118-k101-women.html?v=20260731-2,https://madperfume.ps/?app=product.show.118,https://www.mad-parfumeur.com/respondio-catalog/og/ar/p-118-k101-women.jpg?v=20260731-2,https://madperfume.ps/upload/01-2026/product/697e553c4ce99.png
ar,C119,Yes I Am - Cacharel,عطور النساء,100,https://www.mad-parfumeur.com/respondio-catalog/wa/ar/p-119-c119.html?v=20260731-2,https://madperfume.ps/?app=product.show.119,https://www.mad-parfumeur.com/respondio-catalog/og/ar/p-119-c119.jpg?v=20260731-2,https://madperfume.ps/upload/06-2025/product/113.png
ar,G104,L'Interdit Eau de Parfum - Givenchy,عطور النساء,100,https://www.mad-parfumeur.com/respondio-catalog/wa/ar/p-120-g104.html?v=20260731-2,https://madperfume.ps/?app=product.show.120,https://www.mad-parfumeur.com/respondio-catalog/og/ar/p-120-g104.jpg?v=20260731-2,https://madperfume.ps/upload/06-2025/product/68511580218a8.png
ar,G106,Good Girl Suprême - Carolina Herrera,عطور النساء,100,https://www.mad-parfumeur.com/respondio-catalog/wa/ar/p-121-g106.html?v=20260731-2,https://madperfume.ps/?app=product.show.121,https://www.mad-parfumeur.com/respondio-catalog/og/ar/p-121-g106.jpg?v=20260731-2,https://madperfume.ps/upload/01-2026/product/697d09acb8bd4.png
ar,G103 women,Good Girl - Carolina Herrera,عطور النساء,100,https://www.mad-parfumeur.com/respondio-catalog/wa/ar/p-122-g103-women.html?v=20260731-2,https://madperfume.ps/?app=product.show.122,https://www.mad-parfumeur.com/respondio-catalog/og/ar/p-122-g103-women.jpg?v=20260731-2,https://madperfume.ps/upload/01-2026/product/697bb60c1956b.png
ar,D119,Echo Woman - Davidoff,عطور النساء,100,https://www.mad-parfumeur.com/respondio-catalog/wa/ar/p-123-d119.html?v=20260731-2,https://madperfume.ps/?app=product.show.123,https://www.mad-parfumeur.com/respondio-catalog/og/ar/p-123-d119.jpg?v=20260731-2,https://madperfume.ps/upload/01-2026/product/697d056820e9b.png
ar,D121,DKNY Be Delicious - Donna Karan,عطور النساء,100,https://www.mad-parfumeur.com/respondio-catalog/wa/ar/p-124-d121.html?v=20260731-2,https://madperfume.ps/?app=product.show.124,https://www.mad-parfumeur.com/respondio-catalog/og/ar/p-124-d121.jpg?v=20260731-2,https://madperfume.ps/upload/01-2026/product/697e7adb85663.png
ar,L103 women,La Vie est Belle en Rose** من **Lancôme,عطور النساء,100,https://www.mad-parfumeur.com/respondio-catalog/wa/ar/p-126-l103-women.html?v=20260731-2,https://madperfume.ps/?app=product.show.126,https://www.mad-parfumeur.com/respondio-catalog/og/ar/p-126-l103-women.jpg?v=20260731-2,https://madperfume.ps/upload/06-2025/product/110 (1).png
ar,E101,Girl of Now - Elie Saab,عطور النساء,100,https://www.mad-parfumeur.com/respondio-catalog/wa/ar/p-127-e101.html?v=20260731-2,https://madperfume.ps/?app=product.show.127,https://www.mad-parfumeur.com/respondio-catalog/og/ar/p-127-e101.jpg?v=20260731-2,https://madperfume.ps/upload/06-2025/product/100.png
ar,E104 women,Emporio Armani She - Giorgio Armani,عطور النساء,100,https://www.mad-parfumeur.com/respondio-catalog/wa/ar/p-128-e104-women.html?v=20260731-2,https://madperfume.ps/?app=product.show.128,https://www.mad-parfumeur.com/respondio-catalog/og/ar/p-128-e104-women.jpg?v=20260731-2,https://madperfume.ps/upload/02-2026/product/697e83709b1ac.png
ar,D114,Miss Dior Blooming Bouquet - Dior,عطور النساء,100,https://www.mad-parfumeur.com/respondio-catalog/wa/ar/p-129-d114.html?v=20260731-2,https://madperfume.ps/?app=product.show.129,https://www.mad-parfumeur.com/respondio-catalog/og/ar/p-129-d114.jpg?v=20260731-2,https://madperfume.ps/upload/01-2026/product/697ceb892f655.png
ar,P105 women,Fame من Rabanne,عطور النساء,100,https://www.mad-parfumeur.com/respondio-catalog/wa/ar/p-130-p105-women.html?v=20260731-2,https://madperfume.ps/?app=product.show.130,https://www.mad-parfumeur.com/respondio-catalog/og/ar/p-130-p105-women.jpg?v=20260731-2,https://madperfume.ps/upload/01-2026/product/697be905b53ca.png
ar,c120,Coco Mademoiselle Intense - Chanel,عطور النساء,100,https://www.mad-parfumeur.com/respondio-catalog/wa/ar/p-131-c120.html?v=20260731-2,https://madperfume.ps/?app=product.show.131,https://www.mad-parfumeur.com/respondio-catalog/og/ar/p-131-c120.jpg?v=20260731-2,https://madperfume.ps/upload/01-2026/product/697cea837728c.png
ar,C123,Chance Eau de Parfum - Chanel,عطور النساء,100,https://www.mad-parfumeur.com/respondio-catalog/wa/ar/p-132-c123.html?v=20260731-2,https://madperfume.ps/?app=product.show.132,https://www.mad-parfumeur.com/respondio-catalog/og/ar/p-132-c123.jpg?v=20260731-2,https://madperfume.ps/upload/01-2026/product/697be10458a5f.png
ar,V109,Tease Crème Cloud من Victoria's Secret,عطور النساء,100,https://www.mad-parfumeur.com/respondio-catalog/wa/ar/p-133-v109.html?v=20260731-2,https://madperfume.ps/?app=product.show.133,https://www.mad-parfumeur.com/respondio-catalog/og/ar/p-133-v109.jpg?v=20260731-2,https://madperfume.ps/upload/01-2026/product/697bb9f2b9acc.png
ar,B103 women,Burberry Her - Burberry,عطور النساء,100,https://www.mad-parfumeur.com/respondio-catalog/wa/ar/p-134-b103-women.html?v=20260731-2,https://madperfume.ps/?app=product.show.134,https://www.mad-parfumeur.com/respondio-catalog/og/ar/p-134-b103-women.jpg?v=20260731-2,https://madperfume.ps/upload/01-2026/product/697bdc5e1a126.png
ar,I102,L'eau d'Issey** من **Issey Miyake,عطور النساء,100,https://www.mad-parfumeur.com/respondio-catalog/wa/ar/p-135-i102.html?v=20260731-2,https://madperfume.ps/?app=product.show.135,https://www.mad-parfumeur.com/respondio-catalog/og/ar/p-135-i102.jpg?v=20260731-2,https://madperfume.ps/upload/06-2025/product/146.png
ar,V110,Bombshell Sundrenched – من Victoria's Secret,عطور النساء,100,https://www.mad-parfumeur.com/respondio-catalog/wa/ar/p-136-v110.html?v=20260731-2,https://madperfume.ps/?app=product.show.136,https://www.mad-parfumeur.com/respondio-catalog/og/ar/p-136-v110.jpg?v=20260731-2,https://madperfume.ps/upload/06-2025/product/166.png
ar,Y101 women,Libre Yves Saint Laurent,عطور النساء,100,https://www.mad-parfumeur.com/respondio-catalog/wa/ar/p-138-y101-women.html?v=20260731-2,https://madperfume.ps/?app=product.show.138,https://www.mad-parfumeur.com/respondio-catalog/og/ar/p-138-y101-women.jpg?v=20260731-2,https://madperfume.ps/upload/01-2026/product/697bdb2b877be.png
ar,Z101,This is Her! – من Zadig & Voltaire,عطور النساء,100,https://www.mad-parfumeur.com/respondio-catalog/wa/ar/p-139-z101.html?v=20260731-2,https://madperfume.ps/?app=product.show.139,https://www.mad-parfumeur.com/respondio-catalog/og/ar/p-139-z101.jpg?v=20260731-2,https://madperfume.ps/upload/01-2026/product/697bb4d8cb32b.png
ar,B104,Burberry Women - Burberry,عطور النساء,100,https://www.mad-parfumeur.com/respondio-catalog/wa/ar/p-140-b104.html?v=20260731-2,https://madperfume.ps/?app=product.show.140,https://www.mad-parfumeur.com/respondio-catalog/og/ar/p-140-b104.jpg?v=20260731-2,https://madperfume.ps/upload/06-2025/product/144.png
ar,Z102,Just Rock! for Her – من Zadig & Voltaire,عطور النساء,100,https://www.mad-parfumeur.com/respondio-catalog/wa/ar/p-141-z102.html?v=20260731-2,https://madperfume.ps/?app=product.show.141,https://www.mad-parfumeur.com/respondio-catalog/og/ar/p-141-z102.jpg?v=20260731-2,https://madperfume.ps/upload/06-2025/product/685081ef4cc6e.png
ar,W175,Body – من Burberry,عطور النساء,100,https://www.mad-parfumeur.com/respondio-catalog/wa/ar/p-142-w175.html?v=20260731-2,https://madperfume.ps/?app=product.show.142,https://www.mad-parfumeur.com/respondio-catalog/og/ar/p-142-w175.jpg?v=20260731-2,https://madperfume.ps/upload/06-2025/product/135.png
ar,W179 women,Vanitas – من فيرساتشي,عطور النساء,100,https://www.mad-parfumeur.com/respondio-catalog/wa/ar/p-143-w179-women.html?v=20260731-2,https://madperfume.ps/?app=product.show.143,https://www.mad-parfumeur.com/respondio-catalog/og/ar/p-143-w179-women.jpg?v=20260731-2,https://madperfume.ps/upload/06-2025/product/134.png
ar,W214,Bombshell – من Victoria's Secret,عطور النساء,100,https://www.mad-parfumeur.com/respondio-catalog/wa/ar/p-144-w214.html?v=20260731-2,https://madperfume.ps/?app=product.show.144,https://www.mad-parfumeur.com/respondio-catalog/og/ar/p-144-w214.jpg?v=20260731-2,https://madperfume.ps/upload/06-2025/product/143.png
ar,W217,Bright Crystal – من فيرساتشي,عطور النساء,100,https://www.mad-parfumeur.com/respondio-catalog/wa/ar/p-145-w217.html?v=20260731-2,https://madperfume.ps/?app=product.show.145,https://www.mad-parfumeur.com/respondio-catalog/og/ar/p-145-w217.jpg?v=20260731-2,https://madperfume.ps/upload/01-2026/product/697ced84bbc29.png
ar,W222,Olympéa – من Rabanne,عطور النساء,100,https://www.mad-parfumeur.com/respondio-catalog/wa/ar/p-147-w222.html?v=20260731-2,https://madperfume.ps/?app=product.show.147,https://www.mad-parfumeur.com/respondio-catalog/og/ar/p-147-w222.jpg?v=20260731-2,https://madperfume.ps/upload/06-2025/product/106.png
ar,W155,Acqua Di Gioia Eau Fraîche – من جورجيو أرماني,عطور النساء,100,https://www.mad-parfumeur.com/respondio-catalog/wa/ar/p-148-w155.html?v=20260731-2,https://madperfume.ps/?app=product.show.148,https://www.mad-parfumeur.com/respondio-catalog/og/ar/p-148-w155.jpg?v=20260731-2,https://madperfume.ps/upload/02-2026/product/697e8068b4425.png
ar,W230,Omnia Crystalline – من بولغاري,عطور النساء,100,https://www.mad-parfumeur.com/respondio-catalog/wa/ar/p-149-w230.html?v=20260731-2,https://madperfume.ps/?app=product.show.149,https://www.mad-parfumeur.com/respondio-catalog/og/ar/p-149-w230.jpg?v=20260731-2,https://madperfume.ps/upload/06-2025/product/132.png
ar,W208,Manifesto من Yves Saint Laurent,عطور النساء,100,https://www.mad-parfumeur.com/respondio-catalog/wa/ar/p-150-w208.html?v=20260731-2,https://madperfume.ps/?app=product.show.150,https://www.mad-parfumeur.com/respondio-catalog/og/ar/p-150-w208.jpg?v=20260731-2,https://madperfume.ps/upload/06-2025/product/6852be92073a2.png
ar,W209,My Burberry – من بربري,عطور النساء,100,https://www.mad-parfumeur.com/respondio-catalog/wa/ar/p-151-w209.html?v=20260731-2,https://madperfume.ps/?app=product.show.151,https://www.mad-parfumeur.com/respondio-catalog/og/ar/p-151-w209.jpg?v=20260731-2,https://madperfume.ps/upload/06-2025/product/131.png
ar,W213,Black Opium – من إيف سان لوران,عطور النساء,100,https://www.mad-parfumeur.com/respondio-catalog/wa/ar/p-152-w213.html?v=20260731-2,https://madperfume.ps/?app=product.show.152,https://www.mad-parfumeur.com/respondio-catalog/og/ar/p-152-w213.jpg?v=20260731-2,https://madperfume.ps/upload/01-2026/product/697bad24d844c.png
ar,W197,Ange ou Démon Le Secret – من جيفنشي,عطور النساء,100,https://www.mad-parfumeur.com/respondio-catalog/wa/ar/p-153-w197.html?v=20260731-2,https://madperfume.ps/?app=product.show.153,https://www.mad-parfumeur.com/respondio-catalog/og/ar/p-153-w197.jpg?v=20260731-2,https://madperfume.ps/upload/06-2025/product/130.png
ar,W201,La Vie Est Belle – من Lancôme,عطور النساء,100,https://www.mad-parfumeur.com/respondio-catalog/wa/ar/p-154-w201.html?v=20260731-2,https://madperfume.ps/?app=product.show.154,https://www.mad-parfumeur.com/respondio-catalog/og/ar/p-154-w201.jpg?v=20260731-2,https://madperfume.ps/upload/01-2026/product/697bdff0e34fd.png
ar,W203,Si – Emporio Armani,عطور النساء,100,https://www.mad-parfumeur.com/respondio-catalog/wa/ar/p-155-w203.html?v=20260731-2,https://madperfume.ps/?app=product.show.155,https://www.mad-parfumeur.com/respondio-catalog/og/ar/p-155-w203.jpg?v=20260731-2,https://madperfume.ps/upload/07-2025/product/6866c1abc721d.png
ar,A118,My Way - Giorgio Armani,عطور النساء,100,https://www.mad-parfumeur.com/respondio-catalog/wa/ar/p-156-a118.html?v=20260731-2,https://madperfume.ps/?app=product.show.156,https://www.mad-parfumeur.com/respondio-catalog/og/ar/p-156-a118.jpg?v=20260731-2,https://madperfume.ps/upload/01-2026/product/697bd4ebe9819.png
ar,W184,L’Ambre des Merveilles – من Hermès,عطور النساء,100,https://www.mad-parfumeur.com/respondio-catalog/wa/ar/p-157-w184.html?v=20260731-2,https://madperfume.ps/?app=product.show.157,https://www.mad-parfumeur.com/respondio-catalog/og/ar/p-157-w184.jpg?v=20260731-2,https://madperfume.ps/upload/06-2025/product/105.png
ar,W185,Roberto Cavalli Eau de Parfum – من Roberto Cavalli,عطور النساء,100,https://www.mad-parfumeur.com/respondio-catalog/wa/ar/p-158-w185.html?v=20260731-2,https://madperfume.ps/?app=product.show.158,https://www.mad-parfumeur.com/respondio-catalog/og/ar/p-158-w185.jpg?v=20260731-2,https://madperfume.ps/upload/06-2025/product/104.png
ar,W190 women,Christina Aguilera – من كريستينا,عطور النساء,100,https://www.mad-parfumeur.com/respondio-catalog/wa/ar/p-159-w190-women.html?v=20260731-2,https://madperfume.ps/?app=product.show.159,https://www.mad-parfumeur.com/respondio-catalog/og/ar/p-159-w190-women.jpg?v=20260731-2,https://madperfume.ps/upload/06-2025/product/142.png
ar,A120,Armani Code for Women - Giorgio Armani,عطور النساء,100,https://www.mad-parfumeur.com/respondio-catalog/wa/ar/p-160-a120.html?v=20260731-2,https://madperfume.ps/?app=product.show.160,https://www.mad-parfumeur.com/respondio-catalog/og/ar/p-160-a120.jpg?v=20260731-2,https://madperfume.ps/upload/02-2026/product/697e83d22ef80.png
ar,W165,Gucci Guilty – من غوتشي,عطور النساء,100,https://www.mad-parfumeur.com/respondio-catalog/wa/ar/p-161-w165.html?v=20260731-2,https://madperfume.ps/?app=product.show.161,https://www.mad-parfumeur.com/respondio-catalog/og/ar/p-161-w165.jpg?v=20260731-2,https://madperfume.ps/upload/01-2026/product/697e7b32d05d1.png
ar,j104 او Q103,Nectarine Blossom & Honey** من **Jo Malone London,عطور النساء,100,https://www.mad-parfumeur.com/respondio-catalog/wa/ar/p-162-j104-q103.html?v=20260731-2,https://madperfume.ps/?app=product.show.162,https://www.mad-parfumeur.com/respondio-catalog/og/ar/p-162-j104-q103.jpg?v=20260731-2,https://madperfume.ps/upload/06-2025/product/89 (1).png
ar,A117,Amor Amor - Cacharel,عطور النساء,100,https://www.mad-parfumeur.com/respondio-catalog/wa/ar/p-163-a117.html?v=20260731-2,https://madperfume.ps/?app=product.show.163,https://www.mad-parfumeur.com/respondio-catalog/og/ar/p-163-a117.jpg?v=20260731-2,https://madperfume.ps/upload/01-2026/product/697e4e3f76517.png
ar,P101 women,Oriana – من Parfums de Marly,عطور النساء,100,https://www.mad-parfumeur.com/respondio-catalog/wa/ar/p-164-p101-women.html?v=20260731-2,https://madperfume.ps/?app=product.show.164,https://www.mad-parfumeur.com/respondio-catalog/og/ar/p-164-p101-women.jpg?v=20260731-2,https://madperfume.ps/upload/06-2025/product/125.png
ar,A114 women,Dior Addict - Dior,عطور النساء,100,https://www.mad-parfumeur.com/respondio-catalog/wa/ar/p-165-a114-women.html?v=20260731-2,https://madperfume.ps/?app=product.show.165,https://www.mad-parfumeur.com/respondio-catalog/og/ar/p-165-a114-women.jpg?v=20260731-2,https://madperfume.ps/upload/06-2025/product/101.png
ar,W101,Wish – من شوبارد,عطور النساء,100,https://www.mad-parfumeur.com/respondio-catalog/wa/ar/p-166-w101.html?v=20260731-2,https://madperfume.ps/?app=product.show.166,https://www.mad-parfumeur.com/respondio-catalog/og/ar/p-166-w101.jpg?v=20260731-2,https://madperfume.ps/upload/06-2025/product/128.png
ar,P104 women,Olympéa Solar – من Rabanne,عطور النساء,100,https://www.mad-parfumeur.com/respondio-catalog/wa/ar/p-167-p104-women.html?v=20260731-2,https://madperfume.ps/?app=product.show.167,https://www.mad-parfumeur.com/respondio-catalog/og/ar/p-167-p104-women.jpg?v=20260731-2,https://madperfume.ps/upload/06-2025/product/685070172b262.png
ar,T101,Trussardi Inside,عطور النساء,100,https://www.mad-parfumeur.com/respondio-catalog/wa/ar/p-168-t101.html?v=20260731-2,https://madperfume.ps/?app=product.show.168,https://www.mad-parfumeur.com/respondio-catalog/og/ar/p-168-t101.jpg?v=20260731-2,https://madperfume.ps/upload/06-2025/product/103.png
ar,W169,Jimmy Choo من Jimmy Choo,عطور النساء,100,https://www.mad-parfumeur.com/respondio-catalog/wa/ar/p-169-w169.html?v=20260731-2,https://madperfume.ps/?app=product.show.169,https://www.mad-parfumeur.com/respondio-catalog/og/ar/p-169-w169.jpg?v=20260731-2,https://madperfume.ps/upload/06-2025/product/192.png
ar,M101,Miracle** من **Lancôme,عطور النساء,100,https://www.mad-parfumeur.com/respondio-catalog/wa/ar/p-171-m101.html?v=20260731-2,https://madperfume.ps/?app=product.show.171,https://www.mad-parfumeur.com/respondio-catalog/og/ar/p-171-m101.jpg?v=20260731-2,https://madperfume.ps/upload/06-2025/product/126.png
ar,Y102 women,Libre Intense – من إيف سان لوران,عطور النساء,100,https://www.mad-parfumeur.com/respondio-catalog/wa/ar/p-172-y102-women.html?v=20260731-2,https://madperfume.ps/?app=product.show.172,https://www.mad-parfumeur.com/respondio-catalog/og/ar/p-172-y102-women.jpg?v=20260731-2,https://madperfume.ps/upload/01-2026/product/697bd7a619a87.png
ar,Gumin,Gumin Tiziana Terenzi,عطور النيش الرجاليه,300,https://www.mad-parfumeur.com/respondio-catalog/wa/ar/p-173-gumin.html?v=20260731-2,https://madperfume.ps/?app=product.show.173,https://www.mad-parfumeur.com/respondio-catalog/og/ar/p-173-gumin.jpg?v=20260731-2,https://madperfume.ps/upload/01-2026/product/69795c5609fb6.png
ar,EGO,More Than Words Xerjoff,عطور النيش الرجاليه,300,https://www.mad-parfumeur.com/respondio-catalog/wa/ar/p-174-ego.html?v=20260731-2,https://madperfume.ps/?app=product.show.174,https://www.mad-parfumeur.com/respondio-catalog/og/ar/p-174-ego.jpg?v=20260731-2,https://madperfume.ps/upload/01-2026/product/69795ba049911.png
ar,Opus,AMBER WOOD,عطور النيش الرجاليه,300,https://www.mad-parfumeur.com/respondio-catalog/wa/ar/p-175-opus.html?v=20260731-2,https://madperfume.ps/?app=product.show.175,https://www.mad-parfumeur.com/respondio-catalog/og/ar/p-175-opus.jpg?v=20260731-2,https://madperfume.ps/upload/01-2026/product/697952055444b.png
ar,COOFFE,COOFFE,شموع,100,https://www.mad-parfumeur.com/respondio-catalog/wa/ar/p-177-cooffe.html?v=20260731-2,https://madperfume.ps/?app=product.show.177,https://www.mad-parfumeur.com/respondio-catalog/og/ar/p-177-cooffe.jpg?v=20260731-2,https://madperfume.ps/upload/09-2023/product/mad-coffee-biscuit-200-gr-mum-b6d1-0.jpg
ar,forza,Alexandria II Xerjoff,عطور النيش الرجاليه,300,https://www.mad-parfumeur.com/respondio-catalog/wa/ar/p-181-forza.html?v=20260731-2,https://madperfume.ps/?app=product.show.181,https://www.mad-parfumeur.com/respondio-catalog/og/ar/p-181-forza.jpg?v=20260731-2,https://madperfume.ps/upload/03-2026/product/IMG_0288.jpeg
ar,1881 charesma,1881 charesma,عطور النيش الرجاليه,300,https://www.mad-parfumeur.com/respondio-catalog/wa/ar/p-182-1881-charesma.html?v=20260731-2,https://madperfume.ps/?app=product.show.182,https://www.mad-parfumeur.com/respondio-catalog/og/ar/p-182-1881-charesma.jpg?v=20260731-2,https://madperfume.ps/upload/09-2023/product/1881.jpg
ar,Inspiraiton,Spring Flower Creed,عطور النيش النسائيه,300,https://www.mad-parfumeur.com/respondio-catalog/wa/ar/p-184-inspiraiton.html?v=20260731-2,https://madperfume.ps/?app=product.show.184,https://www.mad-parfumeur.com/respondio-catalog/og/ar/p-184-inspiraiton.jpg?v=20260731-2,https://madperfume.ps/upload/01-2026/product/69795dfb03a35.png
ar,Divine,La Belle Le Parfum Jean Paul Gaultier,عطور النيش النسائيه,300,https://www.mad-parfumeur.com/respondio-catalog/wa/ar/p-185-divine.html?v=20260731-2,https://madperfume.ps/?app=product.show.185,https://www.mad-parfumeur.com/respondio-catalog/og/ar/p-185-divine.jpg?v=20260731-2,https://madperfume.ps/upload/01-2026/product/69795ebf9644b.png
ar,Inviting,Supreme Bouquet Yves Saint Laurent,عطور النيش النسائيه,300,https://www.mad-parfumeur.com/respondio-catalog/wa/ar/p-186-inviting.html?v=20260731-2,https://madperfume.ps/?app=product.show.186,https://www.mad-parfumeur.com/respondio-catalog/og/ar/p-186-inviting.jpg?v=20260731-2,https://madperfume.ps/upload/01-2026/product/697960bdcdb25.png
ar,Madam Amour,Tyl Assoluto Tiziana Terenzi,عطور النيش النسائيه,250,https://www.mad-parfumeur.com/respondio-catalog/wa/ar/p-187-madam-amour.html?v=20260731-2,https://madperfume.ps/?app=product.show.187,https://www.mad-parfumeur.com/respondio-catalog/og/ar/p-187-madam-amour.jpg?v=20260731-2,https://madperfume.ps/upload/01-2026/product/697a2fb111c3c.png
ar,Prevail,Marfa Memo Paris,عطور النيش النسائيه,250,https://www.mad-parfumeur.com/respondio-catalog/wa/ar/p-188-prevail.html?v=20260731-2,https://madperfume.ps/?app=product.show.188,https://www.mad-parfumeur.com/respondio-catalog/og/ar/p-188-prevail.jpg?v=20260731-2,https://madperfume.ps/upload/01-2026/product/697a3072c22d0.png
ar,Madam,Modern Muse Estée Lauder,عطور النيش النسائيه,250,https://www.mad-parfumeur.com/respondio-catalog/wa/ar/p-189-madam.html?v=20260731-2,https://madperfume.ps/?app=product.show.189,https://www.mad-parfumeur.com/respondio-catalog/og/ar/p-189-madam.jpg?v=20260731-2,https://madperfume.ps/upload/01-2026/product/697a3c3f6301f.png
ar,Monalisa,Black Opium Nuit Blanche Yves Saint Laurent,عطور النيش النسائيه,250,https://www.mad-parfumeur.com/respondio-catalog/wa/ar/p-190-monalisa.html?v=20260731-2,https://madperfume.ps/?app=product.show.190,https://www.mad-parfumeur.com/respondio-catalog/og/ar/p-190-monalisa.jpg?v=20260731-2,https://madperfume.ps/upload/01-2026/product/697a39d4310de.png
ar,Golden Feel,Oud Bouquet Lancôme,عطور النيش النسائيه,180,https://www.mad-parfumeur.com/respondio-catalog/wa/ar/p-191-golden-feel.html?v=20260731-2,https://madperfume.ps/?app=product.show.191,https://www.mad-parfumeur.com/respondio-catalog/og/ar/p-191-golden-feel.jpg?v=20260731-2,https://madperfume.ps/upload/03-2026/product/IMG_0315.jpeg
ar,Golden Soul,Armani Prive Rouge Malachite Giorgio Armani,عطور النيش النسائيه,180,https://www.mad-parfumeur.com/respondio-catalog/wa/ar/p-192-golden-soul.html?v=20260731-2,https://madperfume.ps/?app=product.show.192,https://www.mad-parfumeur.com/respondio-catalog/og/ar/p-192-golden-soul.jpg?v=20260731-2,https://madperfume.ps/upload/03-2026/product/IMG_0318.jpeg
ar,Hot Passion,Aventus for Her Creed,عطور النيش النسائيه,280,https://www.mad-parfumeur.com/respondio-catalog/wa/ar/p-193-hot-passion.html?v=20260731-2,https://madperfume.ps/?app=product.show.193,https://www.mad-parfumeur.com/respondio-catalog/og/ar/p-193-hot-passion.jpg?v=20260731-2,https://madperfume.ps/upload/03-2026/product/IMG_7838.jpeg
ar,Pera,Pera,عطور النيش الرجاليه,300,https://www.mad-parfumeur.com/respondio-catalog/wa/ar/p-194-pera.html?v=20260731-2,https://madperfume.ps/?app=product.show.194,https://www.mad-parfumeur.com/respondio-catalog/og/ar/p-194-pera.jpg?v=20260731-2,https://madperfume.ps/upload/01-2026/product/69795d023c412.png
ar,Divine Tough,Le Beau Le Parfum Jean Paul Gaultier,عطور النيش الرجاليه,300,https://www.mad-parfumeur.com/respondio-catalog/wa/ar/p-196-divine-tough.html?v=20260731-2,https://madperfume.ps/?app=product.show.196,https://www.mad-parfumeur.com/respondio-catalog/og/ar/p-196-divine-tough.jpg?v=20260731-2,https://madperfume.ps/upload/01-2026/product/69795ade94ca9.png
ar,Deserto,Kalemat Arabian Oud,عطور النيش الرجاليه,300,https://www.mad-parfumeur.com/respondio-catalog/wa/ar/p-197-deserto.html?v=20260731-2,https://madperfume.ps/?app=product.show.197,https://www.mad-parfumeur.com/respondio-catalog/og/ar/p-197-deserto.jpg?v=20260731-2,https://madperfume.ps/upload/03-2026/product/IMG_0306.jpeg
ar,Grande-Notte-100-ML,Grand Soir Maison Francis Kurkdjian,عطور النيش الرجاليه,300,https://www.mad-parfumeur.com/respondio-catalog/wa/ar/p-198-grande-notte-100-ml.html?v=20260731-2,https://madperfume.ps/?app=product.show.198,https://www.mad-parfumeur.com/respondio-catalog/og/ar/p-198-grande-notte-100-ml.jpg?v=20260731-2,https://madperfume.ps/upload/01-2026/product/6979537a4237a.png
ar,Bruno Gold,Kirke Tiziana Terenzi,عطور النيش الرجاليه,300,https://www.mad-parfumeur.com/respondio-catalog/wa/ar/p-199-bruno-gold.html?v=20260731-2,https://madperfume.ps/?app=product.show.199,https://www.mad-parfumeur.com/respondio-catalog/og/ar/p-199-bruno-gold.jpg?v=20260731-2,https://madperfume.ps/upload/01-2026/product/697950e119ad8.png
ar,Malaki Oud,Malaki Oud 100 ml Unisex,عطور النيش الرجاليه,300,https://www.mad-parfumeur.com/respondio-catalog/wa/ar/p-200-malaki-oud.html?v=20260731-2,https://madperfume.ps/?app=product.show.200,https://www.mad-parfumeur.com/respondio-catalog/og/ar/p-200-malaki-oud.jpg?v=20260731-2,https://madperfume.ps/upload/01-2026/product/697957414b4e6.png
ar,Sateen Oud,Oud Satin Mood – Sateen Oud 100 ml Unisex,عطور النيش الرجاليه,300,https://www.mad-parfumeur.com/respondio-catalog/wa/ar/p-201-sateen-oud.html?v=20260731-2,https://madperfume.ps/?app=product.show.201,https://www.mad-parfumeur.com/respondio-catalog/og/ar/p-201-sateen-oud.jpg?v=20260731-2,https://madperfume.ps/upload/01-2026/product/697958ef4d774.png
ar,SPICE OUD,Oud Wood Tom Ford - SPICE OUD,عطور النيش الرجاليه,300,https://www.mad-parfumeur.com/respondio-catalog/wa/ar/p-202-spice-oud.html?v=20260731-2,https://madperfume.ps/?app=product.show.202,https://www.mad-parfumeur.com/respondio-catalog/og/ar/p-202-spice-oud.jpg?v=20260731-2,https://madperfume.ps/upload/03-2026/product/IMG_0337.jpeg
ar,Effect,Side Effect Initio Parfums Prives,عطور النيش الرجاليه,300,https://www.mad-parfumeur.com/respondio-catalog/wa/ar/p-203-effect.html?v=20260731-2,https://madperfume.ps/?app=product.show.203,https://www.mad-parfumeur.com/respondio-catalog/og/ar/p-203-effect.jpg?v=20260731-2,https://madperfume.ps/upload/03-2026/product/IMG_0309.jpeg
ar,MALIK,Escentric 02 Escentric Molecules,عطور النيش الرجاليه,300,https://www.mad-parfumeur.com/respondio-catalog/wa/ar/p-204-malik.html?v=20260731-2,https://madperfume.ps/?app=product.show.204,https://www.mad-parfumeur.com/respondio-catalog/og/ar/p-204-malik.jpg?v=20260731-2,https://madperfume.ps/upload/03-2026/product/IMG_0298.jpeg
ar,M101,M101,عطور النيش الرجاليه,300,https://www.mad-parfumeur.com/respondio-catalog/wa/ar/p-205-m101.html?v=20260731-2,https://madperfume.ps/?app=product.show.205,https://www.mad-parfumeur.com/respondio-catalog/og/ar/p-205-m101.jpg?v=20260731-2,https://madperfume.ps/upload/03-2026/product/IMG_0331.jpeg
ar,Trono,Layton Parfums de Marly,عطور النيش الرجاليه,300,https://www.mad-parfumeur.com/respondio-catalog/wa/ar/p-206-trono.html?v=20260731-2,https://madperfume.ps/?app=product.show.206,https://www.mad-parfumeur.com/respondio-catalog/og/ar/p-206-trono.jpg?v=20260731-2,https://madperfume.ps/upload/03-2026/product/IMG_0184.jpeg
ar,Devil's Trick,Devil's Intrigue Haute Fragrance Company HFC,عطور النيش النسائيه,250,https://www.mad-parfumeur.com/respondio-catalog/wa/ar/p-207-devil-s-trick.html?v=20260731-2,https://madperfume.ps/?app=product.show.207,https://www.mad-parfumeur.com/respondio-catalog/og/ar/p-207-devil-s-trick.jpg?v=20260731-2,https://madperfume.ps/upload/01-2026/product/697a274fca45d.png
ar,Madam The Roman Night,Goldea The Roman Night Absolute Bvlgari,عطور النيش النسائيه,250,https://www.mad-parfumeur.com/respondio-catalog/wa/ar/p-208-madam-the-roman-night.html?v=20260731-2,https://madperfume.ps/?app=product.show.208,https://www.mad-parfumeur.com/respondio-catalog/og/ar/p-208-madam-the-roman-night.jpg?v=20260731-2,https://madperfume.ps/upload/01-2026/product/697a284ceb226.png
ar,Secret Night,DE MARLEY ATHALIA,عطور النيش النسائيه,300,https://www.mad-parfumeur.com/respondio-catalog/wa/ar/p-209-secret-night.html?v=20260731-2,https://madperfume.ps/?app=product.show.209,https://www.mad-parfumeur.com/respondio-catalog/og/ar/p-209-secret-night.jpg?v=20260731-2,https://madperfume.ps/upload/03-2026/product/IMG_0278.jpeg
ar,Sense,Apollonia Xerjoff,عطور النيش النسائيه,250,https://www.mad-parfumeur.com/respondio-catalog/wa/ar/p-210-sense.html?v=20260731-2,https://madperfume.ps/?app=product.show.210,https://www.mad-parfumeur.com/respondio-catalog/og/ar/p-210-sense.jpg?v=20260731-2,https://madperfume.ps/upload/03-2026/product/IMG_0291.jpeg
ar,Golden Age,Accento Xerjoff,عطور النيش النسائيه,180,https://www.mad-parfumeur.com/respondio-catalog/wa/ar/p-211-golden-age.html?v=20260731-2,https://madperfume.ps/?app=product.show.211,https://www.mad-parfumeur.com/respondio-catalog/og/ar/p-211-golden-age.jpg?v=20260731-2,https://madperfume.ps/upload/03-2026/product/IMG_0313.jpeg
ar,Golden Glory,Idylle Eau Sublime Guerlain,عطور النيش النسائيه,180,https://www.mad-parfumeur.com/respondio-catalog/wa/ar/p-212-golden-glory.html?v=20260731-2,https://madperfume.ps/?app=product.show.212,https://www.mad-parfumeur.com/respondio-catalog/og/ar/p-212-golden-glory.jpg?v=20260731-2,https://madperfume.ps/upload/03-2026/product/IMG_0320.jpeg
ar,Sapphire,عبير من الجرأة والرقي – كجوهرة ثمينة تروي حكاية,عطور النيش الرجاليه,350,https://www.mad-parfumeur.com/respondio-catalog/wa/ar/p-213-sapphire.html?v=20260731-2,https://madperfume.ps/?app=product.show.213,https://www.mad-parfumeur.com/respondio-catalog/og/ar/p-213-sapphire.jpg?v=20260731-2,https://madperfume.ps/upload/01-2026/product/b43cfddd-4e47-4dab-939a-e76f31e8ee80_size640_cropCenter.jpg
ar,Mare,Mare,عطور النيش الرجاليه,500,https://www.mad-parfumeur.com/respondio-catalog/wa/ar/p-214-mare.html?v=20260731-2,https://madperfume.ps/?app=product.show.214,https://www.mad-parfumeur.com/respondio-catalog/og/ar/p-214-mare.jpg?v=20260731-2,https://madperfume.ps/upload/01-2026/product/74e76c6f-95d1-454c-a178-939ca076f7e9_size640_cropCenter.jpg
ar,Oud Supreme,Mad Oud Supreme,عطور النيش الرجاليه,350,https://www.mad-parfumeur.com/respondio-catalog/wa/ar/p-215-oud-supreme.html?v=20260731-2,https://madperfume.ps/?app=product.show.215,https://www.mad-parfumeur.com/respondio-catalog/og/ar/p-215-oud-supreme.jpg?v=20260731-2,https://madperfume.ps/upload/01-2026/product/WhatsApp Image 2026-01-28 at 00.14.09.jpeg
ar,Lady,Lady,عطور النيش النسائيه,350,https://www.mad-parfumeur.com/respondio-catalog/wa/ar/p-216-lady.html?v=20260731-2,https://madperfume.ps/?app=product.show.216,https://www.mad-parfumeur.com/respondio-catalog/og/ar/p-216-lady.jpg?v=20260731-2,https://madperfume.ps/upload/01-2026/product/c16a65f3-3456-4962-a293-86378d821655_size640_cropCenter.jpg
ar,DIVERSE Exploration,Italian Leather Memo Paris,عطور النيش الرجاليه,300,https://www.mad-parfumeur.com/respondio-catalog/wa/ar/p-217-diverse-exploration.html?v=20260731-2,https://madperfume.ps/?app=product.show.217,https://www.mad-parfumeur.com/respondio-catalog/og/ar/p-217-diverse-exploration.jpg?v=20260731-2,https://madperfume.ps/upload/03-2026/product/IMG_0302.jpeg
ar,Mad-Mona-Rosa-120-ML,Mad-Mona-Rosa-120-ML,عطور البيت والمكتب,45,https://www.mad-parfumeur.com/respondio-catalog/wa/ar/p-222-mad-mona-rosa-120-ml.html?v=20260731-2,https://madperfume.ps/?app=product.show.222,https://www.mad-parfumeur.com/respondio-catalog/og/ar/p-222-mad-mona-rosa-120-ml.jpg?v=20260731-2,https://madperfume.ps/upload/09-2023/product/mad-mona-rosa-120ml-ortam-kokusu-8b-475.jpg
ar,-Mad-Dream-Buquet-120-ML,-Mad-Dream-Buquet-120-ML,عطور البيت والمكتب,45,https://www.mad-parfumeur.com/respondio-catalog/wa/ar/p-226-mad-dream-buquet-120-ml.html?v=20260731-2,https://madperfume.ps/?app=product.show.226,https://www.mad-parfumeur.com/respondio-catalog/og/ar/p-226-mad-dream-buquet-120-ml.jpg?v=20260731-2,https://madperfume.ps/upload/09-2023/product/mad-dream-bouquet-120ml-ortam-kokusu--96658.jpg
ar,-Mad-Limpio-120-ML,-Mad-Limpio-120-ML,عطور البيت والمكتب,45,https://www.mad-parfumeur.com/respondio-catalog/wa/ar/p-229-mad-limpio-120-ml.html?v=20260731-2,https://madperfume.ps/?app=product.show.229,https://www.mad-parfumeur.com/respondio-catalog/og/ar/p-229-mad-limpio-120-ml.jpg?v=20260731-2,https://madperfume.ps/upload/09-2023/product/mad-limpio-120-ml-ortam-kokusu120-ml-a646-b.jpeg
ar,-Mad-Bosphorus-120-ML,-Mad-Bosphorus-120-ML,عطور البيت والمكتب,45,https://www.mad-parfumeur.com/respondio-catalog/wa/ar/p-233-mad-bosphorus-120-ml.html?v=20260731-2,https://madperfume.ps/?app=product.show.233,https://www.mad-parfumeur.com/respondio-catalog/og/ar/p-233-mad-bosphorus-120-ml.jpg?v=20260731-2,https://madperfume.ps/upload/09-2023/product/mad-bosphorus-120-ml-ortam-kokusu120-m-433ad1.jpg
ar,turkish bath,turkish bath,عطور البيت والمكتب,45,https://www.mad-parfumeur.com/respondio-catalog/wa/ar/p-234-turkish-bath.html?v=20260731-2,https://madperfume.ps/?app=product.show.234,https://www.mad-parfumeur.com/respondio-catalog/og/ar/p-234-turkish-bath.jpg?v=20260731-2,https://madperfume.ps/upload/09-2023/product/mad-turkish-bath-120-ml-ortam-kokusu12-2da8a8.jpg
ar,Good-Night-Kiss-120-ML-,Good-Night-Kiss-120-ML-,عطور البيت والمكتب,45,https://www.mad-parfumeur.com/respondio-catalog/wa/ar/p-235-good-night-kiss-120-ml.html?v=20260731-2,https://madperfume.ps/?app=product.show.235,https://www.mad-parfumeur.com/respondio-catalog/og/ar/p-235-good-night-kiss-120-ml.jpg?v=20260731-2,https://madperfume.ps/upload/09-2023/product/mad-good-night-kiss-120-ml-ortam-kokus-0fe9c0.jpeg
ar,halloween,halloween,شموع,100,https://www.mad-parfumeur.com/respondio-catalog/wa/ar/p-236-halloween.html?v=20260731-2,https://madperfume.ps/?app=product.show.236,https://www.mad-parfumeur.com/respondio-catalog/og/ar/p-236-halloween.jpg?v=20260731-2,https://madperfume.ps/upload/09-2023/product/mad-halloween-200-gr-mum--b7a-48.jpg
ar,Wizard,Wizard,شموع,100,https://www.mad-parfumeur.com/respondio-catalog/wa/ar/p-238-wizard.html?v=20260731-2,https://madperfume.ps/?app=product.show.238,https://www.mad-parfumeur.com/respondio-catalog/og/ar/p-238-wizard.jpg?v=20260731-2,https://madperfume.ps/upload/09-2023/product/mad-wizard-200-gr-mum--332160.jpg
ar,Prevail,Prevail,شموع,100,https://www.mad-parfumeur.com/respondio-catalog/wa/ar/p-239-prevail.html?v=20260731-2,https://madperfume.ps/?app=product.show.239,https://www.mad-parfumeur.com/respondio-catalog/og/ar/p-239-prevail.jpg?v=20260731-2,https://madperfume.ps/upload/09-2023/product/mad-prevail-200-gr-mum--6-b2f8.jpg
ar,T109,Thomas 4,عطور الرجال,100,https://www.mad-parfumeur.com/respondio-catalog/wa/ar/p-246-t109.html?v=20260731-2,https://madperfume.ps/?app=product.show.246,https://www.mad-parfumeur.com/respondio-catalog/og/ar/p-246-t109.jpg?v=20260731-2,https://madperfume.ps/upload/03-2026/product/BED161E6-88ED-4CA5-894D-760A1CBBD1B9.png
ar,Rouge night,Erba Pura Xerjoff,عطور النيش الرجاليه,300,https://www.mad-parfumeur.com/respondio-catalog/wa/ar/p-265-rouge-night.html?v=20260731-2,https://madperfume.ps/?app=product.show.265,https://www.mad-parfumeur.com/respondio-catalog/og/ar/p-265-rouge-night.jpg?v=20260731-2,https://madperfume.ps/upload/01-2026/product/6979630e77e78.png
ar,Mad Turkish Bath 500 ml,Mad Turkish Bath 500 ml,معطر الجو,60,https://www.mad-parfumeur.com/respondio-catalog/wa/ar/p-268-mad-turkish-bath-500-ml.html?v=20260731-2,https://madperfume.ps/?app=product.show.268,https://www.mad-parfumeur.com/respondio-catalog/og/ar/p-268-mad-turkish-bath-500-ml.jpg?v=20260731-2,https://madperfume.ps/upload/12-2023/product/IMG_8806.jpeg
ar,Favorilere Ekle Mad Pure Natural 500 ml,Favorilere Ekle Mad Pure Natural 500 ml,معطر الجو,60,https://www.mad-parfumeur.com/respondio-catalog/wa/ar/p-270-favorilere-ekle-mad-pure-natural-500-ml.html?v=20260731-2,https://madperfume.ps/?app=product.show.270,https://www.mad-parfumeur.com/respondio-catalog/og/ar/p-270-favorilere-ekle-mad-pure-natural-500-ml.jpg?v=20260731-2,https://madperfume.ps/upload/12-2023/product/IMG_8812.jpeg
ar,Favorilere Ekle Mad Mona Rosa 500 ml,Favorilere Ekle Mad Mona Rosa 500 ml,معطر الجو,60,https://www.mad-parfumeur.com/respondio-catalog/wa/ar/p-271-favorilere-ekle-mad-mona-rosa-500-ml.html?v=20260731-2,https://madperfume.ps/?app=product.show.271,https://www.mad-parfumeur.com/respondio-catalog/og/ar/p-271-favorilere-ekle-mad-mona-rosa-500-ml.jpg?v=20260731-2,https://madperfume.ps/upload/12-2023/product/IMG_8810.jpeg
ar,Favorilere Ekle Mad Hipnotizya 500 ml,Favorilere Ekle Mad Hipnotizya 500 ml,معطر الجو,60,https://www.mad-parfumeur.com/respondio-catalog/wa/ar/p-272-favorilere-ekle-mad-hipnotizya-500-ml.html?v=20260731-2,https://madperfume.ps/?app=product.show.272,https://www.mad-parfumeur.com/respondio-catalog/og/ar/p-272-favorilere-ekle-mad-hipnotizya-500-ml.jpg?v=20260731-2,https://madperfume.ps/upload/12-2023/product/IMG_8808.jpeg
ar,Mad Dream Bouquet 500 ml,Mad Dream Bouquet 500 ml,معطر الجو,60,https://www.mad-parfumeur.com/respondio-catalog/wa/ar/p-273-mad-dream-bouquet-500-ml.html?v=20260731-2,https://madperfume.ps/?app=product.show.273,https://www.mad-parfumeur.com/respondio-catalog/og/ar/p-273-mad-dream-bouquet-500-ml.jpg?v=20260731-2,https://madperfume.ps/upload/12-2023/product/IMG_8814.jpeg
ar,معطر جو للسيارة ماد برائحة البطيخ والفراولة 8 مل,معطر جو للسيارة ماد برائحة البطيخ والفراولة 8 مل,عطور السياره,15,https://www.mad-parfumeur.com/respondio-catalog/wa/ar/p-276-8.html?v=20260731-2,https://madperfume.ps/?app=product.show.276,https://www.mad-parfumeur.com/respondio-catalog/og/ar/p-276-8.jpg?v=20260731-2,https://madperfume.ps/upload/06-2025/product/water melon car.webp
ar,معطر جو للسيارة ماد هيبنوتيزيا 7 مل,معطر جو للسيارة ماد هيبنوتيزيا 7 مل,عطور السياره,15,https://www.mad-parfumeur.com/respondio-catalog/wa/ar/p-277-7.html?v=20260731-2,https://madperfume.ps/?app=product.show.277,https://www.mad-parfumeur.com/respondio-catalog/og/ar/p-277-7.jpg?v=20260731-2,https://madperfume.ps/upload/06-2025/product/1-6f42d6ce.png
ar,ماد باتش 8 مل معطر جو للسيارة,ماد باتش 8 مل معطر جو للسيارة,عطور السياره,15,https://www.mad-parfumeur.com/respondio-catalog/wa/ar/p-278-8.html?v=20260731-2,https://madperfume.ps/?app=product.show.278,https://www.mad-parfumeur.com/respondio-catalog/og/ar/p-278-8.jpg?v=20260731-2,https://madperfume.ps/upload/06-2025/product/1-96677c38.png
ar,ماد ليمبيو معطر هواء للسيارة 7 مل,ماد ليمبيو معطر هواء للسيارة 7 مل,عطور السياره,15,https://www.mad-parfumeur.com/respondio-catalog/wa/ar/p-279-7.html?v=20260731-2,https://madperfume.ps/?app=product.show.279,https://www.mad-parfumeur.com/respondio-catalog/og/ar/p-279-7.jpg?v=20260731-2,https://madperfume.ps/upload/06-2025/product/1-71dc13ec.png
ar,مجموعة ماد بريف 160 مل عطر,مجموعة ماد بريف 160 مل عطر,عطور الشعر,35,https://www.mad-parfumeur.com/respondio-catalog/wa/ar/p-280-160.html?v=20260731-2,https://madperfume.ps/?app=product.show.280,https://www.mad-parfumeur.com/respondio-catalog/og/ar/p-280-160.jpg?v=20260731-2,https://madperfume.ps/upload/12-2023/product/mad-brave-selection-160-ml-sac-parfumu-15-b95.jpg
ar,ماد باشن فروت 160 مل عطر,ماد باشن فروت 160 مل عطر,عطور الشعر,35,https://www.mad-parfumeur.com/respondio-catalog/wa/ar/p-281-160.html?v=20260731-2,https://madperfume.ps/?app=product.show.281,https://www.mad-parfumeur.com/respondio-catalog/og/ar/p-281-160.jpg?v=20260731-2,https://madperfume.ps/upload/12-2023/product/mad-passion-fruit-160-ml-sac-parfumu16-02b382.jpg
ar,عطر ماد بيرلز ديلايت للشعر 160 مل,عطر ماد بيرلز ديلايت للشعر 160 مل,عطور الشعر,35,https://www.mad-parfumeur.com/respondio-catalog/wa/ar/p-282-160.html?v=20260731-2,https://madperfume.ps/?app=product.show.282,https://www.mad-parfumeur.com/respondio-catalog/og/ar/p-282-160.jpg?v=20260731-2,https://madperfume.ps/upload/12-2023/product/mad-peerles-delight-160-ml-sac-parfumu-1-e358.jpg
ar,عطر ماد بريتي بيوتي للشعر 160 مل,عطر ماد بريتي بيوتي للشعر 160 مل,عطور الشعر,35,https://www.mad-parfumeur.com/respondio-catalog/wa/ar/p-283-160.html?v=20260731-2,https://madperfume.ps/?app=product.show.283,https://www.mad-parfumeur.com/respondio-catalog/og/ar/p-283-160.jpg?v=20260731-2,https://madperfume.ps/upload/12-2023/product/mad-pretty-beauty-160-ml-sac-parfumu16-0-7b24.jpg
ar,J105,Le Male Elixir by Jean Paul Gaultier,عطور الرجال,100,https://www.mad-parfumeur.com/respondio-catalog/wa/ar/p-285-j105.html?v=20260731-2,https://madperfume.ps/?app=product.show.285,https://www.mad-parfumeur.com/respondio-catalog/og/ar/p-285-j105.jpg?v=20260731-2,https://madperfume.ps/upload/03-2026/product/IMG_0464.jpeg
ar,L102,Ombre Nomade - Louis Vuitton,عطور الرجال,100,https://www.mad-parfumeur.com/respondio-catalog/wa/ar/p-286-l102.html?v=20260731-2,https://madperfume.ps/?app=product.show.286,https://www.mad-parfumeur.com/respondio-catalog/og/ar/p-286-l102.jpg?v=20260731-2,https://madperfume.ps/upload/03-2026/product/5FF7725D-93F0-4A19-9059-C6437272A86B.png
ar,L103,Imagination - Louis Vuitton,عطور الرجال,100,https://www.mad-parfumeur.com/respondio-catalog/wa/ar/p-287-l103.html?v=20260731-2,https://madperfume.ps/?app=product.show.287,https://www.mad-parfumeur.com/respondio-catalog/og/ar/p-287-l103.jpg?v=20260731-2,https://madperfume.ps/upload/03-2026/product/7F104E4A-ADCD-4D93-A9FA-7F28B73856E6.png
ar,Y101,Y Eau de Parfum Intense by Yves Saint Laurent,عطور الرجال,100,https://www.mad-parfumeur.com/respondio-catalog/wa/ar/p-288-y101.html?v=20260731-2,https://madperfume.ps/?app=product.show.288,https://www.mad-parfumeur.com/respondio-catalog/og/ar/p-288-y101.jpg?v=20260731-2,https://madperfume.ps/upload/03-2026/product/9486EBC7-F209-47F4-B136-83311479F27D.png
ar,VAGAS - T107 W183 T109,عطور اصليه وليست زيوت,الحملات والعروض الرجاليه,300,https://www.mad-parfumeur.com/respondio-catalog/wa/ar/p-296-vagas-t107-w183-t109.html?v=20260731-2,https://madperfume.ps/?app=product.show.296,https://www.mad-parfumeur.com/respondio-catalog/og/ar/p-296-vagas-t107-w183-t109.jpg?v=20260731-2,https://madperfume.ps/upload/05-2024/product/6640787594711.jpg
ar,V113,Valentino Donna Born In Roma Valentino,عطور النساء,100,https://www.mad-parfumeur.com/respondio-catalog/wa/ar/p-297-v113.html?v=20260731-2,https://madperfume.ps/?app=product.show.297,https://www.mad-parfumeur.com/respondio-catalog/og/ar/p-297-v113.jpg?v=20260731-2,https://madperfume.ps/upload/06-2025/product/6852b13877c41.png
ar,G108,Insolence Eau de Toilette** من **Guerlain,عطور النساء,100,https://www.mad-parfumeur.com/respondio-catalog/wa/ar/p-298-g108.html?v=20260731-2,https://madperfume.ps/?app=product.show.298,https://www.mad-parfumeur.com/respondio-catalog/og/ar/p-298-g108.jpg?v=20260731-2,https://madperfume.ps/upload/06-2025/product/6852af9942f42.png
ar,عطور سويتيه [מתוק] W191 A115 T109,عطور سويتيه [מתוק] W191 A115 T109,الحملات والعروض الرجاليه,300,https://www.mad-parfumeur.com/respondio-catalog/wa/ar/p-302-w191-a115-t109.html?v=20260731-2,https://madperfume.ps/?app=product.show.302,https://www.mad-parfumeur.com/respondio-catalog/og/ar/p-302-w191-a115-t109.jpg?v=20260731-2,https://madperfume.ps/upload/05-2024/product/88888 copy.jpg
ar,AFRODITA-N106 W154 L101,AFRODITA-N106 W154 L101,الحملات والعروض الرجاليه,300,https://www.mad-parfumeur.com/respondio-catalog/wa/ar/p-305-afrodita-n106-w154-l101.html?v=20260731-2,https://madperfume.ps/?app=product.show.305,https://www.mad-parfumeur.com/respondio-catalog/og/ar/p-305-afrodita-n106-w154-l101.jpg?v=20260731-2,https://madperfume.ps/upload/05-2024/product/6645e5b83ac0c.jpg
ar,x102,XJ 1861 Naxos - Xerjoff,عطور الرجال,100,https://www.mad-parfumeur.com/respondio-catalog/wa/ar/p-311-x102.html?v=20260731-2,https://madperfume.ps/?app=product.show.311,https://www.mad-parfumeur.com/respondio-catalog/og/ar/p-311-x102.jpg?v=20260731-2,https://madperfume.ps/upload/03-2026/product/82D7332C-E5A9-46D3-9CAE-7ADA4F7AFE84.png
ar,ROYAL - W191 T104 W150,ROYAL - W191 T104 W150,الحملات والعروض الرجاليه,300,https://www.mad-parfumeur.com/respondio-catalog/wa/ar/p-316-royal-w191-t104-w150.html?v=20260731-2,https://madperfume.ps/?app=product.show.316,https://www.mad-parfumeur.com/respondio-catalog/og/ar/p-316-royal-w191-t104-w150.jpg?v=20260731-2,https://madperfume.ps/upload/05-2024/product/6640a39de887d.jpg
ar,ELEGANCE - T106 W183 T103,ELEGANCE - T106 W183 T103,الحملات والعروض الرجاليه,300,https://www.mad-parfumeur.com/respondio-catalog/wa/ar/p-317-elegance-t106-w183-t103.html?v=20260731-2,https://madperfume.ps/?app=product.show.317,https://www.mad-parfumeur.com/respondio-catalog/og/ar/p-317-elegance-t106-w183-t103.jpg?v=20260731-2,https://madperfume.ps/upload/05-2024/product/66409f3244d70.jpg
ar,LEGEND - B107 W158 A104,💰 السعر: فقط 350 شيكل شامل التوصيل,الحملات والعروض الرجاليه,300,https://www.mad-parfumeur.com/respondio-catalog/wa/ar/p-320-legend-b107-w158-a104.html?v=20260731-2,https://madperfume.ps/?app=product.show.320,https://www.mad-parfumeur.com/respondio-catalog/og/ar/p-320-legend-b107-w158-a104.jpg?v=20260731-2,https://madperfume.ps/upload/05-2024/product/664089d9d5c26.jpg
ar,DREAM LIGHET,ATTRAPE-RÊVES,عطور النيش الرجاليه,350,https://www.mad-parfumeur.com/respondio-catalog/wa/ar/p-323-dream-lighet.html?v=20260731-2,https://madperfume.ps/?app=product.show.323,https://www.mad-parfumeur.com/respondio-catalog/og/ar/p-323-dream-lighet.jpg?v=20260731-2,https://madperfume.ps/upload/01-2026/product/697a41cb44dfa.png
ar,STARLIGHT,City Of Stars Louis Vuitton,عطور النيش الرجاليه,350,https://www.mad-parfumeur.com/respondio-catalog/wa/ar/p-324-starlight.html?v=20260731-2,https://madperfume.ps/?app=product.show.324,https://www.mad-parfumeur.com/respondio-catalog/og/ar/p-324-starlight.jpg?v=20260731-2,https://madperfume.ps/upload/01-2026/product/697a4348c0dd5.png
ar,SEALIGHET,L’Immensité Louis Vuitton,عطور النيش الرجاليه,350,https://www.mad-parfumeur.com/respondio-catalog/wa/ar/p-326-sealighet.html?v=20260731-2,https://madperfume.ps/?app=product.show.326,https://www.mad-parfumeur.com/respondio-catalog/og/ar/p-326-sealighet.jpg?v=20260731-2,https://madperfume.ps/upload/01-2026/product/697a4293a64de.png
ar,p107,Prada Paradoxe من Prada,عطور النساء,100,https://www.mad-parfumeur.com/respondio-catalog/wa/ar/p-327-p107.html?v=20260731-2,https://madperfume.ps/?app=product.show.327,https://www.mad-parfumeur.com/respondio-catalog/og/ar/p-327-p107.jpg?v=20260731-2,https://madperfume.ps/upload/01-2026/product/697be6aed3f73.png
ar,SHAH,Shah 50 ml Unisex,عطور النيش الرجاليه,500,https://www.mad-parfumeur.com/respondio-catalog/wa/ar/p-360-shah.html?v=20260731-2,https://madperfume.ps/?app=product.show.360,https://www.mad-parfumeur.com/respondio-catalog/og/ar/p-360-shah.jpg?v=20260731-2,https://madperfume.ps/upload/01-2026/product/106e07a1-b587-46b0-9ba0-f30e1c359afa_size640_cropCenter.jpg
ar,D116,Q by Dolce & Gabbana - Dolce&Gabbana,عطور النساء,100,https://www.mad-parfumeur.com/respondio-catalog/wa/ar/p-387-d116.html?v=20260731-2,https://madperfume.ps/?app=product.show.387,https://www.mad-parfumeur.com/respondio-catalog/og/ar/p-387-d116.jpg?v=20260731-2,https://madperfume.ps/upload/06-2025/product/198.png
ar,D117,Devotion - Dolce&Gabbana,عطور النساء,100,https://www.mad-parfumeur.com/respondio-catalog/wa/ar/p-388-d117.html?v=20260731-2,https://madperfume.ps/?app=product.show.388,https://www.mad-parfumeur.com/respondio-catalog/og/ar/p-388-d117.jpg?v=20260731-2,https://madperfume.ps/upload/01-2026/product/697e3c614dcf7.png
ar,Rouge Empreisa 100 ml Unisex Parfüm,Empressa Penhaligon's,عطور النيش النسائيه,300,https://www.mad-parfumeur.com/respondio-catalog/wa/ar/p-390-rouge-empreisa-100-ml-unisex-parf-m.html?v=20260731-2,https://madperfume.ps/?app=product.show.390,https://www.mad-parfumeur.com/respondio-catalog/og/ar/p-390-rouge-empreisa-100-ml-unisex-parf-m.jpg?v=20260731-2,https://madperfume.ps/upload/01-2026/product/6979626224538.png
ar,DETOX,Delox Tiziana Terenzi,عطور النيش الرجاليه,300,https://www.mad-parfumeur.com/respondio-catalog/wa/ar/p-391-detox.html?v=20260731-2,https://madperfume.ps/?app=product.show.391,https://www.mad-parfumeur.com/respondio-catalog/og/ar/p-391-detox.jpg?v=20260731-2,https://madperfume.ps/upload/01-2026/product/69794e00810ae.png
ar,Bruno Casanova,Casanova Tiziana Terenzi,عطور النيش الرجاليه,300,https://www.mad-parfumeur.com/respondio-catalog/wa/ar/p-392-bruno-casanova.html?v=20260731-2,https://madperfume.ps/?app=product.show.392,https://www.mad-parfumeur.com/respondio-catalog/og/ar/p-392-bruno-casanova.jpg?v=20260731-2,https://madperfume.ps/upload/01-2026/product/69794d606f005.png
ar,Bruno Exotic,my kurkdjian amyrisv homme,عطور النيش الرجاليه,300,https://www.mad-parfumeur.com/respondio-catalog/wa/ar/p-393-bruno-exotic.html?v=20260731-2,https://madperfume.ps/?app=product.show.393,https://www.mad-parfumeur.com/respondio-catalog/og/ar/p-393-bruno-exotic.jpg?v=20260731-2,https://madperfume.ps/upload/01-2026/product/69794c99e6ba4.png
ar,Mad Absolutely,Modern Muse Nuit Estée Lauder,عطور النيش الرجاليه,300,https://www.mad-parfumeur.com/respondio-catalog/wa/ar/p-394-mad-absolutely.html?v=20260731-2,https://madperfume.ps/?app=product.show.394,https://www.mad-parfumeur.com/respondio-catalog/og/ar/p-394-mad-absolutely.jpg?v=20260731-2,https://madperfume.ps/upload/01-2026/product/69794b32adeb8.png
ar,Sweet Bouquet,Delina Parfums de Marly,عطور النيش النسائيه,300,https://www.mad-parfumeur.com/respondio-catalog/wa/ar/p-395-sweet-bouquet.html?v=20260731-2,https://madperfume.ps/?app=product.show.395,https://www.mad-parfumeur.com/respondio-catalog/og/ar/p-395-sweet-bouquet.jpg?v=20260731-2,https://madperfume.ps/upload/01-2026/product/69795f89e26e2.png
ar,V101,Scandalous من Victoria's Secret,عطور النساء,100,https://www.mad-parfumeur.com/respondio-catalog/wa/ar/p-401-v101.html?v=20260731-2,https://madperfume.ps/?app=product.show.401,https://www.mad-parfumeur.com/respondio-catalog/og/ar/p-401-v101.jpg?v=20260731-2,https://madperfume.ps/upload/01-2026/product/697e4e1a9ede3.png
ar,T109 L102 W150,T109 L102 W150,الحملات والعروض الرجاليه,300,https://www.mad-parfumeur.com/respondio-catalog/wa/ar/p-411-t109-l102-w150.html?v=20260731-2,https://madperfume.ps/?app=product.show.411,https://www.mad-parfumeur.com/respondio-catalog/og/ar/p-411-t109-l102-w150.jpg?v=20260731-2,https://madperfume.ps/upload/07-2024/product/66a21c482023b.jpg
ar,W198,Egoiste Platinum - Chanel,عطور الرجال,100,https://www.mad-parfumeur.com/respondio-catalog/wa/ar/p-414-w198.html?v=20260731-2,https://madperfume.ps/?app=product.show.414,https://www.mad-parfumeur.com/respondio-catalog/og/ar/p-414-w198.jpg?v=20260731-2,https://madperfume.ps/upload/06-2025/product/83.png
ar,G111,Good Girl Blush** من **Carolina Herrera,عطور النساء,100,https://www.mad-parfumeur.com/respondio-catalog/wa/ar/p-421-g111.html?v=20260731-2,https://madperfume.ps/?app=product.show.421,https://www.mad-parfumeur.com/respondio-catalog/og/ar/p-421-g111.jpg?v=20260731-2,https://madperfume.ps/upload/06-2025/product/97.png
ar,G109,La Petite Robe Noire** من **Guerlain,عطور النساء,100,https://www.mad-parfumeur.com/respondio-catalog/wa/ar/p-422-g109.html?v=20260731-2,https://madperfume.ps/?app=product.show.422,https://www.mad-parfumeur.com/respondio-catalog/og/ar/p-422-g109.jpg?v=20260731-2,https://madperfume.ps/upload/06-2025/product/68501a1f6631a.png
ar,G110,Flora Gorgeous Gardenia** من **Gucci,عطور النساء,100,https://www.mad-parfumeur.com/respondio-catalog/wa/ar/p-424-g110.html?v=20260731-2,https://madperfume.ps/?app=product.show.424,https://www.mad-parfumeur.com/respondio-catalog/og/ar/p-424-g110.jpg?v=20260731-2,https://madperfume.ps/upload/06-2025/product/116.png
ar,C122,عطر Paris – Venise - Chanel,عطور النساء,150,https://www.mad-parfumeur.com/respondio-catalog/wa/ar/p-425-c122.html?v=20260731-2,https://madperfume.ps/?app=product.show.425,https://www.mad-parfumeur.com/respondio-catalog/og/ar/p-425-c122.jpg?v=20260731-2,https://madperfume.ps/upload/06-2025/product/24.png
ar,G103,Intense Oud by Gucci,عطور الرجال,150,https://www.mad-parfumeur.com/respondio-catalog/wa/ar/p-426-g103.html?v=20260731-2,https://madperfume.ps/?app=product.show.426,https://www.mad-parfumeur.com/respondio-catalog/og/ar/p-426-g103.jpg?v=20260731-2,https://madperfume.ps/upload/06-2025/product/9.png
ar,Q118,Costa Azzurra Acqua by Tom Ford,عطور الرجال,150,https://www.mad-parfumeur.com/respondio-catalog/wa/ar/p-428-q118.html?v=20260731-2,https://madperfume.ps/?app=product.show.428,https://www.mad-parfumeur.com/respondio-catalog/og/ar/p-428-q118.jpg?v=20260731-2,https://madperfume.ps/upload/06-2025/product/11.png
ar,Q121,Chaos by Vertus,عطور الرجال,150,https://www.mad-parfumeur.com/respondio-catalog/wa/ar/p-429-q121.html?v=20260731-2,https://madperfume.ps/?app=product.show.429,https://www.mad-parfumeur.com/respondio-catalog/og/ar/p-429-q121.jpg?v=20260731-2,https://madperfume.ps/upload/06-2025/product/10.png
ar,Q120,ANKA by Vertus,عطور الرجال,150,https://www.mad-parfumeur.com/respondio-catalog/wa/ar/p-430-q120.html?v=20260731-2,https://madperfume.ps/?app=product.show.430,https://www.mad-parfumeur.com/respondio-catalog/og/ar/p-430-q120.jpg?v=20260731-2,https://madperfume.ps/upload/06-2025/product/8.png
ar,G111 G110 W201,💸 السعر: 350 شيكل فقط لثلاث عطور!,الحملات والعروض الرجاليه,300,https://www.mad-parfumeur.com/respondio-catalog/wa/ar/p-431-g111-g110-w201.html?v=20260731-2,https://madperfume.ps/?app=product.show.431,https://www.mad-parfumeur.com/respondio-catalog/og/ar/p-431-g111-g110-w201.jpg?v=20260731-2,https://madperfume.ps/upload/08-2024/product/33.jpg
ar,Q110,Ombré Leather (2018) - Tom Ford,عطور الرجال,100,https://www.mad-parfumeur.com/respondio-catalog/wa/ar/p-436-q110.html?v=20260731-2,https://madperfume.ps/?app=product.show.436,https://www.mad-parfumeur.com/respondio-catalog/og/ar/p-436-q110.jpg?v=20260731-2,https://madperfume.ps/upload/03-2026/product/IMG_0356.jpeg
ar,J107,Le Beau Paradise Garden by Jean Paul Gaultier,عطور الرجال,100,https://www.mad-parfumeur.com/respondio-catalog/wa/ar/p-437-j107.html?v=20260731-2,https://madperfume.ps/?app=product.show.437,https://www.mad-parfumeur.com/respondio-catalog/og/ar/p-437-j107.jpg?v=20260731-2,https://madperfume.ps/upload/01-2026/product/697e4234bf725.png
ar,J109,Ultra Male by Jean Paul Gaultier,عطور الرجال,100,https://www.mad-parfumeur.com/respondio-catalog/wa/ar/p-438-j109.html?v=20260731-2,https://madperfume.ps/?app=product.show.438,https://www.mad-parfumeur.com/respondio-catalog/og/ar/p-438-j109.jpg?v=20260731-2,https://madperfume.ps/upload/03-2026/product/C211DAB8-A2F9-43D1-9F32-1D026D6F11FF.png
ar,D103,K by Dolce & Gabbana Eau de Parfum,عطور الرجال,100,https://www.mad-parfumeur.com/respondio-catalog/wa/ar/p-439-d103.html?v=20260731-2,https://madperfume.ps/?app=product.show.439,https://www.mad-parfumeur.com/respondio-catalog/og/ar/p-439-d103.jpg?v=20260731-2,https://madperfume.ps/upload/03-2026/product/09CB8564-54F6-47AB-B789-726726BCF976.png
ar,Q112,Crush On Me - Unique'e Luxury,عطور الرجال,100,https://www.mad-parfumeur.com/respondio-catalog/wa/ar/p-440-q112.html?v=20260731-2,https://madperfume.ps/?app=product.show.440,https://www.mad-parfumeur.com/respondio-catalog/og/ar/p-440-q112.jpg?v=20260731-2,https://madperfume.ps/upload/03-2026/product/40A7B633-073C-4A2A-B422-66EA69FC36A1.png
ar,Q115,Nº4 Neon by Thomas Kosmala,عطور الرجال,100,https://www.mad-parfumeur.com/respondio-catalog/wa/ar/p-441-q115.html?v=20260731-2,https://madperfume.ps/?app=product.show.441,https://www.mad-parfumeur.com/respondio-catalog/og/ar/p-441-q115.jpg?v=20260731-2,https://madperfume.ps/upload/03-2026/product/6306CD66-600F-4605-AA38-439A32DC5E74.png
ar,Q116,Another 13 by Le Labo,عطور الرجال,100,https://www.mad-parfumeur.com/respondio-catalog/wa/ar/p-442-q116.html?v=20260731-2,https://madperfume.ps/?app=product.show.442,https://www.mad-parfumeur.com/respondio-catalog/og/ar/p-442-q116.jpg?v=20260731-2,https://madperfume.ps/upload/03-2026/product/99722CE0-623E-4802-85AB-346AB739D6F9.png
ar,Y102,**MYSLF Eau de Parfum من Yves Saint Laurent,عطور الرجال,100,https://www.mad-parfumeur.com/respondio-catalog/wa/ar/p-443-y102.html?v=20260731-2,https://madperfume.ps/?app=product.show.443,https://www.mad-parfumeur.com/respondio-catalog/og/ar/p-443-y102.jpg?v=20260731-2,https://madperfume.ps/upload/02-2026/product/697e809467efc.png
ar,B110,London - Burberry,عطور النساء,100,https://www.mad-parfumeur.com/respondio-catalog/wa/ar/p-445-b110.html?v=20260731-2,https://madperfume.ps/?app=product.show.445,https://www.mad-parfumeur.com/respondio-catalog/og/ar/p-445-b110.jpg?v=20260731-2,https://madperfume.ps/upload/06-2025/product/110.png
ar,V114,Voce Viva – من Valentino,عطور النساء,100,https://www.mad-parfumeur.com/respondio-catalog/wa/ar/p-446-v114.html?v=20260731-2,https://madperfume.ps/?app=product.show.446,https://www.mad-parfumeur.com/respondio-catalog/og/ar/p-446-v114.jpg?v=20260731-2,https://madperfume.ps/upload/06-2025/product/115.png
ar,W152,Versace Pour Femme Dylan Purple,عطور النساء,100,https://www.mad-parfumeur.com/respondio-catalog/wa/ar/p-447-w152.html?v=20260731-2,https://madperfume.ps/?app=product.show.447,https://www.mad-parfumeur.com/respondio-catalog/og/ar/p-447-w152.jpg?v=20260731-2,https://madperfume.ps/upload/01-2026/product/697be21318171.png
ar,P105,Luna Rossa Sport - Prada,عطور الرجال,100,https://www.mad-parfumeur.com/respondio-catalog/wa/ar/p-448-p105.html?v=20260731-2,https://madperfume.ps/?app=product.show.448,https://www.mad-parfumeur.com/respondio-catalog/og/ar/p-448-p105.jpg?v=20260731-2,https://madperfume.ps/upload/03-2026/product/3B9E57FA-186A-4896-9AF5-48B7FF305F87.png
ar,Q117,Oud Ispahan - Dior,عطور الرجال,100,https://www.mad-parfumeur.com/respondio-catalog/wa/ar/p-449-q117.html?v=20260731-2,https://madperfume.ps/?app=product.show.449,https://www.mad-parfumeur.com/respondio-catalog/og/ar/p-449-q117.jpg?v=20260731-2,https://madperfume.ps/upload/03-2026/product/E42C67C8-3FBD-42D8-8D5E-C03C21C881C2.png
ar,Q114,Atlantide - Tiziana Terenzi,عطور الرجال,100,https://www.mad-parfumeur.com/respondio-catalog/wa/ar/p-451-q114.html?v=20260731-2,https://madperfume.ps/?app=product.show.451,https://www.mad-parfumeur.com/respondio-catalog/og/ar/p-451-q114.jpg?v=20260731-2,https://madperfume.ps/upload/03-2026/product/F523BD9A-35F0-4CBA-8E0E-C226F226BF01.png
ar,Mad Japanese Cherry Blossom 200 ml Kolonya,Mad Japanese Cherry Blossom 200 ml Kolonya,عطور الكولونيا,30,https://www.mad-parfumeur.com/respondio-catalog/wa/ar/p-455-mad-japanese-cherry-blossom-200-ml-kolonya.html?v=20260731-2,https://madperfume.ps/?app=product.show.455,https://www.mad-parfumeur.com/respondio-catalog/og/ar/p-455-mad-japanese-cherry-blossom-200-ml-kolonya.jpg?v=20260731-2,https://madperfume.ps/upload/08-2024/product/66b86e93e4b31.png
ar,Mad Amber 200 ml Kolonya,Mad Amber 200 ml Kolonya,عطور الكولونيا,30,https://www.mad-parfumeur.com/respondio-catalog/wa/ar/p-456-mad-amber-200-ml-kolonya.html?v=20260731-2,https://madperfume.ps/?app=product.show.456,https://www.mad-parfumeur.com/respondio-catalog/og/ar/p-456-mad-amber-200-ml-kolonya.jpg?v=20260731-2,https://madperfume.ps/upload/08-2024/product/66b86edc34d87.png
ar,Mad Dream Bouquet 200 ml Kolonya,Mad Dream Bouquet 200 ml Kolonya,عطور الكولونيا,30,https://www.mad-parfumeur.com/respondio-catalog/wa/ar/p-457-mad-dream-bouquet-200-ml-kolonya.html?v=20260731-2,https://madperfume.ps/?app=product.show.457,https://www.mad-parfumeur.com/respondio-catalog/og/ar/p-457-mad-dream-bouquet-200-ml-kolonya.jpg?v=20260731-2,https://madperfume.ps/upload/08-2024/product/66b86f27a8590.png
ar,Mad Mimosa 200 ml Kolonya,Mad Mimosa 200 ml Kolonya,عطور الكولونيا,30,https://www.mad-parfumeur.com/respondio-catalog/wa/ar/p-458-mad-mimosa-200-ml-kolonya.html?v=20260731-2,https://madperfume.ps/?app=product.show.458,https://www.mad-parfumeur.com/respondio-catalog/og/ar/p-458-mad-mimosa-200-ml-kolonya.jpg?v=20260731-2,https://madperfume.ps/upload/08-2024/product/66b86f4b305c5.png
ar,Mad Aqua Di Blue 200 ml Kolonya,Mad Aqua Di Blue 200 ml Kolonya,عطور الكولونيا,30,https://www.mad-parfumeur.com/respondio-catalog/wa/ar/p-459-mad-aqua-di-blue-200-ml-kolonya.html?v=20260731-2,https://madperfume.ps/?app=product.show.459,https://www.mad-parfumeur.com/respondio-catalog/og/ar/p-459-mad-aqua-di-blue-200-ml-kolonya.jpg?v=20260731-2,https://madperfume.ps/upload/08-2024/product/66b86f67c4661.png
ar,Mad Bodrum Tangerine 200 ml Kolonya,Mad Bodrum Tangerine 200 ml Kolonya,عطور الكولونيا,30,https://www.mad-parfumeur.com/respondio-catalog/wa/ar/p-460-mad-bodrum-tangerine-200-ml-kolonya.html?v=20260731-2,https://madperfume.ps/?app=product.show.460,https://www.mad-parfumeur.com/respondio-catalog/og/ar/p-460-mad-bodrum-tangerine-200-ml-kolonya.jpg?v=20260731-2,https://madperfume.ps/upload/08-2024/product/66b86f8a56024.png
ar,Mad Fig Desert 200 ml Kolonya,Mad Fig Desert 200 ml Kolonya,عطور الكولونيا,30,https://www.mad-parfumeur.com/respondio-catalog/wa/ar/p-461-mad-fig-desert-200-ml-kolonya.html?v=20260731-2,https://madperfume.ps/?app=product.show.461,https://www.mad-parfumeur.com/respondio-catalog/og/ar/p-461-mad-fig-desert-200-ml-kolonya.jpg?v=20260731-2,https://madperfume.ps/upload/08-2024/product/66b86fcb96444.png
ar,Mad Lavender 200 ml Kolonya,Mad Lavender 200 ml Kolonya,عطور الكولونيا,30,https://www.mad-parfumeur.com/respondio-catalog/wa/ar/p-462-mad-lavender-200-ml-kolonya.html?v=20260731-2,https://madperfume.ps/?app=product.show.462,https://www.mad-parfumeur.com/respondio-catalog/og/ar/p-462-mad-lavender-200-ml-kolonya.jpg?v=20260731-2,https://madperfume.ps/upload/08-2024/product/66b8704c45aa8.png
ar,Mad Bergamot 200 ml Kolonya,Mad Bergamot 200 ml Kolonya,عطور الكولونيا,30,https://www.mad-parfumeur.com/respondio-catalog/wa/ar/p-463-mad-bergamot-200-ml-kolonya.html?v=20260731-2,https://madperfume.ps/?app=product.show.463,https://www.mad-parfumeur.com/respondio-catalog/og/ar/p-463-mad-bergamot-200-ml-kolonya.jpg?v=20260731-2,https://madperfume.ps/upload/08-2024/product/66b87094a61d6.png
ar,Mad Ice 200 ml Kolonya,Mad Ice 200 ml Kolonya,عطور الكولونيا,30,https://www.mad-parfumeur.com/respondio-catalog/wa/ar/p-464-mad-ice-200-ml-kolonya.html?v=20260731-2,https://madperfume.ps/?app=product.show.464,https://www.mad-parfumeur.com/respondio-catalog/og/ar/p-464-mad-ice-200-ml-kolonya.jpg?v=20260731-2,https://madperfume.ps/upload/08-2024/product/66b8712085a98.png
ar,Mad Neroli 200 ml Kolonya,Mad Neroli 200 ml Kolonya,عطور الكولونيا,30,https://www.mad-parfumeur.com/respondio-catalog/wa/ar/p-465-mad-neroli-200-ml-kolonya.html?v=20260731-2,https://madperfume.ps/?app=product.show.465,https://www.mad-parfumeur.com/respondio-catalog/og/ar/p-465-mad-neroli-200-ml-kolonya.jpg?v=20260731-2,https://madperfume.ps/upload/08-2024/product/66b87144b6c27.png
ar,Mad Green Tea 200 ml Kolonya,Mad Green Tea 200 ml Kolonya,عطور الكولونيا,30,https://www.mad-parfumeur.com/respondio-catalog/wa/ar/p-466-mad-green-tea-200-ml-kolonya.html?v=20260731-2,https://madperfume.ps/?app=product.show.466,https://www.mad-parfumeur.com/respondio-catalog/og/ar/p-466-mad-green-tea-200-ml-kolonya.jpg?v=20260731-2,https://madperfume.ps/upload/08-2024/product/66b87164f0d95.png
ar,Mad Lime 200 ml Kolonya,Mad Lime 200 ml Kolonya,عطور الكولونيا,30,https://www.mad-parfumeur.com/respondio-catalog/wa/ar/p-467-mad-lime-200-ml-kolonya.html?v=20260731-2,https://madperfume.ps/?app=product.show.467,https://www.mad-parfumeur.com/respondio-catalog/og/ar/p-467-mad-lime-200-ml-kolonya.jpg?v=20260731-2,https://madperfume.ps/upload/08-2024/product/66b8718095f2a.png
ar,Mad Velvet Lavender 200 ml Kolonya,Mad Velvet Lavender 200 ml Kolonya,عطور الكولونيا,30,https://www.mad-parfumeur.com/respondio-catalog/wa/ar/p-468-mad-velvet-lavender-200-ml-kolonya.html?v=20260731-2,https://madperfume.ps/?app=product.show.468,https://www.mad-parfumeur.com/respondio-catalog/og/ar/p-468-mad-velvet-lavender-200-ml-kolonya.jpg?v=20260731-2,https://madperfume.ps/upload/08-2024/product/66b8719bd68d1.png
ar,Mad Amber 110 ml Kolonya,Mad Amber 110 ml Kolonya,عطور الكولونيا,15,https://www.mad-parfumeur.com/respondio-catalog/wa/ar/p-469-mad-amber-110-ml-kolonya.html?v=20260731-2,https://madperfume.ps/?app=product.show.469,https://www.mad-parfumeur.com/respondio-catalog/og/ar/p-469-mad-amber-110-ml-kolonya.jpg?v=20260731-2,https://madperfume.ps/upload/08-2024/product/66b8726e43a9a.png
ar,Mad Dream Bouquet 110 ml Kolonya,Mad Dream Bouquet 110 ml Kolonya,عطور الكولونيا,15,https://www.mad-parfumeur.com/respondio-catalog/wa/ar/p-470-mad-dream-bouquet-110-ml-kolonya.html?v=20260731-2,https://madperfume.ps/?app=product.show.470,https://www.mad-parfumeur.com/respondio-catalog/og/ar/p-470-mad-dream-bouquet-110-ml-kolonya.jpg?v=20260731-2,https://madperfume.ps/upload/08-2024/product/66b872a3a6ed3.png
ar,Mad Japanese Cherry Blossom 110 ml Kolonya,Mad Japanese Cherry Blossom 110 ml Kolonya,عطور الكولونيا,15,https://www.mad-parfumeur.com/respondio-catalog/wa/ar/p-471-mad-japanese-cherry-blossom-110-ml-kolonya.html?v=20260731-2,https://madperfume.ps/?app=product.show.471,https://www.mad-parfumeur.com/respondio-catalog/og/ar/p-471-mad-japanese-cherry-blossom-110-ml-kolonya.jpg?v=20260731-2,https://madperfume.ps/upload/08-2024/product/66b872d239cc9.png
ar,Mad Mimosa 110 ml Kolonya,Mad Mimosa 110 ml Kolonya,عطور الكولونيا,15,https://www.mad-parfumeur.com/respondio-catalog/wa/ar/p-472-mad-mimosa-110-ml-kolonya.html?v=20260731-2,https://madperfume.ps/?app=product.show.472,https://www.mad-parfumeur.com/respondio-catalog/og/ar/p-472-mad-mimosa-110-ml-kolonya.jpg?v=20260731-2,https://madperfume.ps/upload/08-2024/product/66b872fd367a3.png
ar,Mad Green Tea 110 ml Kolonya,Mad Green Tea 110 ml Kolonya,عطور الكولونيا,15,https://www.mad-parfumeur.com/respondio-catalog/wa/ar/p-473-mad-green-tea-110-ml-kolonya.html?v=20260731-2,https://madperfume.ps/?app=product.show.473,https://www.mad-parfumeur.com/respondio-catalog/og/ar/p-473-mad-green-tea-110-ml-kolonya.jpg?v=20260731-2,https://madperfume.ps/upload/08-2024/product/66b873278e2d4.png
ar,Mad Fig Desert 110 ml Kolonya,Mad Fig Desert 110 ml Kolonya,عطور الكولونيا,15,https://www.mad-parfumeur.com/respondio-catalog/wa/ar/p-474-mad-fig-desert-110-ml-kolonya.html?v=20260731-2,https://madperfume.ps/?app=product.show.474,https://www.mad-parfumeur.com/respondio-catalog/og/ar/p-474-mad-fig-desert-110-ml-kolonya.jpg?v=20260731-2,https://madperfume.ps/upload/08-2024/product/66b8737a3500c.png
ar,Mad Aqua Di Blue 110 ml Kolonya,Mad Aqua Di Blue 110 ml Kolonya,عطور الكولونيا,15,https://www.mad-parfumeur.com/respondio-catalog/wa/ar/p-475-mad-aqua-di-blue-110-ml-kolonya.html?v=20260731-2,https://madperfume.ps/?app=product.show.475,https://www.mad-parfumeur.com/respondio-catalog/og/ar/p-475-mad-aqua-di-blue-110-ml-kolonya.jpg?v=20260731-2,https://madperfume.ps/upload/08-2024/product/66b873a989725.png
ar,Mad Bodrum Tangerine 110 ml Kolonya,Mad Bodrum Tangerine 110 ml Kolonya,عطور الكولونيا,15,https://www.mad-parfumeur.com/respondio-catalog/wa/ar/p-476-mad-bodrum-tangerine-110-ml-kolonya.html?v=20260731-2,https://madperfume.ps/?app=product.show.476,https://www.mad-parfumeur.com/respondio-catalog/og/ar/p-476-mad-bodrum-tangerine-110-ml-kolonya.jpg?v=20260731-2,https://madperfume.ps/upload/08-2024/product/66b873cc3fcf2.png
ar,Mad Lime 110 ml Kolonya,Mad Lime 110 ml Kolonya,عطور الكولونيا,15,https://www.mad-parfumeur.com/respondio-catalog/wa/ar/p-477-mad-lime-110-ml-kolonya.html?v=20260731-2,https://madperfume.ps/?app=product.show.477,https://www.mad-parfumeur.com/respondio-catalog/og/ar/p-477-mad-lime-110-ml-kolonya.jpg?v=20260731-2,https://madperfume.ps/upload/08-2024/product/66b873f4f2b5e.png
ar,Mad Classic Lemon 110 ml Kolonya,Mad Classic Lemon 110 ml Kolonya,عطور الكولونيا,15,https://www.mad-parfumeur.com/respondio-catalog/wa/ar/p-478-mad-classic-lemon-110-ml-kolonya.html?v=20260731-2,https://madperfume.ps/?app=product.show.478,https://www.mad-parfumeur.com/respondio-catalog/og/ar/p-478-mad-classic-lemon-110-ml-kolonya.jpg?v=20260731-2,https://madperfume.ps/upload/08-2024/product/66b874c38ae3a.png
ar,Mad Ice 110 ml Kolonya,Mad Ice 110 ml Kolonya,عطور الكولونيا,15,https://www.mad-parfumeur.com/respondio-catalog/wa/ar/p-479-mad-ice-110-ml-kolonya.html?v=20260731-2,https://madperfume.ps/?app=product.show.479,https://www.mad-parfumeur.com/respondio-catalog/og/ar/p-479-mad-ice-110-ml-kolonya.jpg?v=20260731-2,https://madperfume.ps/upload/08-2024/product/66b8744cbb37a.png
ar,W183 W191 T105 T109 Q113,tom ford neroli -sauvage -creed -fucking fabulous -tomas 4,الحملات والعروض الرجاليه,500,https://www.mad-parfumeur.com/respondio-catalog/wa/ar/p-487-w183-w191-t105-t109-q113.html?v=20260731-2,https://madperfume.ps/?app=product.show.487,https://www.mad-parfumeur.com/respondio-catalog/og/ar/p-487-w183-w191-t105-t109-q113.jpg?v=20260731-2,https://madperfume.ps/upload/08-2024/product/66c3331250f0e.jpg
ar,ماد كوكونت شاين 250 مل معطر للجسم,ماد كوكونت شاين 250 مل معطر للجسم,عطور الجسم,60,https://www.mad-parfumeur.com/respondio-catalog/wa/ar/p-494-250.html?v=20260731-2,https://madperfume.ps/?app=product.show.494,https://www.mad-parfumeur.com/respondio-catalog/og/ar/p-494-250.jpg?v=20260731-2,https://madperfume.ps/upload/09-2024/product/66e69606eed0a.png
ar,معطر الجسم ماد ميستيك سمر 250 مل,معطر الجسم ماد ميستيك سمر 250 مل,عطور الجسم,60,https://www.mad-parfumeur.com/respondio-catalog/wa/ar/p-495-250.html?v=20260731-2,https://madperfume.ps/?app=product.show.495,https://www.mad-parfumeur.com/respondio-catalog/og/ar/p-495-250.jpg?v=20260731-2,https://madperfume.ps/upload/09-2024/product/66e6a2a94e5d1.png
ar,معطر الجسم ماد داي دريم 250 مل,معطر الجسم ماد داي دريم 250 مل,عطور الجسم,60,https://www.mad-parfumeur.com/respondio-catalog/wa/ar/p-496-250.html?v=20260731-2,https://madperfume.ps/?app=product.show.496,https://www.mad-parfumeur.com/respondio-catalog/og/ar/p-496-250.jpg?v=20260731-2,https://madperfume.ps/upload/09-2024/product/66e6a3ce0b411.png
ar,معطر الجسم ماد سي ميست 250 مل,معطر الجسم ماد سي ميست 250 مل,عطور الجسم,60,https://www.mad-parfumeur.com/respondio-catalog/wa/ar/p-497-250.html?v=20260731-2,https://madperfume.ps/?app=product.show.497,https://www.mad-parfumeur.com/respondio-catalog/og/ar/p-497-250.jpg?v=20260731-2,https://madperfume.ps/upload/09-2024/product/66e6a5029fc32.png
ar,ماد فانيلا سكاي 250 مل معطر للجسم,ماد فانيلا سكاي 250 مل معطر للجسم,عطور الجسم,60,https://www.mad-parfumeur.com/respondio-catalog/wa/ar/p-498-250.html?v=20260731-2,https://madperfume.ps/?app=product.show.498,https://www.mad-parfumeur.com/respondio-catalog/og/ar/p-498-250.jpg?v=20260731-2,https://madperfume.ps/upload/09-2024/product/66e6a550c2789.png
ar,ماد كوكونت شاين 250 مل معطر للجسم,ماد كوكونت شاين 250 مل معطر للجسم,عطور الجسم,60,https://www.mad-parfumeur.com/respondio-catalog/wa/ar/p-499-250.html?v=20260731-2,https://madperfume.ps/?app=product.show.499,https://www.mad-parfumeur.com/respondio-catalog/og/ar/p-499-250.jpg?v=20260731-2,https://madperfume.ps/upload/09-2024/product/66e6a5ca2b4f3.png
ar,ماد تشارم 250 مل معطر للجسم,ماد تشارم 250 مل معطر للجسم,عطور الجسم,60,https://www.mad-parfumeur.com/respondio-catalog/wa/ar/p-500-250.html?v=20260731-2,https://madperfume.ps/?app=product.show.500,https://www.mad-parfumeur.com/respondio-catalog/og/ar/p-500-250.jpg?v=20260731-2,https://madperfume.ps/upload/09-2024/product/66e6a6e97dc76.png
ar,ماد صن كيس 250 مل معطر للجسم,ماد صن كيس 250 مل معطر للجسم,عطور الجسم,60,https://www.mad-parfumeur.com/respondio-catalog/wa/ar/p-501-250.html?v=20260731-2,https://madperfume.ps/?app=product.show.501,https://www.mad-parfumeur.com/respondio-catalog/og/ar/p-501-250.jpg?v=20260731-2,https://madperfume.ps/upload/09-2024/product/66e6a734aa10a.png
ar,p107 W203 H103,p107 W203 H103,الحملات والعروض الرجاليه,300,https://www.mad-parfumeur.com/respondio-catalog/wa/ar/p-504-p107-w203-h103.html?v=20260731-2,https://madperfume.ps/?app=product.show.504,https://www.mad-parfumeur.com/respondio-catalog/og/ar/p-504-p107-w203-h103.jpg?v=20260731-2,https://madperfume.ps/upload/09-2024/product/66ea9c2feb04a.jpg
ar,SIVI SABUN MAD VELVET LAVENDER 250ml,SIVI SABUN MAD VELVET LAVENDER 250ml,صابون,20,https://www.mad-parfumeur.com/respondio-catalog/wa/ar/p-505-sivi-sabun-mad-velvet-lavender-250ml.html?v=20260731-2,https://madperfume.ps/?app=product.show.505,https://www.mad-parfumeur.com/respondio-catalog/og/ar/p-505-sivi-sabun-mad-velvet-lavender-250ml.jpg?v=20260731-2,https://madperfume.ps/upload/10-2024/product/670f81a251619.jpg
ar,Sify Soap Mad Ice 250ml,Sify Soap Mad Ice 250ml,صابون,20,https://www.mad-parfumeur.com/respondio-catalog/wa/ar/p-506-sify-soap-mad-ice-250ml.html?v=20260731-2,https://madperfume.ps/?app=product.show.506,https://www.mad-parfumeur.com/respondio-catalog/og/ar/p-506-sify-soap-mad-ice-250ml.jpg?v=20260731-2,https://madperfume.ps/upload/10-2024/product/670f81e8d16d4.jpg
ar,SIVI SABUN MAD JAPANESE CHERRY BLOSSOM 250ml,SIVI SABUN MAD JAPANESE CHERRY BLOSSOM 250ml,صابون,20,https://www.mad-parfumeur.com/respondio-catalog/wa/ar/p-507-sivi-sabun-mad-japanese-cherry-blossom-250ml.html?v=20260731-2,https://madperfume.ps/?app=product.show.507,https://www.mad-parfumeur.com/respondio-catalog/og/ar/p-507-sivi-sabun-mad-japanese-cherry-blossom-250ml.jpg?v=20260731-2,https://madperfume.ps/upload/10-2024/product/670f820a596b0.jpg
ar,SIVI SABUN MAD AMBER250ml,SIVI SABUN MAD AMBER250ml,صابون,20,https://www.mad-parfumeur.com/respondio-catalog/wa/ar/p-508-sivi-sabun-mad-amber250ml.html?v=20260731-2,https://madperfume.ps/?app=product.show.508,https://www.mad-parfumeur.com/respondio-catalog/og/ar/p-508-sivi-sabun-mad-amber250ml.jpg?v=20260731-2,https://madperfume.ps/upload/10-2024/product/670f822727631.jpg
ar,W183 Extra,Aventus - Creed,عطور الرجال,150,https://www.mad-parfumeur.com/respondio-catalog/wa/ar/p-510-w183-extra.html?v=20260731-2,https://madperfume.ps/?app=product.show.510,https://www.mad-parfumeur.com/respondio-catalog/og/ar/p-510-w183-extra.jpg?v=20260731-2,https://madperfume.ps/upload/06-2025/product/6.png
ar,L103 EXTRA,Imagination - Louis Vuitton,عطور الرجال,150,https://www.mad-parfumeur.com/respondio-catalog/wa/ar/p-511-l103-extra.html?v=20260731-2,https://madperfume.ps/?app=product.show.511,https://www.mad-parfumeur.com/respondio-catalog/og/ar/p-511-l103-extra.jpg?v=20260731-2,https://madperfume.ps/upload/06-2025/product/5.png
ar,T109 EXTRA,Après l’Amour - Thomas Kosmala,عطور الرجال,150,https://www.mad-parfumeur.com/respondio-catalog/wa/ar/p-512-t109-extra.html?v=20260731-2,https://madperfume.ps/?app=product.show.512,https://www.mad-parfumeur.com/respondio-catalog/og/ar/p-512-t109-extra.jpg?v=20260731-2,https://madperfume.ps/upload/06-2025/product/7.png
ar,Mad Midnight,عطر الاغراء,عطور النيش الرجاليه,300,https://www.mad-parfumeur.com/respondio-catalog/wa/ar/p-515-mad-midnight.html?v=20260731-2,https://madperfume.ps/?app=product.show.515,https://www.mad-parfumeur.com/respondio-catalog/og/ar/p-515-mad-midnight.jpg?v=20260731-2,https://madperfume.ps/upload/01-2026/product/a95b6150-a436-4b09-9896-8fc7bf76bbb0_size640_cropCenter.jpg
ar,New York Night,Bond Number One Bond No 9,عطور النيش النسائيه,300,https://www.mad-parfumeur.com/respondio-catalog/wa/ar/p-516-new-york-night.html?v=20260731-2,https://madperfume.ps/?app=product.show.516,https://www.mad-parfumeur.com/respondio-catalog/og/ar/p-516-new-york-night.jpg?v=20260731-2,https://madperfume.ps/upload/01-2026/product/697a3a93ea8d6.png
ar,G104 Y102 c120,G104 Y102 c120,الحملات والعروض الرجاليه,300,https://www.mad-parfumeur.com/respondio-catalog/wa/ar/p-517-g104-y102-c120.html?v=20260731-2,https://madperfume.ps/?app=product.show.517,https://www.mad-parfumeur.com/respondio-catalog/og/ar/p-517-g104-y102-c120.jpg?v=20260731-2,https://madperfume.ps/upload/11-2024/product/673120813ea14.jpg
ar,L103 W183 W158,L103 W183 W158,الحملات والعروض الرجاليه,300,https://www.mad-parfumeur.com/respondio-catalog/wa/ar/p-519-l103-w183-w158.html?v=20260731-2,https://madperfume.ps/?app=product.show.519,https://www.mad-parfumeur.com/respondio-catalog/og/ar/p-519-l103-w183-w158.jpg?v=20260731-2,https://madperfume.ps/upload/11-2024/product/SPECIAL DISCOUNT.jpg
ar,p107 y102 G104 C120 B103,هذه افضل مجموعه نسائيه,الحملات والعروض النسائيه,500,https://www.mad-parfumeur.com/respondio-catalog/wa/ar/p-520-p107-y102-g104-c120-b103.html?v=20260731-2,https://madperfume.ps/?app=product.show.520,https://www.mad-parfumeur.com/respondio-catalog/og/ar/p-520-p107-y102-g104-c120-b103.jpg?v=20260731-2,https://madperfume.ps/upload/11-2024/product/67347e0479157.jpg
ar,L103 L102 W183 Q105,6500 شيكل توفير,الحملات والعروض الرجاليه,400,https://www.mad-parfumeur.com/respondio-catalog/wa/ar/p-525-l103-l102-w183-q105.html?v=20260731-2,https://madperfume.ps/?app=product.show.525,https://www.mad-parfumeur.com/respondio-catalog/og/ar/p-525-l103-l102-w183-q105.jpg?v=20260731-2,https://madperfume.ps/upload/12-2024/product/6765ba8154174.jpg
ar,W183 P101 J101,الاكثر طلباً,الحملات والعروض الرجاليه,300,https://www.mad-parfumeur.com/respondio-catalog/wa/ar/p-526-w183-p101-j101.html?v=20260731-2,https://madperfume.ps/?app=product.show.526,https://www.mad-parfumeur.com/respondio-catalog/og/ar/p-526-w183-p101-j101.jpg?v=20260731-2,https://madperfume.ps/upload/07-2025/product/2.jpg
ar,L102 Q112 T109,L102 Q112 T109,الحملات والعروض الرجاليه,300,https://www.mad-parfumeur.com/respondio-catalog/wa/ar/p-528-l102-q112-t109.html?v=20260731-2,https://madperfume.ps/?app=product.show.528,https://www.mad-parfumeur.com/respondio-catalog/og/ar/p-528-l102-q112-t109.jpg?v=20260731-2,https://madperfume.ps/upload/01-2025/product/678f713d6c992.jpg
ar,Q112 Q113 J105,Q112 Q113 J105,الحملات والعروض الرجاليه,300,https://www.mad-parfumeur.com/respondio-catalog/wa/ar/p-530-q112-q113-j105.html?v=20260731-2,https://madperfume.ps/?app=product.show.530,https://www.mad-parfumeur.com/respondio-catalog/og/ar/p-530-q112-q113-j105.jpg?v=20260731-2,https://madperfume.ps/upload/01-2025/product/678f6e6a35bdc.jpg
ar,Q118 L102 Q120,350 شيكل فقط – شامل التوصيل 🚚,الحملات والعروض الرجاليه,300,https://www.mad-parfumeur.com/respondio-catalog/wa/ar/p-542-q118-l102-q120.html?v=20260731-2,https://madperfume.ps/?app=product.show.542,https://www.mad-parfumeur.com/respondio-catalog/og/ar/p-542-q118-l102-q120.jpg?v=20260731-2,https://madperfume.ps/upload/07-2025/product/L102.png
ar,Narcotic Intense 100 ml,Narcotic Intense,عطور النيش الرجاليه,300,https://www.mad-parfumeur.com/respondio-catalog/wa/ar/p-546-narcotic-intense-100-ml.html?v=20260731-2,https://madperfume.ps/?app=product.show.546,https://www.mad-parfumeur.com/respondio-catalog/og/ar/p-546-narcotic-intense-100-ml.jpg?v=20260731-2,https://madperfume.ps/upload/01-2026/product/ac7faf22-6223-435b-b841-7f6f4f7fcce1_size640_cropCenter.jpg
ar,D102,Green Irish Tweed من Creed,عطور الرجال,100,https://www.mad-parfumeur.com/respondio-catalog/wa/ar/p-553-d102.html?v=20260731-2,https://madperfume.ps/?app=product.show.553,https://www.mad-parfumeur.com/respondio-catalog/og/ar/p-553-d102.jpg?v=20260731-2,https://madperfume.ps/upload/03-2026/product/AE86DC26-7382-4446-B6DF-8BF17B5B87B8.png
ar,A105,Wanted من Azzaro,عطور الرجال,100,https://www.mad-parfumeur.com/respondio-catalog/wa/ar/p-568-a105.html?v=20260731-2,https://madperfume.ps/?app=product.show.568,https://www.mad-parfumeur.com/respondio-catalog/og/ar/p-568-a105.jpg?v=20260731-2,https://madperfume.ps/upload/01-2026/product/697d03a4c50fd.png
ar,A104 women,Angel – من Mugler,عطور النساء,100,https://www.mad-parfumeur.com/respondio-catalog/wa/ar/p-574-a104-women.html?v=20260731-2,https://madperfume.ps/?app=product.show.574,https://www.mad-parfumeur.com/respondio-catalog/og/ar/p-574-a104-women.jpg?v=20260731-2,https://madperfume.ps/upload/06-2025/product/6852ae61431b2.png
ar,LOVE ME,"Love, Don’t Be Shy",عطور النيش النسائيه,300,https://www.mad-parfumeur.com/respondio-catalog/wa/ar/p-575-love-me.html?v=20260731-2,https://madperfume.ps/?app=product.show.575,https://www.mad-parfumeur.com/respondio-catalog/og/ar/p-575-love-me.jpg?v=20260731-2,https://madperfume.ps/upload/03-2026/product/IMG_0323.jpeg
ar,wizard,جديد,عطور البيت والمكتب,65,https://www.mad-parfumeur.com/respondio-catalog/wa/ar/p-576-wizard.html?v=20260731-2,https://madperfume.ps/?app=product.show.576,https://www.mad-parfumeur.com/respondio-catalog/og/ar/p-576-wizard.jpg?v=20260731-2,https://madperfume.ps/upload/04-2025/product/67f24c8dd8b74.jpg
ar,love me,جديد,عطور البيت والمكتب,65,https://www.mad-parfumeur.com/respondio-catalog/wa/ar/p-577-love-me.html?v=20260731-2,https://madperfume.ps/?app=product.show.577,https://www.mad-parfumeur.com/respondio-catalog/og/ar/p-577-love-me.jpg?v=20260731-2,https://madperfume.ps/upload/04-2025/product/love me.jpg
ar,COFFE BISCUIT,جديد,عطور البيت والمكتب,65,https://www.mad-parfumeur.com/respondio-catalog/wa/ar/p-578-coffe-biscuit.html?v=20260731-2,https://madperfume.ps/?app=product.show.578,https://www.mad-parfumeur.com/respondio-catalog/og/ar/p-578-coffe-biscuit.jpg?v=20260731-2,https://madperfume.ps/upload/04-2025/product/mad-coffee-biscuit-160-ml-ortam-kokusu-48ce-9.webp
ar,ROUGH NIGHT 160 ML,جديد,عطور البيت والمكتب,65,https://www.mad-parfumeur.com/respondio-catalog/wa/ar/p-579-rough-night-160-ml.html?v=20260731-2,https://madperfume.ps/?app=product.show.579,https://www.mad-parfumeur.com/respondio-catalog/og/ar/p-579-rough-night-160-ml.jpg?v=20260731-2,https://madperfume.ps/upload/04-2025/product/67f24d1e80af3.webp
ar,PREVIL 160ML,جديد,عطور البيت والمكتب,65,https://www.mad-parfumeur.com/respondio-catalog/wa/ar/p-581-previl-160ml.html?v=20260731-2,https://madperfume.ps/?app=product.show.581,https://www.mad-parfumeur.com/respondio-catalog/og/ar/p-581-previl-160ml.jpg?v=20260731-2,https://madperfume.ps/upload/04-2025/product/mad-prevail-160-ml-ortam-kokusu160-ml-7f3-86.webp
ar,Mad Spicy Apple,جديد,عطور البيت والمكتب,65,https://www.mad-parfumeur.com/respondio-catalog/wa/ar/p-582-mad-spicy-apple.html?v=20260731-2,https://madperfume.ps/?app=product.show.582,https://www.mad-parfumeur.com/respondio-catalog/og/ar/p-582-mad-spicy-apple.jpg?v=20260731-2,https://madperfume.ps/upload/04-2025/product/mad-spicy-apple-160-ml-ortam-kokusu160--84bb-.webp
ar,VANILLA CARNAVAL,جديد,عطور البيت والمكتب,65,https://www.mad-parfumeur.com/respondio-catalog/wa/ar/p-583-vanilla-carnaval.html?v=20260731-2,https://madperfume.ps/?app=product.show.583,https://www.mad-parfumeur.com/respondio-catalog/og/ar/p-583-vanilla-carnaval.jpg?v=20260731-2,https://madperfume.ps/upload/04-2025/product/mad-vanilla-carnaval-160-ml-ortam-koku-b3-e07.webp
ar,SUN SHINE,جديد,عطور البيت والمكتب,65,https://www.mad-parfumeur.com/respondio-catalog/wa/ar/p-584-sun-shine.html?v=20260731-2,https://madperfume.ps/?app=product.show.584,https://www.mad-parfumeur.com/respondio-catalog/og/ar/p-584-sun-shine.jpg?v=20260731-2,https://madperfume.ps/upload/04-2025/product/mad-sunshine-160-ml-ortam-kokusu160-ml-baa3-d.webp
ar,Mad Vanilla,50 ml,عطور البيت والمكتب,30,https://www.mad-parfumeur.com/respondio-catalog/wa/ar/p-585-mad-vanilla.html?v=20260731-2,https://madperfume.ps/?app=product.show.585,https://www.mad-parfumeur.com/respondio-catalog/og/ar/p-585-mad-vanilla.jpg?v=20260731-2,https://madperfume.ps/upload/04-2025/product/mad-vanilla-effect-50-ml-ortam-kokusu5-0dd-0f.webp
ar,Mad Rose&Coffee,50 ml,عطور البيت والمكتب,30,https://www.mad-parfumeur.com/respondio-catalog/wa/ar/p-586-mad-rose-coffee.html?v=20260731-2,https://madperfume.ps/?app=product.show.586,https://www.mad-parfumeur.com/respondio-catalog/og/ar/p-586-mad-rose-coffee.jpg?v=20260731-2,https://madperfume.ps/upload/04-2025/product/mad-rosecoffee-50-ml-ortam-kokusu50ml-8-5d3e.webp
ar,Mad Red Moon,50 ml,عطور البيت والمكتب,30,https://www.mad-parfumeur.com/respondio-catalog/wa/ar/p-587-mad-red-moon.html?v=20260731-2,https://madperfume.ps/?app=product.show.587,https://www.mad-parfumeur.com/respondio-catalog/og/ar/p-587-mad-red-moon.jpg?v=20260731-2,https://madperfume.ps/upload/04-2025/product/mad-red-moon-50-ml-ortam-kokusu50ml-9-bc5d.webp
ar,Mad Pure Shine,50 ml,عطور البيت والمكتب,30,https://www.mad-parfumeur.com/respondio-catalog/wa/ar/p-588-mad-pure-shine.html?v=20260731-2,https://madperfume.ps/?app=product.show.588,https://www.mad-parfumeur.com/respondio-catalog/og/ar/p-588-mad-pure-shine.jpg?v=20260731-2,https://madperfume.ps/upload/04-2025/product/mad-pure-shine-50-ml-ortam-kokusu50ml-46-40d.webp
ar,Mad Osmanthus,50 ml,عطور البيت والمكتب,30,https://www.mad-parfumeur.com/respondio-catalog/wa/ar/p-589-mad-osmanthus.html?v=20260731-2,https://madperfume.ps/?app=product.show.589,https://www.mad-parfumeur.com/respondio-catalog/og/ar/p-589-mad-osmanthus.jpg?v=20260731-2,https://madperfume.ps/upload/04-2025/product/mad-osmanthus-50-ml-ortam-kokusu50ml-29700c.webp
ar,Mad Kiwi,50 ml,عطور البيت والمكتب,30,https://www.mad-parfumeur.com/respondio-catalog/wa/ar/p-590-mad-kiwi.html?v=20260731-2,https://madperfume.ps/?app=product.show.590,https://www.mad-parfumeur.com/respondio-catalog/og/ar/p-590-mad-kiwi.jpg?v=20260731-2,https://madperfume.ps/upload/04-2025/product/mad-kiwi-50-ml-ortam-kokusu50ml-5db-9b.webp
ar,Mad Exotic Oud,50 ml,عطور البيت والمكتب,30,https://www.mad-parfumeur.com/respondio-catalog/wa/ar/p-592-mad-exotic-oud.html?v=20260731-2,https://madperfume.ps/?app=product.show.592,https://www.mad-parfumeur.com/respondio-catalog/og/ar/p-592-mad-exotic-oud.jpg?v=20260731-2,https://madperfume.ps/upload/04-2025/product/mad-exotic-oud-50-ml-ortam-kokusu50ml-951ba8.webp
ar,Mad Coconut,50 ml,عطور البيت والمكتب,30,https://www.mad-parfumeur.com/respondio-catalog/wa/ar/p-593-mad-coconut.html?v=20260731-2,https://madperfume.ps/?app=product.show.593,https://www.mad-parfumeur.com/respondio-catalog/og/ar/p-593-mad-coconut.jpg?v=20260731-2,https://madperfume.ps/upload/04-2025/product/mad-coconut-50-ml-ortam-kokusu50ml-f-dd29.webp
ar,Mad Caramel,50 ml,عطور البيت والمكتب,30,https://www.mad-parfumeur.com/respondio-catalog/wa/ar/p-594-mad-caramel.html?v=20260731-2,https://madperfume.ps/?app=product.show.594,https://www.mad-parfumeur.com/respondio-catalog/og/ar/p-594-mad-caramel.jpg?v=20260731-2,https://madperfume.ps/upload/04-2025/product/mad-caramel-50-ml-ortam-kokusu50ml-0ce0ea.webp
ar,Mad Bubble&Sandal,50 ml,عطور البيت والمكتب,30,https://www.mad-parfumeur.com/respondio-catalog/wa/ar/p-595-mad-bubble-sandal.html?v=20260731-2,https://madperfume.ps/?app=product.show.595,https://www.mad-parfumeur.com/respondio-catalog/og/ar/p-595-mad-bubble-sandal.jpg?v=20260731-2,https://madperfume.ps/upload/04-2025/product/mad-bubblesandal-50-ml-ortam-kokusu50m-03d-4e.webp
ar,TURKISH BATH,TURKISH BATH,معطر الجو 250 مل جديد,35,https://www.mad-parfumeur.com/respondio-catalog/wa/ar/p-596-turkish-bath.html?v=20260731-2,https://madperfume.ps/?app=product.show.596,https://www.mad-parfumeur.com/respondio-catalog/og/ar/p-596-turkish-bath.jpg?v=20260731-2,https://madperfume.ps/upload/04-2025/product/mad-turkish-bath-250-ml-luks-oda-sprey-acdd-9.webp
ar,DEREAM BOUQET,DEREAM BOUQET,معطر الجو 250 مل جديد,35,https://www.mad-parfumeur.com/respondio-catalog/wa/ar/p-597-deream-bouqet.html?v=20260731-2,https://madperfume.ps/?app=product.show.597,https://www.mad-parfumeur.com/respondio-catalog/og/ar/p-597-deream-bouqet.jpg?v=20260731-2,https://madperfume.ps/upload/04-2025/product/mad-dream-bouquet-250-ml-luks-oda-spre-3d8abc.webp
ar,MONA ROSA,MONA ROSA,معطر الجو 250 مل جديد,35,https://www.mad-parfumeur.com/respondio-catalog/wa/ar/p-598-mona-rosa.html?v=20260731-2,https://madperfume.ps/?app=product.show.598,https://www.mad-parfumeur.com/respondio-catalog/og/ar/p-598-mona-rosa.jpg?v=20260731-2,https://madperfume.ps/upload/04-2025/product/mad-mona-rosa-250-ml-luks-oda-spreyi25-2-185c.webp
ar,RAIN FORREST,RAIN FORREST,معطر الجو 250 مل جديد,35,https://www.mad-parfumeur.com/respondio-catalog/wa/ar/p-599-rain-forrest.html?v=20260731-2,https://madperfume.ps/?app=product.show.599,https://www.mad-parfumeur.com/respondio-catalog/og/ar/p-599-rain-forrest.jpg?v=20260731-2,https://madperfume.ps/upload/04-2025/product/mad-rain-forest-250-ml-luks-oda-spreyi-338-d0.webp
ar,PURE NATURAL,PURE NATURAL,معطر الجو 250 مل جديد,35,https://www.mad-parfumeur.com/respondio-catalog/wa/ar/p-600-pure-natural.html?v=20260731-2,https://madperfume.ps/?app=product.show.600,https://www.mad-parfumeur.com/respondio-catalog/og/ar/p-600-pure-natural.jpg?v=20260731-2,https://madperfume.ps/upload/04-2025/product/mad-pure-natural-250-ml-luks-oda-sprey-86f4b5.webp
ar,HIPONYTZYA,HIPONYTZYA,معطر الجو 250 مل جديد,35,https://www.mad-parfumeur.com/respondio-catalog/wa/ar/p-601-hiponytzya.html?v=20260731-2,https://madperfume.ps/?app=product.show.601,https://www.mad-parfumeur.com/respondio-catalog/og/ar/p-601-hiponytzya.jpg?v=20260731-2,https://madperfume.ps/upload/04-2025/product/mad-hipnotizya-250-ml-luks-oda-spreyi2-78c183.webp
ar,B107 women,Goddess – من Burberry,عطور النساء,100,https://www.mad-parfumeur.com/respondio-catalog/wa/ar/p-602-b107-women.html?v=20260731-2,https://madperfume.ps/?app=product.show.602,https://www.mad-parfumeur.com/respondio-catalog/og/ar/p-602-b107-women.jpg?v=20260731-2,https://madperfume.ps/upload/01-2026/product/697bdd71a69fd.png
ar,C114,Euphoria Men – Calvin Klein,عطور الرجال,100,https://www.mad-parfumeur.com/respondio-catalog/wa/ar/p-603-c114.html?v=20260731-2,https://madperfume.ps/?app=product.show.603,https://www.mad-parfumeur.com/respondio-catalog/og/ar/p-603-c114.jpg?v=20260731-2,https://madperfume.ps/upload/01-2026/product/697d044fdcb3d.png
ar,H102,H24 – Hermès,عطور الرجال,100,https://www.mad-parfumeur.com/respondio-catalog/wa/ar/p-604-h102.html?v=20260731-2,https://madperfume.ps/?app=product.show.604,https://www.mad-parfumeur.com/respondio-catalog/og/ar/p-604-h102.jpg?v=20260731-2,https://madperfume.ps/upload/03-2026/product/7548A855-9ABC-49FA-BF59-A4B2189848FE.png
ar,COFFEE BISQUIT,جديد,شموع,80,https://www.mad-parfumeur.com/respondio-catalog/wa/ar/p-605-coffee-bisquit.html?v=20260731-2,https://madperfume.ps/?app=product.show.605,https://www.mad-parfumeur.com/respondio-catalog/og/ar/p-605-coffee-bisquit.jpg?v=20260731-2,https://madperfume.ps/upload/04-2025/product/mad-coffee-biscuit-200-gr-mum-cam-bard-cae02a.webp
ar,WIZARD,جديد,شموع,80,https://www.mad-parfumeur.com/respondio-catalog/wa/ar/p-606-wizard.html?v=20260731-2,https://madperfume.ps/?app=product.show.606,https://www.mad-parfumeur.com/respondio-catalog/og/ar/p-606-wizard.jpg?v=20260731-2,https://madperfume.ps/upload/04-2025/product/mad-wizard-200-gr-mum-cam-bardak200-gr-b-48e1.webp
ar,SUMMER TIME,جديد,شموع,80,https://www.mad-parfumeur.com/respondio-catalog/wa/ar/p-607-summer-time.html?v=20260731-2,https://madperfume.ps/?app=product.show.607,https://www.mad-parfumeur.com/respondio-catalog/og/ar/p-607-summer-time.jpg?v=20260731-2,https://madperfume.ps/upload/04-2025/product/Summer-Time1-r.jpg
ar,SUN SHINE,جديد,شموع,80,https://www.mad-parfumeur.com/respondio-catalog/wa/ar/p-608-sun-shine.html?v=20260731-2,https://madperfume.ps/?app=product.show.608,https://www.mad-parfumeur.com/respondio-catalog/og/ar/p-608-sun-shine.jpg?v=20260731-2,https://madperfume.ps/upload/04-2025/product/mad-sunshine-200-gr-mum-cam-bardak200--b7c-19.webp
ar,WINTER TALE,جديد,شموع,80,https://www.mad-parfumeur.com/respondio-catalog/wa/ar/p-609-winter-tale.html?v=20260731-2,https://madperfume.ps/?app=product.show.609,https://www.mad-parfumeur.com/respondio-catalog/og/ar/p-609-winter-tale.jpg?v=20260731-2,https://madperfume.ps/upload/04-2025/product/Winter-Tale1-r-1.jpg
ar,SPRING,جديد,شموع,80,https://www.mad-parfumeur.com/respondio-catalog/wa/ar/p-610-spring.html?v=20260731-2,https://madperfume.ps/?app=product.show.610,https://www.mad-parfumeur.com/respondio-catalog/og/ar/p-610-spring.jpg?v=20260731-2,https://madperfume.ps/upload/04-2025/product/spring.jpg
ar,AUTUMN WIND,جديد,شموع,80,https://www.mad-parfumeur.com/respondio-catalog/wa/ar/p-611-autumn-wind.html?v=20260731-2,https://madperfume.ps/?app=product.show.611,https://www.mad-parfumeur.com/respondio-catalog/og/ar/p-611-autumn-wind.jpg?v=20260731-2,https://madperfume.ps/upload/04-2025/product/AUTUMN.jpg
ar,SPICY APPLE,جديد,شموع,80,https://www.mad-parfumeur.com/respondio-catalog/wa/ar/p-612-spicy-apple.html?v=20260731-2,https://madperfume.ps/?app=product.show.612,https://www.mad-parfumeur.com/respondio-catalog/og/ar/p-612-spicy-apple.jpg?v=20260731-2,https://madperfume.ps/upload/04-2025/product/mad-spicy-apple-200-gr-mum200-gr-3e3-ad.webp
ar,VANILLA CARNIVAL,جديد,شموع,80,https://www.mad-parfumeur.com/respondio-catalog/wa/ar/p-613-vanilla-carnival.html?v=20260731-2,https://madperfume.ps/?app=product.show.613,https://www.mad-parfumeur.com/respondio-catalog/og/ar/p-613-vanilla-carnival.jpg?v=20260731-2,https://madperfume.ps/upload/04-2025/product/mad-vanilla-carnaval-200-gr-mum200-gr--fdbb-.webp
ar,Dependece,Barakkat Rouge 540 Extrait de Parfum Fragrance,عطور النيش الرجاليه,190,https://www.mad-parfumeur.com/respondio-catalog/wa/ar/p-614-dependece.html?v=20260731-2,https://madperfume.ps/?app=product.show.614,https://www.mad-parfumeur.com/respondio-catalog/og/ar/p-614-dependece.jpg?v=20260731-2,https://madperfume.ps/upload/03-2026/product/IMG_0300.jpeg
ar,DRACO,Gris Charnel Extrait BDK Parfums,عطور النيش الرجاليه,350,https://www.mad-parfumeur.com/respondio-catalog/wa/ar/p-619-draco.html?v=20260731-2,https://madperfume.ps/?app=product.show.619,https://www.mad-parfumeur.com/respondio-catalog/og/ar/p-619-draco.jpg?v=20260731-2,https://madperfume.ps/upload/03-2026/product/IMG_0325.jpeg
ar,B105,Burberry Her Elixir de Parfum,عطور النساء,100,https://www.mad-parfumeur.com/respondio-catalog/wa/ar/p-625-b105.html?v=20260731-2,https://madperfume.ps/?app=product.show.625,https://www.mad-parfumeur.com/respondio-catalog/og/ar/p-625-b105.jpg?v=20260731-2,https://madperfume.ps/upload/01-2026/product/697d081c50e5e.png
ar,E117,Escada Magnetism,عطور النساء,100,https://www.mad-parfumeur.com/respondio-catalog/wa/ar/p-626-e117.html?v=20260731-2,https://madperfume.ps/?app=product.show.626,https://www.mad-parfumeur.com/respondio-catalog/og/ar/p-626-e117.jpg?v=20260731-2,https://madperfume.ps/upload/01-2026/product/697e4d61ef526.png
ar,J106,Divine Le Parfum,عطور النساء,100,https://www.mad-parfumeur.com/respondio-catalog/wa/ar/p-627-j106.html?v=20260731-2,https://madperfume.ps/?app=product.show.627,https://www.mad-parfumeur.com/respondio-catalog/og/ar/p-627-j106.jpg?v=20260731-2,https://madperfume.ps/upload/01-2026/product/697e429e9a46d.png
ar,D101,Divine Le Parfum,عطور النساء,100,https://www.mad-parfumeur.com/respondio-catalog/wa/ar/p-628-d101.html?v=20260731-2,https://madperfume.ps/?app=product.show.628,https://www.mad-parfumeur.com/respondio-catalog/og/ar/p-628-d101.jpg?v=20260731-2,https://madperfume.ps/upload/06-2025/product/204.png
ar,L113,Lacoste Pour Femme,عطور النساء,100,https://www.mad-parfumeur.com/respondio-catalog/wa/ar/p-630-l113.html?v=20260731-2,https://madperfume.ps/?app=product.show.630,https://www.mad-parfumeur.com/respondio-catalog/og/ar/p-630-l113.jpg?v=20260731-2,https://madperfume.ps/upload/01-2026/product/697e39e96ef21.png
ar,W212,Sexy Amber,عطور النساء,100,https://www.mad-parfumeur.com/respondio-catalog/wa/ar/p-631-w212.html?v=20260731-2,https://madperfume.ps/?app=product.show.631,https://www.mad-parfumeur.com/respondio-catalog/og/ar/p-631-w212.jpg?v=20260731-2,https://madperfume.ps/upload/02-2026/product/697e7b664072d.png
ar,M109,Armani Mania,عطور النساء,100,https://www.mad-parfumeur.com/respondio-catalog/wa/ar/p-632-m109.html?v=20260731-2,https://madperfume.ps/?app=product.show.632,https://www.mad-parfumeur.com/respondio-catalog/og/ar/p-632-m109.jpg?v=20260731-2,https://madperfume.ps/upload/06-2025/product/176 (1).png
ar,G101 women,Envy Me,عطور النساء,100,https://www.mad-parfumeur.com/respondio-catalog/wa/ar/p-633-g101-women.html?v=20260731-2,https://madperfume.ps/?app=product.show.633,https://www.mad-parfumeur.com/respondio-catalog/og/ar/p-633-g101-women.jpg?v=20260731-2,https://madperfume.ps/upload/06-2025/product/136 (1).png
ar,L111,Lolita Lempicka Eau de Parfum,عطور النساء,100,https://www.mad-parfumeur.com/respondio-catalog/wa/ar/p-634-l111.html?v=20260731-2,https://madperfume.ps/?app=product.show.634,https://www.mad-parfumeur.com/respondio-catalog/og/ar/p-634-l111.jpg?v=20260731-2,https://madperfume.ps/upload/06-2025/product/197 (1).png
ar,K103,Flower by Kenzo Eau de Parfum,عطور النساء,100,https://www.mad-parfumeur.com/respondio-catalog/wa/ar/p-635-k103.html?v=20260731-2,https://madperfume.ps/?app=product.show.635,https://www.mad-parfumeur.com/respondio-catalog/og/ar/p-635-k103.jpg?v=20260731-2,https://madperfume.ps/upload/06-2025/product/178.png
ar,W183,Sexy Little Things Noir Tease Temptation,عطور النساء,100,https://www.mad-parfumeur.com/respondio-catalog/wa/ar/p-636-w183.html?v=20260731-2,https://madperfume.ps/?app=product.show.636,https://www.mad-parfumeur.com/respondio-catalog/og/ar/p-636-w183.jpg?v=20260731-2,https://madperfume.ps/upload/01-2026/product/697e5569adb0c.png
ar,D110,Dior Homme Parfum,عطور الرجال,100,https://www.mad-parfumeur.com/respondio-catalog/wa/ar/p-638-d110.html?v=20260731-2,https://madperfume.ps/?app=product.show.638,https://www.mad-parfumeur.com/respondio-catalog/og/ar/p-638-d110.jpg?v=20260731-2,https://madperfume.ps/upload/03-2026/product/CF33FC02-F76B-4B28-89E3-5F9C122B73DC.png
ar,معطر جو للسيارة ماد ميلون 7 مل,معطر جو للسيارة ماد ميلون 7 مل,عطور السياره,15,https://www.mad-parfumeur.com/respondio-catalog/wa/ar/p-640-7.html?v=20260731-2,https://madperfume.ps/?app=product.show.640,https://www.mad-parfumeur.com/respondio-catalog/og/ar/p-640-7.jpg?v=20260731-2,https://madperfume.ps/upload/06-2025/product/melon car.png
ar,معطر جو للسيارة ماد جود نايت 7 مل,معطر جو للسيارة ماد جود نايت 7 مل,عطور السياره,15,https://www.mad-parfumeur.com/respondio-catalog/wa/ar/p-641-7.html?v=20260731-2,https://madperfume.ps/?app=product.show.641,https://www.mad-parfumeur.com/respondio-catalog/og/ar/p-641-7.jpg?v=20260731-2,https://madperfume.ps/upload/06-2025/product/good night car.webp
ar,معطر جو للسيارة ماد مونا روزا 7 مل,معطر جو للسيارة ماد مونا روزا 7 مل,عطور السياره,15,https://www.mad-parfumeur.com/respondio-catalog/wa/ar/p-642-7.html?v=20260731-2,https://madperfume.ps/?app=product.show.642,https://www.mad-parfumeur.com/respondio-catalog/og/ar/p-642-7.jpg?v=20260731-2,https://madperfume.ps/upload/06-2025/product/1-8624e5aa.png
ar,L102 P101 J105,L102 P101 J105,الحملات والعروض الرجاليه,300,https://www.mad-parfumeur.com/respondio-catalog/wa/ar/p-643-l102-p101-j105.html?v=20260731-2,https://madperfume.ps/?app=product.show.643,https://www.mad-parfumeur.com/respondio-catalog/og/ar/p-643-l102-p101-j105.jpg?v=20260731-2,https://madperfume.ps/upload/07-2025/product/3.jpg
ar,W183 P101 Q116,W183 P101 Q116,الحملات والعروض الرجاليه,300,https://www.mad-parfumeur.com/respondio-catalog/wa/ar/p-644-w183-p101-q116.html?v=20260731-2,https://madperfume.ps/?app=product.show.644,https://www.mad-parfumeur.com/respondio-catalog/og/ar/p-644-w183-p101-q116.jpg?v=20260731-2,https://madperfume.ps/upload/07-2025/product/4.jpg
ar,Q116 W183 Q113,Q116 W183 Q113,الحملات والعروض الرجاليه,300,https://www.mad-parfumeur.com/respondio-catalog/wa/ar/p-645-q116-w183-q113.html?v=20260731-2,https://madperfume.ps/?app=product.show.645,https://www.mad-parfumeur.com/respondio-catalog/og/ar/p-645-q116-w183-q113.jpg?v=20260731-2,https://madperfume.ps/upload/07-2025/product/5.jpg
ar,L102 Q114 Q121,L102 Q114 Q121,الحملات والعروض الرجاليه,300,https://www.mad-parfumeur.com/respondio-catalog/wa/ar/p-647-l102-q114-q121.html?v=20260731-2,https://madperfume.ps/?app=product.show.647,https://www.mad-parfumeur.com/respondio-catalog/og/ar/p-647-l102-q114-q121.jpg?v=20260731-2,https://madperfume.ps/upload/07-2025/product/7.jpg
ar,P101 W183 Q114,P101 W183 Q114,الحملات والعروض الرجاليه,300,https://www.mad-parfumeur.com/respondio-catalog/wa/ar/p-648-p101-w183-q114.html?v=20260731-2,https://madperfume.ps/?app=product.show.648,https://www.mad-parfumeur.com/respondio-catalog/og/ar/p-648-p101-w183-q114.jpg?v=20260731-2,https://madperfume.ps/upload/07-2025/product/8.jpg
ar,Q121 W183 Q114,Q121 W183 Q114,الحملات والعروض الرجاليه,300,https://www.mad-parfumeur.com/respondio-catalog/wa/ar/p-649-q121-w183-q114.html?v=20260731-2,https://madperfume.ps/?app=product.show.649,https://www.mad-parfumeur.com/respondio-catalog/og/ar/p-649-q121-w183-q114.jpg?v=20260731-2,https://madperfume.ps/upload/07-2025/product/9.jpg
ar,A118 D117 B110,A118 D117 B110,الحملات والعروض الرجاليه,300,https://www.mad-parfumeur.com/respondio-catalog/wa/ar/p-650-a118-d117-b110.html?v=20260731-2,https://madperfume.ps/?app=product.show.650,https://www.mad-parfumeur.com/respondio-catalog/og/ar/p-650-a118-d117-b110.jpg?v=20260731-2,https://madperfume.ps/upload/07-2025/product/10.jpg
ar,A118 C120 D117,A118 C120 D117,الحملات والعروض النسائيه,300,https://www.mad-parfumeur.com/respondio-catalog/wa/ar/p-651-a118-c120-d117.html?v=20260731-2,https://madperfume.ps/?app=product.show.651,https://www.mad-parfumeur.com/respondio-catalog/og/ar/p-651-a118-c120-d117.jpg?v=20260731-2,https://madperfume.ps/upload/07-2025/product/11.jpg
ar,G109 G104 G110,G109 G104 G110,الحملات والعروض النسائيه,300,https://www.mad-parfumeur.com/respondio-catalog/wa/ar/p-652-g109-g104-g110.html?v=20260731-2,https://madperfume.ps/?app=product.show.652,https://www.mad-parfumeur.com/respondio-catalog/og/ar/p-652-g109-g104-g110.jpg?v=20260731-2,https://madperfume.ps/upload/07-2025/product/12.jpg
ar,مجموعة MARVEL الجديده,مجموعة MARVEL الجديده,الحملات والعروض النسائيه,500,https://www.mad-parfumeur.com/respondio-catalog/wa/ar/p-654-marvel.html?v=20260731-2,https://madperfume.ps/?app=product.show.654,https://www.mad-parfumeur.com/respondio-catalog/og/ar/p-654-marvel.jpg?v=20260731-2,https://madperfume.ps/upload/09-2025/product/6598a2a9dd8749c282fa68eb5c3da06f.jpg
ar,مجموعة Miami الجديده,مجموعة Miami الجديده,الحملات والعروض الرجاليه,500,https://www.mad-parfumeur.com/respondio-catalog/wa/ar/p-655-miami.html?v=20260731-2,https://madperfume.ps/?app=product.show.655,https://www.mad-parfumeur.com/respondio-catalog/og/ar/p-655-miami.jpg?v=20260731-2,https://madperfume.ps/upload/09-2025/product/c6f65a29bf184ed69d71a433d5fdb3f5.jpg
ar,مجموعة Berlin الجديده,مجموعة Berlin الجديده,الحملات والعروض النسائيه,300,https://www.mad-parfumeur.com/respondio-catalog/wa/ar/p-656-berlin.html?v=20260731-2,https://madperfume.ps/?app=product.show.656,https://www.mad-parfumeur.com/respondio-catalog/og/ar/p-656-berlin.jpg?v=20260731-2,https://madperfume.ps/upload/09-2025/product/e0bfd5efebe54f4eba6c3e4a79022553.jpg
ar,مجموعة Havana الجديده,مجموعة Havana الجديده,الحملات والعروض الرجاليه,300,https://www.mad-parfumeur.com/respondio-catalog/wa/ar/p-657-havana.html?v=20260731-2,https://madperfume.ps/?app=product.show.657,https://www.mad-parfumeur.com/respondio-catalog/og/ar/p-657-havana.jpg?v=20260731-2,https://madperfume.ps/upload/09-2025/product/68b65f7315bee.jpg
ar,مجموعه norma النسائيه,مجموعه norma النسائيه,الحملات والعروض النسائيه,500,https://www.mad-parfumeur.com/respondio-catalog/wa/ar/p-658-norma.html?v=20260731-2,https://madperfume.ps/?app=product.show.658,https://www.mad-parfumeur.com/respondio-catalog/og/ar/p-658-norma.jpg?v=20260731-2,https://madperfume.ps/upload/09-2025/product/68c69c6e8e3ed.jpg
ar,مجموعة infinite الرجاليه,مجموعة infinite الرجاليه,الحملات والعروض الرجاليه,500,https://www.mad-parfumeur.com/respondio-catalog/wa/ar/p-660-infinite.html?v=20260731-2,https://madperfume.ps/?app=product.show.660,https://www.mad-parfumeur.com/respondio-catalog/og/ar/p-660-infinite.jpg?v=20260731-2,https://madperfume.ps/upload/09-2025/product/68c69d335eb19.jpg
ar,مجموعه amoria,مجموعه amoria,الحملات والعروض النسائيه,500,https://www.mad-parfumeur.com/respondio-catalog/wa/ar/p-661-amoria.html?v=20260731-2,https://madperfume.ps/?app=product.show.661,https://www.mad-parfumeur.com/respondio-catalog/og/ar/p-661-amoria.jpg?v=20260731-2,https://madperfume.ps/upload/09-2025/product/68c7c7b261d82.png
ar,Y.104,Y.104,عطور النساء,100,https://www.mad-parfumeur.com/respondio-catalog/wa/ar/p-662-y-104.html?v=20260731-2,https://madperfume.ps/?app=product.show.662,https://www.mad-parfumeur.com/respondio-catalog/og/ar/p-662-y-104.jpg?v=20260731-2,https://madperfume.ps/upload/09-2025/product/68c9700e7d7d8.png
ar,GOLD W123,GOLD W123,عطور الرجال,120,https://www.mad-parfumeur.com/respondio-catalog/wa/ar/p-663-gold-w123.html?v=20260731-2,https://madperfume.ps/?app=product.show.663,https://www.mad-parfumeur.com/respondio-catalog/og/ar/p-663-gold-w123.jpg?v=20260731-2,https://madperfume.ps/upload/03-2026/product/IMG_0543.jpeg
ar,j108,Le Male Elixir Absolu Jean Paul Gaultier,عطور الرجال,100,https://www.mad-parfumeur.com/respondio-catalog/wa/ar/p-664-j108.html?v=20260731-2,https://madperfume.ps/?app=product.show.664,https://www.mad-parfumeur.com/respondio-catalog/og/ar/p-664-j108.jpg?v=20260731-2,https://madperfume.ps/upload/01-2026/product/697cf48604391.png
ar,GOLD j107,Jean Paul Gaultier Scandal Absolu For Women,عطور النساء,120,https://www.mad-parfumeur.com/respondio-catalog/wa/ar/p-665-gold-j107.html?v=20260731-2,https://madperfume.ps/?app=product.show.665,https://www.mad-parfumeur.com/respondio-catalog/og/ar/p-665-gold-j107.jpg?v=20260731-2,https://madperfume.ps/upload/09-2025/product/68d42ffc92fc2.png
ar,P107 DOLD,P107 DOLD,عطور النساء,120,https://www.mad-parfumeur.com/respondio-catalog/wa/ar/p-666-p107-dold.html?v=20260731-2,https://madperfume.ps/?app=product.show.666,https://www.mad-parfumeur.com/respondio-catalog/og/ar/p-666-p107-dold.jpg?v=20260731-2,https://madperfume.ps/upload/09-2025/product/68d4307e90966.png
ar,Y102 GOLD women,Y102 GOLD women,عطور النساء,120,https://www.mad-parfumeur.com/respondio-catalog/wa/ar/p-667-y102-gold-women.html?v=20260731-2,https://madperfume.ps/?app=product.show.667,https://www.mad-parfumeur.com/respondio-catalog/og/ar/p-667-y102-gold-women.jpg?v=20260731-2,https://madperfume.ps/upload/09-2025/product/68d430b3d2eab.png
ar,A118 GOLD,A118 GOLD,عطور النساء,120,https://www.mad-parfumeur.com/respondio-catalog/wa/ar/p-668-a118-gold.html?v=20260731-2,https://madperfume.ps/?app=product.show.668,https://www.mad-parfumeur.com/respondio-catalog/og/ar/p-668-a118-gold.jpg?v=20260731-2,https://madperfume.ps/upload/09-2025/product/68d430eb4522c.png
ar,B103 GOLD women,B103 GOLD women,عطور النساء,120,https://www.mad-parfumeur.com/respondio-catalog/wa/ar/p-669-b103-gold-women.html?v=20260731-2,https://madperfume.ps/?app=product.show.669,https://www.mad-parfumeur.com/respondio-catalog/og/ar/p-669-b103-gold-women.jpg?v=20260731-2,https://madperfume.ps/upload/09-2025/product/68d4311cb6c13.png
ar,G104 GOLD,G104 GOLD,عطور النساء,120,https://www.mad-parfumeur.com/respondio-catalog/wa/ar/p-670-g104-gold.html?v=20260731-2,https://madperfume.ps/?app=product.show.670,https://www.mad-parfumeur.com/respondio-catalog/og/ar/p-670-g104-gold.jpg?v=20260731-2,https://madperfume.ps/upload/09-2025/product/68d431548a974.png
ar,W191 GOLD,W191 GOLD,عطور الرجال,120,https://www.mad-parfumeur.com/respondio-catalog/wa/ar/p-671-w191-gold.html?v=20260731-2,https://madperfume.ps/?app=product.show.671,https://www.mad-parfumeur.com/respondio-catalog/og/ar/p-671-w191-gold.jpg?v=20260731-2,https://madperfume.ps/upload/03-2026/product/IMG_0541.jpeg
ar,Y102 GOLD,Y102 GOLD,عطور الرجال,120,https://www.mad-parfumeur.com/respondio-catalog/wa/ar/p-672-y102-gold.html?v=20260731-2,https://madperfume.ps/?app=product.show.672,https://www.mad-parfumeur.com/respondio-catalog/og/ar/p-672-y102-gold.jpg?v=20260731-2,https://madperfume.ps/upload/03-2026/product/IMG_0539.jpeg
ar,A115 GOLD,A115 GOLD,عطور الرجال,120,https://www.mad-parfumeur.com/respondio-catalog/wa/ar/p-673-a115-gold.html?v=20260731-2,https://madperfume.ps/?app=product.show.673,https://www.mad-parfumeur.com/respondio-catalog/og/ar/p-673-a115-gold.jpg?v=20260731-2,https://madperfume.ps/upload/03-2026/product/IMG_0551.jpeg
ar,J101 GOLD,J101 GOLD,عطور الرجال,120,https://www.mad-parfumeur.com/respondio-catalog/wa/ar/p-674-j101-gold.html?v=20260731-2,https://madperfume.ps/?app=product.show.674,https://www.mad-parfumeur.com/respondio-catalog/og/ar/p-674-j101-gold.jpg?v=20260731-2,https://madperfume.ps/upload/03-2026/product/IMG_0550.jpeg
ar,J105 GOLD,J105 GOLD,عطور الرجال,120,https://www.mad-parfumeur.com/respondio-catalog/wa/ar/p-675-j105-gold.html?v=20260731-2,https://madperfume.ps/?app=product.show.675,https://www.mad-parfumeur.com/respondio-catalog/og/ar/p-675-j105-gold.jpg?v=20260731-2,https://madperfume.ps/upload/03-2026/product/IMG_0545.jpeg
ar,SOFIA,SOFIA,الحملات والعروض النسائيه,200,https://www.mad-parfumeur.com/respondio-catalog/wa/ar/p-676-sofia.html?v=20260731-2,https://madperfume.ps/?app=product.show.676,https://www.mad-parfumeur.com/respondio-catalog/og/ar/p-676-sofia.jpg?v=20260731-2,https://madperfume.ps/upload/09-2025/product/68d51c0198401.jpg
ar,noy,noy,الحملات والعروض النسائيه,300,https://www.mad-parfumeur.com/respondio-catalog/wa/ar/p-677-noy.html?v=20260731-2,https://madperfume.ps/?app=product.show.677,https://www.mad-parfumeur.com/respondio-catalog/og/ar/p-677-noy.jpg?v=20260731-2,https://madperfume.ps/upload/09-2025/product/68d51d9224af1.jpg
ar,Vagas,Vagas,الحملات والعروض الرجاليه,300,https://www.mad-parfumeur.com/respondio-catalog/wa/ar/p-678-vagas.html?v=20260731-2,https://madperfume.ps/?app=product.show.678,https://www.mad-parfumeur.com/respondio-catalog/og/ar/p-678-vagas.jpg?v=20260731-2,https://madperfume.ps/upload/09-2025/product/12.png
ar,Exotic Oud 50 ml,Mad Exotic Oud 50 ml Unisex,عطور النيش الرجاليه,350,https://www.mad-parfumeur.com/respondio-catalog/wa/ar/p-679-exotic-oud-50-ml.html?v=20260731-2,https://madperfume.ps/?app=product.show.679,https://www.mad-parfumeur.com/respondio-catalog/og/ar/p-679-exotic-oud-50-ml.jpg?v=20260731-2,https://madperfume.ps/upload/01-2026/product/c3e017a8-49c9-45f5-adc3-5afd27184a21_size640_cropCenter.jpg
ar,Timeless Leather 50,Mad Timeless Leather 50 مل – عطر يونيكس,عطور النيش الرجاليه,350,https://www.mad-parfumeur.com/respondio-catalog/wa/ar/p-680-timeless-leather-50.html?v=20260731-2,https://madperfume.ps/?app=product.show.680,https://www.mad-parfumeur.com/respondio-catalog/og/ar/p-680-timeless-leather-50.jpg?v=20260731-2,https://madperfume.ps/upload/01-2026/product/a89138f6-574d-4314-8f8d-841a82bc6c5f_size640_cropCenter.jpg
ar,Mystic gourmand,Mystic Gourmand 50 مل – عطر للجنسين,عطور النيش الرجاليه,350,https://www.mad-parfumeur.com/respondio-catalog/wa/ar/p-681-mystic-gourmand.html?v=20260731-2,https://madperfume.ps/?app=product.show.681,https://www.mad-parfumeur.com/respondio-catalog/og/ar/p-681-mystic-gourmand.jpg?v=20260731-2,https://madperfume.ps/upload/01-2026/product/be216344-96cc-4fd1-a2cf-d30386913aac_size640_cropCenter (1).jpg
ar,Adria 100 ml Unisex,ADRIA,عطور النيش الرجاليه,350,https://www.mad-parfumeur.com/respondio-catalog/wa/ar/p-682-adria-100-ml-unisex.html?v=20260731-2,https://madperfume.ps/?app=product.show.682,https://www.mad-parfumeur.com/respondio-catalog/og/ar/p-682-adria-100-ml-unisex.jpg?v=20260731-2,https://madperfume.ps/upload/01-2026/product/697a62e966bbb.png
ar,Treasure 100 ml,Treasure,عطور النيش الرجاليه,350,https://www.mad-parfumeur.com/respondio-catalog/wa/ar/p-683-treasure-100-ml.html?v=20260731-2,https://madperfume.ps/?app=product.show.683,https://www.mad-parfumeur.com/respondio-catalog/og/ar/p-683-treasure-100-ml.jpg?v=20260731-2,https://madperfume.ps/upload/01-2026/product/d5390a37-5baa-47ce-9b5d-f1bec7c58361_size640_cropCenter.jpg
ar,Marjorie 50 ml,Marjorie,عطور النساء,300,https://www.mad-parfumeur.com/respondio-catalog/wa/ar/p-684-marjorie-50-ml.html?v=20260731-2,https://madperfume.ps/?app=product.show.684,https://www.mad-parfumeur.com/respondio-catalog/og/ar/p-684-marjorie-50-ml.jpg?v=20260731-2,https://madperfume.ps/upload/01-2026/product/697a647e65292.png
ar,H106 women,HERMES-BARENIA,عطور النساء,100,https://www.mad-parfumeur.com/respondio-catalog/wa/ar/p-685-h106-women.html?v=20260731-2,https://madperfume.ps/?app=product.show.685,https://www.mad-parfumeur.com/respondio-catalog/og/ar/p-685-h106-women.jpg?v=20260731-2,https://madperfume.ps/upload/01-2026/product/697e376ec80e5.png
ar,L105,LANCOME-LA VIE BST BELLE LELIXIR,عطور النساء,100,https://www.mad-parfumeur.com/respondio-catalog/wa/ar/p-686-l105.html?v=20260731-2,https://madperfume.ps/?app=product.show.686,https://www.mad-parfumeur.com/respondio-catalog/og/ar/p-686-l105.jpg?v=20260731-2,https://madperfume.ps/upload/01-2026/product/697e3741950ee.png
ar,G112,GUCCI-FLORA GORGEOUS ORCHID,عطور النساء,100,https://www.mad-parfumeur.com/respondio-catalog/wa/ar/p-687-g112.html?v=20260731-2,https://madperfume.ps/?app=product.show.687,https://www.mad-parfumeur.com/respondio-catalog/og/ar/p-687-g112.jpg?v=20260731-2,https://madperfume.ps/upload/01-2026/product/697cef4eb38b8.png
ar,J110,JEAN PAUL GAULTIER,عطور الرجال,100,https://www.mad-parfumeur.com/respondio-catalog/wa/ar/p-688-j110.html?v=20260731-2,https://madperfume.ps/?app=product.show.688,https://www.mad-parfumeur.com/respondio-catalog/og/ar/p-688-j110.jpg?v=20260731-2,https://madperfume.ps/upload/01-2026/product/697e37087f43a.png
ar,W223,PACO RABANNE - OLYMPEA PARFUM,عطور النساء,100,https://www.mad-parfumeur.com/respondio-catalog/wa/ar/p-689-w223.html?v=20260731-2,https://madperfume.ps/?app=product.show.689,https://www.mad-parfumeur.com/respondio-catalog/og/ar/p-689-w223.jpg?v=20260731-2,https://madperfume.ps/upload/01-2026/product/697e36da98e51.png
ar,W127,PACO RABANNE - 1 MILLION ROYAL,عطور الرجال,100,https://www.mad-parfumeur.com/respondio-catalog/wa/ar/p-691-w127.html?v=20260731-2,https://madperfume.ps/?app=product.show.691,https://www.mad-parfumeur.com/respondio-catalog/og/ar/p-691-w127.jpg?v=20260731-2,https://madperfume.ps/upload/01-2026/product/697e36b54adbe.png
ar,P108,PACO RABANNE - MILLIN GOLD FOR HER,عطور النساء,100,https://www.mad-parfumeur.com/respondio-catalog/wa/ar/p-692-p108.html?v=20260731-2,https://madperfume.ps/?app=product.show.692,https://www.mad-parfumeur.com/respondio-catalog/og/ar/p-692-p108.jpg?v=20260731-2,https://madperfume.ps/upload/01-2026/product/697e3689804dc.png
ar,W179,W.179 – Paco Rabanne Invictus Parfum,عطور الرجال,100,https://www.mad-parfumeur.com/respondio-catalog/wa/ar/p-693-w179.html?v=20260731-2,https://madperfume.ps/?app=product.show.693,https://www.mad-parfumeur.com/respondio-catalog/og/ar/p-693-w179.jpg?v=20260731-2,https://madperfume.ps/upload/01-2026/product/697e364800bdf.png
ar,L101,Mad L101 – Floral Scent بخاخ عطر للجسم (Body Mist) – 200 مل,عطور الجسم,50,https://www.mad-parfumeur.com/respondio-catalog/wa/ar/p-694-l101.html?v=20260731-2,https://madperfume.ps/?app=product.show.694,https://www.mad-parfumeur.com/respondio-catalog/og/ar/p-694-l101.jpg?v=20260731-2,https://madperfume.ps/upload/01-2026/product/d0d263e8-c76f-40fa-b88a-bde960a3c416_size640_cropCenter.jpg
ar,A118,Mad A.118 – Floral Scent بخاخ عطر للجسم (Body Mist) – 200 مل,عطور الجسم,50,https://www.mad-parfumeur.com/respondio-catalog/wa/ar/p-695-a118.html?v=20260731-2,https://madperfume.ps/?app=product.show.695,https://www.mad-parfumeur.com/respondio-catalog/og/ar/p-695-a118.jpg?v=20260731-2,https://madperfume.ps/upload/01-2026/product/38184a38-6413-47b1-8475-768931fff82b_size640_cropCenter.jpg
ar,Z101,Mad Z.101 – Oriental Scent بخاخ عطر للجسم (Body Mist) – 200 مل,عطور الجسم,50,https://www.mad-parfumeur.com/respondio-catalog/wa/ar/p-696-z101.html?v=20260731-2,https://madperfume.ps/?app=product.show.696,https://www.mad-parfumeur.com/respondio-catalog/og/ar/p-696-z101.jpg?v=20260731-2,https://madperfume.ps/upload/01-2026/product/d7377816-d005-4e83-b3ae-efb82b225af9_size640_cropCenter.jpg
ar,W213,Mad W.213 – Oriental Scent بخاخ عطر للجسم (Body Mist) – 200 مل,عطور الجسم,50,https://www.mad-parfumeur.com/respondio-catalog/wa/ar/p-697-w213.html?v=20260731-2,https://madperfume.ps/?app=product.show.697,https://www.mad-parfumeur.com/respondio-catalog/og/ar/p-697-w213.jpg?v=20260731-2,https://madperfume.ps/upload/01-2026/product/eef08009-97f6-4a7a-8b40-4b1275410473_size640_cropCenter.jpg
ar,Y102,Mad Y.102 – Oriental Scent بخاخ عطر للجسم (Body Mist) – 200 مل,عطور الجسم,50,https://www.mad-parfumeur.com/respondio-catalog/wa/ar/p-698-y102.html?v=20260731-2,https://madperfume.ps/?app=product.show.698,https://www.mad-parfumeur.com/respondio-catalog/og/ar/p-698-y102.jpg?v=20260731-2,https://madperfume.ps/upload/01-2026/product/edf47198-11a7-48a9-9b47-fa0a0f7efb44_size640_cropCenter.jpg
ar,V112,Mad V.112 – Oriental Scent بخاخ عطر للجسم (Body Mist) – 200 مل,عطور الجسم,50,https://www.mad-parfumeur.com/respondio-catalog/wa/ar/p-699-v112.html?v=20260731-2,https://madperfume.ps/?app=product.show.699,https://www.mad-parfumeur.com/respondio-catalog/og/ar/p-699-v112.jpg?v=20260731-2,https://madperfume.ps/upload/01-2026/product/3c4aa9ac-ae11-4b15-91b6-5d400404b0b9_size640_cropCenter.jpg
ar,V109,Mad V.109 – Gourmand Scent بخاخ عطر للجسم (Body Mist) – 200 مل,عطور الجسم,50,https://www.mad-parfumeur.com/respondio-catalog/wa/ar/p-700-v109.html?v=20260731-2,https://madperfume.ps/?app=product.show.700,https://www.mad-parfumeur.com/respondio-catalog/og/ar/p-700-v109.jpg?v=20260731-2,https://madperfume.ps/upload/01-2026/product/7afe3763-900d-41bb-af4a-973ba6628a32_size640_cropCenter.jpg
ar,B103,Mad B.103 – Fruity Scent بخاخ عطر للجسم (Body Mist) – 200 مل,عطور الجسم,50,https://www.mad-parfumeur.com/respondio-catalog/wa/ar/p-701-b103.html?v=20260731-2,https://madperfume.ps/?app=product.show.701,https://www.mad-parfumeur.com/respondio-catalog/og/ar/p-701-b103.jpg?v=20260731-2,https://madperfume.ps/upload/01-2026/product/0bd0c7d9-ef7f-4dbf-a1fe-f36afd6f0b00_size640_cropCenter.jpg
ar,H105,Mad H.105 – Oriental Scent بخاخ عطر للجسم (Body Mist) – 200 مل,عطور الجسم,50,https://www.mad-parfumeur.com/respondio-catalog/wa/ar/p-702-h105.html?v=20260731-2,https://madperfume.ps/?app=product.show.702,https://www.mad-parfumeur.com/respondio-catalog/og/ar/p-702-h105.jpg?v=20260731-2,https://madperfume.ps/upload/01-2026/product/3cba76cf-28ff-4295-8942-8b44c0f0797a_size640_cropCenter.jpg
ar,W201,Mad W.201 – Oriental Scent بخاخ عطر للجسم (Body Mist) – 200 مل,عطور الجسم,50,https://www.mad-parfumeur.com/respondio-catalog/wa/ar/p-703-w201.html?v=20260731-2,https://madperfume.ps/?app=product.show.703,https://www.mad-parfumeur.com/respondio-catalog/og/ar/p-703-w201.jpg?v=20260731-2,https://madperfume.ps/upload/01-2026/product/f34e4bb8-b279-4edc-a70b-f6a899aa4682_size640_cropCenter.jpg
ar,Y101,Mad Y.101 – Floral Scent بخاخ عطر للجسم (Body Mist) – 200 مل,عطور الجسم,50,https://www.mad-parfumeur.com/respondio-catalog/wa/ar/p-704-y101.html?v=20260731-2,https://madperfume.ps/?app=product.show.704,https://www.mad-parfumeur.com/respondio-catalog/og/ar/p-704-y101.jpg?v=20260731-2,https://madperfume.ps/upload/01-2026/product/3f15a958-3195-49de-b392-80fc18b4fe59_size640_cropCenter.jpg
ar,H103,Mad H.103 – Oriental Scent بخاخ عطر للجسم (Body Mist) – 200 مل,عطور الجسم,50,https://www.mad-parfumeur.com/respondio-catalog/wa/ar/p-705-h103.html?v=20260731-2,https://madperfume.ps/?app=product.show.705,https://www.mad-parfumeur.com/respondio-catalog/og/ar/p-705-h103.jpg?v=20260731-2,https://madperfume.ps/upload/01-2026/product/75766d0d-ddab-4d41-b6dd-d7c8b1f5f5a5_size640_cropCenter.jpg
ar,G103,Mad G103 – Oriental Scent بخاخ عطر للجسم (Body Mist) – 200 مل,عطور الجسم,50,https://www.mad-parfumeur.com/respondio-catalog/wa/ar/p-706-g103.html?v=20260731-2,https://madperfume.ps/?app=product.show.706,https://www.mad-parfumeur.com/respondio-catalog/og/ar/p-706-g103.jpg?v=20260731-2,https://madperfume.ps/upload/01-2026/product/e58ccb69-12d8-467f-bf89-2bba33fe9e11_size640_cropCenter.jpg
ar,Mad Wellbeing Loving,Mad Wellbeing Loving – معطر جو (Reed Diffuser) 190 مل,عطور البيت والمكتب,145,https://www.mad-parfumeur.com/respondio-catalog/wa/ar/p-707-mad-wellbeing-loving.html?v=20260731-2,https://madperfume.ps/?app=product.show.707,https://www.mad-parfumeur.com/respondio-catalog/og/ar/p-707-mad-wellbeing-loving.jpg?v=20260731-2,https://madperfume.ps/upload/01-2026/product/0aeb36de-ffb5-4e87-a6b3-f992412ef15d_size640_cropCenter.jpg
ar,Mad Wellbeing Dreamy,Mad Wellbeing Dreamy – معطر جو (Reed Diffuser) 190 مل,عطور البيت والمكتب,145,https://www.mad-parfumeur.com/respondio-catalog/wa/ar/p-708-mad-wellbeing-dreamy.html?v=20260731-2,https://madperfume.ps/?app=product.show.708,https://www.mad-parfumeur.com/respondio-catalog/og/ar/p-708-mad-wellbeing-dreamy.jpg?v=20260731-2,https://madperfume.ps/upload/01-2026/product/17f91ac8-a8b7-4d91-ad51-927c8e1d48ac_size640_cropCenter.jpg
ar,Mad Wellbeing Harmonious,Mad Wellbeing Harmonious – معطر جو (Reed Diffuser) 190 مل,عطور البيت والمكتب,145,https://www.mad-parfumeur.com/respondio-catalog/wa/ar/p-709-mad-wellbeing-harmonious.html?v=20260731-2,https://madperfume.ps/?app=product.show.709,https://www.mad-parfumeur.com/respondio-catalog/og/ar/p-709-mad-wellbeing-harmonious.jpg?v=20260731-2,https://madperfume.ps/upload/01-2026/product/dd98770e-f116-45df-9cf7-0999359a2571_size640_cropCenter.jpg
ar,Reed Diffuser,Mad Wellbeing Refreshed 190 مل – معطر جو (Reed Diffuser),عطور البيت والمكتب,145,https://www.mad-parfumeur.com/respondio-catalog/wa/ar/p-710-reed-diffuser.html?v=20260731-2,https://madperfume.ps/?app=product.show.710,https://www.mad-parfumeur.com/respondio-catalog/og/ar/p-710-reed-diffuser.jpg?v=20260731-2,https://madperfume.ps/upload/01-2026/product/6979032762788.jpg
ar,K102,K.102 – Kayali Vanilla Candy Rock Sugar,عطور النساء,100,https://www.mad-parfumeur.com/respondio-catalog/wa/ar/p-711-k102.html?v=20260731-2,https://madperfume.ps/?app=product.show.711,https://www.mad-parfumeur.com/respondio-catalog/og/ar/p-711-k102.jpg?v=20260731-2,https://madperfume.ps/upload/01-2026/product/697ceca854f50.png
ar,Wellbeing Refreshed,Mad Wellbeing Refreshed 200 Gr Mum,شموع,80,https://www.mad-parfumeur.com/respondio-catalog/wa/ar/p-712-wellbeing-refreshed.html?v=20260731-2,https://madperfume.ps/?app=product.show.712,https://www.mad-parfumeur.com/respondio-catalog/og/ar/p-712-wellbeing-refreshed.jpg?v=20260731-2,https://madperfume.ps/upload/01-2026/product/4bfeecc9-4bfb-49d7-9361-cde855d7ebe1_size640_cropCenter.jpg
ar,Wellbeing Loving,Mad Wellbeing Loving 200 Gr Mum,شموع,80,https://www.mad-parfumeur.com/respondio-catalog/wa/ar/p-713-wellbeing-loving.html?v=20260731-2,https://madperfume.ps/?app=product.show.713,https://www.mad-parfumeur.com/respondio-catalog/og/ar/p-713-wellbeing-loving.jpg?v=20260731-2,https://madperfume.ps/upload/01-2026/product/cebf4646-eb62-4dc2-a8ba-5f6fe68b474a_size640_cropCenter.jpg
ar,Wellbeing Harmonious,Mad Wellbeing Harmonious 200 Gr Mum,شموع,80,https://www.mad-parfumeur.com/respondio-catalog/wa/ar/p-714-wellbeing-harmonious.html?v=20260731-2,https://madperfume.ps/?app=product.show.714,https://www.mad-parfumeur.com/respondio-catalog/og/ar/p-714-wellbeing-harmonious.jpg?v=20260731-2,https://madperfume.ps/upload/01-2026/product/40235a8b-aa59-48da-818b-a39253a755ec_size640_cropCenter.jpg
ar,Wellbeing Dreamy,Mad Wellbeing Dreamy 200 Gr Mum,شموع,80,https://www.mad-parfumeur.com/respondio-catalog/wa/ar/p-715-wellbeing-dreamy.html?v=20260731-2,https://madperfume.ps/?app=product.show.715,https://www.mad-parfumeur.com/respondio-catalog/og/ar/p-715-wellbeing-dreamy.jpg?v=20260731-2,https://madperfume.ps/upload/01-2026/product/c9af599b-3ca1-40af-bbb0-2f0a5635f332_size640_cropCenter.jpg
ar,Fruit Fusion,Mad Fruit Fusion 120 ml Ortam Kokusu,عطور البيت والمكتب,45,https://www.mad-parfumeur.com/respondio-catalog/wa/ar/p-716-fruit-fusion.html?v=20260731-2,https://madperfume.ps/?app=product.show.716,https://www.mad-parfumeur.com/respondio-catalog/og/ar/p-716-fruit-fusion.jpg?v=20260731-2,https://madperfume.ps/upload/01-2026/product/e828201a-ddda-420e-828b-1c8cd0c3129b_size640_cropCenter.jpg
ar,Bruno Gold Intense,Bruno Gold Intense 100 مل – عطر رجالي,عطور النيش الرجاليه,300,https://www.mad-parfumeur.com/respondio-catalog/wa/ar/p-717-bruno-gold-intense.html?v=20260731-2,https://madperfume.ps/?app=product.show.717,https://www.mad-parfumeur.com/respondio-catalog/og/ar/p-717-bruno-gold-intense.jpg?v=20260731-2,https://madperfume.ps/upload/01-2026/product/6979503f9d058.png
ar,Pink Coconut,Mad Pink Coconut 250 ml Body Mist,عطور الجسم,60,https://www.mad-parfumeur.com/respondio-catalog/wa/ar/p-719-pink-coconut.html?v=20260731-2,https://madperfume.ps/?app=product.show.719,https://www.mad-parfumeur.com/respondio-catalog/og/ar/p-719-pink-coconut.jpg?v=20260731-2,https://madperfume.ps/upload/01-2026/product/4d55a8f2-7a6e-4dd0-9808-997964a0cb0c_size640_cropCenter.jpg
ar,Y104,Black Opium Over Red Yves Saint Laurent,عطور النساء,100,https://www.mad-parfumeur.com/respondio-catalog/wa/ar/p-720-y104.html?v=20260731-2,https://madperfume.ps/?app=product.show.720,https://www.mad-parfumeur.com/respondio-catalog/og/ar/p-720-y104.jpg?v=20260731-2,https://madperfume.ps/upload/01-2026/product/697ca24f9f620.png
ar,H102 women,Hugo Woman Hugo Boss,عطور النساء,100,https://www.mad-parfumeur.com/respondio-catalog/wa/ar/p-723-h102-women.html?v=20260731-2,https://madperfume.ps/?app=product.show.723,https://www.mad-parfumeur.com/respondio-catalog/og/ar/p-723-h102-women.jpg?v=20260731-2,https://madperfume.ps/upload/02-2026/product/697e800dc91b0.png
ar,مجموعة الأحلام,L103 A115 T109 X102 W183,الحملات والعروض الرجاليه,500,https://www.mad-parfumeur.com/respondio-catalog/wa/ar/p-724-product.html?v=20260731-2,https://madperfume.ps/?app=product.show.724,https://www.mad-parfumeur.com/respondio-catalog/og/ar/p-724-product.jpg?v=20260731-2,https://madperfume.ps/upload/03-2026/product/IMG_0209.jpeg
ar,Mad Kraken,Mad Kraken,عطور النيش الرجاليه,280,https://www.mad-parfumeur.com/respondio-catalog/wa/ar/p-725-mad-kraken.html?v=20260731-2,https://madperfume.ps/?app=product.show.725,https://www.mad-parfumeur.com/respondio-catalog/og/ar/p-725-mad-kraken.jpg?v=20260731-2,https://madperfume.ps/upload/03-2026/product/IMG_1315.jpeg
ar,Mad Griffin,Mad Griffin,عطور النيش الرجاليه,280,https://www.mad-parfumeur.com/respondio-catalog/wa/ar/p-726-mad-griffin.html?v=20260731-2,https://madperfume.ps/?app=product.show.726,https://www.mad-parfumeur.com/respondio-catalog/og/ar/p-726-mad-griffin.jpg?v=20260731-2,https://madperfume.ps/upload/03-2026/product/IMG_1318.jpeg
ar,Mad Cold Spire,Mad Cold Spire,عطور النيش الرجاليه,280,https://www.mad-parfumeur.com/respondio-catalog/wa/ar/p-727-mad-cold-spire.html?v=20260731-2,https://madperfume.ps/?app=product.show.727,https://www.mad-parfumeur.com/respondio-catalog/og/ar/p-727-mad-cold-spire.jpg?v=20260731-2,https://madperfume.ps/upload/03-2026/product/IMG_1321.jpeg
ar,Quarter,Quarter,عطور النيش الرجاليه,350,https://www.mad-parfumeur.com/respondio-catalog/wa/ar/p-728-quarter.html?v=20260731-2,https://madperfume.ps/?app=product.show.728,https://www.mad-parfumeur.com/respondio-catalog/og/ar/p-728-quarter.jpg?v=20260731-2,https://madperfume.ps/upload/03-2026/product/IMG_1324.jpeg
ar,C101,C101-CAROLINA HERRERA LA BOMBA,عطور النساء,100,https://www.mad-parfumeur.com/respondio-catalog/wa/ar/p-729-c101.html?v=20260731-2,https://madperfume.ps/?app=product.show.729,https://www.mad-parfumeur.com/respondio-catalog/og/ar/p-729-c101.jpg?v=20260731-2,https://madperfume.ps/upload/03-2026/product/IMG_1342.jpeg
ar,R104,R104-ROCHAS AUDACE,عطور النساء,100,https://www.mad-parfumeur.com/respondio-catalog/wa/ar/p-730-r104.html?v=20260731-2,https://madperfume.ps/?app=product.show.730,https://www.mad-parfumeur.com/respondio-catalog/og/ar/p-730-r104.jpg?v=20260731-2,https://madperfume.ps/upload/03-2026/product/IMG_1337.jpeg
ar,V115,V115-VICTORIA'S SECRET TEASE SUGAR FLEUR,عطور النساء,100,https://www.mad-parfumeur.com/respondio-catalog/wa/ar/p-731-v115.html?v=20260731-2,https://madperfume.ps/?app=product.show.731,https://www.mad-parfumeur.com/respondio-catalog/og/ar/p-731-v115.jpg?v=20260731-2,https://madperfume.ps/upload/03-2026/product/IMG_1332.jpeg
ar,Y105,Y105-YVES SAINT LAURENT LIBRE VANILLA COUTURE EDP,عطور النساء,100,https://www.mad-parfumeur.com/respondio-catalog/wa/ar/p-732-y105.html?v=20260731-2,https://madperfume.ps/?app=product.show.732,https://www.mad-parfumeur.com/respondio-catalog/og/ar/p-732-y105.jpg?v=20260731-2,https://madperfume.ps/upload/03-2026/product/IMG_1327.jpeg
ar,חמשת המלכים - J101 W191 A115 T109 T102,חמשת המלכים,الحملات والعروض الرجاليه,500,https://www.mad-parfumeur.com/respondio-catalog/wa/ar/p-733-j101-w191-a115-t109-t102.html?v=20260731-2,https://madperfume.ps/?app=product.show.733,https://www.mad-parfumeur.com/respondio-catalog/og/ar/p-733-j101-w191-a115-t109-t102.jpg?v=20260731-2,https://madperfume.ps/upload/05-2026/product/6a0828d0ee631.png
