"language","code","name","respondio_file_name","local_image_path","public_image_url","whatsapp_preview_url","messaging_url","caption","respondio_file_id"
"ar","W183","Aventus - Creed","ar-W183-p-1-w183.jpg","C:\Users\yahya\Documents\Codex\2026-07-30\https-script-google-com-macros-s\outputs\media\ar\p-1-w183.jpg","https://www.mad-parfumeur.com/respondio-catalog/media/ar/p-1-w183.jpg?v=20260731-4","https://www.mad-parfumeur.com/respondio-catalog/wa/ar/p-1-w183.html?v=20260731-4","https://wa.me/972524033442?text=%D9%85%D8%B1%D8%AD%D8%A8%D8%A7%D8%8C%20%D8%A3%D8%B1%D9%8A%D8%AF%20%D8%B7%D9%84%D8%A8%20%D8%A7%D9%84%D9%85%D9%86%D8%AA%D8%AC%20W183","Aventus - Creed
الكود: W183
السعر: 100 ILS
عودة للمراسلة: https://wa.me/972524033442?text=%D9%85%D8%B1%D8%AD%D8%A8%D8%A7%D8%8C%20%D8%A3%D8%B1%D9%8A%D8%AF%20%D8%B7%D9%84%D8%A8%20%D8%A7%D9%84%D9%85%D9%86%D8%AA%D8%AC%20W183",""
"ar","I101","Invictus Intense by Paco Rabanne","ar-I101-p-2-i101.jpg","C:\Users\yahya\Documents\Codex\2026-07-30\https-script-google-com-macros-s\outputs\media\ar\p-2-i101.jpg","https://www.mad-parfumeur.com/respondio-catalog/media/ar/p-2-i101.jpg?v=20260731-4","https://www.mad-parfumeur.com/respondio-catalog/wa/ar/p-2-i101.html?v=20260731-4","https://wa.me/972524033442?text=%D9%85%D8%B1%D8%AD%D8%A8%D8%A7%D8%8C%20%D8%A3%D8%B1%D9%8A%D8%AF%20%D8%B7%D9%84%D8%A8%20%D8%A7%D9%84%D9%85%D9%86%D8%AA%D8%AC%20I101","Invictus Intense by Paco Rabanne
الكود: I101
السعر: 100 ILS
عودة للمراسلة: https://wa.me/972524033442?text=%D9%85%D8%B1%D8%AD%D8%A8%D8%A7%D8%8C%20%D8%A3%D8%B1%D9%8A%D8%AF%20%D8%B7%D9%84%D8%A8%20%D8%A7%D9%84%D9%85%D9%86%D8%AA%D8%AC%20I101",""
"ar","Q109","Tobacco Vanille by Tom Ford","ar-Q109-p-3-q109.jpg","C:\Users\yahya\Documents\Codex\2026-07-30\https-script-google-com-macros-s\outputs\media\ar\p-3-q109.jpg","https://www.mad-parfumeur.com/respondio-catalog/media/ar/p-3-q109.jpg?v=20260731-4","https://www.mad-parfumeur.com/respondio-catalog/wa/ar/p-3-q109.html?v=20260731-4","https://wa.me/972524033442?text=%D9%85%D8%B1%D8%AD%D8%A8%D8%A7%D8%8C%20%D8%A3%D8%B1%D9%8A%D8%AF%20%D8%B7%D9%84%D8%A8%20%D8%A7%D9%84%D9%85%D9%86%D8%AA%D8%AC%20Q109","Tobacco Vanille by Tom Ford
الكود: Q109
السعر: 100 ILS
عودة للمراسلة: https://wa.me/972524033442?text=%D9%85%D8%B1%D8%AD%D8%A8%D8%A7%D8%8C%20%D8%A3%D8%B1%D9%8A%D8%AF%20%D8%B7%D9%84%D8%A8%20%D8%A7%D9%84%D9%85%D9%86%D8%AA%D8%AC%20Q109",""
"ar","W189","Boss Bottled Intense Eau de Parfum - Hugo Boss","ar-W189-p-4-w189.jpg","C:\Users\yahya\Documents\Codex\2026-07-30\https-script-google-com-macros-s\outputs\media\ar\p-4-w189.jpg","https://www.mad-parfumeur.com/respondio-catalog/media/ar/p-4-w189.jpg?v=20260731-4","https://www.mad-parfumeur.com/respondio-catalog/wa/ar/p-4-w189.html?v=20260731-4","https://wa.me/972524033442?text=%D9%85%D8%B1%D8%AD%D8%A8%D8%A7%D8%8C%20%D8%A3%D8%B1%D9%8A%D8%AF%20%D8%B7%D9%84%D8%A8%20%D8%A7%D9%84%D9%85%D9%86%D8%AA%D8%AC%20W189","Boss Bottled Intense Eau de Parfum - Hugo Boss
الكود: W189
السعر: 100 ILS
عودة للمراسلة: https://wa.me/972524033442?text=%D9%85%D8%B1%D8%AD%D8%A8%D8%A7%D8%8C%20%D8%A3%D8%B1%D9%8A%D8%AF%20%D8%B7%D9%84%D8%A8%20%D8%A7%D9%84%D9%85%D9%86%D8%AA%D8%AC%20W189",""
"ar","W191","Sauvage by Dior","ar-W191-p-5-w191.jpg","C:\Users\yahya\Documents\Codex\2026-07-30\https-script-google-com-macros-s\outputs\media\ar\p-5-w191.jpg","https://www.mad-parfumeur.com/respondio-catalog/media/ar/p-5-w191.jpg?v=20260731-4","https://www.mad-parfumeur.com/respondio-catalog/wa/ar/p-5-w191.html?v=20260731-4","https://wa.me/972524033442?text=%D9%85%D8%B1%D8%AD%D8%A8%D8%A7%D8%8C%20%D8%A3%D8%B1%D9%8A%D8%AF%20%D8%B7%D9%84%D8%A8%20%D8%A7%D9%84%D9%85%D9%86%D8%AA%D8%AC%20W191","Sauvage by Dior
الكود: W191
السعر: 100 ILS
عودة للمراسلة: https://wa.me/972524033442?text=%D9%85%D8%B1%D8%AD%D8%A8%D8%A7%D8%8C%20%D8%A3%D8%B1%D9%8A%D8%AF%20%D8%B7%D9%84%D8%A8%20%D8%A7%D9%84%D9%85%D9%86%D8%AA%D8%AC%20W191",""
"ar","W192","Sauvage by Dior","ar-W192-p-6-w192.jpg","C:\Users\yahya\Documents\Codex\2026-07-30\https-script-google-com-macros-s\outputs\media\ar\p-6-w192.jpg","https://www.mad-parfumeur.com/respondio-catalog/media/ar/p-6-w192.jpg?v=20260731-4","https://www.mad-parfumeur.com/respondio-catalog/wa/ar/p-6-w192.html?v=20260731-4","https://wa.me/972524033442?text=%D9%85%D8%B1%D8%AD%D8%A8%D8%A7%D8%8C%20%D8%A3%D8%B1%D9%8A%D8%AF%20%D8%B7%D9%84%D8%A8%20%D8%A7%D9%84%D9%85%D9%86%D8%AA%D8%AC%20W192","Sauvage by Dior
الكود: W192
السعر: 100 ILS
عودة للمراسلة: https://wa.me/972524033442?text=%D9%85%D8%B1%D8%AD%D8%A8%D8%A7%D8%8C%20%D8%A3%D8%B1%D9%8A%D8%AF%20%D8%B7%D9%84%D8%A8%20%D8%A7%D9%84%D9%85%D9%86%D8%AA%D8%AC%20W192",""
"ar","W180","Invictus by Paco Rabanne","ar-W180-p-7-w180.jpg","C:\Users\yahya\Documents\Codex\2026-07-30\https-script-google-com-macros-s\outputs\media\ar\p-7-w180.jpg","https://www.mad-parfumeur.com/respondio-catalog/media/ar/p-7-w180.jpg?v=20260731-4","https://www.mad-parfumeur.com/respondio-catalog/wa/ar/p-7-w180.html?v=20260731-4","https://wa.me/972524033442?text=%D9%85%D8%B1%D8%AD%D8%A8%D8%A7%D8%8C%20%D8%A3%D8%B1%D9%8A%D8%AF%20%D8%B7%D9%84%D8%A8%20%D8%A7%D9%84%D9%85%D9%86%D8%AA%D8%AC%20W180","Invictus by Paco Rabanne
الكود: W180
السعر: 100 ILS
عودة للمراسلة: https://wa.me/972524033442?text=%D9%85%D8%B1%D8%AD%D8%A8%D8%A7%D8%8C%20%D8%A3%D8%B1%D9%8A%D8%AF%20%D8%B7%D9%84%D8%A8%20%D8%A7%D9%84%D9%85%D9%86%D8%AA%D8%AC%20W180",""
"ar","W184","My Land - Trussardi","ar-W184-p-8-w184.jpg","C:\Users\yahya\Documents\Codex\2026-07-30\https-script-google-com-macros-s\outputs\media\ar\p-8-w184.jpg","https://www.mad-parfumeur.com/respondio-catalog/media/ar/p-8-w184.jpg?v=20260731-4","https://www.mad-parfumeur.com/respondio-catalog/wa/ar/p-8-w184.html?v=20260731-4","https://wa.me/972524033442?text=%D9%85%D8%B1%D8%AD%D8%A8%D8%A7%D8%8C%20%D8%A3%D8%B1%D9%8A%D8%AF%20%D8%B7%D9%84%D8%A8%20%D8%A7%D9%84%D9%85%D9%86%D8%AA%D8%AC%20W184","My Land - Trussardi
الكود: W184
السعر: 100 ILS
عودة للمراسلة: https://wa.me/972524033442?text=%D9%85%D8%B1%D8%AD%D8%A8%D8%A7%D8%8C%20%D8%A3%D8%B1%D9%8A%D8%AF%20%D8%B7%D9%84%D8%A8%20%D8%A7%D9%84%D9%85%D9%86%D8%AA%D8%AC%20W184",""
"ar","W163","Only The Brave Eau de Parfum - Diesel","ar-W163-p-9-w163.jpg","C:\Users\yahya\Documents\Codex\2026-07-30\https-script-google-com-macros-s\outputs\media\ar\p-9-w163.jpg","https://www.mad-parfumeur.com/respondio-catalog/media/ar/p-9-w163.jpg?v=20260731-4","https://www.mad-parfumeur.com/respondio-catalog/wa/ar/p-9-w163.html?v=20260731-4","https://wa.me/972524033442?text=%D9%85%D8%B1%D8%AD%D8%A8%D8%A7%D8%8C%20%D8%A3%D8%B1%D9%8A%D8%AF%20%D8%B7%D9%84%D8%A8%20%D8%A7%D9%84%D9%85%D9%86%D8%AA%D8%AC%20W163","Only The Brave Eau de Parfum - Diesel
الكود: W163
السعر: 100 ILS
عودة للمراسلة: https://wa.me/972524033442?text=%D9%85%D8%B1%D8%AD%D8%A8%D8%A7%D8%8C%20%D8%A3%D8%B1%D9%8A%D8%AF%20%D8%B7%D9%84%D8%A8%20%D8%A7%D9%84%D9%85%D9%86%D8%AA%D8%AC%20W163",""
"ar","W164","Guilty Pour Homme - Gucci","ar-W164-p-10-w164.jpg","C:\Users\yahya\Documents\Codex\2026-07-30\https-script-google-com-macros-s\outputs\media\ar\p-10-w164.jpg","https://www.mad-parfumeur.com/respondio-catalog/media/ar/p-10-w164.jpg?v=20260731-4","https://www.mad-parfumeur.com/respondio-catalog/wa/ar/p-10-w164.html?v=20260731-4","https://wa.me/972524033442?text=%D9%85%D8%B1%D8%AD%D8%A8%D8%A7%D8%8C%20%D8%A3%D8%B1%D9%8A%D8%AF%20%D8%B7%D9%84%D8%A8%20%D8%A7%D9%84%D9%85%D9%86%D8%AA%D8%AC%20W164","Guilty Pour Homme - Gucci
الكود: W164
السعر: 100 ILS
عودة للمراسلة: https://wa.me/972524033442?text=%D9%85%D8%B1%D8%AD%D8%A8%D8%A7%D8%8C%20%D8%A3%D8%B1%D9%8A%D8%AF%20%D8%B7%D9%84%D8%A8%20%D8%A7%D9%84%D9%85%D9%86%D8%AA%D8%AC%20W164",""
"ar","W171","Spicebomb - Viktor&Rolf","ar-W171-p-11-w171.jpg","C:\Users\yahya\Documents\Codex\2026-07-30\https-script-google-com-macros-s\outputs\media\ar\p-11-w171.jpg","https://www.mad-parfumeur.com/respondio-catalog/media/ar/p-11-w171.jpg?v=20260731-4","https://www.mad-parfumeur.com/respondio-catalog/wa/ar/p-11-w171.html?v=20260731-4","https://wa.me/972524033442?text=%D9%85%D8%B1%D8%AD%D8%A8%D8%A7%D8%8C%20%D8%A3%D8%B1%D9%8A%D8%AF%20%D8%B7%D9%84%D8%A8%20%D8%A7%D9%84%D9%85%D9%86%D8%AA%D8%AC%20W171","Spicebomb - Viktor&Rolf
الكود: W171
السعر: 100 ILS
عودة للمراسلة: https://wa.me/972524033442?text=%D9%85%D8%B1%D8%AD%D8%A8%D8%A7%D8%8C%20%D8%A3%D8%B1%D9%8A%D8%AF%20%D8%B7%D9%84%D8%A8%20%D8%A7%D9%84%D9%85%D9%86%D8%AA%D8%AC%20W171",""
"ar","W190","Acqua di Giò Profumo by Giorgio Armani","ar-W190-p-12-w190.jpg","C:\Users\yahya\Documents\Codex\2026-07-30\https-script-google-com-macros-s\outputs\media\ar\p-12-w190.jpg","https://www.mad-parfumeur.com/respondio-catalog/media/ar/p-12-w190.jpg?v=20260731-4","https://www.mad-parfumeur.com/respondio-catalog/wa/ar/p-12-w190.html?v=20260731-4","https://wa.me/972524033442?text=%D9%85%D8%B1%D8%AD%D8%A8%D8%A7%D8%8C%20%D8%A3%D8%B1%D9%8A%D8%AF%20%D8%B7%D9%84%D8%A8%20%D8%A7%D9%84%D9%85%D9%86%D8%AA%D8%AC%20W190","Acqua di Giò Profumo by Giorgio Armani
الكود: W190
السعر: 100 ILS
عودة للمراسلة: https://wa.me/972524033442?text=%D9%85%D8%B1%D8%AD%D8%A8%D8%A7%D8%8C%20%D8%A3%D8%B1%D9%8A%D8%AF%20%D8%B7%D9%84%D8%A8%20%D8%A7%D9%84%D9%85%D9%86%D8%AA%D8%AC%20W190",""
"ar","H106","Hugo Energise - Hugo Boss","ar-H106-p-14-h106.jpg","C:\Users\yahya\Documents\Codex\2026-07-30\https-script-google-com-macros-s\outputs\media\ar\p-14-h106.jpg","https://www.mad-parfumeur.com/respondio-catalog/media/ar/p-14-h106.jpg?v=20260731-4","https://www.mad-parfumeur.com/respondio-catalog/wa/ar/p-14-h106.html?v=20260731-4","https://wa.me/972524033442?text=%D9%85%D8%B1%D8%AD%D8%A8%D8%A7%D8%8C%20%D8%A3%D8%B1%D9%8A%D8%AF%20%D8%B7%D9%84%D8%A8%20%D8%A7%D9%84%D9%85%D9%86%D8%AA%D8%AC%20H106","Hugo Energise - Hugo Boss
الكود: H106
السعر: 100 ILS
عودة للمراسلة: https://wa.me/972524033442?text=%D9%85%D8%B1%D8%AD%D8%A8%D8%A7%D8%8C%20%D8%A3%D8%B1%D9%8A%D8%AF%20%D8%B7%D9%84%D8%A8%20%D8%A7%D9%84%D9%85%D9%86%D8%AA%D8%AC%20H106",""
"ar","P104","The Blazing Mr. Sam by Penhaligon's","ar-P104-p-15-p104.jpg","C:\Users\yahya\Documents\Codex\2026-07-30\https-script-google-com-macros-s\outputs\media\ar\p-15-p104.jpg","https://www.mad-parfumeur.com/respondio-catalog/media/ar/p-15-p104.jpg?v=20260731-4","https://www.mad-parfumeur.com/respondio-catalog/wa/ar/p-15-p104.html?v=20260731-4","https://wa.me/972524033442?text=%D9%85%D8%B1%D8%AD%D8%A8%D8%A7%D8%8C%20%D8%A3%D8%B1%D9%8A%D8%AF%20%D8%B7%D9%84%D8%A8%20%D8%A7%D9%84%D9%85%D9%86%D8%AA%D8%AC%20P104","The Blazing Mr. Sam by Penhaligon's
الكود: P104
السعر: 100 ILS
عودة للمراسلة: https://wa.me/972524033442?text=%D9%85%D8%B1%D8%AD%D8%A8%D8%A7%D8%8C%20%D8%A3%D8%B1%D9%8A%D8%AF%20%D8%B7%D9%84%D8%A8%20%D8%A7%D9%84%D9%85%D9%86%D8%AA%D8%AC%20P104",""
"ar","S102","Sculpture Homme - Nikos","ar-S102-p-16-s102.jpg","C:\Users\yahya\Documents\Codex\2026-07-30\https-script-google-com-macros-s\outputs\media\ar\p-16-s102.jpg","https://www.mad-parfumeur.com/respondio-catalog/media/ar/p-16-s102.jpg?v=20260731-4","https://www.mad-parfumeur.com/respondio-catalog/wa/ar/p-16-s102.html?v=20260731-4","https://wa.me/972524033442?text=%D9%85%D8%B1%D8%AD%D8%A8%D8%A7%D8%8C%20%D8%A3%D8%B1%D9%8A%D8%AF%20%D8%B7%D9%84%D8%A8%20%D8%A7%D9%84%D9%85%D9%86%D8%AA%D8%AC%20S102","Sculpture Homme - Nikos
الكود: S102
السعر: 100 ILS
عودة للمراسلة: https://wa.me/972524033442?text=%D9%85%D8%B1%D8%AD%D8%A8%D8%A7%D8%8C%20%D8%A3%D8%B1%D9%8A%D8%AF%20%D8%B7%D9%84%D8%A8%20%D8%A7%D9%84%D9%85%D9%86%D8%AA%D8%AC%20S102",""
"ar","B108","Bvlgari Man Terrae Essence - Bvlgari","ar-B108-p-17-b108.jpg","C:\Users\yahya\Documents\Codex\2026-07-30\https-script-google-com-macros-s\outputs\media\ar\p-17-b108.jpg","https://www.mad-parfumeur.com/respondio-catalog/media/ar/p-17-b108.jpg?v=20260731-4","https://www.mad-parfumeur.com/respondio-catalog/wa/ar/p-17-b108.html?v=20260731-4","https://wa.me/972524033442?text=%D9%85%D8%B1%D8%AD%D8%A8%D8%A7%D8%8C%20%D8%A3%D8%B1%D9%8A%D8%AF%20%D8%B7%D9%84%D8%A8%20%D8%A7%D9%84%D9%85%D9%86%D8%AA%D8%AC%20B108","Bvlgari Man Terrae Essence - Bvlgari
الكود: B108
السعر: 100 ILS
عودة للمراسلة: https://wa.me/972524033442?text=%D9%85%D8%B1%D8%AD%D8%A8%D8%A7%D8%8C%20%D8%A3%D8%B1%D9%8A%D8%AF%20%D8%B7%D9%84%D8%A8%20%D8%A7%D9%84%D9%85%D9%86%D8%AA%D8%AC%20B108",""
"ar","W174","Eros by Versace","ar-W174-p-18-w174.jpg","C:\Users\yahya\Documents\Codex\2026-07-30\https-script-google-com-macros-s\outputs\media\ar\p-18-w174.jpg","https://www.mad-parfumeur.com/respondio-catalog/media/ar/p-18-w174.jpg?v=20260731-4","https://www.mad-parfumeur.com/respondio-catalog/wa/ar/p-18-w174.html?v=20260731-4","https://wa.me/972524033442?text=%D9%85%D8%B1%D8%AD%D8%A8%D8%A7%D8%8C%20%D8%A3%D8%B1%D9%8A%D8%AF%20%D8%B7%D9%84%D8%A8%20%D8%A7%D9%84%D9%85%D9%86%D8%AA%D8%AC%20W174","Eros by Versace
الكود: W174
السعر: 100 ILS
عودة للمراسلة: https://wa.me/972524033442?text=%D9%85%D8%B1%D8%AD%D8%A8%D8%A7%D8%8C%20%D8%A3%D8%B1%D9%8A%D8%AF%20%D8%B7%D9%84%D8%A8%20%D8%A7%D9%84%D9%85%D9%86%D8%AA%D8%AC%20W174",""
"ar","W150","Blue de Chance - Maison Alhambra","ar-W150-p-19-w150.jpg","C:\Users\yahya\Documents\Codex\2026-07-30\https-script-google-com-macros-s\outputs\media\ar\p-19-w150.jpg","https://www.mad-parfumeur.com/respondio-catalog/media/ar/p-19-w150.jpg?v=20260731-4","https://www.mad-parfumeur.com/respondio-catalog/wa/ar/p-19-w150.html?v=20260731-4","https://wa.me/972524033442?text=%D9%85%D8%B1%D8%AD%D8%A8%D8%A7%D8%8C%20%D8%A3%D8%B1%D9%8A%D8%AF%20%D8%B7%D9%84%D8%A8%20%D8%A7%D9%84%D9%85%D9%86%D8%AA%D8%AC%20W150","Blue de Chance - Maison Alhambra
الكود: W150
السعر: 100 ILS
عودة للمراسلة: https://wa.me/972524033442?text=%D9%85%D8%B1%D8%AD%D8%A8%D8%A7%D8%8C%20%D8%A3%D8%B1%D9%8A%D8%AF%20%D8%B7%D9%84%D8%A8%20%D8%A7%D9%84%D9%85%D9%86%D8%AA%D8%AC%20W150",""
"ar","W129","1 Million Elixir من Paco Rabanne","ar-W129-p-20-w129.jpg","C:\Users\yahya\Documents\Codex\2026-07-30\https-script-google-com-macros-s\outputs\media\ar\p-20-w129.jpg","https://www.mad-parfumeur.com/respondio-catalog/media/ar/p-20-w129.jpg?v=20260731-4","https://www.mad-parfumeur.com/respondio-catalog/wa/ar/p-20-w129.html?v=20260731-4","https://wa.me/972524033442?text=%D9%85%D8%B1%D8%AD%D8%A8%D8%A7%D8%8C%20%D8%A3%D8%B1%D9%8A%D8%AF%20%D8%B7%D9%84%D8%A8%20%D8%A7%D9%84%D9%85%D9%86%D8%AA%D8%AC%20W129","1 Million Elixir من Paco Rabanne
الكود: W129
السعر: 100 ILS
عودة للمراسلة: https://wa.me/972524033442?text=%D9%85%D8%B1%D8%AD%D8%A8%D8%A7%D8%8C%20%D8%A3%D8%B1%D9%8A%D8%AF%20%D8%B7%D9%84%D8%A8%20%D8%A7%D9%84%D9%85%D9%86%D8%AA%D8%AC%20W129",""
"ar","W160","La Nuit de l'Homme - Yves Saint Laurent","ar-W160-p-22-w160.jpg","C:\Users\yahya\Documents\Codex\2026-07-30\https-script-google-com-macros-s\outputs\media\ar\p-22-w160.jpg","https://www.mad-parfumeur.com/respondio-catalog/media/ar/p-22-w160.jpg?v=20260731-4","https://www.mad-parfumeur.com/respondio-catalog/wa/ar/p-22-w160.html?v=20260731-4","https://wa.me/972524033442?text=%D9%85%D8%B1%D8%AD%D8%A8%D8%A7%D8%8C%20%D8%A3%D8%B1%D9%8A%D8%AF%20%D8%B7%D9%84%D8%A8%20%D8%A7%D9%84%D9%85%D9%86%D8%AA%D8%AC%20W160","La Nuit de l'Homme - Yves Saint Laurent
الكود: W160
السعر: 100 ILS
عودة للمراسلة: https://wa.me/972524033442?text=%D9%85%D8%B1%D8%AD%D8%A8%D8%A7%D8%8C%20%D8%A3%D8%B1%D9%8A%D8%AF%20%D8%B7%D9%84%D8%A8%20%D8%A7%D9%84%D9%85%D9%86%D8%AA%D8%AC%20W160",""
"ar","W161","212 VIP Men - Carolina Herrera","ar-W161-p-23-w161.jpg","C:\Users\yahya\Documents\Codex\2026-07-30\https-script-google-com-macros-s\outputs\media\ar\p-23-w161.jpg","https://www.mad-parfumeur.com/respondio-catalog/media/ar/p-23-w161.jpg?v=20260731-4","https://www.mad-parfumeur.com/respondio-catalog/wa/ar/p-23-w161.html?v=20260731-4","https://wa.me/972524033442?text=%D9%85%D8%B1%D8%AD%D8%A8%D8%A7%D8%8C%20%D8%A3%D8%B1%D9%8A%D8%AF%20%D8%B7%D9%84%D8%A8%20%D8%A7%D9%84%D9%85%D9%86%D8%AA%D8%AC%20W161","212 VIP Men - Carolina Herrera
الكود: W161
السعر: 100 ILS
عودة للمراسلة: https://wa.me/972524033442?text=%D9%85%D8%B1%D8%AD%D8%A8%D8%A7%D8%8C%20%D8%A3%D8%B1%D9%8A%D8%AF%20%D8%B7%D9%84%D8%A8%20%D8%A7%D9%84%D9%85%D9%86%D8%AA%D8%AC%20W161",""
"ar","W128","1 Million by Paco Rabanne","ar-W128-p-25-w128.jpg","C:\Users\yahya\Documents\Codex\2026-07-30\https-script-google-com-macros-s\outputs\media\ar\p-25-w128.jpg","https://www.mad-parfumeur.com/respondio-catalog/media/ar/p-25-w128.jpg?v=20260731-4","https://www.mad-parfumeur.com/respondio-catalog/wa/ar/p-25-w128.html?v=20260731-4","https://wa.me/972524033442?text=%D9%85%D8%B1%D8%AD%D8%A8%D8%A7%D8%8C%20%D8%A3%D8%B1%D9%8A%D8%AF%20%D8%B7%D9%84%D8%A8%20%D8%A7%D9%84%D9%85%D9%86%D8%AA%D8%AC%20W128","1 Million by Paco Rabanne
الكود: W128
السعر: 100 ILS
عودة للمراسلة: https://wa.me/972524033442?text=%D9%85%D8%B1%D8%AD%D8%A8%D8%A7%D8%8C%20%D8%A3%D8%B1%D9%8A%D8%AF%20%D8%B7%D9%84%D8%A8%20%D8%A7%D9%84%D9%85%D9%86%D8%AA%D8%AC%20W128",""
"ar","W133","The One for Men - Dolce & Gabbana","ar-W133-p-26-w133.jpg","C:\Users\yahya\Documents\Codex\2026-07-30\https-script-google-com-macros-s\outputs\media\ar\p-26-w133.jpg","https://www.mad-parfumeur.com/respondio-catalog/media/ar/p-26-w133.jpg?v=20260731-4","https://www.mad-parfumeur.com/respondio-catalog/wa/ar/p-26-w133.html?v=20260731-4","https://wa.me/972524033442?text=%D9%85%D8%B1%D8%AD%D8%A8%D8%A7%D8%8C%20%D8%A3%D8%B1%D9%8A%D8%AF%20%D8%B7%D9%84%D8%A8%20%D8%A7%D9%84%D9%85%D9%86%D8%AA%D8%AC%20W133","The One for Men - Dolce & Gabbana
الكود: W133
السعر: 100 ILS
عودة للمراسلة: https://wa.me/972524033442?text=%D9%85%D8%B1%D8%AD%D8%A8%D8%A7%D8%8C%20%D8%A3%D8%B1%D9%8A%D8%AF%20%D8%B7%D9%84%D8%A8%20%D8%A7%D9%84%D9%85%D9%86%D8%AA%D8%AC%20W133",""
"ar","W139","Only The Brave - Diesel","ar-W139-p-27-w139.jpg","C:\Users\yahya\Documents\Codex\2026-07-30\https-script-google-com-macros-s\outputs\media\ar\p-27-w139.jpg","https://www.mad-parfumeur.com/respondio-catalog/media/ar/p-27-w139.jpg?v=20260731-4","https://www.mad-parfumeur.com/respondio-catalog/wa/ar/p-27-w139.html?v=20260731-4","https://wa.me/972524033442?text=%D9%85%D8%B1%D8%AD%D8%A8%D8%A7%D8%8C%20%D8%A3%D8%B1%D9%8A%D8%AF%20%D8%B7%D9%84%D8%A8%20%D8%A7%D9%84%D9%85%D9%86%D8%AA%D8%AC%20W139","Only The Brave - Diesel
الكود: W139
السعر: 100 ILS
عودة للمراسلة: https://wa.me/972524033442?text=%D9%85%D8%B1%D8%AD%D8%A8%D8%A7%D8%8C%20%D8%A3%D8%B1%D9%8A%D8%AF%20%D8%B7%D9%84%D8%A8%20%D8%A7%D9%84%D9%85%D9%86%D8%AA%D8%AC%20W139",""
"ar","W143","Terre D'Hermes Eau Intense Vetiver - Hermès","ar-W143-p-28-w143.jpg","C:\Users\yahya\Documents\Codex\2026-07-30\https-script-google-com-macros-s\outputs\media\ar\p-28-w143.jpg","https://www.mad-parfumeur.com/respondio-catalog/media/ar/p-28-w143.jpg?v=20260731-4","https://www.mad-parfumeur.com/respondio-catalog/wa/ar/p-28-w143.html?v=20260731-4","https://wa.me/972524033442?text=%D9%85%D8%B1%D8%AD%D8%A8%D8%A7%D8%8C%20%D8%A3%D8%B1%D9%8A%D8%AF%20%D8%B7%D9%84%D8%A8%20%D8%A7%D9%84%D9%85%D9%86%D8%AA%D8%AC%20W143","Terre D'Hermes Eau Intense Vetiver - Hermès
الكود: W143
السعر: 100 ILS
عودة للمراسلة: https://wa.me/972524033442?text=%D9%85%D8%B1%D8%AD%D8%A8%D8%A7%D8%8C%20%D8%A3%D8%B1%D9%8A%D8%AF%20%D8%B7%D9%84%D8%A8%20%D8%A7%D9%84%D9%85%D9%86%D8%AA%D8%AC%20W143",""
"ar","W111","Black XS - Paco Rabanne","ar-W111-p-29-w111.jpg","C:\Users\yahya\Documents\Codex\2026-07-30\https-script-google-com-macros-s\outputs\media\ar\p-29-w111.jpg","https://www.mad-parfumeur.com/respondio-catalog/media/ar/p-29-w111.jpg?v=20260731-4","https://www.mad-parfumeur.com/respondio-catalog/wa/ar/p-29-w111.html?v=20260731-4","https://wa.me/972524033442?text=%D9%85%D8%B1%D8%AD%D8%A8%D8%A7%D8%8C%20%D8%A3%D8%B1%D9%8A%D8%AF%20%D8%B7%D9%84%D8%A8%20%D8%A7%D9%84%D9%85%D9%86%D8%AA%D8%AC%20W111","Black XS - Paco Rabanne
الكود: W111
السعر: 100 ILS
عودة للمراسلة: https://wa.me/972524033442?text=%D9%85%D8%B1%D8%AD%D8%A8%D8%A7%D8%8C%20%D8%A3%D8%B1%D9%8A%D8%AF%20%D8%B7%D9%84%D8%A8%20%D8%A7%D9%84%D9%85%D9%86%D8%AA%D8%AC%20W111",""
"ar","W120","212 Sexy Men - Carolina Herrera","ar-W120-p-30-w120.jpg","C:\Users\yahya\Documents\Codex\2026-07-30\https-script-google-com-macros-s\outputs\media\ar\p-30-w120.jpg","https://www.mad-parfumeur.com/respondio-catalog/media/ar/p-30-w120.jpg?v=20260731-4","https://www.mad-parfumeur.com/respondio-catalog/wa/ar/p-30-w120.html?v=20260731-4","https://wa.me/972524033442?text=%D9%85%D8%B1%D8%AD%D8%A8%D8%A7%D8%8C%20%D8%A3%D8%B1%D9%8A%D8%AF%20%D8%B7%D9%84%D8%A8%20%D8%A7%D9%84%D9%85%D9%86%D8%AA%D8%AC%20W120","212 Sexy Men - Carolina Herrera
الكود: W120
السعر: 100 ILS
عودة للمراسلة: https://wa.me/972524033442?text=%D9%85%D8%B1%D8%AD%D8%A8%D8%A7%D8%8C%20%D8%A3%D8%B1%D9%8A%D8%AF%20%D8%B7%D9%84%D8%A8%20%D8%A7%D9%84%D9%85%D9%86%D8%AA%D8%AC%20W120",""
"ar","T102","Oud Wood by Tom Ford","ar-T102-p-31-t102.jpg","C:\Users\yahya\Documents\Codex\2026-07-30\https-script-google-com-macros-s\outputs\media\ar\p-31-t102.jpg","https://www.mad-parfumeur.com/respondio-catalog/media/ar/p-31-t102.jpg?v=20260731-4","https://www.mad-parfumeur.com/respondio-catalog/wa/ar/p-31-t102.html?v=20260731-4","https://wa.me/972524033442?text=%D9%85%D8%B1%D8%AD%D8%A8%D8%A7%D8%8C%20%D8%A3%D8%B1%D9%8A%D8%AF%20%D8%B7%D9%84%D8%A8%20%D8%A7%D9%84%D9%85%D9%86%D8%AA%D8%AC%20T102","Oud Wood by Tom Ford
الكود: T102
السعر: 100 ILS
عودة للمراسلة: https://wa.me/972524033442?text=%D9%85%D8%B1%D8%AD%D8%A8%D8%A7%D8%8C%20%D8%A3%D8%B1%D9%8A%D8%AF%20%D8%B7%D9%84%D8%A8%20%D8%A7%D9%84%D9%85%D9%86%D8%AA%D8%AC%20T102",""
"ar","W126","Fuel for Life Homme - Diesel","ar-W126-p-33-w126.jpg","C:\Users\yahya\Documents\Codex\2026-07-30\https-script-google-com-macros-s\outputs\media\ar\p-33-w126.jpg","https://www.mad-parfumeur.com/respondio-catalog/media/ar/p-33-w126.jpg?v=20260731-4","https://www.mad-parfumeur.com/respondio-catalog/wa/ar/p-33-w126.html?v=20260731-4","https://wa.me/972524033442?text=%D9%85%D8%B1%D8%AD%D8%A8%D8%A7%D8%8C%20%D8%A3%D8%B1%D9%8A%D8%AF%20%D8%B7%D9%84%D8%A8%20%D8%A7%D9%84%D9%85%D9%86%D8%AA%D8%AC%20W126","Fuel for Life Homme - Diesel
الكود: W126
السعر: 100 ILS
عودة للمراسلة: https://wa.me/972524033442?text=%D9%85%D8%B1%D8%AD%D8%A8%D8%A7%D8%8C%20%D8%A3%D8%B1%D9%8A%D8%AF%20%D8%B7%D9%84%D8%A8%20%D8%A7%D9%84%D9%85%D9%86%D8%AA%D8%AC%20W126",""
"ar","Q106","Vanille Fatale by Tom Ford","ar-Q106-p-34-q106.jpg","C:\Users\yahya\Documents\Codex\2026-07-30\https-script-google-com-macros-s\outputs\media\ar\p-34-q106.jpg","https://www.mad-parfumeur.com/respondio-catalog/media/ar/p-34-q106.jpg?v=20260731-4","https://www.mad-parfumeur.com/respondio-catalog/wa/ar/p-34-q106.html?v=20260731-4","https://wa.me/972524033442?text=%D9%85%D8%B1%D8%AD%D8%A8%D8%A7%D8%8C%20%D8%A3%D8%B1%D9%8A%D8%AF%20%D8%B7%D9%84%D8%A8%20%D8%A7%D9%84%D9%85%D9%86%D8%AA%D8%AC%20Q106","Vanille Fatale by Tom Ford
الكود: Q106
السعر: 100 ILS
عودة للمراسلة: https://wa.me/972524033442?text=%D9%85%D8%B1%D8%AD%D8%A8%D8%A7%D8%8C%20%D8%A3%D8%B1%D9%8A%D8%AF%20%D8%B7%D9%84%D8%A8%20%D8%A7%D9%84%D9%85%D9%86%D8%AA%D8%AC%20Q106",""
"ar","Q107","Fucking Fabulous – Tom Ford","ar-Q107-p-35-q107.jpg","C:\Users\yahya\Documents\Codex\2026-07-30\https-script-google-com-macros-s\outputs\media\ar\p-35-q107.jpg","https://www.mad-parfumeur.com/respondio-catalog/media/ar/p-35-q107.jpg?v=20260731-4","https://www.mad-parfumeur.com/respondio-catalog/wa/ar/p-35-q107.html?v=20260731-4","https://wa.me/972524033442?text=%D9%85%D8%B1%D8%AD%D8%A8%D8%A7%D8%8C%20%D8%A3%D8%B1%D9%8A%D8%AF%20%D8%B7%D9%84%D8%A8%20%D8%A7%D9%84%D9%85%D9%86%D8%AA%D8%AC%20Q107","Fucking Fabulous – Tom Ford
الكود: Q107
السعر: 100 ILS
عودة للمراسلة: https://wa.me/972524033442?text=%D9%85%D8%B1%D8%AD%D8%A8%D8%A7%D8%8C%20%D8%A3%D8%B1%D9%8A%D8%AF%20%D8%B7%D9%84%D8%A8%20%D8%A7%D9%84%D9%85%D9%86%D8%AA%D8%AC%20Q107",""
"ar","Q108","Noir Extreme by Tom Ford","ar-Q108-p-36-q108.jpg","C:\Users\yahya\Documents\Codex\2026-07-30\https-script-google-com-macros-s\outputs\media\ar\p-36-q108.jpg","https://www.mad-parfumeur.com/respondio-catalog/media/ar/p-36-q108.jpg?v=20260731-4","https://www.mad-parfumeur.com/respondio-catalog/wa/ar/p-36-q108.html?v=20260731-4","https://wa.me/972524033442?text=%D9%85%D8%B1%D8%AD%D8%A8%D8%A7%D8%8C%20%D8%A3%D8%B1%D9%8A%D8%AF%20%D8%B7%D9%84%D8%A8%20%D8%A7%D9%84%D9%85%D9%86%D8%AA%D8%AC%20Q108","Noir Extreme by Tom Ford
الكود: Q108
السعر: 100 ILS
عودة للمراسلة: https://wa.me/972524033442?text=%D9%85%D8%B1%D8%AD%D8%A8%D8%A7%D8%8C%20%D8%A3%D8%B1%D9%8A%D8%AF%20%D8%B7%D9%84%D8%A8%20%D8%A7%D9%84%D9%85%D9%86%D8%AA%D8%AC%20Q108",""
"ar","P103","Phantom by Paco Rabanne","ar-P103-p-38-p103.jpg","C:\Users\yahya\Documents\Codex\2026-07-30\https-script-google-com-macros-s\outputs\media\ar\p-38-p103.jpg","https://www.mad-parfumeur.com/respondio-catalog/media/ar/p-38-p103.jpg?v=20260731-4","https://www.mad-parfumeur.com/respondio-catalog/wa/ar/p-38-p103.html?v=20260731-4","https://wa.me/972524033442?text=%D9%85%D8%B1%D8%AD%D8%A8%D8%A7%D8%8C%20%D8%A3%D8%B1%D9%8A%D8%AF%20%D8%B7%D9%84%D8%A8%20%D8%A7%D9%84%D9%85%D9%86%D8%AA%D8%AC%20P103","Phantom by Paco Rabanne
الكود: P103
السعر: 100 ILS
عودة للمراسلة: https://wa.me/972524033442?text=%D9%85%D8%B1%D8%AD%D8%A8%D8%A7%D8%8C%20%D8%A3%D8%B1%D9%8A%D8%AF%20%D8%B7%D9%84%D8%A8%20%D8%A7%D9%84%D9%85%D9%86%D8%AA%D8%AC%20P103",""
"ar","P109","Polo Blue Eau de Parfum - Ralph Lauren","ar-P109-p-39-p109.jpg","C:\Users\yahya\Documents\Codex\2026-07-30\https-script-google-com-macros-s\outputs\media\ar\p-39-p109.jpg","https://www.mad-parfumeur.com/respondio-catalog/media/ar/p-39-p109.jpg?v=20260731-4","https://www.mad-parfumeur.com/respondio-catalog/wa/ar/p-39-p109.html?v=20260731-4","https://wa.me/972524033442?text=%D9%85%D8%B1%D8%AD%D8%A8%D8%A7%D8%8C%20%D8%A3%D8%B1%D9%8A%D8%AF%20%D8%B7%D9%84%D8%A8%20%D8%A7%D9%84%D9%85%D9%86%D8%AA%D8%AC%20P109","Polo Blue Eau de Parfum - Ralph Lauren
الكود: P109
السعر: 100 ILS
عودة للمراسلة: https://wa.me/972524033442?text=%D9%85%D8%B1%D8%AD%D8%A8%D8%A7%D8%8C%20%D8%A3%D8%B1%D9%8A%D8%AF%20%D8%B7%D9%84%D8%A8%20%D8%A7%D9%84%D9%85%D9%86%D8%AA%D8%AC%20P109",""
"ar","Q105","Black Orchid by Tom Ford","ar-Q105-p-41-q105.jpg","C:\Users\yahya\Documents\Codex\2026-07-30\https-script-google-com-macros-s\outputs\media\ar\p-41-q105.jpg","https://www.mad-parfumeur.com/respondio-catalog/media/ar/p-41-q105.jpg?v=20260731-4","https://www.mad-parfumeur.com/respondio-catalog/wa/ar/p-41-q105.html?v=20260731-4","https://wa.me/972524033442?text=%D9%85%D8%B1%D8%AD%D8%A8%D8%A7%D8%8C%20%D8%A3%D8%B1%D9%8A%D8%AF%20%D8%B7%D9%84%D8%A8%20%D8%A7%D9%84%D9%85%D9%86%D8%AA%D8%AC%20Q105","Black Orchid by Tom Ford
الكود: Q105
السعر: 100 ILS
عودة للمراسلة: https://wa.me/972524033442?text=%D9%85%D8%B1%D8%AD%D8%A8%D8%A7%D8%8C%20%D8%A3%D8%B1%D9%8A%D8%AF%20%D8%B7%D9%84%D8%A8%20%D8%A7%D9%84%D9%85%D9%86%D8%AA%D8%AC%20Q105",""
"ar","L105","Lacoste Style In Play - Lacoste","ar-L105-p-42-l105.jpg","C:\Users\yahya\Documents\Codex\2026-07-30\https-script-google-com-macros-s\outputs\media\ar\p-42-l105.jpg","https://www.mad-parfumeur.com/respondio-catalog/media/ar/p-42-l105.jpg?v=20260731-4","https://www.mad-parfumeur.com/respondio-catalog/wa/ar/p-42-l105.html?v=20260731-4","https://wa.me/972524033442?text=%D9%85%D8%B1%D8%AD%D8%A8%D8%A7%D8%8C%20%D8%A3%D8%B1%D9%8A%D8%AF%20%D8%B7%D9%84%D8%A8%20%D8%A7%D9%84%D9%85%D9%86%D8%AA%D8%AC%20L105","Lacoste Style In Play - Lacoste
الكود: L105
السعر: 100 ILS
عودة للمراسلة: https://wa.me/972524033442?text=%D9%85%D8%B1%D8%AD%D8%A8%D8%A7%D8%8C%20%D8%A3%D8%B1%D9%8A%D8%AF%20%D8%B7%D9%84%D8%A8%20%D8%A7%D9%84%D9%85%D9%86%D8%AA%D8%AC%20L105",""
"ar","L106","Lacoste Essential Collector Edition - Lacoste","ar-L106-p-43-l106.jpg","C:\Users\yahya\Documents\Codex\2026-07-30\https-script-google-com-macros-s\outputs\media\ar\p-43-l106.jpg","https://www.mad-parfumeur.com/respondio-catalog/media/ar/p-43-l106.jpg?v=20260731-4","https://www.mad-parfumeur.com/respondio-catalog/wa/ar/p-43-l106.html?v=20260731-4","https://wa.me/972524033442?text=%D9%85%D8%B1%D8%AD%D8%A8%D8%A7%D8%8C%20%D8%A3%D8%B1%D9%8A%D8%AF%20%D8%B7%D9%84%D8%A8%20%D8%A7%D9%84%D9%85%D9%86%D8%AA%D8%AC%20L106","Lacoste Essential Collector Edition - Lacoste
الكود: L106
السعر: 100 ILS
عودة للمراسلة: https://wa.me/972524033442?text=%D9%85%D8%B1%D8%AD%D8%A8%D8%A7%D8%8C%20%D8%A3%D8%B1%D9%8A%D8%AF%20%D8%B7%D9%84%D8%A8%20%D8%A7%D9%84%D9%85%D9%86%D8%AA%D8%AC%20L106",""
"ar","P101","Pegasus by Parfums de Marly","ar-P101-p-44-p101.jpg","C:\Users\yahya\Documents\Codex\2026-07-30\https-script-google-com-macros-s\outputs\media\ar\p-44-p101.jpg","https://www.mad-parfumeur.com/respondio-catalog/media/ar/p-44-p101.jpg?v=20260731-4","https://www.mad-parfumeur.com/respondio-catalog/wa/ar/p-44-p101.html?v=20260731-4","https://wa.me/972524033442?text=%D9%85%D8%B1%D8%AD%D8%A8%D8%A7%D8%8C%20%D8%A3%D8%B1%D9%8A%D8%AF%20%D8%B7%D9%84%D8%A8%20%D8%A7%D9%84%D9%85%D9%86%D8%AA%D8%AC%20P101","Pegasus by Parfums de Marly
الكود: P101
السعر: 100 ILS
عودة للمراسلة: https://wa.me/972524033442?text=%D9%85%D8%B1%D8%AD%D8%A8%D8%A7%D8%8C%20%D8%A3%D8%B1%D9%8A%D8%AF%20%D8%B7%D9%84%D8%A8%20%D8%A7%D9%84%D9%85%D9%86%D8%AA%D8%AC%20P101",""
"ar","P102","1 Million Lucky by Paco Rabanne","ar-P102-p-45-p102.jpg","C:\Users\yahya\Documents\Codex\2026-07-30\https-script-google-com-macros-s\outputs\media\ar\p-45-p102.jpg","https://www.mad-parfumeur.com/respondio-catalog/media/ar/p-45-p102.jpg?v=20260731-4","https://www.mad-parfumeur.com/respondio-catalog/wa/ar/p-45-p102.html?v=20260731-4","https://wa.me/972524033442?text=%D9%85%D8%B1%D8%AD%D8%A8%D8%A7%D8%8C%20%D8%A3%D8%B1%D9%8A%D8%AF%20%D8%B7%D9%84%D8%A8%20%D8%A7%D9%84%D9%85%D9%86%D8%AA%D8%AC%20P102","1 Million Lucky by Paco Rabanne
الكود: P102
السعر: 100 ILS
عودة للمراسلة: https://wa.me/972524033442?text=%D9%85%D8%B1%D8%AD%D8%A8%D8%A7%D8%8C%20%D8%A3%D8%B1%D9%8A%D8%AF%20%D8%B7%D9%84%D8%A8%20%D8%A7%D9%84%D9%85%D9%86%D8%AA%D8%AC%20P102",""
"ar","W158","Dior Homme Intense by Dior","ar-W158-p-46-w158.jpg","C:\Users\yahya\Documents\Codex\2026-07-30\https-script-google-com-macros-s\outputs\media\ar\p-46-w158.jpg","https://www.mad-parfumeur.com/respondio-catalog/media/ar/p-46-w158.jpg?v=20260731-4","https://www.mad-parfumeur.com/respondio-catalog/wa/ar/p-46-w158.html?v=20260731-4","https://wa.me/972524033442?text=%D9%85%D8%B1%D8%AD%D8%A8%D8%A7%D8%8C%20%D8%A3%D8%B1%D9%8A%D8%AF%20%D8%B7%D9%84%D8%A8%20%D8%A7%D9%84%D9%85%D9%86%D8%AA%D8%AC%20W158","Dior Homme Intense by Dior
الكود: W158
السعر: 100 ILS
عودة للمراسلة: https://wa.me/972524033442?text=%D9%85%D8%B1%D8%AD%D8%A8%D8%A7%D8%8C%20%D8%A3%D8%B1%D9%8A%D8%AF%20%D8%B7%D9%84%D8%A8%20%D8%A7%D9%84%D9%85%D9%86%D8%AA%D8%AC%20W158",""
"ar","J102","Le Male - Jean Paul Gaultier","ar-J102-p-47-j102.jpg","C:\Users\yahya\Documents\Codex\2026-07-30\https-script-google-com-macros-s\outputs\media\ar\p-47-j102.jpg","https://www.mad-parfumeur.com/respondio-catalog/media/ar/p-47-j102.jpg?v=20260731-4","https://www.mad-parfumeur.com/respondio-catalog/wa/ar/p-47-j102.html?v=20260731-4","https://wa.me/972524033442?text=%D9%85%D8%B1%D8%AD%D8%A8%D8%A7%D8%8C%20%D8%A3%D8%B1%D9%8A%D8%AF%20%D8%B7%D9%84%D8%A8%20%D8%A7%D9%84%D9%85%D9%86%D8%AA%D8%AC%20J102","Le Male - Jean Paul Gaultier
الكود: J102
السعر: 100 ILS
عودة للمراسلة: https://wa.me/972524033442?text=%D9%85%D8%B1%D8%AD%D8%A8%D8%A7%D8%8C%20%D8%A3%D8%B1%D9%8A%D8%AF%20%D8%B7%D9%84%D8%A8%20%D8%A7%D9%84%D9%85%D9%86%D8%AA%D8%AC%20J102",""
"ar","J104","Jil Sander Sun Men Fresh - Jil Sander","ar-J104-p-48-j104.jpg","C:\Users\yahya\Documents\Codex\2026-07-30\https-script-google-com-macros-s\outputs\media\ar\p-48-j104.jpg","https://www.mad-parfumeur.com/respondio-catalog/media/ar/p-48-j104.jpg?v=20260731-4","https://www.mad-parfumeur.com/respondio-catalog/wa/ar/p-48-j104.html?v=20260731-4","https://wa.me/972524033442?text=%D9%85%D8%B1%D8%AD%D8%A8%D8%A7%D8%8C%20%D8%A3%D8%B1%D9%8A%D8%AF%20%D8%B7%D9%84%D8%A8%20%D8%A7%D9%84%D9%85%D9%86%D8%AA%D8%AC%20J104","Jil Sander Sun Men Fresh - Jil Sander
الكود: J104
السعر: 100 ILS
عودة للمراسلة: https://wa.me/972524033442?text=%D9%85%D8%B1%D8%AD%D8%A8%D8%A7%D8%8C%20%D8%A3%D8%B1%D9%8A%D8%AF%20%D8%B7%D9%84%D8%A8%20%D8%A7%D9%84%D9%85%D9%86%D8%AA%D8%AC%20J104",""
"ar","K101","Kenzo Pour Homme - Kenzo","ar-K101-p-49-k101.jpg","C:\Users\yahya\Documents\Codex\2026-07-30\https-script-google-com-macros-s\outputs\media\ar\p-49-k101.jpg","https://www.mad-parfumeur.com/respondio-catalog/media/ar/p-49-k101.jpg?v=20260731-4","https://www.mad-parfumeur.com/respondio-catalog/wa/ar/p-49-k101.html?v=20260731-4","https://wa.me/972524033442?text=%D9%85%D8%B1%D8%AD%D8%A8%D8%A7%D8%8C%20%D8%A3%D8%B1%D9%8A%D8%AF%20%D8%B7%D9%84%D8%A8%20%D8%A7%D9%84%D9%85%D9%86%D8%AA%D8%AC%20K101","Kenzo Pour Homme - Kenzo
الكود: K101
السعر: 100 ILS
عودة للمراسلة: https://wa.me/972524033442?text=%D9%85%D8%B1%D8%AD%D8%A8%D8%A7%D8%8C%20%D8%A3%D8%B1%D9%8A%D8%AF%20%D8%B7%D9%84%D8%A8%20%D8%A7%D9%84%D9%85%D9%86%D8%AA%D8%AC%20K101",""
"ar","L101","Santal 33 by Le Labo unisex","ar-L101-p-50-l101.jpg","C:\Users\yahya\Documents\Codex\2026-07-30\https-script-google-com-macros-s\outputs\media\ar\p-50-l101.jpg","https://www.mad-parfumeur.com/respondio-catalog/media/ar/p-50-l101.jpg?v=20260731-4","https://www.mad-parfumeur.com/respondio-catalog/wa/ar/p-50-l101.html?v=20260731-4","https://wa.me/972524033442?text=%D9%85%D8%B1%D8%AD%D8%A8%D8%A7%D8%8C%20%D8%A3%D8%B1%D9%8A%D8%AF%20%D8%B7%D9%84%D8%A8%20%D8%A7%D9%84%D9%85%D9%86%D8%AA%D8%AC%20L101","Santal 33 by Le Labo unisex
الكود: L101
السعر: 100 ILS
عودة للمراسلة: https://wa.me/972524033442?text=%D9%85%D8%B1%D8%AD%D8%A8%D8%A7%D8%8C%20%D8%A3%D8%B1%D9%8A%D8%AF%20%D8%B7%D9%84%D8%A8%20%D8%A7%D9%84%D9%85%D9%86%D8%AA%D8%AC%20L101",""
"ar","I104","Invictus Aqua – Paco Rabanne","ar-I104-p-52-i104.jpg","C:\Users\yahya\Documents\Codex\2026-07-30\https-script-google-com-macros-s\outputs\media\ar\p-52-i104.jpg","https://www.mad-parfumeur.com/respondio-catalog/media/ar/p-52-i104.jpg?v=20260731-4","https://www.mad-parfumeur.com/respondio-catalog/wa/ar/p-52-i104.html?v=20260731-4","https://wa.me/972524033442?text=%D9%85%D8%B1%D8%AD%D8%A8%D8%A7%D8%8C%20%D8%A3%D8%B1%D9%8A%D8%AF%20%D8%B7%D9%84%D8%A8%20%D8%A7%D9%84%D9%85%D9%86%D8%AA%D8%AC%20I104","Invictus Aqua – Paco Rabanne
الكود: I104
السعر: 100 ILS
عودة للمراسلة: https://wa.me/972524033442?text=%D9%85%D8%B1%D8%AD%D8%A8%D8%A7%D8%8C%20%D8%A3%D8%B1%D9%8A%D8%AF%20%D8%B7%D9%84%D8%A8%20%D8%A7%D9%84%D9%85%D9%86%D8%AA%D8%AC%20I104",""
"ar","J101","Scandal Pour Homme – جان بول غوتييه","ar-J101-p-53-j101.jpg","C:\Users\yahya\Documents\Codex\2026-07-30\https-script-google-com-macros-s\outputs\media\ar\p-53-j101.jpg","https://www.mad-parfumeur.com/respondio-catalog/media/ar/p-53-j101.jpg?v=20260731-4","https://www.mad-parfumeur.com/respondio-catalog/wa/ar/p-53-j101.html?v=20260731-4","https://wa.me/972524033442?text=%D9%85%D8%B1%D8%AD%D8%A8%D8%A7%D8%8C%20%D8%A3%D8%B1%D9%8A%D8%AF%20%D8%B7%D9%84%D8%A8%20%D8%A7%D9%84%D9%85%D9%86%D8%AA%D8%AC%20J101","Scandal Pour Homme – جان بول غوتييه
الكود: J101
السعر: 100 ILS
عودة للمراسلة: https://wa.me/972524033442?text=%D9%85%D8%B1%D8%AD%D8%A8%D8%A7%D8%8C%20%D8%A3%D8%B1%D9%8A%D8%AF%20%D8%B7%D9%84%D8%A8%20%D8%A7%D9%84%D9%85%D9%86%D8%AA%D8%AC%20J101",""
"ar","G101","Pi - Givenchy","ar-G101-p-54-g101.jpg","C:\Users\yahya\Documents\Codex\2026-07-30\https-script-google-com-macros-s\outputs\media\ar\p-54-g101.jpg","https://www.mad-parfumeur.com/respondio-catalog/media/ar/p-54-g101.jpg?v=20260731-4","https://www.mad-parfumeur.com/respondio-catalog/wa/ar/p-54-g101.html?v=20260731-4","https://wa.me/972524033442?text=%D9%85%D8%B1%D8%AD%D8%A8%D8%A7%D8%8C%20%D8%A3%D8%B1%D9%8A%D8%AF%20%D8%B7%D9%84%D8%A8%20%D8%A7%D9%84%D9%85%D9%86%D8%AA%D8%AC%20G101","Pi - Givenchy
الكود: G101
السعر: 100 ILS
عودة للمراسلة: https://wa.me/972524033442?text=%D9%85%D8%B1%D8%AD%D8%A8%D8%A7%D8%8C%20%D8%A3%D8%B1%D9%8A%D8%AF%20%D8%B7%D9%84%D8%A8%20%D8%A7%D9%84%D9%85%D9%86%D8%AA%D8%AC%20G101",""
"ar","F101","Fahrenheit Le Parfum by Dior","ar-F101-p-55-f101.jpg","C:\Users\yahya\Documents\Codex\2026-07-30\https-script-google-com-macros-s\outputs\media\ar\p-55-f101.jpg","https://www.mad-parfumeur.com/respondio-catalog/media/ar/p-55-f101.jpg?v=20260731-4","https://www.mad-parfumeur.com/respondio-catalog/wa/ar/p-55-f101.html?v=20260731-4","https://wa.me/972524033442?text=%D9%85%D8%B1%D8%AD%D8%A8%D8%A7%D8%8C%20%D8%A3%D8%B1%D9%8A%D8%AF%20%D8%B7%D9%84%D8%A8%20%D8%A7%D9%84%D9%85%D9%86%D8%AA%D8%AC%20F101","Fahrenheit Le Parfum by Dior
الكود: F101
السعر: 100 ILS
عودة للمراسلة: https://wa.me/972524033442?text=%D9%85%D8%B1%D8%AD%D8%A8%D8%A7%D8%8C%20%D8%A3%D8%B1%D9%8A%D8%AF%20%D8%B7%D9%84%D8%A8%20%D8%A7%D9%84%D9%85%D9%86%D8%AA%D8%AC%20F101",""
"ar","E104","Emporio Armani He - Giorgio Armani","ar-E104-p-56-e104.jpg","C:\Users\yahya\Documents\Codex\2026-07-30\https-script-google-com-macros-s\outputs\media\ar\p-56-e104.jpg","https://www.mad-parfumeur.com/respondio-catalog/media/ar/p-56-e104.jpg?v=20260731-4","https://www.mad-parfumeur.com/respondio-catalog/wa/ar/p-56-e104.html?v=20260731-4","https://wa.me/972524033442?text=%D9%85%D8%B1%D8%AD%D8%A8%D8%A7%D8%8C%20%D8%A3%D8%B1%D9%8A%D8%AF%20%D8%B7%D9%84%D8%A8%20%D8%A7%D9%84%D9%85%D9%86%D8%AA%D8%AC%20E104","Emporio Armani He - Giorgio Armani
الكود: E104
السعر: 100 ILS
عودة للمراسلة: https://wa.me/972524033442?text=%D9%85%D8%B1%D8%AD%D8%A8%D8%A7%D8%8C%20%D8%A3%D8%B1%D9%8A%D8%AF%20%D8%B7%D9%84%D8%A8%20%D8%A7%D9%84%D9%85%D9%86%D8%AA%D8%AC%20E104",""
"ar","C108","Bad Boy - Carolina Herrera","ar-C108-p-57-c108.jpg","C:\Users\yahya\Documents\Codex\2026-07-30\https-script-google-com-macros-s\outputs\media\ar\p-57-c108.jpg","https://www.mad-parfumeur.com/respondio-catalog/media/ar/p-57-c108.jpg?v=20260731-4","https://www.mad-parfumeur.com/respondio-catalog/wa/ar/p-57-c108.html?v=20260731-4","https://wa.me/972524033442?text=%D9%85%D8%B1%D8%AD%D8%A8%D8%A7%D8%8C%20%D8%A3%D8%B1%D9%8A%D8%AF%20%D8%B7%D9%84%D8%A8%20%D8%A7%D9%84%D9%85%D9%86%D8%AA%D8%AC%20C108","Bad Boy - Carolina Herrera
الكود: C108
السعر: 100 ILS
عودة للمراسلة: https://wa.me/972524033442?text=%D9%85%D8%B1%D8%AD%D8%A8%D8%A7%D8%8C%20%D8%A3%D8%B1%D9%8A%D8%AF%20%D8%B7%D9%84%D8%A8%20%D8%A7%D9%84%D9%85%D9%86%D8%AA%D8%AC%20C108",""
"ar","C109","212 Heroes - Carolina Herrera","ar-C109-p-58-c109.jpg","C:\Users\yahya\Documents\Codex\2026-07-30\https-script-google-com-macros-s\outputs\media\ar\p-58-c109.jpg","https://www.mad-parfumeur.com/respondio-catalog/media/ar/p-58-c109.jpg?v=20260731-4","https://www.mad-parfumeur.com/respondio-catalog/wa/ar/p-58-c109.html?v=20260731-4","https://wa.me/972524033442?text=%D9%85%D8%B1%D8%AD%D8%A8%D8%A7%D8%8C%20%D8%A3%D8%B1%D9%8A%D8%AF%20%D8%B7%D9%84%D8%A8%20%D8%A7%D9%84%D9%85%D9%86%D8%AA%D8%AC%20C109","212 Heroes - Carolina Herrera
الكود: C109
السعر: 100 ILS
عودة للمراسلة: https://wa.me/972524033442?text=%D9%85%D8%B1%D8%AD%D8%A8%D8%A7%D8%8C%20%D8%A3%D8%B1%D9%8A%D8%AF%20%D8%B7%D9%84%D8%A8%20%D8%A7%D9%84%D9%85%D9%86%D8%AA%D8%AC%20C109",""
"ar","B106","Burberry Men - Burberry","ar-B106-p-60-b106.jpg","C:\Users\yahya\Documents\Codex\2026-07-30\https-script-google-com-macros-s\outputs\media\ar\p-60-b106.jpg","https://www.mad-parfumeur.com/respondio-catalog/media/ar/p-60-b106.jpg?v=20260731-4","https://www.mad-parfumeur.com/respondio-catalog/wa/ar/p-60-b106.html?v=20260731-4","https://wa.me/972524033442?text=%D9%85%D8%B1%D8%AD%D8%A8%D8%A7%D8%8C%20%D8%A3%D8%B1%D9%8A%D8%AF%20%D8%B7%D9%84%D8%A8%20%D8%A7%D9%84%D9%85%D9%86%D8%AA%D8%AC%20B106","Burberry Men - Burberry
الكود: B106
السعر: 100 ILS
عودة للمراسلة: https://wa.me/972524033442?text=%D9%85%D8%B1%D8%AD%D8%A8%D8%A7%D8%8C%20%D8%A3%D8%B1%D9%8A%D8%AF%20%D8%B7%D9%84%D8%A8%20%D8%A7%D9%84%D9%85%D9%86%D8%AA%D8%AC%20B106",""
"ar","B107","Bvlgari Man In Black - Bvlgari","ar-B107-p-61-b107.jpg","C:\Users\yahya\Documents\Codex\2026-07-30\https-script-google-com-macros-s\outputs\media\ar\p-61-b107.jpg","https://www.mad-parfumeur.com/respondio-catalog/media/ar/p-61-b107.jpg?v=20260731-4","https://www.mad-parfumeur.com/respondio-catalog/wa/ar/p-61-b107.html?v=20260731-4","https://wa.me/972524033442?text=%D9%85%D8%B1%D8%AD%D8%A8%D8%A7%D8%8C%20%D8%A3%D8%B1%D9%8A%D8%AF%20%D8%B7%D9%84%D8%A8%20%D8%A7%D9%84%D9%85%D9%86%D8%AA%D8%AC%20B107","Bvlgari Man In Black - Bvlgari
الكود: B107
السعر: 100 ILS
عودة للمراسلة: https://wa.me/972524033442?text=%D9%85%D8%B1%D8%AD%D8%A8%D8%A7%D8%8C%20%D8%A3%D8%B1%D9%8A%D8%AF%20%D8%B7%D9%84%D8%A8%20%D8%A7%D9%84%D9%85%D9%86%D8%AA%D8%AC%20B107",""
"ar","C101","C101","ar-C101-p-62-c101.jpg","C:\Users\yahya\Documents\Codex\2026-07-30\https-script-google-com-macros-s\outputs\media\ar\p-62-c101.jpg","https://www.mad-parfumeur.com/respondio-catalog/media/ar/p-62-c101.jpg?v=20260731-4","https://www.mad-parfumeur.com/respondio-catalog/wa/ar/p-62-c101.html?v=20260731-4","https://wa.me/972524033442?text=%D9%85%D8%B1%D8%AD%D8%A8%D8%A7%D8%8C%20%D8%A3%D8%B1%D9%8A%D8%AF%20%D8%B7%D9%84%D8%A8%20%D8%A7%D9%84%D9%85%D9%86%D8%AA%D8%AC%20C101","C101
الكود: C101
السعر: 100 ILS
عودة للمراسلة: https://wa.me/972524033442?text=%D9%85%D8%B1%D8%AD%D8%A8%D8%A7%D8%8C%20%D8%A3%D8%B1%D9%8A%D8%AF%20%D8%B7%D9%84%D8%A8%20%D8%A7%D9%84%D9%85%D9%86%D8%AA%D8%AC%20C101",""
"ar","A115","Emporio Armani – Stronger With You Intensely","ar-A115-p-63-a115.jpg","C:\Users\yahya\Documents\Codex\2026-07-30\https-script-google-com-macros-s\outputs\media\ar\p-63-a115.jpg","https://www.mad-parfumeur.com/respondio-catalog/media/ar/p-63-a115.jpg?v=20260731-4","https://www.mad-parfumeur.com/respondio-catalog/wa/ar/p-63-a115.html?v=20260731-4","https://wa.me/972524033442?text=%D9%85%D8%B1%D8%AD%D8%A8%D8%A7%D8%8C%20%D8%A3%D8%B1%D9%8A%D8%AF%20%D8%B7%D9%84%D8%A8%20%D8%A7%D9%84%D9%85%D9%86%D8%AA%D8%AC%20A115","Emporio Armani – Stronger With You Intensely
الكود: A115
السعر: 100 ILS
عودة للمراسلة: https://wa.me/972524033442?text=%D9%85%D8%B1%D8%AD%D8%A8%D8%A7%D8%8C%20%D8%A3%D8%B1%D9%8A%D8%AF%20%D8%B7%D9%84%D8%A8%20%D8%A7%D9%84%D9%85%D9%86%D8%AA%D8%AC%20A115",""
"ar","B101","Black Afgano by Nasomatto","ar-B101-p-64-b101.jpg","C:\Users\yahya\Documents\Codex\2026-07-30\https-script-google-com-macros-s\outputs\media\ar\p-64-b101.jpg","https://www.mad-parfumeur.com/respondio-catalog/media/ar/p-64-b101.jpg?v=20260731-4","https://www.mad-parfumeur.com/respondio-catalog/wa/ar/p-64-b101.html?v=20260731-4","https://wa.me/972524033442?text=%D9%85%D8%B1%D8%AD%D8%A8%D8%A7%D8%8C%20%D8%A3%D8%B1%D9%8A%D8%AF%20%D8%B7%D9%84%D8%A8%20%D8%A7%D9%84%D9%85%D9%86%D8%AA%D8%AC%20B101","Black Afgano by Nasomatto
الكود: B101
السعر: 100 ILS
عودة للمراسلة: https://wa.me/972524033442?text=%D9%85%D8%B1%D8%AD%D8%A8%D8%A7%D8%8C%20%D8%A3%D8%B1%D9%8A%D8%AF%20%D8%B7%D9%84%D8%A8%20%D8%A7%D9%84%D9%85%D9%86%D8%AA%D8%AC%20B101",""
"ar","B102","Bvlgari Man Wood Essence - Bvlgari","ar-B102-p-65-b102.jpg","C:\Users\yahya\Documents\Codex\2026-07-30\https-script-google-com-macros-s\outputs\media\ar\p-65-b102.jpg","https://www.mad-parfumeur.com/respondio-catalog/media/ar/p-65-b102.jpg?v=20260731-4","https://www.mad-parfumeur.com/respondio-catalog/wa/ar/p-65-b102.html?v=20260731-4","https://wa.me/972524033442?text=%D9%85%D8%B1%D8%AD%D8%A8%D8%A7%D8%8C%20%D8%A3%D8%B1%D9%8A%D8%AF%20%D8%B7%D9%84%D8%A8%20%D8%A7%D9%84%D9%85%D9%86%D8%AA%D8%AC%20B102","Bvlgari Man Wood Essence - Bvlgari
الكود: B102
السعر: 100 ILS
عودة للمراسلة: https://wa.me/972524033442?text=%D9%85%D8%B1%D8%AD%D8%A8%D8%A7%D8%8C%20%D8%A3%D8%B1%D9%8A%D8%AF%20%D8%B7%D9%84%D8%A8%20%D8%A7%D9%84%D9%85%D9%86%D8%AA%D8%AC%20B102",""
"ar","B103","Hero - Burberry","ar-B103-p-66-b103.jpg","C:\Users\yahya\Documents\Codex\2026-07-30\https-script-google-com-macros-s\outputs\media\ar\p-66-b103.jpg","https://www.mad-parfumeur.com/respondio-catalog/media/ar/p-66-b103.jpg?v=20260731-4","https://www.mad-parfumeur.com/respondio-catalog/wa/ar/p-66-b103.html?v=20260731-4","https://wa.me/972524033442?text=%D9%85%D8%B1%D8%AD%D8%A8%D8%A7%D8%8C%20%D8%A3%D8%B1%D9%8A%D8%AF%20%D8%B7%D9%84%D8%A8%20%D8%A7%D9%84%D9%85%D9%86%D8%AA%D8%AC%20B103","Hero - Burberry
الكود: B103
السعر: 100 ILS
عودة للمراسلة: https://wa.me/972524033442?text=%D9%85%D8%B1%D8%AD%D8%A8%D8%A7%D8%8C%20%D8%A3%D8%B1%D9%8A%D8%AF%20%D8%B7%D9%84%D8%A8%20%D8%A7%D9%84%D9%85%D9%86%D8%AA%D8%AC%20B103",""
"ar","A102","Acqua di Giò by Giorgio Armani","ar-A102-p-68-a102.jpg","C:\Users\yahya\Documents\Codex\2026-07-30\https-script-google-com-macros-s\outputs\media\ar\p-68-a102.jpg","https://www.mad-parfumeur.com/respondio-catalog/media/ar/p-68-a102.jpg?v=20260731-4","https://www.mad-parfumeur.com/respondio-catalog/wa/ar/p-68-a102.html?v=20260731-4","https://wa.me/972524033442?text=%D9%85%D8%B1%D8%AD%D8%A8%D8%A7%D8%8C%20%D8%A3%D8%B1%D9%8A%D8%AF%20%D8%B7%D9%84%D8%A8%20%D8%A7%D9%84%D9%85%D9%86%D8%AA%D8%AC%20A102","Acqua di Giò by Giorgio Armani
الكود: A102
السعر: 100 ILS
عودة للمراسلة: https://wa.me/972524033442?text=%D9%85%D8%B1%D8%AD%D8%A8%D8%A7%D8%8C%20%D8%A3%D8%B1%D9%8A%D8%AF%20%D8%B7%D9%84%D8%A8%20%D8%A7%D9%84%D9%85%D9%86%D8%AA%D8%AC%20A102",""
"ar","A104","Acqua di Giò Absolu by Giorgio Armani","ar-A104-p-69-a104.jpg","C:\Users\yahya\Documents\Codex\2026-07-30\https-script-google-com-macros-s\outputs\media\ar\p-69-a104.jpg","https://www.mad-parfumeur.com/respondio-catalog/media/ar/p-69-a104.jpg?v=20260731-4","https://www.mad-parfumeur.com/respondio-catalog/wa/ar/p-69-a104.html?v=20260731-4","https://wa.me/972524033442?text=%D9%85%D8%B1%D8%AD%D8%A8%D8%A7%D8%8C%20%D8%A3%D8%B1%D9%8A%D8%AF%20%D8%B7%D9%84%D8%A8%20%D8%A7%D9%84%D9%85%D9%86%D8%AA%D8%AC%20A104","Acqua di Giò Absolu by Giorgio Armani
الكود: A104
السعر: 100 ILS
عودة للمراسلة: https://wa.me/972524033442?text=%D9%85%D8%B1%D8%AD%D8%A8%D8%A7%D8%8C%20%D8%A3%D8%B1%D9%8A%D8%AF%20%D8%B7%D9%84%D8%A8%20%D8%A7%D9%84%D9%85%D9%86%D8%AA%D8%AC%20A104",""
"ar","A113","Armani Code - Giorgio Armani","ar-A113-p-70-a113.jpg","C:\Users\yahya\Documents\Codex\2026-07-30\https-script-google-com-macros-s\outputs\media\ar\p-70-a113.jpg","https://www.mad-parfumeur.com/respondio-catalog/media/ar/p-70-a113.jpg?v=20260731-4","https://www.mad-parfumeur.com/respondio-catalog/wa/ar/p-70-a113.html?v=20260731-4","https://wa.me/972524033442?text=%D9%85%D8%B1%D8%AD%D8%A8%D8%A7%D8%8C%20%D8%A3%D8%B1%D9%8A%D8%AF%20%D8%B7%D9%84%D8%A8%20%D8%A7%D9%84%D9%85%D9%86%D8%AA%D8%AC%20A113","Armani Code - Giorgio Armani
الكود: A113
السعر: 100 ILS
عودة للمراسلة: https://wa.me/972524033442?text=%D9%85%D8%B1%D8%AD%D8%A8%D8%A7%D8%8C%20%D8%A3%D8%B1%D9%8A%D8%AF%20%D8%B7%D9%84%D8%A8%20%D8%A7%D9%84%D9%85%D9%86%D8%AA%D8%AC%20A113",""
"ar","W170","Scent Intense - CoSTUME NATIONAL","ar-W170-p-72-w170.jpg","C:\Users\yahya\Documents\Codex\2026-07-30\https-script-google-com-macros-s\outputs\media\ar\p-72-w170.jpg","https://www.mad-parfumeur.com/respondio-catalog/media/ar/p-72-w170.jpg?v=20260731-4","https://www.mad-parfumeur.com/respondio-catalog/wa/ar/p-72-w170.html?v=20260731-4","https://wa.me/972524033442?text=%D9%85%D8%B1%D8%AD%D8%A8%D8%A7%D8%8C%20%D8%A3%D8%B1%D9%8A%D8%AF%20%D8%B7%D9%84%D8%A8%20%D8%A7%D9%84%D9%85%D9%86%D8%AA%D8%AC%20W170","Scent Intense - CoSTUME NATIONAL
الكود: W170
السعر: 100 ILS
عودة للمراسلة: https://wa.me/972524033442?text=%D9%85%D8%B1%D8%AD%D8%A8%D8%A7%D8%8C%20%D8%A3%D8%B1%D9%8A%D8%AF%20%D8%B7%D9%84%D8%A8%20%D8%A7%D9%84%D9%85%D9%86%D8%AA%D8%AC%20W170",""
"ar","W173","Jil Sander Man Absolute - Jil Sander","ar-W173-p-74-w173.jpg","C:\Users\yahya\Documents\Codex\2026-07-30\https-script-google-com-macros-s\outputs\media\ar\p-74-w173.jpg","https://www.mad-parfumeur.com/respondio-catalog/media/ar/p-74-w173.jpg?v=20260731-4","https://www.mad-parfumeur.com/respondio-catalog/wa/ar/p-74-w173.html?v=20260731-4","https://wa.me/972524033442?text=%D9%85%D8%B1%D8%AD%D8%A8%D8%A7%D8%8C%20%D8%A3%D8%B1%D9%8A%D8%AF%20%D8%B7%D9%84%D8%A8%20%D8%A7%D9%84%D9%85%D9%86%D8%AA%D8%AC%20W173","Jil Sander Man Absolute - Jil Sander
الكود: W173
السعر: 100 ILS
عودة للمراسلة: https://wa.me/972524033442?text=%D9%85%D8%B1%D8%AD%D8%A8%D8%A7%D8%8C%20%D8%A3%D8%B1%D9%8A%D8%AF%20%D8%B7%D9%84%D8%A8%20%D8%A7%D9%84%D9%85%D9%86%D8%AA%D8%AC%20W173",""
"ar","NARCOTIC","Fleur Narcotique Ex Nihilo","ar-NARCOTIC-p-75-narcotic.jpg","C:\Users\yahya\Documents\Codex\2026-07-30\https-script-google-com-macros-s\outputs\media\ar\p-75-narcotic.jpg","https://www.mad-parfumeur.com/respondio-catalog/media/ar/p-75-narcotic.jpg?v=20260731-4","https://www.mad-parfumeur.com/respondio-catalog/wa/ar/p-75-narcotic.html?v=20260731-4","https://wa.me/972524033442?text=%D9%85%D8%B1%D8%AD%D8%A8%D8%A7%D8%8C%20%D8%A3%D8%B1%D9%8A%D8%AF%20%D8%B7%D9%84%D8%A8%20%D8%A7%D9%84%D9%85%D9%86%D8%AA%D8%AC%20NARCOTIC","Fleur Narcotique Ex Nihilo
الكود: NARCOTIC
السعر: 350 ILS
عودة للمراسلة: https://wa.me/972524033442?text=%D9%85%D8%B1%D8%AD%D8%A8%D8%A7%D8%8C%20%D8%A3%D8%B1%D9%8A%D8%AF%20%D8%B7%D9%84%D8%A8%20%D8%A7%D9%84%D9%85%D9%86%D8%AA%D8%AC%20NARCOTIC",""
"ar","ROUGE","Barakkat Rouge 540 Extrait de Parfum Fragrance","ar-ROUGE-p-76-rouge.jpg","C:\Users\yahya\Documents\Codex\2026-07-30\https-script-google-com-macros-s\outputs\media\ar\p-76-rouge.jpg","https://www.mad-parfumeur.com/respondio-catalog/media/ar/p-76-rouge.jpg?v=20260731-4","https://www.mad-parfumeur.com/respondio-catalog/wa/ar/p-76-rouge.html?v=20260731-4","https://wa.me/972524033442?text=%D9%85%D8%B1%D8%AD%D8%A8%D8%A7%D8%8C%20%D8%A3%D8%B1%D9%8A%D8%AF%20%D8%B7%D9%84%D8%A8%20%D8%A7%D9%84%D9%85%D9%86%D8%AA%D8%AC%20ROUGE","Barakkat Rouge 540 Extrait de Parfum Fragrance
الكود: ROUGE
السعر: 300 ILS
عودة للمراسلة: https://wa.me/972524033442?text=%D9%85%D8%B1%D8%AD%D8%A8%D8%A7%D8%8C%20%D8%A3%D8%B1%D9%8A%D8%AF%20%D8%B7%D9%84%D8%A8%20%D8%A7%D9%84%D9%85%D9%86%D8%AA%D8%AC%20ROUGE",""
"ar","NO47","Sirrah Tiziana Terenzi","ar-NO47-p-77-no47.jpg","C:\Users\yahya\Documents\Codex\2026-07-30\https-script-google-com-macros-s\outputs\media\ar\p-77-no47.jpg","https://www.mad-parfumeur.com/respondio-catalog/media/ar/p-77-no47.jpg?v=20260731-4","https://www.mad-parfumeur.com/respondio-catalog/wa/ar/p-77-no47.html?v=20260731-4","https://wa.me/972524033442?text=%D9%85%D8%B1%D8%AD%D8%A8%D8%A7%D8%8C%20%D8%A3%D8%B1%D9%8A%D8%AF%20%D8%B7%D9%84%D8%A8%20%D8%A7%D9%84%D9%85%D9%86%D8%AA%D8%AC%20NO47","Sirrah Tiziana Terenzi
الكود: NO47
السعر: 280 ILS
عودة للمراسلة: https://wa.me/972524033442?text=%D9%85%D8%B1%D8%AD%D8%A8%D8%A7%D8%8C%20%D8%A3%D8%B1%D9%8A%D8%AF%20%D8%B7%D9%84%D8%A8%20%D8%A7%D9%84%D9%85%D9%86%D8%AA%D8%AC%20NO47",""
"ar","A122","Sì Passione - Giorgio Armani","ar-A122-p-78-a122.jpg","C:\Users\yahya\Documents\Codex\2026-07-30\https-script-google-com-macros-s\outputs\media\ar\p-78-a122.jpg","https://www.mad-parfumeur.com/respondio-catalog/media/ar/p-78-a122.jpg?v=20260731-4","https://www.mad-parfumeur.com/respondio-catalog/wa/ar/p-78-a122.html?v=20260731-4","https://wa.me/972524033442?text=%D9%85%D8%B1%D8%AD%D8%A8%D8%A7%D8%8C%20%D8%A3%D8%B1%D9%8A%D8%AF%20%D8%B7%D9%84%D8%A8%20%D8%A7%D9%84%D9%85%D9%86%D8%AA%D8%AC%20A122","Sì Passione - Giorgio Armani
الكود: A122
السعر: 100 ILS
عودة للمراسلة: https://wa.me/972524033442?text=%D9%85%D8%B1%D8%AD%D8%A8%D8%A7%D8%8C%20%D8%A3%D8%B1%D9%8A%D8%AF%20%D8%B7%D9%84%D8%A8%20%D8%A7%D9%84%D9%85%D9%86%D8%AA%D8%AC%20A122",""
"ar","L101","Idôle** من **Lancôme","ar-L101-p-79-l101.jpg","C:\Users\yahya\Documents\Codex\2026-07-30\https-script-google-com-macros-s\outputs\media\ar\p-79-l101.jpg","https://www.mad-parfumeur.com/respondio-catalog/media/ar/p-79-l101.jpg?v=20260731-4","https://www.mad-parfumeur.com/respondio-catalog/wa/ar/p-79-l101.html?v=20260731-4","https://wa.me/972524033442?text=%D9%85%D8%B1%D8%AD%D8%A8%D8%A7%D8%8C%20%D8%A3%D8%B1%D9%8A%D8%AF%20%D8%B7%D9%84%D8%A8%20%D8%A7%D9%84%D9%85%D9%86%D8%AA%D8%AC%20L101","Idôle** من **Lancôme
الكود: L101
السعر: 100 ILS
عودة للمراسلة: https://wa.me/972524033442?text=%D9%85%D8%B1%D8%AD%D8%A8%D8%A7%D8%8C%20%D8%A3%D8%B1%D9%8A%D8%AF%20%D8%B7%D9%84%D8%A8%20%D8%A7%D9%84%D9%85%D9%86%D8%AA%D8%AC%20L101",""
"ar","W160","VIP للنساء من Carolina Herrera","ar-W160-p-80-w160.jpg","C:\Users\yahya\Documents\Codex\2026-07-30\https-script-google-com-macros-s\outputs\media\ar\p-80-w160.jpg","https://www.mad-parfumeur.com/respondio-catalog/media/ar/p-80-w160.jpg?v=20260731-4","https://www.mad-parfumeur.com/respondio-catalog/wa/ar/p-80-w160.html?v=20260731-4","https://wa.me/972524033442?text=%D9%85%D8%B1%D8%AD%D8%A8%D8%A7%D8%8C%20%D8%A3%D8%B1%D9%8A%D8%AF%20%D8%B7%D9%84%D8%A8%20%D8%A7%D9%84%D9%85%D9%86%D8%AA%D8%AC%20W160","VIP للنساء من Carolina Herrera
الكود: W160
السعر: 100 ILS
عودة للمراسلة: https://wa.me/972524033442?text=%D9%85%D8%B1%D8%AD%D8%A8%D8%A7%D8%8C%20%D8%A3%D8%B1%D9%8A%D8%AF%20%D8%B7%D9%84%D8%A8%20%D8%A7%D9%84%D9%85%D9%86%D8%AA%D8%AC%20W160",""
"ar","W162","Love Chloé من Chloé","ar-W162-p-81-w162.jpg","C:\Users\yahya\Documents\Codex\2026-07-30\https-script-google-com-macros-s\outputs\media\ar\p-81-w162.jpg","https://www.mad-parfumeur.com/respondio-catalog/media/ar/p-81-w162.jpg?v=20260731-4","https://www.mad-parfumeur.com/respondio-catalog/wa/ar/p-81-w162.html?v=20260731-4","https://wa.me/972524033442?text=%D9%85%D8%B1%D8%AD%D8%A8%D8%A7%D8%8C%20%D8%A3%D8%B1%D9%8A%D8%AF%20%D8%B7%D9%84%D8%A8%20%D8%A7%D9%84%D9%85%D9%86%D8%AA%D8%AC%20W162","Love Chloé من Chloé
الكود: W162
السعر: 100 ILS
عودة للمراسلة: https://wa.me/972524033442?text=%D9%85%D8%B1%D8%AD%D8%A8%D8%A7%D8%8C%20%D8%A3%D8%B1%D9%8A%D8%AF%20%D8%B7%D9%84%D8%A8%20%D8%A7%D9%84%D9%85%D9%86%D8%AA%D8%AC%20W162",""
"ar","W164 women","Beauty من Calvin Klein","ar-W164 women-p-82-w164-women.jpg","C:\Users\yahya\Documents\Codex\2026-07-30\https-script-google-com-macros-s\outputs\media\ar\p-82-w164-women.jpg","https://www.mad-parfumeur.com/respondio-catalog/media/ar/p-82-w164-women.jpg?v=20260731-4","https://www.mad-parfumeur.com/respondio-catalog/wa/ar/p-82-w164-women.html?v=20260731-4","https://wa.me/972524033442?text=%D9%85%D8%B1%D8%AD%D8%A8%D8%A7%D8%8C%20%D8%A3%D8%B1%D9%8A%D8%AF%20%D8%B7%D9%84%D8%A8%20%D8%A7%D9%84%D9%85%D9%86%D8%AA%D8%AC%20W164%20women","Beauty من Calvin Klein
الكود: W164 women
السعر: 100 ILS
عودة للمراسلة: https://wa.me/972524033442?text=%D9%85%D8%B1%D8%AD%D8%A8%D8%A7%D8%8C%20%D8%A3%D8%B1%D9%8A%D8%AF%20%D8%B7%D9%84%D8%A8%20%D8%A7%D9%84%D9%85%D9%86%D8%AA%D8%AC%20W164%20women",""
"ar","L102 women","La Nuit Trésor Caresse** من **Lancôme","ar-L102 women-p-83-l102-women.jpg","C:\Users\yahya\Documents\Codex\2026-07-30\https-script-google-com-macros-s\outputs\media\ar\p-83-l102-women.jpg","https://www.mad-parfumeur.com/respondio-catalog/media/ar/p-83-l102-women.jpg?v=20260731-4","https://www.mad-parfumeur.com/respondio-catalog/wa/ar/p-83-l102-women.html?v=20260731-4","https://wa.me/972524033442?text=%D9%85%D8%B1%D8%AD%D8%A8%D8%A7%D8%8C%20%D8%A3%D8%B1%D9%8A%D8%AF%20%D8%B7%D9%84%D8%A8%20%D8%A7%D9%84%D9%85%D9%86%D8%AA%D8%AC%20L102%20women","La Nuit Trésor Caresse** من **Lancôme
الكود: L102 women
السعر: 100 ILS
عودة للمراسلة: https://wa.me/972524033442?text=%D9%85%D8%B1%D8%AD%D8%A8%D8%A7%D8%8C%20%D8%A3%D8%B1%D9%8A%D8%AF%20%D8%B7%D9%84%D8%A8%20%D8%A7%D9%84%D9%85%D9%86%D8%AA%D8%AC%20L102%20women",""
"ar","W144","Chloé Eau de Parfum من Chloé","ar-W144-p-84-w144.jpg","C:\Users\yahya\Documents\Codex\2026-07-30\https-script-google-com-macros-s\outputs\media\ar\p-84-w144.jpg","https://www.mad-parfumeur.com/respondio-catalog/media/ar/p-84-w144.jpg?v=20260731-4","https://www.mad-parfumeur.com/respondio-catalog/wa/ar/p-84-w144.html?v=20260731-4","https://wa.me/972524033442?text=%D9%85%D8%B1%D8%AD%D8%A8%D8%A7%D8%8C%20%D8%A3%D8%B1%D9%8A%D8%AF%20%D8%B7%D9%84%D8%A8%20%D8%A7%D9%84%D9%85%D9%86%D8%AA%D8%AC%20W144","Chloé Eau de Parfum من Chloé
الكود: W144
السعر: 100 ILS
عودة للمراسلة: https://wa.me/972524033442?text=%D9%85%D8%B1%D8%AD%D8%A8%D8%A7%D8%8C%20%D8%A3%D8%B1%D9%8A%D8%AF%20%D8%B7%D9%84%D8%A8%20%D8%A7%D9%84%D9%85%D9%86%D8%AA%D8%AC%20W144",""
"ar","W150 women","Crystal Noir – من فيرساتشي","ar-W150 women-p-85-w150-women.jpg","C:\Users\yahya\Documents\Codex\2026-07-30\https-script-google-com-macros-s\outputs\media\ar\p-85-w150-women.jpg","https://www.mad-parfumeur.com/respondio-catalog/media/ar/p-85-w150-women.jpg?v=20260731-4","https://www.mad-parfumeur.com/respondio-catalog/wa/ar/p-85-w150-women.html?v=20260731-4","https://wa.me/972524033442?text=%D9%85%D8%B1%D8%AD%D8%A8%D8%A7%D8%8C%20%D8%A3%D8%B1%D9%8A%D8%AF%20%D8%B7%D9%84%D8%A8%20%D8%A7%D9%84%D9%85%D9%86%D8%AA%D8%AC%20W150%20women","Crystal Noir – من فيرساتشي
الكود: W150 women
السعر: 100 ILS
عودة للمراسلة: https://wa.me/972524033442?text=%D9%85%D8%B1%D8%AD%D8%A8%D8%A7%D8%8C%20%D8%A3%D8%B1%D9%8A%D8%AF%20%D8%B7%D9%84%D8%A8%20%D8%A7%D9%84%D9%85%D9%86%D8%AA%D8%AC%20W150%20women",""
"ar","A112","Alien Eau de Toilette - Mugler","ar-A112-p-87-a112.jpg","C:\Users\yahya\Documents\Codex\2026-07-30\https-script-google-com-macros-s\outputs\media\ar\p-87-a112.jpg","https://www.mad-parfumeur.com/respondio-catalog/media/ar/p-87-a112.jpg?v=20260731-4","https://www.mad-parfumeur.com/respondio-catalog/wa/ar/p-87-a112.html?v=20260731-4","https://wa.me/972524033442?text=%D9%85%D8%B1%D8%AD%D8%A8%D8%A7%D8%8C%20%D8%A3%D8%B1%D9%8A%D8%AF%20%D8%B7%D9%84%D8%A8%20%D8%A7%D9%84%D9%85%D9%86%D8%AA%D8%AC%20A112","Alien Eau de Toilette - Mugler
الكود: A112
السعر: 100 ILS
عودة للمراسلة: https://wa.me/972524033442?text=%D9%85%D8%B1%D8%AD%D8%A8%D8%A7%D8%8C%20%D8%A3%D8%B1%D9%8A%D8%AF%20%D8%B7%D9%84%D8%A8%20%D8%A7%D9%84%D9%85%D9%86%D8%AA%D8%AC%20A112",""
"ar","N105","Narciso Rodriguez for Her Eau de Parfum","ar-N105-p-88-n105.jpg","C:\Users\yahya\Documents\Codex\2026-07-30\https-script-google-com-macros-s\outputs\media\ar\p-88-n105.jpg","https://www.mad-parfumeur.com/respondio-catalog/media/ar/p-88-n105.jpg?v=20260731-4","https://www.mad-parfumeur.com/respondio-catalog/wa/ar/p-88-n105.html?v=20260731-4","https://wa.me/972524033442?text=%D9%85%D8%B1%D8%AD%D8%A8%D8%A7%D8%8C%20%D8%A3%D8%B1%D9%8A%D8%AF%20%D8%B7%D9%84%D8%A8%20%D8%A7%D9%84%D9%85%D9%86%D8%AA%D8%AC%20N105","Narciso Rodriguez for Her Eau de Parfum
الكود: N105
السعر: 100 ILS
عودة للمراسلة: https://wa.me/972524033442?text=%D9%85%D8%B1%D8%AD%D8%A8%D8%A7%D8%8C%20%D8%A3%D8%B1%D9%8A%D8%AF%20%D8%B7%D9%84%D8%A8%20%D8%A7%D9%84%D9%85%D9%86%D8%AA%D8%AC%20N105",""
"ar","W154","Chance Eau Vive Chanel","ar-W154-p-89-w154.jpg","C:\Users\yahya\Documents\Codex\2026-07-30\https-script-google-com-macros-s\outputs\media\ar\p-89-w154.jpg","https://www.mad-parfumeur.com/respondio-catalog/media/ar/p-89-w154.jpg?v=20260731-4","https://www.mad-parfumeur.com/respondio-catalog/wa/ar/p-89-w154.html?v=20260731-4","https://wa.me/972524033442?text=%D9%85%D8%B1%D8%AD%D8%A8%D8%A7%D8%8C%20%D8%A3%D8%B1%D9%8A%D8%AF%20%D8%B7%D9%84%D8%A8%20%D8%A7%D9%84%D9%85%D9%86%D8%AA%D8%AC%20W154","Chance Eau Vive Chanel
الكود: W154
السعر: 100 ILS
عودة للمراسلة: https://wa.me/972524033442?text=%D9%85%D8%B1%D8%AD%D8%A8%D8%A7%D8%8C%20%D8%A3%D8%B1%D9%8A%D8%AF%20%D8%B7%D9%84%D8%A8%20%D8%A7%D9%84%D9%85%D9%86%D8%AA%D8%AC%20W154",""
"ar","V107","Very Sexy (إصدار 2018) من Victoria's Secret","ar-V107-p-90-v107.jpg","C:\Users\yahya\Documents\Codex\2026-07-30\https-script-google-com-macros-s\outputs\media\ar\p-90-v107.jpg","https://www.mad-parfumeur.com/respondio-catalog/media/ar/p-90-v107.jpg?v=20260731-4","https://www.mad-parfumeur.com/respondio-catalog/wa/ar/p-90-v107.html?v=20260731-4","https://wa.me/972524033442?text=%D9%85%D8%B1%D8%AD%D8%A8%D8%A7%D8%8C%20%D8%A3%D8%B1%D9%8A%D8%AF%20%D8%B7%D9%84%D8%A8%20%D8%A7%D9%84%D9%85%D9%86%D8%AA%D8%AC%20V107","Very Sexy (إصدار 2018) من Victoria's Secret
الكود: V107
السعر: 100 ILS
عودة للمراسلة: https://wa.me/972524033442?text=%D9%85%D8%B1%D8%AD%D8%A8%D8%A7%D8%8C%20%D8%A3%D8%B1%D9%8A%D8%AF%20%D8%B7%D9%84%D8%A8%20%D8%A7%D9%84%D9%85%D9%86%D8%AA%D8%AC%20V107",""
"ar","C126","212 Sexy - Carolina Herrera","ar-C126-p-91-c126.jpg","C:\Users\yahya\Documents\Codex\2026-07-30\https-script-google-com-macros-s\outputs\media\ar\p-91-c126.jpg","https://www.mad-parfumeur.com/respondio-catalog/media/ar/p-91-c126.jpg?v=20260731-4","https://www.mad-parfumeur.com/respondio-catalog/wa/ar/p-91-c126.html?v=20260731-4","https://wa.me/972524033442?text=%D9%85%D8%B1%D8%AD%D8%A8%D8%A7%D8%8C%20%D8%A3%D8%B1%D9%8A%D8%AF%20%D8%B7%D9%84%D8%A8%20%D8%A7%D9%84%D9%85%D9%86%D8%AA%D8%AC%20C126","212 Sexy - Carolina Herrera
الكود: C126
السعر: 100 ILS
عودة للمراسلة: https://wa.me/972524033442?text=%D9%85%D8%B1%D8%AD%D8%A8%D8%A7%D8%8C%20%D8%A3%D8%B1%D9%8A%D8%AF%20%D8%B7%D9%84%D8%A8%20%D8%A7%D9%84%D9%85%D9%86%D8%AA%D8%AC%20C126",""
"ar","G108","Mon Guerlain - Guerlain","ar-G108-p-92-g108.jpg","C:\Users\yahya\Documents\Codex\2026-07-30\https-script-google-com-macros-s\outputs\media\ar\p-92-g108.jpg","https://www.mad-parfumeur.com/respondio-catalog/media/ar/p-92-g108.jpg?v=20260731-4","https://www.mad-parfumeur.com/respondio-catalog/wa/ar/p-92-g108.html?v=20260731-4","https://wa.me/972524033442?text=%D9%85%D8%B1%D8%AD%D8%A8%D8%A7%D8%8C%20%D8%A3%D8%B1%D9%8A%D8%AF%20%D8%B7%D9%84%D8%A8%20%D8%A7%D9%84%D9%85%D9%86%D8%AA%D8%AC%20G108","Mon Guerlain - Guerlain
الكود: G108
السعر: 100 ILS
عودة للمراسلة: https://wa.me/972524033442?text=%D9%85%D8%B1%D8%AD%D8%A8%D8%A7%D8%8C%20%D8%A3%D8%B1%D9%8A%D8%AF%20%D8%B7%D9%84%D8%A8%20%D8%A7%D9%84%D9%85%D9%86%D8%AA%D8%AC%20G108",""
"ar","D104","Joy by Dior - Dior","ar-D104-p-93-d104.jpg","C:\Users\yahya\Documents\Codex\2026-07-30\https-script-google-com-macros-s\outputs\media\ar\p-93-d104.jpg","https://www.mad-parfumeur.com/respondio-catalog/media/ar/p-93-d104.jpg?v=20260731-4","https://www.mad-parfumeur.com/respondio-catalog/wa/ar/p-93-d104.html?v=20260731-4","https://wa.me/972524033442?text=%D9%85%D8%B1%D8%AD%D8%A8%D8%A7%D8%8C%20%D8%A3%D8%B1%D9%8A%D8%AF%20%D8%B7%D9%84%D8%A8%20%D8%A7%D9%84%D9%85%D9%86%D8%AA%D8%AC%20D104","Joy by Dior - Dior
الكود: D104
السعر: 100 ILS
عودة للمراسلة: https://wa.me/972524033442?text=%D9%85%D8%B1%D8%AD%D8%A8%D8%A7%D8%8C%20%D8%A3%D8%B1%D9%8A%D8%AF%20%D8%B7%D9%84%D8%A8%20%D8%A7%D9%84%D9%85%D9%86%D8%AA%D8%AC%20D104",""
"ar","A121","Emporio Armani Because It’s You - Giorgio Armani","ar-A121-p-94-a121.jpg","C:\Users\yahya\Documents\Codex\2026-07-30\https-script-google-com-macros-s\outputs\media\ar\p-94-a121.jpg","https://www.mad-parfumeur.com/respondio-catalog/media/ar/p-94-a121.jpg?v=20260731-4","https://www.mad-parfumeur.com/respondio-catalog/wa/ar/p-94-a121.html?v=20260731-4","https://wa.me/972524033442?text=%D9%85%D8%B1%D8%AD%D8%A8%D8%A7%D8%8C%20%D8%A3%D8%B1%D9%8A%D8%AF%20%D8%B7%D9%84%D8%A8%20%D8%A7%D9%84%D9%85%D9%86%D8%AA%D8%AC%20A121","Emporio Armani Because It’s You - Giorgio Armani
الكود: A121
السعر: 100 ILS
عودة للمراسلة: https://wa.me/972524033442?text=%D9%85%D8%B1%D8%AD%D8%A8%D8%A7%D8%8C%20%D8%A3%D8%B1%D9%8A%D8%AF%20%D8%B7%D9%84%D8%A8%20%D8%A7%D9%84%D9%85%D9%86%D8%AA%D8%AC%20A121",""
"ar","W113","Midnight Fantasy من Britney Spears","ar-W113-p-95-w113.jpg","C:\Users\yahya\Documents\Codex\2026-07-30\https-script-google-com-macros-s\outputs\media\ar\p-95-w113.jpg","https://www.mad-parfumeur.com/respondio-catalog/media/ar/p-95-w113.jpg?v=20260731-4","https://www.mad-parfumeur.com/respondio-catalog/wa/ar/p-95-w113.html?v=20260731-4","https://wa.me/972524033442?text=%D9%85%D8%B1%D8%AD%D8%A8%D8%A7%D8%8C%20%D8%A3%D8%B1%D9%8A%D8%AF%20%D8%B7%D9%84%D8%A8%20%D8%A7%D9%84%D9%85%D9%86%D8%AA%D8%AC%20W113","Midnight Fantasy من Britney Spears
الكود: W113
السعر: 100 ILS
عودة للمراسلة: https://wa.me/972524033442?text=%D9%85%D8%B1%D8%AD%D8%A8%D8%A7%D8%8C%20%D8%A3%D8%B1%D9%8A%D8%AF%20%D8%B7%D9%84%D8%A8%20%D8%A7%D9%84%D9%85%D9%86%D8%AA%D8%AC%20W113",""
"ar","V105","Bombshell Intense من Victoria's Secret","ar-V105-p-96-v105.jpg","C:\Users\yahya\Documents\Codex\2026-07-30\https-script-google-com-macros-s\outputs\media\ar\p-96-v105.jpg","https://www.mad-parfumeur.com/respondio-catalog/media/ar/p-96-v105.jpg?v=20260731-4","https://www.mad-parfumeur.com/respondio-catalog/wa/ar/p-96-v105.html?v=20260731-4","https://wa.me/972524033442?text=%D9%85%D8%B1%D8%AD%D8%A8%D8%A7%D8%8C%20%D8%A3%D8%B1%D9%8A%D8%AF%20%D8%B7%D9%84%D8%A8%20%D8%A7%D9%84%D9%85%D9%86%D8%AA%D8%AC%20V105","Bombshell Intense من Victoria's Secret
الكود: V105
السعر: 100 ILS
عودة للمراسلة: https://wa.me/972524033442?text=%D9%85%D8%B1%D8%AD%D8%A8%D8%A7%D8%8C%20%D8%A3%D8%B1%D9%8A%D8%AF%20%D8%B7%D9%84%D8%A8%20%D8%A7%D9%84%D9%85%D9%86%D8%AA%D8%AC%20V105",""
"ar","V106","Very Sexy Orchid من Victoria's Secret","ar-V106-p-97-v106.jpg","C:\Users\yahya\Documents\Codex\2026-07-30\https-script-google-com-macros-s\outputs\media\ar\p-97-v106.jpg","https://www.mad-parfumeur.com/respondio-catalog/media/ar/p-97-v106.jpg?v=20260731-4","https://www.mad-parfumeur.com/respondio-catalog/wa/ar/p-97-v106.html?v=20260731-4","https://wa.me/972524033442?text=%D9%85%D8%B1%D8%AD%D8%A8%D8%A7%D8%8C%20%D8%A3%D8%B1%D9%8A%D8%AF%20%D8%B7%D9%84%D8%A8%20%D8%A7%D9%84%D9%85%D9%86%D8%AA%D8%AC%20V106","Very Sexy Orchid من Victoria's Secret
الكود: V106
السعر: 100 ILS
عودة للمراسلة: https://wa.me/972524033442?text=%D9%85%D8%B1%D8%AD%D8%A8%D8%A7%D8%8C%20%D8%A3%D8%B1%D9%8A%D8%AF%20%D8%B7%D9%84%D8%A8%20%D8%A7%D9%84%D9%85%D9%86%D8%AA%D8%AC%20V106",""
"ar","S112","Sexy Graffiti من Escada","ar-S112-p-98-s112.jpg","C:\Users\yahya\Documents\Codex\2026-07-30\https-script-google-com-macros-s\outputs\media\ar\p-98-s112.jpg","https://www.mad-parfumeur.com/respondio-catalog/media/ar/p-98-s112.jpg?v=20260731-4","https://www.mad-parfumeur.com/respondio-catalog/wa/ar/p-98-s112.html?v=20260731-4","https://wa.me/972524033442?text=%D9%85%D8%B1%D8%AD%D8%A8%D8%A7%D8%8C%20%D8%A3%D8%B1%D9%8A%D8%AF%20%D8%B7%D9%84%D8%A8%20%D8%A7%D9%84%D9%85%D9%86%D8%AA%D8%AC%20S112","Sexy Graffiti من Escada
الكود: S112
السعر: 100 ILS
عودة للمراسلة: https://wa.me/972524033442?text=%D9%85%D8%B1%D8%AD%D8%A8%D8%A7%D8%8C%20%D8%A3%D8%B1%D9%8A%D8%AF%20%D8%B7%D9%84%D8%A8%20%D8%A7%D9%84%D9%85%D9%86%D8%AA%D8%AC%20S112",""
"ar","T103 - Q101","Velvet Orchid من Tom Ford","ar-T103 - Q101-p-99-t103-q101.jpg","C:\Users\yahya\Documents\Codex\2026-07-30\https-script-google-com-macros-s\outputs\media\ar\p-99-t103-q101.jpg","https://www.mad-parfumeur.com/respondio-catalog/media/ar/p-99-t103-q101.jpg?v=20260731-4","https://www.mad-parfumeur.com/respondio-catalog/wa/ar/p-99-t103-q101.html?v=20260731-4","https://wa.me/972524033442?text=%D9%85%D8%B1%D8%AD%D8%A8%D8%A7%D8%8C%20%D8%A3%D8%B1%D9%8A%D8%AF%20%D8%B7%D9%84%D8%A8%20%D8%A7%D9%84%D9%85%D9%86%D8%AA%D8%AC%20T103%20-%20Q101","Velvet Orchid من Tom Ford
الكود: T103 - Q101
السعر: 100 ILS
عودة للمراسلة: https://wa.me/972524033442?text=%D9%85%D8%B1%D8%AD%D8%A8%D8%A7%D8%8C%20%D8%A3%D8%B1%D9%8A%D8%AF%20%D8%B7%D9%84%D8%A8%20%D8%A7%D9%84%D9%85%D9%86%D8%AA%D8%AC%20T103%20-%20Q101",""
"ar","R110","Ralph من Ralph Lauren","ar-R110-p-100-r110.jpg","C:\Users\yahya\Documents\Codex\2026-07-30\https-script-google-com-macros-s\outputs\media\ar\p-100-r110.jpg","https://www.mad-parfumeur.com/respondio-catalog/media/ar/p-100-r110.jpg?v=20260731-4","https://www.mad-parfumeur.com/respondio-catalog/wa/ar/p-100-r110.html?v=20260731-4","https://wa.me/972524033442?text=%D9%85%D8%B1%D8%AD%D8%A8%D8%A7%D8%8C%20%D8%A3%D8%B1%D9%8A%D8%AF%20%D8%B7%D9%84%D8%A8%20%D8%A7%D9%84%D9%85%D9%86%D8%AA%D8%AC%20R110","Ralph من Ralph Lauren
الكود: R110
السعر: 100 ILS
عودة للمراسلة: https://wa.me/972524033442?text=%D9%85%D8%B1%D8%AD%D8%A8%D8%A7%D8%8C%20%D8%A3%D8%B1%D9%8A%D8%AF%20%D8%B7%D9%84%D8%A8%20%D8%A7%D9%84%D9%85%D9%86%D8%AA%D8%AC%20R110",""
"ar","H103","Hypnotic Poison Eau de Parfum** من **Dior","ar-H103-p-101-h103.jpg","C:\Users\yahya\Documents\Codex\2026-07-30\https-script-google-com-macros-s\outputs\media\ar\p-101-h103.jpg","https://www.mad-parfumeur.com/respondio-catalog/media/ar/p-101-h103.jpg?v=20260731-4","https://www.mad-parfumeur.com/respondio-catalog/wa/ar/p-101-h103.html?v=20260731-4","https://wa.me/972524033442?text=%D9%85%D8%B1%D8%AD%D8%A8%D8%A7%D8%8C%20%D8%A3%D8%B1%D9%8A%D8%AF%20%D8%B7%D9%84%D8%A8%20%D8%A7%D9%84%D9%85%D9%86%D8%AA%D8%AC%20H103","Hypnotic Poison Eau de Parfum** من **Dior
الكود: H103
السعر: 100 ILS
عودة للمراسلة: https://wa.me/972524033442?text=%D9%85%D8%B1%D8%AD%D8%A8%D8%A7%D8%8C%20%D8%A3%D8%B1%D9%8A%D8%AF%20%D8%B7%D9%84%D8%A8%20%D8%A7%D9%84%D9%85%D9%86%D8%AA%D8%AC%20H103",""
"ar","S101","Ginza من Shiseido","ar-S101-p-102-s101.jpg","C:\Users\yahya\Documents\Codex\2026-07-30\https-script-google-com-macros-s\outputs\media\ar\p-102-s101.jpg","https://www.mad-parfumeur.com/respondio-catalog/media/ar/p-102-s101.jpg?v=20260731-4","https://www.mad-parfumeur.com/respondio-catalog/wa/ar/p-102-s101.html?v=20260731-4","https://wa.me/972524033442?text=%D9%85%D8%B1%D8%AD%D8%A8%D8%A7%D8%8C%20%D8%A3%D8%B1%D9%8A%D8%AF%20%D8%B7%D9%84%D8%A8%20%D8%A7%D9%84%D9%85%D9%86%D8%AA%D8%AC%20S101","Ginza من Shiseido
الكود: S101
السعر: 100 ILS
عودة للمراسلة: https://wa.me/972524033442?text=%D9%85%D8%B1%D8%AD%D8%A8%D8%A7%D8%8C%20%D8%A3%D8%B1%D9%8A%D8%AF%20%D8%B7%D9%84%D8%A8%20%D8%A7%D9%84%D9%85%D9%86%D8%AA%D8%AC%20S101",""
"ar","V102","Night من Victoria's Secret","ar-V102-p-103-v102.jpg","C:\Users\yahya\Documents\Codex\2026-07-30\https-script-google-com-macros-s\outputs\media\ar\p-103-v102.jpg","https://www.mad-parfumeur.com/respondio-catalog/media/ar/p-103-v102.jpg?v=20260731-4","https://www.mad-parfumeur.com/respondio-catalog/wa/ar/p-103-v102.html?v=20260731-4","https://wa.me/972524033442?text=%D9%85%D8%B1%D8%AD%D8%A8%D8%A7%D8%8C%20%D8%A3%D8%B1%D9%8A%D8%AF%20%D8%B7%D9%84%D8%A8%20%D8%A7%D9%84%D9%85%D9%86%D8%AA%D8%AC%20V102","Night من Victoria's Secret
الكود: V102
السعر: 100 ILS
عودة للمراسلة: https://wa.me/972524033442?text=%D9%85%D8%B1%D8%AD%D8%A8%D8%A7%D8%8C%20%D8%A3%D8%B1%D9%8A%D8%AF%20%D8%B7%D9%84%D8%A8%20%D8%A7%D9%84%D9%85%D9%86%D8%AA%D8%AC%20V102",""
"ar","N101","Noa من دار Cacharel","ar-N101-p-104-n101.jpg","C:\Users\yahya\Documents\Codex\2026-07-30\https-script-google-com-macros-s\outputs\media\ar\p-104-n101.jpg","https://www.mad-parfumeur.com/respondio-catalog/media/ar/p-104-n101.jpg?v=20260731-4","https://www.mad-parfumeur.com/respondio-catalog/wa/ar/p-104-n101.html?v=20260731-4","https://wa.me/972524033442?text=%D9%85%D8%B1%D8%AD%D8%A8%D8%A7%D8%8C%20%D8%A3%D8%B1%D9%8A%D8%AF%20%D8%B7%D9%84%D8%A8%20%D8%A7%D9%84%D9%85%D9%86%D8%AA%D8%AC%20N101","Noa من دار Cacharel
الكود: N101
السعر: 100 ILS
عودة للمراسلة: https://wa.me/972524033442?text=%D9%85%D8%B1%D8%AD%D8%A8%D8%A7%D8%8C%20%D8%A3%D8%B1%D9%8A%D8%AF%20%D8%B7%D9%84%D8%A8%20%D8%A7%D9%84%D9%85%D9%86%D8%AA%D8%AC%20N101",""
"ar","W125","Zen من دار Shiseido","ar-W125-p-105-w125.jpg","C:\Users\yahya\Documents\Codex\2026-07-30\https-script-google-com-macros-s\outputs\media\ar\p-105-w125.jpg","https://www.mad-parfumeur.com/respondio-catalog/media/ar/p-105-w125.jpg?v=20260731-4","https://www.mad-parfumeur.com/respondio-catalog/wa/ar/p-105-w125.html?v=20260731-4","https://wa.me/972524033442?text=%D9%85%D8%B1%D8%AD%D8%A8%D8%A7%D8%8C%20%D8%A3%D8%B1%D9%8A%D8%AF%20%D8%B7%D9%84%D8%A8%20%D8%A7%D9%84%D9%85%D9%86%D8%AA%D8%AC%20W125","Zen من دار Shiseido
الكود: W125
السعر: 100 ILS
عودة للمراسلة: https://wa.me/972524033442?text=%D9%85%D8%B1%D8%AD%D8%A8%D8%A7%D8%8C%20%D8%A3%D8%B1%D9%8A%D8%AF%20%D8%B7%D9%84%D8%A8%20%D8%A7%D9%84%D9%85%D9%86%D8%AA%D8%AC%20W125",""
"ar","N106","Narciso Rodriguez For Her","ar-N106-p-106-n106.jpg","C:\Users\yahya\Documents\Codex\2026-07-30\https-script-google-com-macros-s\outputs\media\ar\p-106-n106.jpg","https://www.mad-parfumeur.com/respondio-catalog/media/ar/p-106-n106.jpg?v=20260731-4","https://www.mad-parfumeur.com/respondio-catalog/wa/ar/p-106-n106.html?v=20260731-4","https://wa.me/972524033442?text=%D9%85%D8%B1%D8%AD%D8%A8%D8%A7%D8%8C%20%D8%A3%D8%B1%D9%8A%D8%AF%20%D8%B7%D9%84%D8%A8%20%D8%A7%D9%84%D9%85%D9%86%D8%AA%D8%AC%20N106","Narciso Rodriguez For Her
الكود: N106
السعر: 100 ILS
عودة للمراسلة: https://wa.me/972524033442?text=%D9%85%D8%B1%D8%AD%D8%A8%D8%A7%D8%8C%20%D8%A3%D8%B1%D9%8A%D8%AF%20%D8%B7%D9%84%D8%A8%20%D8%A7%D9%84%D9%85%D9%86%D8%AA%D8%AC%20N106",""
"ar","C121","Euphoria Crystalline - Calvin Klein","ar-C121-p-107-c121.jpg","C:\Users\yahya\Documents\Codex\2026-07-30\https-script-google-com-macros-s\outputs\media\ar\p-107-c121.jpg","https://www.mad-parfumeur.com/respondio-catalog/media/ar/p-107-c121.jpg?v=20260731-4","https://www.mad-parfumeur.com/respondio-catalog/wa/ar/p-107-c121.html?v=20260731-4","https://wa.me/972524033442?text=%D9%85%D8%B1%D8%AD%D8%A8%D8%A7%D8%8C%20%D8%A3%D8%B1%D9%8A%D8%AF%20%D8%B7%D9%84%D8%A8%20%D8%A7%D9%84%D9%85%D9%86%D8%AA%D8%AC%20C121","Euphoria Crystalline - Calvin Klein
الكود: C121
السعر: 100 ILS
عودة للمراسلة: https://wa.me/972524033442?text=%D9%85%D8%B1%D8%AD%D8%A8%D8%A7%D8%8C%20%D8%A3%D8%B1%D9%8A%D8%AF%20%D8%B7%D9%84%D8%A8%20%D8%A7%D9%84%D9%85%D9%86%D8%AA%D8%AC%20C121",""
"ar","R105","Gucci Rush من Gucci","ar-R105-p-108-r105.jpg","C:\Users\yahya\Documents\Codex\2026-07-30\https-script-google-com-macros-s\outputs\media\ar\p-108-r105.jpg","https://www.mad-parfumeur.com/respondio-catalog/media/ar/p-108-r105.jpg?v=20260731-4","https://www.mad-parfumeur.com/respondio-catalog/wa/ar/p-108-r105.html?v=20260731-4","https://wa.me/972524033442?text=%D9%85%D8%B1%D8%AD%D8%A8%D8%A7%D8%8C%20%D8%A3%D8%B1%D9%8A%D8%AF%20%D8%B7%D9%84%D8%A8%20%D8%A7%D9%84%D9%85%D9%86%D8%AA%D8%AC%20R105","Gucci Rush من Gucci
الكود: R105
السعر: 100 ILS
عودة للمراسلة: https://wa.me/972524033442?text=%D9%85%D8%B1%D8%AD%D8%A8%D8%A7%D8%8C%20%D8%A3%D8%B1%D9%8A%D8%AF%20%D8%B7%D9%84%D8%A8%20%D8%A7%D9%84%D9%85%D9%86%D8%AA%D8%AC%20R105",""
"ar","R109","Gucci Rush 2 من Gucci","ar-R109-p-109-r109.jpg","C:\Users\yahya\Documents\Codex\2026-07-30\https-script-google-com-macros-s\outputs\media\ar\p-109-r109.jpg","https://www.mad-parfumeur.com/respondio-catalog/media/ar/p-109-r109.jpg?v=20260731-4","https://www.mad-parfumeur.com/respondio-catalog/wa/ar/p-109-r109.html?v=20260731-4","https://wa.me/972524033442?text=%D9%85%D8%B1%D8%AD%D8%A8%D8%A7%D8%8C%20%D8%A3%D8%B1%D9%8A%D8%AF%20%D8%B7%D9%84%D8%A8%20%D8%A7%D9%84%D9%85%D9%86%D8%AA%D8%AC%20R109","Gucci Rush 2 من Gucci
الكود: R109
السعر: 100 ILS
عودة للمراسلة: https://wa.me/972524033442?text=%D9%85%D8%B1%D8%AD%D8%A8%D8%A7%D8%8C%20%D8%A3%D8%B1%D9%8A%D8%AF%20%D8%B7%D9%84%D8%A8%20%D8%A7%D9%84%D9%85%D9%86%D8%AA%D8%AC%20R109",""
"ar","L112","Hypnôse Eau Legere** من **Lancôme","ar-L112-p-110-l112.jpg","C:\Users\yahya\Documents\Codex\2026-07-30\https-script-google-com-macros-s\outputs\media\ar\p-110-l112.jpg","https://www.mad-parfumeur.com/respondio-catalog/media/ar/p-110-l112.jpg?v=20260731-4","https://www.mad-parfumeur.com/respondio-catalog/wa/ar/p-110-l112.html?v=20260731-4","https://wa.me/972524033442?text=%D9%85%D8%B1%D8%AD%D8%A8%D8%A7%D8%8C%20%D8%A3%D8%B1%D9%8A%D8%AF%20%D8%B7%D9%84%D8%A8%20%D8%A7%D9%84%D9%85%D9%86%D8%AA%D8%AC%20L112","Hypnôse Eau Legere** من **Lancôme
الكود: L112
السعر: 100 ILS
عودة للمراسلة: https://wa.me/972524033442?text=%D9%85%D8%B1%D8%AD%D8%A8%D8%A7%D8%8C%20%D8%A3%D8%B1%D9%8A%D8%AF%20%D8%B7%D9%84%D8%A8%20%D8%A7%D9%84%D9%85%D9%86%D8%AA%D8%AC%20L112",""
"ar","U101","Ultraviolet للنساء من Paco Rabanne","ar-U101-p-111-u101.jpg","C:\Users\yahya\Documents\Codex\2026-07-30\https-script-google-com-macros-s\outputs\media\ar\p-111-u101.jpg","https://www.mad-parfumeur.com/respondio-catalog/media/ar/p-111-u101.jpg?v=20260731-4","https://www.mad-parfumeur.com/respondio-catalog/wa/ar/p-111-u101.html?v=20260731-4","https://wa.me/972524033442?text=%D9%85%D8%B1%D8%AD%D8%A8%D8%A7%D8%8C%20%D8%A3%D8%B1%D9%8A%D8%AF%20%D8%B7%D9%84%D8%A8%20%D8%A7%D9%84%D9%85%D9%86%D8%AA%D8%AC%20U101","Ultraviolet للنساء من Paco Rabanne
الكود: U101
السعر: 100 ILS
عودة للمراسلة: https://wa.me/972524033442?text=%D9%85%D8%B1%D8%AD%D8%A8%D8%A7%D8%8C%20%D8%A3%D8%B1%D9%8A%D8%AF%20%D8%B7%D9%84%D8%A8%20%D8%A7%D9%84%D9%85%D9%86%D8%AA%D8%AC%20U101",""
"ar","M104","Pink Extasy من دار Montale","ar-M104-p-112-m104.jpg","C:\Users\yahya\Documents\Codex\2026-07-30\https-script-google-com-macros-s\outputs\media\ar\p-112-m104.jpg","https://www.mad-parfumeur.com/respondio-catalog/media/ar/p-112-m104.jpg?v=20260731-4","https://www.mad-parfumeur.com/respondio-catalog/wa/ar/p-112-m104.html?v=20260731-4","https://wa.me/972524033442?text=%D9%85%D8%B1%D8%AD%D8%A8%D8%A7%D8%8C%20%D8%A3%D8%B1%D9%8A%D8%AF%20%D8%B7%D9%84%D8%A8%20%D8%A7%D9%84%D9%85%D9%86%D8%AA%D8%AC%20M104","Pink Extasy من دار Montale
الكود: M104
السعر: 100 ILS
عودة للمراسلة: https://wa.me/972524033442?text=%D9%85%D8%B1%D8%AD%D8%A8%D8%A7%D8%8C%20%D8%A3%D8%B1%D9%8A%D8%AF%20%D8%B7%D9%84%D8%A8%20%D8%A7%D9%84%D9%85%D9%86%D8%AA%D8%AC%20M104",""
"ar","A113 women","Alien Goddess - Mugler","ar-A113 women-p-113-a113-women.jpg","C:\Users\yahya\Documents\Codex\2026-07-30\https-script-google-com-macros-s\outputs\media\ar\p-113-a113-women.jpg","https://www.mad-parfumeur.com/respondio-catalog/media/ar/p-113-a113-women.jpg?v=20260731-4","https://www.mad-parfumeur.com/respondio-catalog/wa/ar/p-113-a113-women.html?v=20260731-4","https://wa.me/972524033442?text=%D9%85%D8%B1%D8%AD%D8%A8%D8%A7%D8%8C%20%D8%A3%D8%B1%D9%8A%D8%AF%20%D8%B7%D9%84%D8%A8%20%D8%A7%D9%84%D9%85%D9%86%D8%AA%D8%AC%20A113%20women","Alien Goddess - Mugler
الكود: A113 women
السعر: 100 ILS
عودة للمراسلة: https://wa.me/972524033442?text=%D9%85%D8%B1%D8%AD%D8%A8%D8%A7%D8%8C%20%D8%A3%D8%B1%D9%8A%D8%AF%20%D8%B7%D9%84%D8%A8%20%D8%A7%D9%84%D9%85%D9%86%D8%AA%D8%AC%20A113%20women",""
"ar","J102 women","Scandal** من **Jean Paul Gaultier","ar-J102 women-p-114-j102-women.jpg","C:\Users\yahya\Documents\Codex\2026-07-30\https-script-google-com-macros-s\outputs\media\ar\p-114-j102-women.jpg","https://www.mad-parfumeur.com/respondio-catalog/media/ar/p-114-j102-women.jpg?v=20260731-4","https://www.mad-parfumeur.com/respondio-catalog/wa/ar/p-114-j102-women.html?v=20260731-4","https://wa.me/972524033442?text=%D9%85%D8%B1%D8%AD%D8%A8%D8%A7%D8%8C%20%D8%A3%D8%B1%D9%8A%D8%AF%20%D8%B7%D9%84%D8%A8%20%D8%A7%D9%84%D9%85%D9%86%D8%AA%D8%AC%20J102%20women","Scandal** من **Jean Paul Gaultier
الكود: J102 women
السعر: 100 ILS
عودة للمراسلة: https://wa.me/972524033442?text=%D9%85%D8%B1%D8%AD%D8%A8%D8%A7%D8%8C%20%D8%A3%D8%B1%D9%8A%D8%AF%20%D8%B7%D9%84%D8%A8%20%D8%A7%D9%84%D9%85%D9%86%D8%AA%D8%AC%20J102%20women",""
"ar","H104","Boss Alive Eau de Parfum** من **Hugo Boss","ar-H104-p-115-h104.jpg","C:\Users\yahya\Documents\Codex\2026-07-30\https-script-google-com-macros-s\outputs\media\ar\p-115-h104.jpg","https://www.mad-parfumeur.com/respondio-catalog/media/ar/p-115-h104.jpg?v=20260731-4","https://www.mad-parfumeur.com/respondio-catalog/wa/ar/p-115-h104.html?v=20260731-4","https://wa.me/972524033442?text=%D9%85%D8%B1%D8%AD%D8%A8%D8%A7%D8%8C%20%D8%A3%D8%B1%D9%8A%D8%AF%20%D8%B7%D9%84%D8%A8%20%D8%A7%D9%84%D9%85%D9%86%D8%AA%D8%AC%20H104","Boss Alive Eau de Parfum** من **Hugo Boss
الكود: H104
السعر: 100 ILS
عودة للمراسلة: https://wa.me/972524033442?text=%D9%85%D8%B1%D8%AD%D8%A8%D8%A7%D8%8C%20%D8%A3%D8%B1%D9%8A%D8%AF%20%D8%B7%D9%84%D8%A8%20%D8%A7%D9%84%D9%85%D9%86%D8%AA%D8%AC%20H104",""
"ar","J103 women","Gaultier 2** من **Jean Paul Gaultier**","ar-J103 women-p-116-j103-women.jpg","C:\Users\yahya\Documents\Codex\2026-07-30\https-script-google-com-macros-s\outputs\media\ar\p-116-j103-women.jpg","https://www.mad-parfumeur.com/respondio-catalog/media/ar/p-116-j103-women.jpg?v=20260731-4","https://www.mad-parfumeur.com/respondio-catalog/wa/ar/p-116-j103-women.html?v=20260731-4","https://wa.me/972524033442?text=%D9%85%D8%B1%D8%AD%D8%A8%D8%A7%D8%8C%20%D8%A3%D8%B1%D9%8A%D8%AF%20%D8%B7%D9%84%D8%A8%20%D8%A7%D9%84%D9%85%D9%86%D8%AA%D8%AC%20J103%20women","Gaultier 2** من **Jean Paul Gaultier**
الكود: J103 women
السعر: 100 ILS
عودة للمراسلة: https://wa.me/972524033442?text=%D9%85%D8%B1%D8%AD%D8%A8%D8%A7%D8%8C%20%D8%A3%D8%B1%D9%8A%D8%AF%20%D8%B7%D9%84%D8%A8%20%D8%A7%D9%84%D9%85%D9%86%D8%AA%D8%AC%20J103%20women",""
"ar","J101 women","J'Adore Absolu** من **Dior","ar-J101 women-p-117-j101-women.jpg","C:\Users\yahya\Documents\Codex\2026-07-30\https-script-google-com-macros-s\outputs\media\ar\p-117-j101-women.jpg","https://www.mad-parfumeur.com/respondio-catalog/media/ar/p-117-j101-women.jpg?v=20260731-4","https://www.mad-parfumeur.com/respondio-catalog/wa/ar/p-117-j101-women.html?v=20260731-4","https://wa.me/972524033442?text=%D9%85%D8%B1%D8%AD%D8%A8%D8%A7%D8%8C%20%D8%A3%D8%B1%D9%8A%D8%AF%20%D8%B7%D9%84%D8%A8%20%D8%A7%D9%84%D9%85%D9%86%D8%AA%D8%AC%20J101%20women","J'Adore Absolu** من **Dior
الكود: J101 women
السعر: 100 ILS
عودة للمراسلة: https://wa.me/972524033442?text=%D9%85%D8%B1%D8%AD%D8%A8%D8%A7%D8%8C%20%D8%A3%D8%B1%D9%8A%D8%AF%20%D8%B7%D9%84%D8%A8%20%D8%A7%D9%84%D9%85%D9%86%D8%AA%D8%AC%20J101%20women",""
"ar","K101 women","Good Girl Gone Bad** من **By Kilian","ar-K101 women-p-118-k101-women.jpg","C:\Users\yahya\Documents\Codex\2026-07-30\https-script-google-com-macros-s\outputs\media\ar\p-118-k101-women.jpg","https://www.mad-parfumeur.com/respondio-catalog/media/ar/p-118-k101-women.jpg?v=20260731-4","https://www.mad-parfumeur.com/respondio-catalog/wa/ar/p-118-k101-women.html?v=20260731-4","https://wa.me/972524033442?text=%D9%85%D8%B1%D8%AD%D8%A8%D8%A7%D8%8C%20%D8%A3%D8%B1%D9%8A%D8%AF%20%D8%B7%D9%84%D8%A8%20%D8%A7%D9%84%D9%85%D9%86%D8%AA%D8%AC%20K101%20women","Good Girl Gone Bad** من **By Kilian
الكود: K101 women
السعر: 100 ILS
عودة للمراسلة: https://wa.me/972524033442?text=%D9%85%D8%B1%D8%AD%D8%A8%D8%A7%D8%8C%20%D8%A3%D8%B1%D9%8A%D8%AF%20%D8%B7%D9%84%D8%A8%20%D8%A7%D9%84%D9%85%D9%86%D8%AA%D8%AC%20K101%20women",""
"ar","C119","Yes I Am - Cacharel","ar-C119-p-119-c119.jpg","C:\Users\yahya\Documents\Codex\2026-07-30\https-script-google-com-macros-s\outputs\media\ar\p-119-c119.jpg","https://www.mad-parfumeur.com/respondio-catalog/media/ar/p-119-c119.jpg?v=20260731-4","https://www.mad-parfumeur.com/respondio-catalog/wa/ar/p-119-c119.html?v=20260731-4","https://wa.me/972524033442?text=%D9%85%D8%B1%D8%AD%D8%A8%D8%A7%D8%8C%20%D8%A3%D8%B1%D9%8A%D8%AF%20%D8%B7%D9%84%D8%A8%20%D8%A7%D9%84%D9%85%D9%86%D8%AA%D8%AC%20C119","Yes I Am - Cacharel
الكود: C119
السعر: 100 ILS
عودة للمراسلة: https://wa.me/972524033442?text=%D9%85%D8%B1%D8%AD%D8%A8%D8%A7%D8%8C%20%D8%A3%D8%B1%D9%8A%D8%AF%20%D8%B7%D9%84%D8%A8%20%D8%A7%D9%84%D9%85%D9%86%D8%AA%D8%AC%20C119",""
"ar","G104","L'Interdit Eau de Parfum - Givenchy","ar-G104-p-120-g104.jpg","C:\Users\yahya\Documents\Codex\2026-07-30\https-script-google-com-macros-s\outputs\media\ar\p-120-g104.jpg","https://www.mad-parfumeur.com/respondio-catalog/media/ar/p-120-g104.jpg?v=20260731-4","https://www.mad-parfumeur.com/respondio-catalog/wa/ar/p-120-g104.html?v=20260731-4","https://wa.me/972524033442?text=%D9%85%D8%B1%D8%AD%D8%A8%D8%A7%D8%8C%20%D8%A3%D8%B1%D9%8A%D8%AF%20%D8%B7%D9%84%D8%A8%20%D8%A7%D9%84%D9%85%D9%86%D8%AA%D8%AC%20G104","L'Interdit Eau de Parfum - Givenchy
الكود: G104
السعر: 100 ILS
عودة للمراسلة: https://wa.me/972524033442?text=%D9%85%D8%B1%D8%AD%D8%A8%D8%A7%D8%8C%20%D8%A3%D8%B1%D9%8A%D8%AF%20%D8%B7%D9%84%D8%A8%20%D8%A7%D9%84%D9%85%D9%86%D8%AA%D8%AC%20G104",""
"ar","G106","Good Girl Suprême - Carolina Herrera","ar-G106-p-121-g106.jpg","C:\Users\yahya\Documents\Codex\2026-07-30\https-script-google-com-macros-s\outputs\media\ar\p-121-g106.jpg","https://www.mad-parfumeur.com/respondio-catalog/media/ar/p-121-g106.jpg?v=20260731-4","https://www.mad-parfumeur.com/respondio-catalog/wa/ar/p-121-g106.html?v=20260731-4","https://wa.me/972524033442?text=%D9%85%D8%B1%D8%AD%D8%A8%D8%A7%D8%8C%20%D8%A3%D8%B1%D9%8A%D8%AF%20%D8%B7%D9%84%D8%A8%20%D8%A7%D9%84%D9%85%D9%86%D8%AA%D8%AC%20G106","Good Girl Suprême - Carolina Herrera
الكود: G106
السعر: 100 ILS
عودة للمراسلة: https://wa.me/972524033442?text=%D9%85%D8%B1%D8%AD%D8%A8%D8%A7%D8%8C%20%D8%A3%D8%B1%D9%8A%D8%AF%20%D8%B7%D9%84%D8%A8%20%D8%A7%D9%84%D9%85%D9%86%D8%AA%D8%AC%20G106",""
"ar","G103 women","Good Girl - Carolina Herrera","ar-G103 women-p-122-g103-women.jpg","C:\Users\yahya\Documents\Codex\2026-07-30\https-script-google-com-macros-s\outputs\media\ar\p-122-g103-women.jpg","https://www.mad-parfumeur.com/respondio-catalog/media/ar/p-122-g103-women.jpg?v=20260731-4","https://www.mad-parfumeur.com/respondio-catalog/wa/ar/p-122-g103-women.html?v=20260731-4","https://wa.me/972524033442?text=%D9%85%D8%B1%D8%AD%D8%A8%D8%A7%D8%8C%20%D8%A3%D8%B1%D9%8A%D8%AF%20%D8%B7%D9%84%D8%A8%20%D8%A7%D9%84%D9%85%D9%86%D8%AA%D8%AC%20G103%20women","Good Girl - Carolina Herrera
الكود: G103 women
السعر: 100 ILS
عودة للمراسلة: https://wa.me/972524033442?text=%D9%85%D8%B1%D8%AD%D8%A8%D8%A7%D8%8C%20%D8%A3%D8%B1%D9%8A%D8%AF%20%D8%B7%D9%84%D8%A8%20%D8%A7%D9%84%D9%85%D9%86%D8%AA%D8%AC%20G103%20women",""
"ar","D119","Echo Woman - Davidoff","ar-D119-p-123-d119.jpg","C:\Users\yahya\Documents\Codex\2026-07-30\https-script-google-com-macros-s\outputs\media\ar\p-123-d119.jpg","https://www.mad-parfumeur.com/respondio-catalog/media/ar/p-123-d119.jpg?v=20260731-4","https://www.mad-parfumeur.com/respondio-catalog/wa/ar/p-123-d119.html?v=20260731-4","https://wa.me/972524033442?text=%D9%85%D8%B1%D8%AD%D8%A8%D8%A7%D8%8C%20%D8%A3%D8%B1%D9%8A%D8%AF%20%D8%B7%D9%84%D8%A8%20%D8%A7%D9%84%D9%85%D9%86%D8%AA%D8%AC%20D119","Echo Woman - Davidoff
الكود: D119
السعر: 100 ILS
عودة للمراسلة: https://wa.me/972524033442?text=%D9%85%D8%B1%D8%AD%D8%A8%D8%A7%D8%8C%20%D8%A3%D8%B1%D9%8A%D8%AF%20%D8%B7%D9%84%D8%A8%20%D8%A7%D9%84%D9%85%D9%86%D8%AA%D8%AC%20D119",""
"ar","D121","DKNY Be Delicious - Donna Karan","ar-D121-p-124-d121.jpg","C:\Users\yahya\Documents\Codex\2026-07-30\https-script-google-com-macros-s\outputs\media\ar\p-124-d121.jpg","https://www.mad-parfumeur.com/respondio-catalog/media/ar/p-124-d121.jpg?v=20260731-4","https://www.mad-parfumeur.com/respondio-catalog/wa/ar/p-124-d121.html?v=20260731-4","https://wa.me/972524033442?text=%D9%85%D8%B1%D8%AD%D8%A8%D8%A7%D8%8C%20%D8%A3%D8%B1%D9%8A%D8%AF%20%D8%B7%D9%84%D8%A8%20%D8%A7%D9%84%D9%85%D9%86%D8%AA%D8%AC%20D121","DKNY Be Delicious - Donna Karan
الكود: D121
السعر: 100 ILS
عودة للمراسلة: https://wa.me/972524033442?text=%D9%85%D8%B1%D8%AD%D8%A8%D8%A7%D8%8C%20%D8%A3%D8%B1%D9%8A%D8%AF%20%D8%B7%D9%84%D8%A8%20%D8%A7%D9%84%D9%85%D9%86%D8%AA%D8%AC%20D121",""
"ar","L103 women","La Vie est Belle en Rose** من **Lancôme","ar-L103 women-p-126-l103-women.jpg","C:\Users\yahya\Documents\Codex\2026-07-30\https-script-google-com-macros-s\outputs\media\ar\p-126-l103-women.jpg","https://www.mad-parfumeur.com/respondio-catalog/media/ar/p-126-l103-women.jpg?v=20260731-4","https://www.mad-parfumeur.com/respondio-catalog/wa/ar/p-126-l103-women.html?v=20260731-4","https://wa.me/972524033442?text=%D9%85%D8%B1%D8%AD%D8%A8%D8%A7%D8%8C%20%D8%A3%D8%B1%D9%8A%D8%AF%20%D8%B7%D9%84%D8%A8%20%D8%A7%D9%84%D9%85%D9%86%D8%AA%D8%AC%20L103%20women","La Vie est Belle en Rose** من **Lancôme
الكود: L103 women
السعر: 100 ILS
عودة للمراسلة: https://wa.me/972524033442?text=%D9%85%D8%B1%D8%AD%D8%A8%D8%A7%D8%8C%20%D8%A3%D8%B1%D9%8A%D8%AF%20%D8%B7%D9%84%D8%A8%20%D8%A7%D9%84%D9%85%D9%86%D8%AA%D8%AC%20L103%20women",""
"ar","E101","Girl of Now - Elie Saab","ar-E101-p-127-e101.jpg","C:\Users\yahya\Documents\Codex\2026-07-30\https-script-google-com-macros-s\outputs\media\ar\p-127-e101.jpg","https://www.mad-parfumeur.com/respondio-catalog/media/ar/p-127-e101.jpg?v=20260731-4","https://www.mad-parfumeur.com/respondio-catalog/wa/ar/p-127-e101.html?v=20260731-4","https://wa.me/972524033442?text=%D9%85%D8%B1%D8%AD%D8%A8%D8%A7%D8%8C%20%D8%A3%D8%B1%D9%8A%D8%AF%20%D8%B7%D9%84%D8%A8%20%D8%A7%D9%84%D9%85%D9%86%D8%AA%D8%AC%20E101","Girl of Now - Elie Saab
الكود: E101
السعر: 100 ILS
عودة للمراسلة: https://wa.me/972524033442?text=%D9%85%D8%B1%D8%AD%D8%A8%D8%A7%D8%8C%20%D8%A3%D8%B1%D9%8A%D8%AF%20%D8%B7%D9%84%D8%A8%20%D8%A7%D9%84%D9%85%D9%86%D8%AA%D8%AC%20E101",""
"ar","E104 women","Emporio Armani She - Giorgio Armani","ar-E104 women-p-128-e104-women.jpg","C:\Users\yahya\Documents\Codex\2026-07-30\https-script-google-com-macros-s\outputs\media\ar\p-128-e104-women.jpg","https://www.mad-parfumeur.com/respondio-catalog/media/ar/p-128-e104-women.jpg?v=20260731-4","https://www.mad-parfumeur.com/respondio-catalog/wa/ar/p-128-e104-women.html?v=20260731-4","https://wa.me/972524033442?text=%D9%85%D8%B1%D8%AD%D8%A8%D8%A7%D8%8C%20%D8%A3%D8%B1%D9%8A%D8%AF%20%D8%B7%D9%84%D8%A8%20%D8%A7%D9%84%D9%85%D9%86%D8%AA%D8%AC%20E104%20women","Emporio Armani She - Giorgio Armani
الكود: E104 women
السعر: 100 ILS
عودة للمراسلة: https://wa.me/972524033442?text=%D9%85%D8%B1%D8%AD%D8%A8%D8%A7%D8%8C%20%D8%A3%D8%B1%D9%8A%D8%AF%20%D8%B7%D9%84%D8%A8%20%D8%A7%D9%84%D9%85%D9%86%D8%AA%D8%AC%20E104%20women",""
"ar","D114","Miss Dior Blooming Bouquet - Dior","ar-D114-p-129-d114.jpg","C:\Users\yahya\Documents\Codex\2026-07-30\https-script-google-com-macros-s\outputs\media\ar\p-129-d114.jpg","https://www.mad-parfumeur.com/respondio-catalog/media/ar/p-129-d114.jpg?v=20260731-4","https://www.mad-parfumeur.com/respondio-catalog/wa/ar/p-129-d114.html?v=20260731-4","https://wa.me/972524033442?text=%D9%85%D8%B1%D8%AD%D8%A8%D8%A7%D8%8C%20%D8%A3%D8%B1%D9%8A%D8%AF%20%D8%B7%D9%84%D8%A8%20%D8%A7%D9%84%D9%85%D9%86%D8%AA%D8%AC%20D114","Miss Dior Blooming Bouquet - Dior
الكود: D114
السعر: 100 ILS
عودة للمراسلة: https://wa.me/972524033442?text=%D9%85%D8%B1%D8%AD%D8%A8%D8%A7%D8%8C%20%D8%A3%D8%B1%D9%8A%D8%AF%20%D8%B7%D9%84%D8%A8%20%D8%A7%D9%84%D9%85%D9%86%D8%AA%D8%AC%20D114",""
"ar","P105 women","Fame من Rabanne","ar-P105 women-p-130-p105-women.jpg","C:\Users\yahya\Documents\Codex\2026-07-30\https-script-google-com-macros-s\outputs\media\ar\p-130-p105-women.jpg","https://www.mad-parfumeur.com/respondio-catalog/media/ar/p-130-p105-women.jpg?v=20260731-4","https://www.mad-parfumeur.com/respondio-catalog/wa/ar/p-130-p105-women.html?v=20260731-4","https://wa.me/972524033442?text=%D9%85%D8%B1%D8%AD%D8%A8%D8%A7%D8%8C%20%D8%A3%D8%B1%D9%8A%D8%AF%20%D8%B7%D9%84%D8%A8%20%D8%A7%D9%84%D9%85%D9%86%D8%AA%D8%AC%20P105%20women","Fame من Rabanne
الكود: P105 women
السعر: 100 ILS
عودة للمراسلة: https://wa.me/972524033442?text=%D9%85%D8%B1%D8%AD%D8%A8%D8%A7%D8%8C%20%D8%A3%D8%B1%D9%8A%D8%AF%20%D8%B7%D9%84%D8%A8%20%D8%A7%D9%84%D9%85%D9%86%D8%AA%D8%AC%20P105%20women",""
"ar","c120","Coco Mademoiselle Intense - Chanel","ar-c120-p-131-c120.jpg","C:\Users\yahya\Documents\Codex\2026-07-30\https-script-google-com-macros-s\outputs\media\ar\p-131-c120.jpg","https://www.mad-parfumeur.com/respondio-catalog/media/ar/p-131-c120.jpg?v=20260731-4","https://www.mad-parfumeur.com/respondio-catalog/wa/ar/p-131-c120.html?v=20260731-4","https://wa.me/972524033442?text=%D9%85%D8%B1%D8%AD%D8%A8%D8%A7%D8%8C%20%D8%A3%D8%B1%D9%8A%D8%AF%20%D8%B7%D9%84%D8%A8%20%D8%A7%D9%84%D9%85%D9%86%D8%AA%D8%AC%20c120","Coco Mademoiselle Intense - Chanel
الكود: c120
السعر: 100 ILS
عودة للمراسلة: https://wa.me/972524033442?text=%D9%85%D8%B1%D8%AD%D8%A8%D8%A7%D8%8C%20%D8%A3%D8%B1%D9%8A%D8%AF%20%D8%B7%D9%84%D8%A8%20%D8%A7%D9%84%D9%85%D9%86%D8%AA%D8%AC%20c120",""
"ar","C123","Chance Eau de Parfum - Chanel","ar-C123-p-132-c123.jpg","C:\Users\yahya\Documents\Codex\2026-07-30\https-script-google-com-macros-s\outputs\media\ar\p-132-c123.jpg","https://www.mad-parfumeur.com/respondio-catalog/media/ar/p-132-c123.jpg?v=20260731-4","https://www.mad-parfumeur.com/respondio-catalog/wa/ar/p-132-c123.html?v=20260731-4","https://wa.me/972524033442?text=%D9%85%D8%B1%D8%AD%D8%A8%D8%A7%D8%8C%20%D8%A3%D8%B1%D9%8A%D8%AF%20%D8%B7%D9%84%D8%A8%20%D8%A7%D9%84%D9%85%D9%86%D8%AA%D8%AC%20C123","Chance Eau de Parfum - Chanel
الكود: C123
السعر: 100 ILS
عودة للمراسلة: https://wa.me/972524033442?text=%D9%85%D8%B1%D8%AD%D8%A8%D8%A7%D8%8C%20%D8%A3%D8%B1%D9%8A%D8%AF%20%D8%B7%D9%84%D8%A8%20%D8%A7%D9%84%D9%85%D9%86%D8%AA%D8%AC%20C123",""
"ar","V109","Tease Crème Cloud من Victoria's Secret","ar-V109-p-133-v109.jpg","C:\Users\yahya\Documents\Codex\2026-07-30\https-script-google-com-macros-s\outputs\media\ar\p-133-v109.jpg","https://www.mad-parfumeur.com/respondio-catalog/media/ar/p-133-v109.jpg?v=20260731-4","https://www.mad-parfumeur.com/respondio-catalog/wa/ar/p-133-v109.html?v=20260731-4","https://wa.me/972524033442?text=%D9%85%D8%B1%D8%AD%D8%A8%D8%A7%D8%8C%20%D8%A3%D8%B1%D9%8A%D8%AF%20%D8%B7%D9%84%D8%A8%20%D8%A7%D9%84%D9%85%D9%86%D8%AA%D8%AC%20V109","Tease Crème Cloud من Victoria's Secret
الكود: V109
السعر: 100 ILS
عودة للمراسلة: https://wa.me/972524033442?text=%D9%85%D8%B1%D8%AD%D8%A8%D8%A7%D8%8C%20%D8%A3%D8%B1%D9%8A%D8%AF%20%D8%B7%D9%84%D8%A8%20%D8%A7%D9%84%D9%85%D9%86%D8%AA%D8%AC%20V109",""
"ar","B103 women","Burberry Her - Burberry","ar-B103 women-p-134-b103-women.jpg","C:\Users\yahya\Documents\Codex\2026-07-30\https-script-google-com-macros-s\outputs\media\ar\p-134-b103-women.jpg","https://www.mad-parfumeur.com/respondio-catalog/media/ar/p-134-b103-women.jpg?v=20260731-4","https://www.mad-parfumeur.com/respondio-catalog/wa/ar/p-134-b103-women.html?v=20260731-4","https://wa.me/972524033442?text=%D9%85%D8%B1%D8%AD%D8%A8%D8%A7%D8%8C%20%D8%A3%D8%B1%D9%8A%D8%AF%20%D8%B7%D9%84%D8%A8%20%D8%A7%D9%84%D9%85%D9%86%D8%AA%D8%AC%20B103%20women","Burberry Her - Burberry
الكود: B103 women
السعر: 100 ILS
عودة للمراسلة: https://wa.me/972524033442?text=%D9%85%D8%B1%D8%AD%D8%A8%D8%A7%D8%8C%20%D8%A3%D8%B1%D9%8A%D8%AF%20%D8%B7%D9%84%D8%A8%20%D8%A7%D9%84%D9%85%D9%86%D8%AA%D8%AC%20B103%20women",""
"ar","I102","L'eau d'Issey** من **Issey Miyake","ar-I102-p-135-i102.jpg","C:\Users\yahya\Documents\Codex\2026-07-30\https-script-google-com-macros-s\outputs\media\ar\p-135-i102.jpg","https://www.mad-parfumeur.com/respondio-catalog/media/ar/p-135-i102.jpg?v=20260731-4","https://www.mad-parfumeur.com/respondio-catalog/wa/ar/p-135-i102.html?v=20260731-4","https://wa.me/972524033442?text=%D9%85%D8%B1%D8%AD%D8%A8%D8%A7%D8%8C%20%D8%A3%D8%B1%D9%8A%D8%AF%20%D8%B7%D9%84%D8%A8%20%D8%A7%D9%84%D9%85%D9%86%D8%AA%D8%AC%20I102","L'eau d'Issey** من **Issey Miyake
الكود: I102
السعر: 100 ILS
عودة للمراسلة: https://wa.me/972524033442?text=%D9%85%D8%B1%D8%AD%D8%A8%D8%A7%D8%8C%20%D8%A3%D8%B1%D9%8A%D8%AF%20%D8%B7%D9%84%D8%A8%20%D8%A7%D9%84%D9%85%D9%86%D8%AA%D8%AC%20I102",""
"ar","V110","Bombshell Sundrenched – من Victoria's Secret","ar-V110-p-136-v110.jpg","C:\Users\yahya\Documents\Codex\2026-07-30\https-script-google-com-macros-s\outputs\media\ar\p-136-v110.jpg","https://www.mad-parfumeur.com/respondio-catalog/media/ar/p-136-v110.jpg?v=20260731-4","https://www.mad-parfumeur.com/respondio-catalog/wa/ar/p-136-v110.html?v=20260731-4","https://wa.me/972524033442?text=%D9%85%D8%B1%D8%AD%D8%A8%D8%A7%D8%8C%20%D8%A3%D8%B1%D9%8A%D8%AF%20%D8%B7%D9%84%D8%A8%20%D8%A7%D9%84%D9%85%D9%86%D8%AA%D8%AC%20V110","Bombshell Sundrenched – من Victoria's Secret
الكود: V110
السعر: 100 ILS
عودة للمراسلة: https://wa.me/972524033442?text=%D9%85%D8%B1%D8%AD%D8%A8%D8%A7%D8%8C%20%D8%A3%D8%B1%D9%8A%D8%AF%20%D8%B7%D9%84%D8%A8%20%D8%A7%D9%84%D9%85%D9%86%D8%AA%D8%AC%20V110",""
"ar","Y101 women","Libre Yves Saint Laurent","ar-Y101 women-p-138-y101-women.jpg","C:\Users\yahya\Documents\Codex\2026-07-30\https-script-google-com-macros-s\outputs\media\ar\p-138-y101-women.jpg","https://www.mad-parfumeur.com/respondio-catalog/media/ar/p-138-y101-women.jpg?v=20260731-4","https://www.mad-parfumeur.com/respondio-catalog/wa/ar/p-138-y101-women.html?v=20260731-4","https://wa.me/972524033442?text=%D9%85%D8%B1%D8%AD%D8%A8%D8%A7%D8%8C%20%D8%A3%D8%B1%D9%8A%D8%AF%20%D8%B7%D9%84%D8%A8%20%D8%A7%D9%84%D9%85%D9%86%D8%AA%D8%AC%20Y101%20women","Libre Yves Saint Laurent
الكود: Y101 women
السعر: 100 ILS
عودة للمراسلة: https://wa.me/972524033442?text=%D9%85%D8%B1%D8%AD%D8%A8%D8%A7%D8%8C%20%D8%A3%D8%B1%D9%8A%D8%AF%20%D8%B7%D9%84%D8%A8%20%D8%A7%D9%84%D9%85%D9%86%D8%AA%D8%AC%20Y101%20women",""
"ar","Z101","This is Her! – من Zadig & Voltaire","ar-Z101-p-139-z101.jpg","C:\Users\yahya\Documents\Codex\2026-07-30\https-script-google-com-macros-s\outputs\media\ar\p-139-z101.jpg","https://www.mad-parfumeur.com/respondio-catalog/media/ar/p-139-z101.jpg?v=20260731-4","https://www.mad-parfumeur.com/respondio-catalog/wa/ar/p-139-z101.html?v=20260731-4","https://wa.me/972524033442?text=%D9%85%D8%B1%D8%AD%D8%A8%D8%A7%D8%8C%20%D8%A3%D8%B1%D9%8A%D8%AF%20%D8%B7%D9%84%D8%A8%20%D8%A7%D9%84%D9%85%D9%86%D8%AA%D8%AC%20Z101","This is Her! – من Zadig & Voltaire
الكود: Z101
السعر: 100 ILS
عودة للمراسلة: https://wa.me/972524033442?text=%D9%85%D8%B1%D8%AD%D8%A8%D8%A7%D8%8C%20%D8%A3%D8%B1%D9%8A%D8%AF%20%D8%B7%D9%84%D8%A8%20%D8%A7%D9%84%D9%85%D9%86%D8%AA%D8%AC%20Z101",""
"ar","B104","Burberry Women - Burberry","ar-B104-p-140-b104.jpg","C:\Users\yahya\Documents\Codex\2026-07-30\https-script-google-com-macros-s\outputs\media\ar\p-140-b104.jpg","https://www.mad-parfumeur.com/respondio-catalog/media/ar/p-140-b104.jpg?v=20260731-4","https://www.mad-parfumeur.com/respondio-catalog/wa/ar/p-140-b104.html?v=20260731-4","https://wa.me/972524033442?text=%D9%85%D8%B1%D8%AD%D8%A8%D8%A7%D8%8C%20%D8%A3%D8%B1%D9%8A%D8%AF%20%D8%B7%D9%84%D8%A8%20%D8%A7%D9%84%D9%85%D9%86%D8%AA%D8%AC%20B104","Burberry Women - Burberry
الكود: B104
السعر: 100 ILS
عودة للمراسلة: https://wa.me/972524033442?text=%D9%85%D8%B1%D8%AD%D8%A8%D8%A7%D8%8C%20%D8%A3%D8%B1%D9%8A%D8%AF%20%D8%B7%D9%84%D8%A8%20%D8%A7%D9%84%D9%85%D9%86%D8%AA%D8%AC%20B104",""
"ar","Z102","Just Rock! for Her – من Zadig & Voltaire","ar-Z102-p-141-z102.jpg","C:\Users\yahya\Documents\Codex\2026-07-30\https-script-google-com-macros-s\outputs\media\ar\p-141-z102.jpg","https://www.mad-parfumeur.com/respondio-catalog/media/ar/p-141-z102.jpg?v=20260731-4","https://www.mad-parfumeur.com/respondio-catalog/wa/ar/p-141-z102.html?v=20260731-4","https://wa.me/972524033442?text=%D9%85%D8%B1%D8%AD%D8%A8%D8%A7%D8%8C%20%D8%A3%D8%B1%D9%8A%D8%AF%20%D8%B7%D9%84%D8%A8%20%D8%A7%D9%84%D9%85%D9%86%D8%AA%D8%AC%20Z102","Just Rock! for Her – من Zadig & Voltaire
الكود: Z102
السعر: 100 ILS
عودة للمراسلة: https://wa.me/972524033442?text=%D9%85%D8%B1%D8%AD%D8%A8%D8%A7%D8%8C%20%D8%A3%D8%B1%D9%8A%D8%AF%20%D8%B7%D9%84%D8%A8%20%D8%A7%D9%84%D9%85%D9%86%D8%AA%D8%AC%20Z102",""
"ar","W175","Body – من Burberry","ar-W175-p-142-w175.jpg","C:\Users\yahya\Documents\Codex\2026-07-30\https-script-google-com-macros-s\outputs\media\ar\p-142-w175.jpg","https://www.mad-parfumeur.com/respondio-catalog/media/ar/p-142-w175.jpg?v=20260731-4","https://www.mad-parfumeur.com/respondio-catalog/wa/ar/p-142-w175.html?v=20260731-4","https://wa.me/972524033442?text=%D9%85%D8%B1%D8%AD%D8%A8%D8%A7%D8%8C%20%D8%A3%D8%B1%D9%8A%D8%AF%20%D8%B7%D9%84%D8%A8%20%D8%A7%D9%84%D9%85%D9%86%D8%AA%D8%AC%20W175","Body – من Burberry
الكود: W175
السعر: 100 ILS
عودة للمراسلة: https://wa.me/972524033442?text=%D9%85%D8%B1%D8%AD%D8%A8%D8%A7%D8%8C%20%D8%A3%D8%B1%D9%8A%D8%AF%20%D8%B7%D9%84%D8%A8%20%D8%A7%D9%84%D9%85%D9%86%D8%AA%D8%AC%20W175",""
"ar","W179 women","Vanitas – من فيرساتشي","ar-W179 women-p-143-w179-women.jpg","C:\Users\yahya\Documents\Codex\2026-07-30\https-script-google-com-macros-s\outputs\media\ar\p-143-w179-women.jpg","https://www.mad-parfumeur.com/respondio-catalog/media/ar/p-143-w179-women.jpg?v=20260731-4","https://www.mad-parfumeur.com/respondio-catalog/wa/ar/p-143-w179-women.html?v=20260731-4","https://wa.me/972524033442?text=%D9%85%D8%B1%D8%AD%D8%A8%D8%A7%D8%8C%20%D8%A3%D8%B1%D9%8A%D8%AF%20%D8%B7%D9%84%D8%A8%20%D8%A7%D9%84%D9%85%D9%86%D8%AA%D8%AC%20W179%20women","Vanitas – من فيرساتشي
الكود: W179 women
السعر: 100 ILS
عودة للمراسلة: https://wa.me/972524033442?text=%D9%85%D8%B1%D8%AD%D8%A8%D8%A7%D8%8C%20%D8%A3%D8%B1%D9%8A%D8%AF%20%D8%B7%D9%84%D8%A8%20%D8%A7%D9%84%D9%85%D9%86%D8%AA%D8%AC%20W179%20women",""
"ar","W214","Bombshell – من Victoria's Secret","ar-W214-p-144-w214.jpg","C:\Users\yahya\Documents\Codex\2026-07-30\https-script-google-com-macros-s\outputs\media\ar\p-144-w214.jpg","https://www.mad-parfumeur.com/respondio-catalog/media/ar/p-144-w214.jpg?v=20260731-4","https://www.mad-parfumeur.com/respondio-catalog/wa/ar/p-144-w214.html?v=20260731-4","https://wa.me/972524033442?text=%D9%85%D8%B1%D8%AD%D8%A8%D8%A7%D8%8C%20%D8%A3%D8%B1%D9%8A%D8%AF%20%D8%B7%D9%84%D8%A8%20%D8%A7%D9%84%D9%85%D9%86%D8%AA%D8%AC%20W214","Bombshell – من Victoria's Secret
الكود: W214
السعر: 100 ILS
عودة للمراسلة: https://wa.me/972524033442?text=%D9%85%D8%B1%D8%AD%D8%A8%D8%A7%D8%8C%20%D8%A3%D8%B1%D9%8A%D8%AF%20%D8%B7%D9%84%D8%A8%20%D8%A7%D9%84%D9%85%D9%86%D8%AA%D8%AC%20W214",""
"ar","W217","Bright Crystal – من فيرساتشي","ar-W217-p-145-w217.jpg","C:\Users\yahya\Documents\Codex\2026-07-30\https-script-google-com-macros-s\outputs\media\ar\p-145-w217.jpg","https://www.mad-parfumeur.com/respondio-catalog/media/ar/p-145-w217.jpg?v=20260731-4","https://www.mad-parfumeur.com/respondio-catalog/wa/ar/p-145-w217.html?v=20260731-4","https://wa.me/972524033442?text=%D9%85%D8%B1%D8%AD%D8%A8%D8%A7%D8%8C%20%D8%A3%D8%B1%D9%8A%D8%AF%20%D8%B7%D9%84%D8%A8%20%D8%A7%D9%84%D9%85%D9%86%D8%AA%D8%AC%20W217","Bright Crystal – من فيرساتشي
الكود: W217
السعر: 100 ILS
عودة للمراسلة: https://wa.me/972524033442?text=%D9%85%D8%B1%D8%AD%D8%A8%D8%A7%D8%8C%20%D8%A3%D8%B1%D9%8A%D8%AF%20%D8%B7%D9%84%D8%A8%20%D8%A7%D9%84%D9%85%D9%86%D8%AA%D8%AC%20W217",""
"ar","W222","Olympéa – من Rabanne","ar-W222-p-147-w222.jpg","C:\Users\yahya\Documents\Codex\2026-07-30\https-script-google-com-macros-s\outputs\media\ar\p-147-w222.jpg","https://www.mad-parfumeur.com/respondio-catalog/media/ar/p-147-w222.jpg?v=20260731-4","https://www.mad-parfumeur.com/respondio-catalog/wa/ar/p-147-w222.html?v=20260731-4","https://wa.me/972524033442?text=%D9%85%D8%B1%D8%AD%D8%A8%D8%A7%D8%8C%20%D8%A3%D8%B1%D9%8A%D8%AF%20%D8%B7%D9%84%D8%A8%20%D8%A7%D9%84%D9%85%D9%86%D8%AA%D8%AC%20W222","Olympéa – من Rabanne
الكود: W222
السعر: 100 ILS
عودة للمراسلة: https://wa.me/972524033442?text=%D9%85%D8%B1%D8%AD%D8%A8%D8%A7%D8%8C%20%D8%A3%D8%B1%D9%8A%D8%AF%20%D8%B7%D9%84%D8%A8%20%D8%A7%D9%84%D9%85%D9%86%D8%AA%D8%AC%20W222",""
"ar","W155","Acqua Di Gioia Eau Fraîche – من جورجيو أرماني","ar-W155-p-148-w155.jpg","C:\Users\yahya\Documents\Codex\2026-07-30\https-script-google-com-macros-s\outputs\media\ar\p-148-w155.jpg","https://www.mad-parfumeur.com/respondio-catalog/media/ar/p-148-w155.jpg?v=20260731-4","https://www.mad-parfumeur.com/respondio-catalog/wa/ar/p-148-w155.html?v=20260731-4","https://wa.me/972524033442?text=%D9%85%D8%B1%D8%AD%D8%A8%D8%A7%D8%8C%20%D8%A3%D8%B1%D9%8A%D8%AF%20%D8%B7%D9%84%D8%A8%20%D8%A7%D9%84%D9%85%D9%86%D8%AA%D8%AC%20W155","Acqua Di Gioia Eau Fraîche – من جورجيو أرماني
الكود: W155
السعر: 100 ILS
عودة للمراسلة: https://wa.me/972524033442?text=%D9%85%D8%B1%D8%AD%D8%A8%D8%A7%D8%8C%20%D8%A3%D8%B1%D9%8A%D8%AF%20%D8%B7%D9%84%D8%A8%20%D8%A7%D9%84%D9%85%D9%86%D8%AA%D8%AC%20W155",""
"ar","W230","Omnia Crystalline – من بولغاري","ar-W230-p-149-w230.jpg","C:\Users\yahya\Documents\Codex\2026-07-30\https-script-google-com-macros-s\outputs\media\ar\p-149-w230.jpg","https://www.mad-parfumeur.com/respondio-catalog/media/ar/p-149-w230.jpg?v=20260731-4","https://www.mad-parfumeur.com/respondio-catalog/wa/ar/p-149-w230.html?v=20260731-4","https://wa.me/972524033442?text=%D9%85%D8%B1%D8%AD%D8%A8%D8%A7%D8%8C%20%D8%A3%D8%B1%D9%8A%D8%AF%20%D8%B7%D9%84%D8%A8%20%D8%A7%D9%84%D9%85%D9%86%D8%AA%D8%AC%20W230","Omnia Crystalline – من بولغاري
الكود: W230
السعر: 100 ILS
عودة للمراسلة: https://wa.me/972524033442?text=%D9%85%D8%B1%D8%AD%D8%A8%D8%A7%D8%8C%20%D8%A3%D8%B1%D9%8A%D8%AF%20%D8%B7%D9%84%D8%A8%20%D8%A7%D9%84%D9%85%D9%86%D8%AA%D8%AC%20W230",""
"ar","W208","Manifesto من Yves Saint Laurent","ar-W208-p-150-w208.jpg","C:\Users\yahya\Documents\Codex\2026-07-30\https-script-google-com-macros-s\outputs\media\ar\p-150-w208.jpg","https://www.mad-parfumeur.com/respondio-catalog/media/ar/p-150-w208.jpg?v=20260731-4","https://www.mad-parfumeur.com/respondio-catalog/wa/ar/p-150-w208.html?v=20260731-4","https://wa.me/972524033442?text=%D9%85%D8%B1%D8%AD%D8%A8%D8%A7%D8%8C%20%D8%A3%D8%B1%D9%8A%D8%AF%20%D8%B7%D9%84%D8%A8%20%D8%A7%D9%84%D9%85%D9%86%D8%AA%D8%AC%20W208","Manifesto من Yves Saint Laurent
الكود: W208
السعر: 100 ILS
عودة للمراسلة: https://wa.me/972524033442?text=%D9%85%D8%B1%D8%AD%D8%A8%D8%A7%D8%8C%20%D8%A3%D8%B1%D9%8A%D8%AF%20%D8%B7%D9%84%D8%A8%20%D8%A7%D9%84%D9%85%D9%86%D8%AA%D8%AC%20W208",""
"ar","W209","My Burberry – من بربري","ar-W209-p-151-w209.jpg","C:\Users\yahya\Documents\Codex\2026-07-30\https-script-google-com-macros-s\outputs\media\ar\p-151-w209.jpg","https://www.mad-parfumeur.com/respondio-catalog/media/ar/p-151-w209.jpg?v=20260731-4","https://www.mad-parfumeur.com/respondio-catalog/wa/ar/p-151-w209.html?v=20260731-4","https://wa.me/972524033442?text=%D9%85%D8%B1%D8%AD%D8%A8%D8%A7%D8%8C%20%D8%A3%D8%B1%D9%8A%D8%AF%20%D8%B7%D9%84%D8%A8%20%D8%A7%D9%84%D9%85%D9%86%D8%AA%D8%AC%20W209","My Burberry – من بربري
الكود: W209
السعر: 100 ILS
عودة للمراسلة: https://wa.me/972524033442?text=%D9%85%D8%B1%D8%AD%D8%A8%D8%A7%D8%8C%20%D8%A3%D8%B1%D9%8A%D8%AF%20%D8%B7%D9%84%D8%A8%20%D8%A7%D9%84%D9%85%D9%86%D8%AA%D8%AC%20W209",""
"ar","W213","Black Opium – من إيف سان لوران","ar-W213-p-152-w213.jpg","C:\Users\yahya\Documents\Codex\2026-07-30\https-script-google-com-macros-s\outputs\media\ar\p-152-w213.jpg","https://www.mad-parfumeur.com/respondio-catalog/media/ar/p-152-w213.jpg?v=20260731-4","https://www.mad-parfumeur.com/respondio-catalog/wa/ar/p-152-w213.html?v=20260731-4","https://wa.me/972524033442?text=%D9%85%D8%B1%D8%AD%D8%A8%D8%A7%D8%8C%20%D8%A3%D8%B1%D9%8A%D8%AF%20%D8%B7%D9%84%D8%A8%20%D8%A7%D9%84%D9%85%D9%86%D8%AA%D8%AC%20W213","Black Opium – من إيف سان لوران
الكود: W213
السعر: 100 ILS
عودة للمراسلة: https://wa.me/972524033442?text=%D9%85%D8%B1%D8%AD%D8%A8%D8%A7%D8%8C%20%D8%A3%D8%B1%D9%8A%D8%AF%20%D8%B7%D9%84%D8%A8%20%D8%A7%D9%84%D9%85%D9%86%D8%AA%D8%AC%20W213",""
"ar","W197","Ange ou Démon Le Secret – من جيفنشي","ar-W197-p-153-w197.jpg","C:\Users\yahya\Documents\Codex\2026-07-30\https-script-google-com-macros-s\outputs\media\ar\p-153-w197.jpg","https://www.mad-parfumeur.com/respondio-catalog/media/ar/p-153-w197.jpg?v=20260731-4","https://www.mad-parfumeur.com/respondio-catalog/wa/ar/p-153-w197.html?v=20260731-4","https://wa.me/972524033442?text=%D9%85%D8%B1%D8%AD%D8%A8%D8%A7%D8%8C%20%D8%A3%D8%B1%D9%8A%D8%AF%20%D8%B7%D9%84%D8%A8%20%D8%A7%D9%84%D9%85%D9%86%D8%AA%D8%AC%20W197","Ange ou Démon Le Secret – من جيفنشي
الكود: W197
السعر: 100 ILS
عودة للمراسلة: https://wa.me/972524033442?text=%D9%85%D8%B1%D8%AD%D8%A8%D8%A7%D8%8C%20%D8%A3%D8%B1%D9%8A%D8%AF%20%D8%B7%D9%84%D8%A8%20%D8%A7%D9%84%D9%85%D9%86%D8%AA%D8%AC%20W197",""
"ar","W201","La Vie Est Belle – من Lancôme","ar-W201-p-154-w201.jpg","C:\Users\yahya\Documents\Codex\2026-07-30\https-script-google-com-macros-s\outputs\media\ar\p-154-w201.jpg","https://www.mad-parfumeur.com/respondio-catalog/media/ar/p-154-w201.jpg?v=20260731-4","https://www.mad-parfumeur.com/respondio-catalog/wa/ar/p-154-w201.html?v=20260731-4","https://wa.me/972524033442?text=%D9%85%D8%B1%D8%AD%D8%A8%D8%A7%D8%8C%20%D8%A3%D8%B1%D9%8A%D8%AF%20%D8%B7%D9%84%D8%A8%20%D8%A7%D9%84%D9%85%D9%86%D8%AA%D8%AC%20W201","La Vie Est Belle – من Lancôme
الكود: W201
السعر: 100 ILS
عودة للمراسلة: https://wa.me/972524033442?text=%D9%85%D8%B1%D8%AD%D8%A8%D8%A7%D8%8C%20%D8%A3%D8%B1%D9%8A%D8%AF%20%D8%B7%D9%84%D8%A8%20%D8%A7%D9%84%D9%85%D9%86%D8%AA%D8%AC%20W201",""
"ar","W203","Si – Emporio Armani","ar-W203-p-155-w203.jpg","C:\Users\yahya\Documents\Codex\2026-07-30\https-script-google-com-macros-s\outputs\media\ar\p-155-w203.jpg","https://www.mad-parfumeur.com/respondio-catalog/media/ar/p-155-w203.jpg?v=20260731-4","https://www.mad-parfumeur.com/respondio-catalog/wa/ar/p-155-w203.html?v=20260731-4","https://wa.me/972524033442?text=%D9%85%D8%B1%D8%AD%D8%A8%D8%A7%D8%8C%20%D8%A3%D8%B1%D9%8A%D8%AF%20%D8%B7%D9%84%D8%A8%20%D8%A7%D9%84%D9%85%D9%86%D8%AA%D8%AC%20W203","Si – Emporio Armani
الكود: W203
السعر: 100 ILS
عودة للمراسلة: https://wa.me/972524033442?text=%D9%85%D8%B1%D8%AD%D8%A8%D8%A7%D8%8C%20%D8%A3%D8%B1%D9%8A%D8%AF%20%D8%B7%D9%84%D8%A8%20%D8%A7%D9%84%D9%85%D9%86%D8%AA%D8%AC%20W203",""
"ar","A118","My Way - Giorgio Armani","ar-A118-p-156-a118.jpg","C:\Users\yahya\Documents\Codex\2026-07-30\https-script-google-com-macros-s\outputs\media\ar\p-156-a118.jpg","https://www.mad-parfumeur.com/respondio-catalog/media/ar/p-156-a118.jpg?v=20260731-4","https://www.mad-parfumeur.com/respondio-catalog/wa/ar/p-156-a118.html?v=20260731-4","https://wa.me/972524033442?text=%D9%85%D8%B1%D8%AD%D8%A8%D8%A7%D8%8C%20%D8%A3%D8%B1%D9%8A%D8%AF%20%D8%B7%D9%84%D8%A8%20%D8%A7%D9%84%D9%85%D9%86%D8%AA%D8%AC%20A118","My Way - Giorgio Armani
الكود: A118
السعر: 100 ILS
عودة للمراسلة: https://wa.me/972524033442?text=%D9%85%D8%B1%D8%AD%D8%A8%D8%A7%D8%8C%20%D8%A3%D8%B1%D9%8A%D8%AF%20%D8%B7%D9%84%D8%A8%20%D8%A7%D9%84%D9%85%D9%86%D8%AA%D8%AC%20A118",""
"ar","W184","L’Ambre des Merveilles – من Hermès","ar-W184-p-157-w184.jpg","C:\Users\yahya\Documents\Codex\2026-07-30\https-script-google-com-macros-s\outputs\media\ar\p-157-w184.jpg","https://www.mad-parfumeur.com/respondio-catalog/media/ar/p-157-w184.jpg?v=20260731-4","https://www.mad-parfumeur.com/respondio-catalog/wa/ar/p-157-w184.html?v=20260731-4","https://wa.me/972524033442?text=%D9%85%D8%B1%D8%AD%D8%A8%D8%A7%D8%8C%20%D8%A3%D8%B1%D9%8A%D8%AF%20%D8%B7%D9%84%D8%A8%20%D8%A7%D9%84%D9%85%D9%86%D8%AA%D8%AC%20W184","L’Ambre des Merveilles – من Hermès
الكود: W184
السعر: 100 ILS
عودة للمراسلة: https://wa.me/972524033442?text=%D9%85%D8%B1%D8%AD%D8%A8%D8%A7%D8%8C%20%D8%A3%D8%B1%D9%8A%D8%AF%20%D8%B7%D9%84%D8%A8%20%D8%A7%D9%84%D9%85%D9%86%D8%AA%D8%AC%20W184",""
"ar","W185","Roberto Cavalli Eau de Parfum – من Roberto Cavalli","ar-W185-p-158-w185.jpg","C:\Users\yahya\Documents\Codex\2026-07-30\https-script-google-com-macros-s\outputs\media\ar\p-158-w185.jpg","https://www.mad-parfumeur.com/respondio-catalog/media/ar/p-158-w185.jpg?v=20260731-4","https://www.mad-parfumeur.com/respondio-catalog/wa/ar/p-158-w185.html?v=20260731-4","https://wa.me/972524033442?text=%D9%85%D8%B1%D8%AD%D8%A8%D8%A7%D8%8C%20%D8%A3%D8%B1%D9%8A%D8%AF%20%D8%B7%D9%84%D8%A8%20%D8%A7%D9%84%D9%85%D9%86%D8%AA%D8%AC%20W185","Roberto Cavalli Eau de Parfum – من Roberto Cavalli
الكود: W185
السعر: 100 ILS
عودة للمراسلة: https://wa.me/972524033442?text=%D9%85%D8%B1%D8%AD%D8%A8%D8%A7%D8%8C%20%D8%A3%D8%B1%D9%8A%D8%AF%20%D8%B7%D9%84%D8%A8%20%D8%A7%D9%84%D9%85%D9%86%D8%AA%D8%AC%20W185",""
"ar","W190 women","Christina Aguilera – من كريستينا","ar-W190 women-p-159-w190-women.jpg","C:\Users\yahya\Documents\Codex\2026-07-30\https-script-google-com-macros-s\outputs\media\ar\p-159-w190-women.jpg","https://www.mad-parfumeur.com/respondio-catalog/media/ar/p-159-w190-women.jpg?v=20260731-4","https://www.mad-parfumeur.com/respondio-catalog/wa/ar/p-159-w190-women.html?v=20260731-4","https://wa.me/972524033442?text=%D9%85%D8%B1%D8%AD%D8%A8%D8%A7%D8%8C%20%D8%A3%D8%B1%D9%8A%D8%AF%20%D8%B7%D9%84%D8%A8%20%D8%A7%D9%84%D9%85%D9%86%D8%AA%D8%AC%20W190%20women","Christina Aguilera – من كريستينا
الكود: W190 women
السعر: 100 ILS
عودة للمراسلة: https://wa.me/972524033442?text=%D9%85%D8%B1%D8%AD%D8%A8%D8%A7%D8%8C%20%D8%A3%D8%B1%D9%8A%D8%AF%20%D8%B7%D9%84%D8%A8%20%D8%A7%D9%84%D9%85%D9%86%D8%AA%D8%AC%20W190%20women",""
"ar","A120","Armani Code for Women - Giorgio Armani","ar-A120-p-160-a120.jpg","C:\Users\yahya\Documents\Codex\2026-07-30\https-script-google-com-macros-s\outputs\media\ar\p-160-a120.jpg","https://www.mad-parfumeur.com/respondio-catalog/media/ar/p-160-a120.jpg?v=20260731-4","https://www.mad-parfumeur.com/respondio-catalog/wa/ar/p-160-a120.html?v=20260731-4","https://wa.me/972524033442?text=%D9%85%D8%B1%D8%AD%D8%A8%D8%A7%D8%8C%20%D8%A3%D8%B1%D9%8A%D8%AF%20%D8%B7%D9%84%D8%A8%20%D8%A7%D9%84%D9%85%D9%86%D8%AA%D8%AC%20A120","Armani Code for Women - Giorgio Armani
الكود: A120
السعر: 100 ILS
عودة للمراسلة: https://wa.me/972524033442?text=%D9%85%D8%B1%D8%AD%D8%A8%D8%A7%D8%8C%20%D8%A3%D8%B1%D9%8A%D8%AF%20%D8%B7%D9%84%D8%A8%20%D8%A7%D9%84%D9%85%D9%86%D8%AA%D8%AC%20A120",""
"ar","W165","Gucci Guilty – من غوتشي","ar-W165-p-161-w165.jpg","C:\Users\yahya\Documents\Codex\2026-07-30\https-script-google-com-macros-s\outputs\media\ar\p-161-w165.jpg","https://www.mad-parfumeur.com/respondio-catalog/media/ar/p-161-w165.jpg?v=20260731-4","https://www.mad-parfumeur.com/respondio-catalog/wa/ar/p-161-w165.html?v=20260731-4","https://wa.me/972524033442?text=%D9%85%D8%B1%D8%AD%D8%A8%D8%A7%D8%8C%20%D8%A3%D8%B1%D9%8A%D8%AF%20%D8%B7%D9%84%D8%A8%20%D8%A7%D9%84%D9%85%D9%86%D8%AA%D8%AC%20W165","Gucci Guilty – من غوتشي
الكود: W165
السعر: 100 ILS
عودة للمراسلة: https://wa.me/972524033442?text=%D9%85%D8%B1%D8%AD%D8%A8%D8%A7%D8%8C%20%D8%A3%D8%B1%D9%8A%D8%AF%20%D8%B7%D9%84%D8%A8%20%D8%A7%D9%84%D9%85%D9%86%D8%AA%D8%AC%20W165",""
"ar","j104 او Q103","Nectarine Blossom & Honey** من **Jo Malone London","ar-j104 او Q103-p-162-j104-q103.jpg","C:\Users\yahya\Documents\Codex\2026-07-30\https-script-google-com-macros-s\outputs\media\ar\p-162-j104-q103.jpg","https://www.mad-parfumeur.com/respondio-catalog/media/ar/p-162-j104-q103.jpg?v=20260731-4","https://www.mad-parfumeur.com/respondio-catalog/wa/ar/p-162-j104-q103.html?v=20260731-4","https://wa.me/972524033442?text=%D9%85%D8%B1%D8%AD%D8%A8%D8%A7%D8%8C%20%D8%A3%D8%B1%D9%8A%D8%AF%20%D8%B7%D9%84%D8%A8%20%D8%A7%D9%84%D9%85%D9%86%D8%AA%D8%AC%20j104%20%D8%A7%D9%88%20Q103","Nectarine Blossom & Honey** من **Jo Malone London
الكود: j104 او Q103
السعر: 100 ILS
عودة للمراسلة: https://wa.me/972524033442?text=%D9%85%D8%B1%D8%AD%D8%A8%D8%A7%D8%8C%20%D8%A3%D8%B1%D9%8A%D8%AF%20%D8%B7%D9%84%D8%A8%20%D8%A7%D9%84%D9%85%D9%86%D8%AA%D8%AC%20j104%20%D8%A7%D9%88%20Q103",""
"ar","A117","Amor Amor - Cacharel","ar-A117-p-163-a117.jpg","C:\Users\yahya\Documents\Codex\2026-07-30\https-script-google-com-macros-s\outputs\media\ar\p-163-a117.jpg","https://www.mad-parfumeur.com/respondio-catalog/media/ar/p-163-a117.jpg?v=20260731-4","https://www.mad-parfumeur.com/respondio-catalog/wa/ar/p-163-a117.html?v=20260731-4","https://wa.me/972524033442?text=%D9%85%D8%B1%D8%AD%D8%A8%D8%A7%D8%8C%20%D8%A3%D8%B1%D9%8A%D8%AF%20%D8%B7%D9%84%D8%A8%20%D8%A7%D9%84%D9%85%D9%86%D8%AA%D8%AC%20A117","Amor Amor - Cacharel
الكود: A117
السعر: 100 ILS
عودة للمراسلة: https://wa.me/972524033442?text=%D9%85%D8%B1%D8%AD%D8%A8%D8%A7%D8%8C%20%D8%A3%D8%B1%D9%8A%D8%AF%20%D8%B7%D9%84%D8%A8%20%D8%A7%D9%84%D9%85%D9%86%D8%AA%D8%AC%20A117",""
"ar","P101 women","Oriana – من Parfums de Marly","ar-P101 women-p-164-p101-women.jpg","C:\Users\yahya\Documents\Codex\2026-07-30\https-script-google-com-macros-s\outputs\media\ar\p-164-p101-women.jpg","https://www.mad-parfumeur.com/respondio-catalog/media/ar/p-164-p101-women.jpg?v=20260731-4","https://www.mad-parfumeur.com/respondio-catalog/wa/ar/p-164-p101-women.html?v=20260731-4","https://wa.me/972524033442?text=%D9%85%D8%B1%D8%AD%D8%A8%D8%A7%D8%8C%20%D8%A3%D8%B1%D9%8A%D8%AF%20%D8%B7%D9%84%D8%A8%20%D8%A7%D9%84%D9%85%D9%86%D8%AA%D8%AC%20P101%20women","Oriana – من Parfums de Marly
الكود: P101 women
السعر: 100 ILS
عودة للمراسلة: https://wa.me/972524033442?text=%D9%85%D8%B1%D8%AD%D8%A8%D8%A7%D8%8C%20%D8%A3%D8%B1%D9%8A%D8%AF%20%D8%B7%D9%84%D8%A8%20%D8%A7%D9%84%D9%85%D9%86%D8%AA%D8%AC%20P101%20women",""
"ar","A114 women","Dior Addict - Dior","ar-A114 women-p-165-a114-women.jpg","C:\Users\yahya\Documents\Codex\2026-07-30\https-script-google-com-macros-s\outputs\media\ar\p-165-a114-women.jpg","https://www.mad-parfumeur.com/respondio-catalog/media/ar/p-165-a114-women.jpg?v=20260731-4","https://www.mad-parfumeur.com/respondio-catalog/wa/ar/p-165-a114-women.html?v=20260731-4","https://wa.me/972524033442?text=%D9%85%D8%B1%D8%AD%D8%A8%D8%A7%D8%8C%20%D8%A3%D8%B1%D9%8A%D8%AF%20%D8%B7%D9%84%D8%A8%20%D8%A7%D9%84%D9%85%D9%86%D8%AA%D8%AC%20A114%20women","Dior Addict - Dior
الكود: A114 women
السعر: 100 ILS
عودة للمراسلة: https://wa.me/972524033442?text=%D9%85%D8%B1%D8%AD%D8%A8%D8%A7%D8%8C%20%D8%A3%D8%B1%D9%8A%D8%AF%20%D8%B7%D9%84%D8%A8%20%D8%A7%D9%84%D9%85%D9%86%D8%AA%D8%AC%20A114%20women",""
"ar","W101","Wish – من شوبارد","ar-W101-p-166-w101.jpg","C:\Users\yahya\Documents\Codex\2026-07-30\https-script-google-com-macros-s\outputs\media\ar\p-166-w101.jpg","https://www.mad-parfumeur.com/respondio-catalog/media/ar/p-166-w101.jpg?v=20260731-4","https://www.mad-parfumeur.com/respondio-catalog/wa/ar/p-166-w101.html?v=20260731-4","https://wa.me/972524033442?text=%D9%85%D8%B1%D8%AD%D8%A8%D8%A7%D8%8C%20%D8%A3%D8%B1%D9%8A%D8%AF%20%D8%B7%D9%84%D8%A8%20%D8%A7%D9%84%D9%85%D9%86%D8%AA%D8%AC%20W101","Wish – من شوبارد
الكود: W101
السعر: 100 ILS
عودة للمراسلة: https://wa.me/972524033442?text=%D9%85%D8%B1%D8%AD%D8%A8%D8%A7%D8%8C%20%D8%A3%D8%B1%D9%8A%D8%AF%20%D8%B7%D9%84%D8%A8%20%D8%A7%D9%84%D9%85%D9%86%D8%AA%D8%AC%20W101",""
"ar","P104 women","Olympéa Solar – من Rabanne","ar-P104 women-p-167-p104-women.jpg","C:\Users\yahya\Documents\Codex\2026-07-30\https-script-google-com-macros-s\outputs\media\ar\p-167-p104-women.jpg","https://www.mad-parfumeur.com/respondio-catalog/media/ar/p-167-p104-women.jpg?v=20260731-4","https://www.mad-parfumeur.com/respondio-catalog/wa/ar/p-167-p104-women.html?v=20260731-4","https://wa.me/972524033442?text=%D9%85%D8%B1%D8%AD%D8%A8%D8%A7%D8%8C%20%D8%A3%D8%B1%D9%8A%D8%AF%20%D8%B7%D9%84%D8%A8%20%D8%A7%D9%84%D9%85%D9%86%D8%AA%D8%AC%20P104%20women","Olympéa Solar – من Rabanne
الكود: P104 women
السعر: 100 ILS
عودة للمراسلة: https://wa.me/972524033442?text=%D9%85%D8%B1%D8%AD%D8%A8%D8%A7%D8%8C%20%D8%A3%D8%B1%D9%8A%D8%AF%20%D8%B7%D9%84%D8%A8%20%D8%A7%D9%84%D9%85%D9%86%D8%AA%D8%AC%20P104%20women",""
"ar","T101","Trussardi Inside","ar-T101-p-168-t101.jpg","C:\Users\yahya\Documents\Codex\2026-07-30\https-script-google-com-macros-s\outputs\media\ar\p-168-t101.jpg","https://www.mad-parfumeur.com/respondio-catalog/media/ar/p-168-t101.jpg?v=20260731-4","https://www.mad-parfumeur.com/respondio-catalog/wa/ar/p-168-t101.html?v=20260731-4","https://wa.me/972524033442?text=%D9%85%D8%B1%D8%AD%D8%A8%D8%A7%D8%8C%20%D8%A3%D8%B1%D9%8A%D8%AF%20%D8%B7%D9%84%D8%A8%20%D8%A7%D9%84%D9%85%D9%86%D8%AA%D8%AC%20T101","Trussardi Inside
الكود: T101
السعر: 100 ILS
عودة للمراسلة: https://wa.me/972524033442?text=%D9%85%D8%B1%D8%AD%D8%A8%D8%A7%D8%8C%20%D8%A3%D8%B1%D9%8A%D8%AF%20%D8%B7%D9%84%D8%A8%20%D8%A7%D9%84%D9%85%D9%86%D8%AA%D8%AC%20T101",""
"ar","W169","Jimmy Choo من Jimmy Choo","ar-W169-p-169-w169.jpg","C:\Users\yahya\Documents\Codex\2026-07-30\https-script-google-com-macros-s\outputs\media\ar\p-169-w169.jpg","https://www.mad-parfumeur.com/respondio-catalog/media/ar/p-169-w169.jpg?v=20260731-4","https://www.mad-parfumeur.com/respondio-catalog/wa/ar/p-169-w169.html?v=20260731-4","https://wa.me/972524033442?text=%D9%85%D8%B1%D8%AD%D8%A8%D8%A7%D8%8C%20%D8%A3%D8%B1%D9%8A%D8%AF%20%D8%B7%D9%84%D8%A8%20%D8%A7%D9%84%D9%85%D9%86%D8%AA%D8%AC%20W169","Jimmy Choo من Jimmy Choo
الكود: W169
السعر: 100 ILS
عودة للمراسلة: https://wa.me/972524033442?text=%D9%85%D8%B1%D8%AD%D8%A8%D8%A7%D8%8C%20%D8%A3%D8%B1%D9%8A%D8%AF%20%D8%B7%D9%84%D8%A8%20%D8%A7%D9%84%D9%85%D9%86%D8%AA%D8%AC%20W169",""
"ar","M101","Miracle** من **Lancôme","ar-M101-p-171-m101.jpg","C:\Users\yahya\Documents\Codex\2026-07-30\https-script-google-com-macros-s\outputs\media\ar\p-171-m101.jpg","https://www.mad-parfumeur.com/respondio-catalog/media/ar/p-171-m101.jpg?v=20260731-4","https://www.mad-parfumeur.com/respondio-catalog/wa/ar/p-171-m101.html?v=20260731-4","https://wa.me/972524033442?text=%D9%85%D8%B1%D8%AD%D8%A8%D8%A7%D8%8C%20%D8%A3%D8%B1%D9%8A%D8%AF%20%D8%B7%D9%84%D8%A8%20%D8%A7%D9%84%D9%85%D9%86%D8%AA%D8%AC%20M101","Miracle** من **Lancôme
الكود: M101
السعر: 100 ILS
عودة للمراسلة: https://wa.me/972524033442?text=%D9%85%D8%B1%D8%AD%D8%A8%D8%A7%D8%8C%20%D8%A3%D8%B1%D9%8A%D8%AF%20%D8%B7%D9%84%D8%A8%20%D8%A7%D9%84%D9%85%D9%86%D8%AA%D8%AC%20M101",""
"ar","Y102 women","Libre Intense – من إيف سان لوران","ar-Y102 women-p-172-y102-women.jpg","C:\Users\yahya\Documents\Codex\2026-07-30\https-script-google-com-macros-s\outputs\media\ar\p-172-y102-women.jpg","https://www.mad-parfumeur.com/respondio-catalog/media/ar/p-172-y102-women.jpg?v=20260731-4","https://www.mad-parfumeur.com/respondio-catalog/wa/ar/p-172-y102-women.html?v=20260731-4","https://wa.me/972524033442?text=%D9%85%D8%B1%D8%AD%D8%A8%D8%A7%D8%8C%20%D8%A3%D8%B1%D9%8A%D8%AF%20%D8%B7%D9%84%D8%A8%20%D8%A7%D9%84%D9%85%D9%86%D8%AA%D8%AC%20Y102%20women","Libre Intense – من إيف سان لوران
الكود: Y102 women
السعر: 100 ILS
عودة للمراسلة: https://wa.me/972524033442?text=%D9%85%D8%B1%D8%AD%D8%A8%D8%A7%D8%8C%20%D8%A3%D8%B1%D9%8A%D8%AF%20%D8%B7%D9%84%D8%A8%20%D8%A7%D9%84%D9%85%D9%86%D8%AA%D8%AC%20Y102%20women",""
"ar","Gumin","Gumin Tiziana Terenzi","ar-Gumin-p-173-gumin.jpg","C:\Users\yahya\Documents\Codex\2026-07-30\https-script-google-com-macros-s\outputs\media\ar\p-173-gumin.jpg","https://www.mad-parfumeur.com/respondio-catalog/media/ar/p-173-gumin.jpg?v=20260731-4","https://www.mad-parfumeur.com/respondio-catalog/wa/ar/p-173-gumin.html?v=20260731-4","https://wa.me/972524033442?text=%D9%85%D8%B1%D8%AD%D8%A8%D8%A7%D8%8C%20%D8%A3%D8%B1%D9%8A%D8%AF%20%D8%B7%D9%84%D8%A8%20%D8%A7%D9%84%D9%85%D9%86%D8%AA%D8%AC%20Gumin","Gumin Tiziana Terenzi
الكود: Gumin
السعر: 300 ILS
عودة للمراسلة: https://wa.me/972524033442?text=%D9%85%D8%B1%D8%AD%D8%A8%D8%A7%D8%8C%20%D8%A3%D8%B1%D9%8A%D8%AF%20%D8%B7%D9%84%D8%A8%20%D8%A7%D9%84%D9%85%D9%86%D8%AA%D8%AC%20Gumin",""
"ar","EGO","More Than Words Xerjoff","ar-EGO-p-174-ego.jpg","C:\Users\yahya\Documents\Codex\2026-07-30\https-script-google-com-macros-s\outputs\media\ar\p-174-ego.jpg","https://www.mad-parfumeur.com/respondio-catalog/media/ar/p-174-ego.jpg?v=20260731-4","https://www.mad-parfumeur.com/respondio-catalog/wa/ar/p-174-ego.html?v=20260731-4","https://wa.me/972524033442?text=%D9%85%D8%B1%D8%AD%D8%A8%D8%A7%D8%8C%20%D8%A3%D8%B1%D9%8A%D8%AF%20%D8%B7%D9%84%D8%A8%20%D8%A7%D9%84%D9%85%D9%86%D8%AA%D8%AC%20EGO","More Than Words Xerjoff
الكود: EGO
السعر: 300 ILS
عودة للمراسلة: https://wa.me/972524033442?text=%D9%85%D8%B1%D8%AD%D8%A8%D8%A7%D8%8C%20%D8%A3%D8%B1%D9%8A%D8%AF%20%D8%B7%D9%84%D8%A8%20%D8%A7%D9%84%D9%85%D9%86%D8%AA%D8%AC%20EGO",""
"ar","Opus","AMBER WOOD","ar-Opus-p-175-opus.jpg","C:\Users\yahya\Documents\Codex\2026-07-30\https-script-google-com-macros-s\outputs\media\ar\p-175-opus.jpg","https://www.mad-parfumeur.com/respondio-catalog/media/ar/p-175-opus.jpg?v=20260731-4","https://www.mad-parfumeur.com/respondio-catalog/wa/ar/p-175-opus.html?v=20260731-4","https://wa.me/972524033442?text=%D9%85%D8%B1%D8%AD%D8%A8%D8%A7%D8%8C%20%D8%A3%D8%B1%D9%8A%D8%AF%20%D8%B7%D9%84%D8%A8%20%D8%A7%D9%84%D9%85%D9%86%D8%AA%D8%AC%20Opus","AMBER WOOD
الكود: Opus
السعر: 300 ILS
عودة للمراسلة: https://wa.me/972524033442?text=%D9%85%D8%B1%D8%AD%D8%A8%D8%A7%D8%8C%20%D8%A3%D8%B1%D9%8A%D8%AF%20%D8%B7%D9%84%D8%A8%20%D8%A7%D9%84%D9%85%D9%86%D8%AA%D8%AC%20Opus",""
"ar","COOFFE","COOFFE","ar-COOFFE-p-177-cooffe.jpg","C:\Users\yahya\Documents\Codex\2026-07-30\https-script-google-com-macros-s\outputs\media\ar\p-177-cooffe.jpg","https://www.mad-parfumeur.com/respondio-catalog/media/ar/p-177-cooffe.jpg?v=20260731-4","https://www.mad-parfumeur.com/respondio-catalog/wa/ar/p-177-cooffe.html?v=20260731-4","https://wa.me/972524033442?text=%D9%85%D8%B1%D8%AD%D8%A8%D8%A7%D8%8C%20%D8%A3%D8%B1%D9%8A%D8%AF%20%D8%B7%D9%84%D8%A8%20%D8%A7%D9%84%D9%85%D9%86%D8%AA%D8%AC%20COOFFE","COOFFE
الكود: COOFFE
السعر: 100 ILS
عودة للمراسلة: https://wa.me/972524033442?text=%D9%85%D8%B1%D8%AD%D8%A8%D8%A7%D8%8C%20%D8%A3%D8%B1%D9%8A%D8%AF%20%D8%B7%D9%84%D8%A8%20%D8%A7%D9%84%D9%85%D9%86%D8%AA%D8%AC%20COOFFE",""
"ar","forza","Alexandria II Xerjoff","ar-forza-p-181-forza.jpg","C:\Users\yahya\Documents\Codex\2026-07-30\https-script-google-com-macros-s\outputs\media\ar\p-181-forza.jpg","https://www.mad-parfumeur.com/respondio-catalog/media/ar/p-181-forza.jpg?v=20260731-4","https://www.mad-parfumeur.com/respondio-catalog/wa/ar/p-181-forza.html?v=20260731-4","https://wa.me/972524033442?text=%D9%85%D8%B1%D8%AD%D8%A8%D8%A7%D8%8C%20%D8%A3%D8%B1%D9%8A%D8%AF%20%D8%B7%D9%84%D8%A8%20%D8%A7%D9%84%D9%85%D9%86%D8%AA%D8%AC%20forza","Alexandria II Xerjoff
الكود: forza
السعر: 300 ILS
عودة للمراسلة: https://wa.me/972524033442?text=%D9%85%D8%B1%D8%AD%D8%A8%D8%A7%D8%8C%20%D8%A3%D8%B1%D9%8A%D8%AF%20%D8%B7%D9%84%D8%A8%20%D8%A7%D9%84%D9%85%D9%86%D8%AA%D8%AC%20forza",""
"ar","1881 charesma","1881 charesma","ar-1881 charesma-p-182-1881-charesma.jpg","C:\Users\yahya\Documents\Codex\2026-07-30\https-script-google-com-macros-s\outputs\media\ar\p-182-1881-charesma.jpg","https://www.mad-parfumeur.com/respondio-catalog/media/ar/p-182-1881-charesma.jpg?v=20260731-4","https://www.mad-parfumeur.com/respondio-catalog/wa/ar/p-182-1881-charesma.html?v=20260731-4","https://wa.me/972524033442?text=%D9%85%D8%B1%D8%AD%D8%A8%D8%A7%D8%8C%20%D8%A3%D8%B1%D9%8A%D8%AF%20%D8%B7%D9%84%D8%A8%20%D8%A7%D9%84%D9%85%D9%86%D8%AA%D8%AC%201881%20charesma","1881 charesma
الكود: 1881 charesma
السعر: 300 ILS
عودة للمراسلة: https://wa.me/972524033442?text=%D9%85%D8%B1%D8%AD%D8%A8%D8%A7%D8%8C%20%D8%A3%D8%B1%D9%8A%D8%AF%20%D8%B7%D9%84%D8%A8%20%D8%A7%D9%84%D9%85%D9%86%D8%AA%D8%AC%201881%20charesma",""
"ar","Inspiraiton","Spring Flower Creed","ar-Inspiraiton-p-184-inspiraiton.jpg","C:\Users\yahya\Documents\Codex\2026-07-30\https-script-google-com-macros-s\outputs\media\ar\p-184-inspiraiton.jpg","https://www.mad-parfumeur.com/respondio-catalog/media/ar/p-184-inspiraiton.jpg?v=20260731-4","https://www.mad-parfumeur.com/respondio-catalog/wa/ar/p-184-inspiraiton.html?v=20260731-4","https://wa.me/972524033442?text=%D9%85%D8%B1%D8%AD%D8%A8%D8%A7%D8%8C%20%D8%A3%D8%B1%D9%8A%D8%AF%20%D8%B7%D9%84%D8%A8%20%D8%A7%D9%84%D9%85%D9%86%D8%AA%D8%AC%20Inspiraiton","Spring Flower Creed
الكود: Inspiraiton
السعر: 300 ILS
عودة للمراسلة: https://wa.me/972524033442?text=%D9%85%D8%B1%D8%AD%D8%A8%D8%A7%D8%8C%20%D8%A3%D8%B1%D9%8A%D8%AF%20%D8%B7%D9%84%D8%A8%20%D8%A7%D9%84%D9%85%D9%86%D8%AA%D8%AC%20Inspiraiton",""
"ar","Divine","La Belle Le Parfum Jean Paul Gaultier","ar-Divine-p-185-divine.jpg","C:\Users\yahya\Documents\Codex\2026-07-30\https-script-google-com-macros-s\outputs\media\ar\p-185-divine.jpg","https://www.mad-parfumeur.com/respondio-catalog/media/ar/p-185-divine.jpg?v=20260731-4","https://www.mad-parfumeur.com/respondio-catalog/wa/ar/p-185-divine.html?v=20260731-4","https://wa.me/972524033442?text=%D9%85%D8%B1%D8%AD%D8%A8%D8%A7%D8%8C%20%D8%A3%D8%B1%D9%8A%D8%AF%20%D8%B7%D9%84%D8%A8%20%D8%A7%D9%84%D9%85%D9%86%D8%AA%D8%AC%20Divine","La Belle Le Parfum Jean Paul Gaultier
الكود: Divine
السعر: 300 ILS
عودة للمراسلة: https://wa.me/972524033442?text=%D9%85%D8%B1%D8%AD%D8%A8%D8%A7%D8%8C%20%D8%A3%D8%B1%D9%8A%D8%AF%20%D8%B7%D9%84%D8%A8%20%D8%A7%D9%84%D9%85%D9%86%D8%AA%D8%AC%20Divine",""
"ar","Inviting","Supreme Bouquet Yves Saint Laurent","ar-Inviting-p-186-inviting.jpg","C:\Users\yahya\Documents\Codex\2026-07-30\https-script-google-com-macros-s\outputs\media\ar\p-186-inviting.jpg","https://www.mad-parfumeur.com/respondio-catalog/media/ar/p-186-inviting.jpg?v=20260731-4","https://www.mad-parfumeur.com/respondio-catalog/wa/ar/p-186-inviting.html?v=20260731-4","https://wa.me/972524033442?text=%D9%85%D8%B1%D8%AD%D8%A8%D8%A7%D8%8C%20%D8%A3%D8%B1%D9%8A%D8%AF%20%D8%B7%D9%84%D8%A8%20%D8%A7%D9%84%D9%85%D9%86%D8%AA%D8%AC%20Inviting","Supreme Bouquet Yves Saint Laurent
الكود: Inviting
السعر: 300 ILS
عودة للمراسلة: https://wa.me/972524033442?text=%D9%85%D8%B1%D8%AD%D8%A8%D8%A7%D8%8C%20%D8%A3%D8%B1%D9%8A%D8%AF%20%D8%B7%D9%84%D8%A8%20%D8%A7%D9%84%D9%85%D9%86%D8%AA%D8%AC%20Inviting",""
"ar","Madam Amour","Tyl Assoluto Tiziana Terenzi","ar-Madam Amour-p-187-madam-amour.jpg","C:\Users\yahya\Documents\Codex\2026-07-30\https-script-google-com-macros-s\outputs\media\ar\p-187-madam-amour.jpg","https://www.mad-parfumeur.com/respondio-catalog/media/ar/p-187-madam-amour.jpg?v=20260731-4","https://www.mad-parfumeur.com/respondio-catalog/wa/ar/p-187-madam-amour.html?v=20260731-4","https://wa.me/972524033442?text=%D9%85%D8%B1%D8%AD%D8%A8%D8%A7%D8%8C%20%D8%A3%D8%B1%D9%8A%D8%AF%20%D8%B7%D9%84%D8%A8%20%D8%A7%D9%84%D9%85%D9%86%D8%AA%D8%AC%20Madam%20Amour","Tyl Assoluto Tiziana Terenzi
الكود: Madam Amour
السعر: 250 ILS
عودة للمراسلة: https://wa.me/972524033442?text=%D9%85%D8%B1%D8%AD%D8%A8%D8%A7%D8%8C%20%D8%A3%D8%B1%D9%8A%D8%AF%20%D8%B7%D9%84%D8%A8%20%D8%A7%D9%84%D9%85%D9%86%D8%AA%D8%AC%20Madam%20Amour",""
"ar","Prevail","Marfa Memo Paris","ar-Prevail-p-188-prevail.jpg","C:\Users\yahya\Documents\Codex\2026-07-30\https-script-google-com-macros-s\outputs\media\ar\p-188-prevail.jpg","https://www.mad-parfumeur.com/respondio-catalog/media/ar/p-188-prevail.jpg?v=20260731-4","https://www.mad-parfumeur.com/respondio-catalog/wa/ar/p-188-prevail.html?v=20260731-4","https://wa.me/972524033442?text=%D9%85%D8%B1%D8%AD%D8%A8%D8%A7%D8%8C%20%D8%A3%D8%B1%D9%8A%D8%AF%20%D8%B7%D9%84%D8%A8%20%D8%A7%D9%84%D9%85%D9%86%D8%AA%D8%AC%20Prevail","Marfa Memo Paris
الكود: Prevail
السعر: 250 ILS
عودة للمراسلة: https://wa.me/972524033442?text=%D9%85%D8%B1%D8%AD%D8%A8%D8%A7%D8%8C%20%D8%A3%D8%B1%D9%8A%D8%AF%20%D8%B7%D9%84%D8%A8%20%D8%A7%D9%84%D9%85%D9%86%D8%AA%D8%AC%20Prevail",""
"ar","Madam","Modern Muse Estée Lauder","ar-Madam-p-189-madam.jpg","C:\Users\yahya\Documents\Codex\2026-07-30\https-script-google-com-macros-s\outputs\media\ar\p-189-madam.jpg","https://www.mad-parfumeur.com/respondio-catalog/media/ar/p-189-madam.jpg?v=20260731-4","https://www.mad-parfumeur.com/respondio-catalog/wa/ar/p-189-madam.html?v=20260731-4","https://wa.me/972524033442?text=%D9%85%D8%B1%D8%AD%D8%A8%D8%A7%D8%8C%20%D8%A3%D8%B1%D9%8A%D8%AF%20%D8%B7%D9%84%D8%A8%20%D8%A7%D9%84%D9%85%D9%86%D8%AA%D8%AC%20Madam","Modern Muse Estée Lauder
الكود: Madam
السعر: 250 ILS
عودة للمراسلة: https://wa.me/972524033442?text=%D9%85%D8%B1%D8%AD%D8%A8%D8%A7%D8%8C%20%D8%A3%D8%B1%D9%8A%D8%AF%20%D8%B7%D9%84%D8%A8%20%D8%A7%D9%84%D9%85%D9%86%D8%AA%D8%AC%20Madam",""
"ar","Monalisa","Black Opium Nuit Blanche Yves Saint Laurent","ar-Monalisa-p-190-monalisa.jpg","C:\Users\yahya\Documents\Codex\2026-07-30\https-script-google-com-macros-s\outputs\media\ar\p-190-monalisa.jpg","https://www.mad-parfumeur.com/respondio-catalog/media/ar/p-190-monalisa.jpg?v=20260731-4","https://www.mad-parfumeur.com/respondio-catalog/wa/ar/p-190-monalisa.html?v=20260731-4","https://wa.me/972524033442?text=%D9%85%D8%B1%D8%AD%D8%A8%D8%A7%D8%8C%20%D8%A3%D8%B1%D9%8A%D8%AF%20%D8%B7%D9%84%D8%A8%20%D8%A7%D9%84%D9%85%D9%86%D8%AA%D8%AC%20Monalisa","Black Opium Nuit Blanche Yves Saint Laurent
الكود: Monalisa
السعر: 250 ILS
عودة للمراسلة: https://wa.me/972524033442?text=%D9%85%D8%B1%D8%AD%D8%A8%D8%A7%D8%8C%20%D8%A3%D8%B1%D9%8A%D8%AF%20%D8%B7%D9%84%D8%A8%20%D8%A7%D9%84%D9%85%D9%86%D8%AA%D8%AC%20Monalisa",""
"ar","Golden Feel","Oud Bouquet Lancôme","ar-Golden Feel-p-191-golden-feel.jpg","C:\Users\yahya\Documents\Codex\2026-07-30\https-script-google-com-macros-s\outputs\media\ar\p-191-golden-feel.jpg","https://www.mad-parfumeur.com/respondio-catalog/media/ar/p-191-golden-feel.jpg?v=20260731-4","https://www.mad-parfumeur.com/respondio-catalog/wa/ar/p-191-golden-feel.html?v=20260731-4","https://wa.me/972524033442?text=%D9%85%D8%B1%D8%AD%D8%A8%D8%A7%D8%8C%20%D8%A3%D8%B1%D9%8A%D8%AF%20%D8%B7%D9%84%D8%A8%20%D8%A7%D9%84%D9%85%D9%86%D8%AA%D8%AC%20Golden%20Feel","Oud Bouquet Lancôme
الكود: Golden Feel
السعر: 180 ILS
عودة للمراسلة: https://wa.me/972524033442?text=%D9%85%D8%B1%D8%AD%D8%A8%D8%A7%D8%8C%20%D8%A3%D8%B1%D9%8A%D8%AF%20%D8%B7%D9%84%D8%A8%20%D8%A7%D9%84%D9%85%D9%86%D8%AA%D8%AC%20Golden%20Feel",""
"ar","Golden Soul","Armani Prive Rouge Malachite Giorgio Armani","ar-Golden Soul-p-192-golden-soul.jpg","C:\Users\yahya\Documents\Codex\2026-07-30\https-script-google-com-macros-s\outputs\media\ar\p-192-golden-soul.jpg","https://www.mad-parfumeur.com/respondio-catalog/media/ar/p-192-golden-soul.jpg?v=20260731-4","https://www.mad-parfumeur.com/respondio-catalog/wa/ar/p-192-golden-soul.html?v=20260731-4","https://wa.me/972524033442?text=%D9%85%D8%B1%D8%AD%D8%A8%D8%A7%D8%8C%20%D8%A3%D8%B1%D9%8A%D8%AF%20%D8%B7%D9%84%D8%A8%20%D8%A7%D9%84%D9%85%D9%86%D8%AA%D8%AC%20Golden%20Soul","Armani Prive Rouge Malachite Giorgio Armani
الكود: Golden Soul
السعر: 180 ILS
عودة للمراسلة: https://wa.me/972524033442?text=%D9%85%D8%B1%D8%AD%D8%A8%D8%A7%D8%8C%20%D8%A3%D8%B1%D9%8A%D8%AF%20%D8%B7%D9%84%D8%A8%20%D8%A7%D9%84%D9%85%D9%86%D8%AA%D8%AC%20Golden%20Soul",""
"ar","Hot Passion","Aventus for Her Creed","ar-Hot Passion-p-193-hot-passion.jpg","C:\Users\yahya\Documents\Codex\2026-07-30\https-script-google-com-macros-s\outputs\media\ar\p-193-hot-passion.jpg","https://www.mad-parfumeur.com/respondio-catalog/media/ar/p-193-hot-passion.jpg?v=20260731-4","https://www.mad-parfumeur.com/respondio-catalog/wa/ar/p-193-hot-passion.html?v=20260731-4","https://wa.me/972524033442?text=%D9%85%D8%B1%D8%AD%D8%A8%D8%A7%D8%8C%20%D8%A3%D8%B1%D9%8A%D8%AF%20%D8%B7%D9%84%D8%A8%20%D8%A7%D9%84%D9%85%D9%86%D8%AA%D8%AC%20Hot%20Passion","Aventus for Her Creed
الكود: Hot Passion
السعر: 280 ILS
عودة للمراسلة: https://wa.me/972524033442?text=%D9%85%D8%B1%D8%AD%D8%A8%D8%A7%D8%8C%20%D8%A3%D8%B1%D9%8A%D8%AF%20%D8%B7%D9%84%D8%A8%20%D8%A7%D9%84%D9%85%D9%86%D8%AA%D8%AC%20Hot%20Passion",""
"ar","Pera","Pera","ar-Pera-p-194-pera.jpg","C:\Users\yahya\Documents\Codex\2026-07-30\https-script-google-com-macros-s\outputs\media\ar\p-194-pera.jpg","https://www.mad-parfumeur.com/respondio-catalog/media/ar/p-194-pera.jpg?v=20260731-4","https://www.mad-parfumeur.com/respondio-catalog/wa/ar/p-194-pera.html?v=20260731-4","https://wa.me/972524033442?text=%D9%85%D8%B1%D8%AD%D8%A8%D8%A7%D8%8C%20%D8%A3%D8%B1%D9%8A%D8%AF%20%D8%B7%D9%84%D8%A8%20%D8%A7%D9%84%D9%85%D9%86%D8%AA%D8%AC%20Pera","Pera
الكود: Pera
السعر: 300 ILS
عودة للمراسلة: https://wa.me/972524033442?text=%D9%85%D8%B1%D8%AD%D8%A8%D8%A7%D8%8C%20%D8%A3%D8%B1%D9%8A%D8%AF%20%D8%B7%D9%84%D8%A8%20%D8%A7%D9%84%D9%85%D9%86%D8%AA%D8%AC%20Pera",""
"ar","Divine Tough","Le Beau Le Parfum Jean Paul Gaultier","ar-Divine Tough-p-196-divine-tough.jpg","C:\Users\yahya\Documents\Codex\2026-07-30\https-script-google-com-macros-s\outputs\media\ar\p-196-divine-tough.jpg","https://www.mad-parfumeur.com/respondio-catalog/media/ar/p-196-divine-tough.jpg?v=20260731-4","https://www.mad-parfumeur.com/respondio-catalog/wa/ar/p-196-divine-tough.html?v=20260731-4","https://wa.me/972524033442?text=%D9%85%D8%B1%D8%AD%D8%A8%D8%A7%D8%8C%20%D8%A3%D8%B1%D9%8A%D8%AF%20%D8%B7%D9%84%D8%A8%20%D8%A7%D9%84%D9%85%D9%86%D8%AA%D8%AC%20Divine%20Tough","Le Beau Le Parfum Jean Paul Gaultier
الكود: Divine Tough
السعر: 300 ILS
عودة للمراسلة: https://wa.me/972524033442?text=%D9%85%D8%B1%D8%AD%D8%A8%D8%A7%D8%8C%20%D8%A3%D8%B1%D9%8A%D8%AF%20%D8%B7%D9%84%D8%A8%20%D8%A7%D9%84%D9%85%D9%86%D8%AA%D8%AC%20Divine%20Tough",""
"ar","Deserto","Kalemat Arabian Oud","ar-Deserto-p-197-deserto.jpg","C:\Users\yahya\Documents\Codex\2026-07-30\https-script-google-com-macros-s\outputs\media\ar\p-197-deserto.jpg","https://www.mad-parfumeur.com/respondio-catalog/media/ar/p-197-deserto.jpg?v=20260731-4","https://www.mad-parfumeur.com/respondio-catalog/wa/ar/p-197-deserto.html?v=20260731-4","https://wa.me/972524033442?text=%D9%85%D8%B1%D8%AD%D8%A8%D8%A7%D8%8C%20%D8%A3%D8%B1%D9%8A%D8%AF%20%D8%B7%D9%84%D8%A8%20%D8%A7%D9%84%D9%85%D9%86%D8%AA%D8%AC%20Deserto","Kalemat Arabian Oud
الكود: Deserto
السعر: 300 ILS
عودة للمراسلة: https://wa.me/972524033442?text=%D9%85%D8%B1%D8%AD%D8%A8%D8%A7%D8%8C%20%D8%A3%D8%B1%D9%8A%D8%AF%20%D8%B7%D9%84%D8%A8%20%D8%A7%D9%84%D9%85%D9%86%D8%AA%D8%AC%20Deserto",""
"ar","Grande-Notte-100-ML","Grand Soir Maison Francis Kurkdjian","ar-Grande-Notte-100-ML-p-198-grande-notte-100-ml.jpg","C:\Users\yahya\Documents\Codex\2026-07-30\https-script-google-com-macros-s\outputs\media\ar\p-198-grande-notte-100-ml.jpg","https://www.mad-parfumeur.com/respondio-catalog/media/ar/p-198-grande-notte-100-ml.jpg?v=20260731-4","https://www.mad-parfumeur.com/respondio-catalog/wa/ar/p-198-grande-notte-100-ml.html?v=20260731-4","https://wa.me/972524033442?text=%D9%85%D8%B1%D8%AD%D8%A8%D8%A7%D8%8C%20%D8%A3%D8%B1%D9%8A%D8%AF%20%D8%B7%D9%84%D8%A8%20%D8%A7%D9%84%D9%85%D9%86%D8%AA%D8%AC%20Grande-Notte-100-ML","Grand Soir Maison Francis Kurkdjian
الكود: Grande-Notte-100-ML
السعر: 300 ILS
عودة للمراسلة: https://wa.me/972524033442?text=%D9%85%D8%B1%D8%AD%D8%A8%D8%A7%D8%8C%20%D8%A3%D8%B1%D9%8A%D8%AF%20%D8%B7%D9%84%D8%A8%20%D8%A7%D9%84%D9%85%D9%86%D8%AA%D8%AC%20Grande-Notte-100-ML",""
"ar","Bruno Gold","Kirke Tiziana Terenzi","ar-Bruno Gold-p-199-bruno-gold.jpg","C:\Users\yahya\Documents\Codex\2026-07-30\https-script-google-com-macros-s\outputs\media\ar\p-199-bruno-gold.jpg","https://www.mad-parfumeur.com/respondio-catalog/media/ar/p-199-bruno-gold.jpg?v=20260731-4","https://www.mad-parfumeur.com/respondio-catalog/wa/ar/p-199-bruno-gold.html?v=20260731-4","https://wa.me/972524033442?text=%D9%85%D8%B1%D8%AD%D8%A8%D8%A7%D8%8C%20%D8%A3%D8%B1%D9%8A%D8%AF%20%D8%B7%D9%84%D8%A8%20%D8%A7%D9%84%D9%85%D9%86%D8%AA%D8%AC%20Bruno%20Gold","Kirke Tiziana Terenzi
الكود: Bruno Gold
السعر: 300 ILS
عودة للمراسلة: https://wa.me/972524033442?text=%D9%85%D8%B1%D8%AD%D8%A8%D8%A7%D8%8C%20%D8%A3%D8%B1%D9%8A%D8%AF%20%D8%B7%D9%84%D8%A8%20%D8%A7%D9%84%D9%85%D9%86%D8%AA%D8%AC%20Bruno%20Gold",""
"ar","Malaki Oud","Malaki Oud 100 ml Unisex","ar-Malaki Oud-p-200-malaki-oud.jpg","C:\Users\yahya\Documents\Codex\2026-07-30\https-script-google-com-macros-s\outputs\media\ar\p-200-malaki-oud.jpg","https://www.mad-parfumeur.com/respondio-catalog/media/ar/p-200-malaki-oud.jpg?v=20260731-4","https://www.mad-parfumeur.com/respondio-catalog/wa/ar/p-200-malaki-oud.html?v=20260731-4","https://wa.me/972524033442?text=%D9%85%D8%B1%D8%AD%D8%A8%D8%A7%D8%8C%20%D8%A3%D8%B1%D9%8A%D8%AF%20%D8%B7%D9%84%D8%A8%20%D8%A7%D9%84%D9%85%D9%86%D8%AA%D8%AC%20Malaki%20Oud","Malaki Oud 100 ml Unisex
الكود: Malaki Oud
السعر: 300 ILS
عودة للمراسلة: https://wa.me/972524033442?text=%D9%85%D8%B1%D8%AD%D8%A8%D8%A7%D8%8C%20%D8%A3%D8%B1%D9%8A%D8%AF%20%D8%B7%D9%84%D8%A8%20%D8%A7%D9%84%D9%85%D9%86%D8%AA%D8%AC%20Malaki%20Oud",""
"ar","Sateen Oud","Oud Satin Mood – Sateen Oud 100 ml Unisex","ar-Sateen Oud-p-201-sateen-oud.jpg","C:\Users\yahya\Documents\Codex\2026-07-30\https-script-google-com-macros-s\outputs\media\ar\p-201-sateen-oud.jpg","https://www.mad-parfumeur.com/respondio-catalog/media/ar/p-201-sateen-oud.jpg?v=20260731-4","https://www.mad-parfumeur.com/respondio-catalog/wa/ar/p-201-sateen-oud.html?v=20260731-4","https://wa.me/972524033442?text=%D9%85%D8%B1%D8%AD%D8%A8%D8%A7%D8%8C%20%D8%A3%D8%B1%D9%8A%D8%AF%20%D8%B7%D9%84%D8%A8%20%D8%A7%D9%84%D9%85%D9%86%D8%AA%D8%AC%20Sateen%20Oud","Oud Satin Mood – Sateen Oud 100 ml Unisex
الكود: Sateen Oud
السعر: 300 ILS
عودة للمراسلة: https://wa.me/972524033442?text=%D9%85%D8%B1%D8%AD%D8%A8%D8%A7%D8%8C%20%D8%A3%D8%B1%D9%8A%D8%AF%20%D8%B7%D9%84%D8%A8%20%D8%A7%D9%84%D9%85%D9%86%D8%AA%D8%AC%20Sateen%20Oud",""
"ar","SPICE OUD","Oud Wood Tom Ford - SPICE OUD","ar-SPICE OUD-p-202-spice-oud.jpg","C:\Users\yahya\Documents\Codex\2026-07-30\https-script-google-com-macros-s\outputs\media\ar\p-202-spice-oud.jpg","https://www.mad-parfumeur.com/respondio-catalog/media/ar/p-202-spice-oud.jpg?v=20260731-4","https://www.mad-parfumeur.com/respondio-catalog/wa/ar/p-202-spice-oud.html?v=20260731-4","https://wa.me/972524033442?text=%D9%85%D8%B1%D8%AD%D8%A8%D8%A7%D8%8C%20%D8%A3%D8%B1%D9%8A%D8%AF%20%D8%B7%D9%84%D8%A8%20%D8%A7%D9%84%D9%85%D9%86%D8%AA%D8%AC%20SPICE%20OUD","Oud Wood Tom Ford - SPICE OUD
الكود: SPICE OUD
السعر: 300 ILS
عودة للمراسلة: https://wa.me/972524033442?text=%D9%85%D8%B1%D8%AD%D8%A8%D8%A7%D8%8C%20%D8%A3%D8%B1%D9%8A%D8%AF%20%D8%B7%D9%84%D8%A8%20%D8%A7%D9%84%D9%85%D9%86%D8%AA%D8%AC%20SPICE%20OUD",""
"ar","Effect","Side Effect Initio Parfums Prives","ar-Effect-p-203-effect.jpg","C:\Users\yahya\Documents\Codex\2026-07-30\https-script-google-com-macros-s\outputs\media\ar\p-203-effect.jpg","https://www.mad-parfumeur.com/respondio-catalog/media/ar/p-203-effect.jpg?v=20260731-4","https://www.mad-parfumeur.com/respondio-catalog/wa/ar/p-203-effect.html?v=20260731-4","https://wa.me/972524033442?text=%D9%85%D8%B1%D8%AD%D8%A8%D8%A7%D8%8C%20%D8%A3%D8%B1%D9%8A%D8%AF%20%D8%B7%D9%84%D8%A8%20%D8%A7%D9%84%D9%85%D9%86%D8%AA%D8%AC%20Effect","Side Effect Initio Parfums Prives
الكود: Effect
السعر: 300 ILS
عودة للمراسلة: https://wa.me/972524033442?text=%D9%85%D8%B1%D8%AD%D8%A8%D8%A7%D8%8C%20%D8%A3%D8%B1%D9%8A%D8%AF%20%D8%B7%D9%84%D8%A8%20%D8%A7%D9%84%D9%85%D9%86%D8%AA%D8%AC%20Effect",""
"ar","MALIK","Escentric 02 Escentric Molecules","ar-MALIK-p-204-malik.jpg","C:\Users\yahya\Documents\Codex\2026-07-30\https-script-google-com-macros-s\outputs\media\ar\p-204-malik.jpg","https://www.mad-parfumeur.com/respondio-catalog/media/ar/p-204-malik.jpg?v=20260731-4","https://www.mad-parfumeur.com/respondio-catalog/wa/ar/p-204-malik.html?v=20260731-4","https://wa.me/972524033442?text=%D9%85%D8%B1%D8%AD%D8%A8%D8%A7%D8%8C%20%D8%A3%D8%B1%D9%8A%D8%AF%20%D8%B7%D9%84%D8%A8%20%D8%A7%D9%84%D9%85%D9%86%D8%AA%D8%AC%20MALIK","Escentric 02 Escentric Molecules
الكود: MALIK
السعر: 300 ILS
عودة للمراسلة: https://wa.me/972524033442?text=%D9%85%D8%B1%D8%AD%D8%A8%D8%A7%D8%8C%20%D8%A3%D8%B1%D9%8A%D8%AF%20%D8%B7%D9%84%D8%A8%20%D8%A7%D9%84%D9%85%D9%86%D8%AA%D8%AC%20MALIK",""
"ar","M101","M101","ar-M101-p-205-m101.jpg","C:\Users\yahya\Documents\Codex\2026-07-30\https-script-google-com-macros-s\outputs\media\ar\p-205-m101.jpg","https://www.mad-parfumeur.com/respondio-catalog/media/ar/p-205-m101.jpg?v=20260731-4","https://www.mad-parfumeur.com/respondio-catalog/wa/ar/p-205-m101.html?v=20260731-4","https://wa.me/972524033442?text=%D9%85%D8%B1%D8%AD%D8%A8%D8%A7%D8%8C%20%D8%A3%D8%B1%D9%8A%D8%AF%20%D8%B7%D9%84%D8%A8%20%D8%A7%D9%84%D9%85%D9%86%D8%AA%D8%AC%20M101","M101
الكود: M101
السعر: 300 ILS
عودة للمراسلة: https://wa.me/972524033442?text=%D9%85%D8%B1%D8%AD%D8%A8%D8%A7%D8%8C%20%D8%A3%D8%B1%D9%8A%D8%AF%20%D8%B7%D9%84%D8%A8%20%D8%A7%D9%84%D9%85%D9%86%D8%AA%D8%AC%20M101",""
"ar","Trono","Layton Parfums de Marly","ar-Trono-p-206-trono.jpg","C:\Users\yahya\Documents\Codex\2026-07-30\https-script-google-com-macros-s\outputs\media\ar\p-206-trono.jpg","https://www.mad-parfumeur.com/respondio-catalog/media/ar/p-206-trono.jpg?v=20260731-4","https://www.mad-parfumeur.com/respondio-catalog/wa/ar/p-206-trono.html?v=20260731-4","https://wa.me/972524033442?text=%D9%85%D8%B1%D8%AD%D8%A8%D8%A7%D8%8C%20%D8%A3%D8%B1%D9%8A%D8%AF%20%D8%B7%D9%84%D8%A8%20%D8%A7%D9%84%D9%85%D9%86%D8%AA%D8%AC%20Trono","Layton Parfums de Marly
الكود: Trono
السعر: 300 ILS
عودة للمراسلة: https://wa.me/972524033442?text=%D9%85%D8%B1%D8%AD%D8%A8%D8%A7%D8%8C%20%D8%A3%D8%B1%D9%8A%D8%AF%20%D8%B7%D9%84%D8%A8%20%D8%A7%D9%84%D9%85%D9%86%D8%AA%D8%AC%20Trono",""
"ar","Devil's Trick","Devil's Intrigue Haute Fragrance Company HFC","ar-Devil's Trick-p-207-devil-s-trick.jpg","C:\Users\yahya\Documents\Codex\2026-07-30\https-script-google-com-macros-s\outputs\media\ar\p-207-devil-s-trick.jpg","https://www.mad-parfumeur.com/respondio-catalog/media/ar/p-207-devil-s-trick.jpg?v=20260731-4","https://www.mad-parfumeur.com/respondio-catalog/wa/ar/p-207-devil-s-trick.html?v=20260731-4","https://wa.me/972524033442?text=%D9%85%D8%B1%D8%AD%D8%A8%D8%A7%D8%8C%20%D8%A3%D8%B1%D9%8A%D8%AF%20%D8%B7%D9%84%D8%A8%20%D8%A7%D9%84%D9%85%D9%86%D8%AA%D8%AC%20Devil%27s%20Trick","Devil's Intrigue Haute Fragrance Company HFC
الكود: Devil's Trick
السعر: 250 ILS
عودة للمراسلة: https://wa.me/972524033442?text=%D9%85%D8%B1%D8%AD%D8%A8%D8%A7%D8%8C%20%D8%A3%D8%B1%D9%8A%D8%AF%20%D8%B7%D9%84%D8%A8%20%D8%A7%D9%84%D9%85%D9%86%D8%AA%D8%AC%20Devil%27s%20Trick",""
"ar","Madam The Roman Night","Goldea The Roman Night Absolute Bvlgari","ar-Madam The Roman Night-p-208-madam-the-roman-night.jpg","C:\Users\yahya\Documents\Codex\2026-07-30\https-script-google-com-macros-s\outputs\media\ar\p-208-madam-the-roman-night.jpg","https://www.mad-parfumeur.com/respondio-catalog/media/ar/p-208-madam-the-roman-night.jpg?v=20260731-4","https://www.mad-parfumeur.com/respondio-catalog/wa/ar/p-208-madam-the-roman-night.html?v=20260731-4","https://wa.me/972524033442?text=%D9%85%D8%B1%D8%AD%D8%A8%D8%A7%D8%8C%20%D8%A3%D8%B1%D9%8A%D8%AF%20%D8%B7%D9%84%D8%A8%20%D8%A7%D9%84%D9%85%D9%86%D8%AA%D8%AC%20Madam%20The%20Roman%20Night","Goldea The Roman Night Absolute Bvlgari
الكود: Madam The Roman Night
السعر: 250 ILS
عودة للمراسلة: https://wa.me/972524033442?text=%D9%85%D8%B1%D8%AD%D8%A8%D8%A7%D8%8C%20%D8%A3%D8%B1%D9%8A%D8%AF%20%D8%B7%D9%84%D8%A8%20%D8%A7%D9%84%D9%85%D9%86%D8%AA%D8%AC%20Madam%20The%20Roman%20Night",""
"ar","Secret Night","DE MARLEY ATHALIA","ar-Secret Night-p-209-secret-night.jpg","C:\Users\yahya\Documents\Codex\2026-07-30\https-script-google-com-macros-s\outputs\media\ar\p-209-secret-night.jpg","https://www.mad-parfumeur.com/respondio-catalog/media/ar/p-209-secret-night.jpg?v=20260731-4","https://www.mad-parfumeur.com/respondio-catalog/wa/ar/p-209-secret-night.html?v=20260731-4","https://wa.me/972524033442?text=%D9%85%D8%B1%D8%AD%D8%A8%D8%A7%D8%8C%20%D8%A3%D8%B1%D9%8A%D8%AF%20%D8%B7%D9%84%D8%A8%20%D8%A7%D9%84%D9%85%D9%86%D8%AA%D8%AC%20Secret%20Night","DE MARLEY ATHALIA
الكود: Secret Night
السعر: 300 ILS
عودة للمراسلة: https://wa.me/972524033442?text=%D9%85%D8%B1%D8%AD%D8%A8%D8%A7%D8%8C%20%D8%A3%D8%B1%D9%8A%D8%AF%20%D8%B7%D9%84%D8%A8%20%D8%A7%D9%84%D9%85%D9%86%D8%AA%D8%AC%20Secret%20Night",""
"ar","Sense","Apollonia Xerjoff","ar-Sense-p-210-sense.jpg","C:\Users\yahya\Documents\Codex\2026-07-30\https-script-google-com-macros-s\outputs\media\ar\p-210-sense.jpg","https://www.mad-parfumeur.com/respondio-catalog/media/ar/p-210-sense.jpg?v=20260731-4","https://www.mad-parfumeur.com/respondio-catalog/wa/ar/p-210-sense.html?v=20260731-4","https://wa.me/972524033442?text=%D9%85%D8%B1%D8%AD%D8%A8%D8%A7%D8%8C%20%D8%A3%D8%B1%D9%8A%D8%AF%20%D8%B7%D9%84%D8%A8%20%D8%A7%D9%84%D9%85%D9%86%D8%AA%D8%AC%20Sense","Apollonia Xerjoff
الكود: Sense
السعر: 250 ILS
عودة للمراسلة: https://wa.me/972524033442?text=%D9%85%D8%B1%D8%AD%D8%A8%D8%A7%D8%8C%20%D8%A3%D8%B1%D9%8A%D8%AF%20%D8%B7%D9%84%D8%A8%20%D8%A7%D9%84%D9%85%D9%86%D8%AA%D8%AC%20Sense",""
"ar","Golden Age","Accento Xerjoff","ar-Golden Age-p-211-golden-age.jpg","C:\Users\yahya\Documents\Codex\2026-07-30\https-script-google-com-macros-s\outputs\media\ar\p-211-golden-age.jpg","https://www.mad-parfumeur.com/respondio-catalog/media/ar/p-211-golden-age.jpg?v=20260731-4","https://www.mad-parfumeur.com/respondio-catalog/wa/ar/p-211-golden-age.html?v=20260731-4","https://wa.me/972524033442?text=%D9%85%D8%B1%D8%AD%D8%A8%D8%A7%D8%8C%20%D8%A3%D8%B1%D9%8A%D8%AF%20%D8%B7%D9%84%D8%A8%20%D8%A7%D9%84%D9%85%D9%86%D8%AA%D8%AC%20Golden%20Age","Accento Xerjoff
الكود: Golden Age
السعر: 180 ILS
عودة للمراسلة: https://wa.me/972524033442?text=%D9%85%D8%B1%D8%AD%D8%A8%D8%A7%D8%8C%20%D8%A3%D8%B1%D9%8A%D8%AF%20%D8%B7%D9%84%D8%A8%20%D8%A7%D9%84%D9%85%D9%86%D8%AA%D8%AC%20Golden%20Age",""
"ar","Golden Glory","Idylle Eau Sublime Guerlain","ar-Golden Glory-p-212-golden-glory.jpg","C:\Users\yahya\Documents\Codex\2026-07-30\https-script-google-com-macros-s\outputs\media\ar\p-212-golden-glory.jpg","https://www.mad-parfumeur.com/respondio-catalog/media/ar/p-212-golden-glory.jpg?v=20260731-4","https://www.mad-parfumeur.com/respondio-catalog/wa/ar/p-212-golden-glory.html?v=20260731-4","https://wa.me/972524033442?text=%D9%85%D8%B1%D8%AD%D8%A8%D8%A7%D8%8C%20%D8%A3%D8%B1%D9%8A%D8%AF%20%D8%B7%D9%84%D8%A8%20%D8%A7%D9%84%D9%85%D9%86%D8%AA%D8%AC%20Golden%20Glory","Idylle Eau Sublime Guerlain
الكود: Golden Glory
السعر: 180 ILS
عودة للمراسلة: https://wa.me/972524033442?text=%D9%85%D8%B1%D8%AD%D8%A8%D8%A7%D8%8C%20%D8%A3%D8%B1%D9%8A%D8%AF%20%D8%B7%D9%84%D8%A8%20%D8%A7%D9%84%D9%85%D9%86%D8%AA%D8%AC%20Golden%20Glory",""
"ar","Sapphire","عبير من الجرأة والرقي – كجوهرة ثمينة تروي حكاية","ar-Sapphire-p-213-sapphire.jpg","C:\Users\yahya\Documents\Codex\2026-07-30\https-script-google-com-macros-s\outputs\media\ar\p-213-sapphire.jpg","https://www.mad-parfumeur.com/respondio-catalog/media/ar/p-213-sapphire.jpg?v=20260731-4","https://www.mad-parfumeur.com/respondio-catalog/wa/ar/p-213-sapphire.html?v=20260731-4","https://wa.me/972524033442?text=%D9%85%D8%B1%D8%AD%D8%A8%D8%A7%D8%8C%20%D8%A3%D8%B1%D9%8A%D8%AF%20%D8%B7%D9%84%D8%A8%20%D8%A7%D9%84%D9%85%D9%86%D8%AA%D8%AC%20Sapphire","عبير من الجرأة والرقي – كجوهرة ثمينة تروي حكاية
الكود: Sapphire
السعر: 350 ILS
عودة للمراسلة: https://wa.me/972524033442?text=%D9%85%D8%B1%D8%AD%D8%A8%D8%A7%D8%8C%20%D8%A3%D8%B1%D9%8A%D8%AF%20%D8%B7%D9%84%D8%A8%20%D8%A7%D9%84%D9%85%D9%86%D8%AA%D8%AC%20Sapphire",""
"ar","Mare","Mare","ar-Mare-p-214-mare.jpg","C:\Users\yahya\Documents\Codex\2026-07-30\https-script-google-com-macros-s\outputs\media\ar\p-214-mare.jpg","https://www.mad-parfumeur.com/respondio-catalog/media/ar/p-214-mare.jpg?v=20260731-4","https://www.mad-parfumeur.com/respondio-catalog/wa/ar/p-214-mare.html?v=20260731-4","https://wa.me/972524033442?text=%D9%85%D8%B1%D8%AD%D8%A8%D8%A7%D8%8C%20%D8%A3%D8%B1%D9%8A%D8%AF%20%D8%B7%D9%84%D8%A8%20%D8%A7%D9%84%D9%85%D9%86%D8%AA%D8%AC%20Mare","Mare
الكود: Mare
السعر: 500 ILS
عودة للمراسلة: https://wa.me/972524033442?text=%D9%85%D8%B1%D8%AD%D8%A8%D8%A7%D8%8C%20%D8%A3%D8%B1%D9%8A%D8%AF%20%D8%B7%D9%84%D8%A8%20%D8%A7%D9%84%D9%85%D9%86%D8%AA%D8%AC%20Mare",""
"ar","Oud Supreme","Mad Oud Supreme","ar-Oud Supreme-p-215-oud-supreme.jpg","C:\Users\yahya\Documents\Codex\2026-07-30\https-script-google-com-macros-s\outputs\media\ar\p-215-oud-supreme.jpg","https://www.mad-parfumeur.com/respondio-catalog/media/ar/p-215-oud-supreme.jpg?v=20260731-4","https://www.mad-parfumeur.com/respondio-catalog/wa/ar/p-215-oud-supreme.html?v=20260731-4","https://wa.me/972524033442?text=%D9%85%D8%B1%D8%AD%D8%A8%D8%A7%D8%8C%20%D8%A3%D8%B1%D9%8A%D8%AF%20%D8%B7%D9%84%D8%A8%20%D8%A7%D9%84%D9%85%D9%86%D8%AA%D8%AC%20Oud%20Supreme","Mad Oud Supreme
الكود: Oud Supreme
السعر: 350 ILS
عودة للمراسلة: https://wa.me/972524033442?text=%D9%85%D8%B1%D8%AD%D8%A8%D8%A7%D8%8C%20%D8%A3%D8%B1%D9%8A%D8%AF%20%D8%B7%D9%84%D8%A8%20%D8%A7%D9%84%D9%85%D9%86%D8%AA%D8%AC%20Oud%20Supreme",""
"ar","Lady","Lady","ar-Lady-p-216-lady.jpg","C:\Users\yahya\Documents\Codex\2026-07-30\https-script-google-com-macros-s\outputs\media\ar\p-216-lady.jpg","https://www.mad-parfumeur.com/respondio-catalog/media/ar/p-216-lady.jpg?v=20260731-4","https://www.mad-parfumeur.com/respondio-catalog/wa/ar/p-216-lady.html?v=20260731-4","https://wa.me/972524033442?text=%D9%85%D8%B1%D8%AD%D8%A8%D8%A7%D8%8C%20%D8%A3%D8%B1%D9%8A%D8%AF%20%D8%B7%D9%84%D8%A8%20%D8%A7%D9%84%D9%85%D9%86%D8%AA%D8%AC%20Lady","Lady
الكود: Lady
السعر: 350 ILS
عودة للمراسلة: https://wa.me/972524033442?text=%D9%85%D8%B1%D8%AD%D8%A8%D8%A7%D8%8C%20%D8%A3%D8%B1%D9%8A%D8%AF%20%D8%B7%D9%84%D8%A8%20%D8%A7%D9%84%D9%85%D9%86%D8%AA%D8%AC%20Lady",""
"ar","DIVERSE Exploration","Italian Leather Memo Paris","ar-DIVERSE Exploration-p-217-diverse-exploration.jpg","C:\Users\yahya\Documents\Codex\2026-07-30\https-script-google-com-macros-s\outputs\media\ar\p-217-diverse-exploration.jpg","https://www.mad-parfumeur.com/respondio-catalog/media/ar/p-217-diverse-exploration.jpg?v=20260731-4","https://www.mad-parfumeur.com/respondio-catalog/wa/ar/p-217-diverse-exploration.html?v=20260731-4","https://wa.me/972524033442?text=%D9%85%D8%B1%D8%AD%D8%A8%D8%A7%D8%8C%20%D8%A3%D8%B1%D9%8A%D8%AF%20%D8%B7%D9%84%D8%A8%20%D8%A7%D9%84%D9%85%D9%86%D8%AA%D8%AC%20DIVERSE%20Exploration","Italian Leather Memo Paris
الكود: DIVERSE Exploration
السعر: 300 ILS
عودة للمراسلة: https://wa.me/972524033442?text=%D9%85%D8%B1%D8%AD%D8%A8%D8%A7%D8%8C%20%D8%A3%D8%B1%D9%8A%D8%AF%20%D8%B7%D9%84%D8%A8%20%D8%A7%D9%84%D9%85%D9%86%D8%AA%D8%AC%20DIVERSE%20Exploration",""
"ar","Mad-Mona-Rosa-120-ML","Mad-Mona-Rosa-120-ML","ar-Mad-Mona-Rosa-120-ML-p-222-mad-mona-rosa-120-ml.jpg","C:\Users\yahya\Documents\Codex\2026-07-30\https-script-google-com-macros-s\outputs\media\ar\p-222-mad-mona-rosa-120-ml.jpg","https://www.mad-parfumeur.com/respondio-catalog/media/ar/p-222-mad-mona-rosa-120-ml.jpg?v=20260731-4","https://www.mad-parfumeur.com/respondio-catalog/wa/ar/p-222-mad-mona-rosa-120-ml.html?v=20260731-4","https://wa.me/972524033442?text=%D9%85%D8%B1%D8%AD%D8%A8%D8%A7%D8%8C%20%D8%A3%D8%B1%D9%8A%D8%AF%20%D8%B7%D9%84%D8%A8%20%D8%A7%D9%84%D9%85%D9%86%D8%AA%D8%AC%20Mad-Mona-Rosa-120-ML","Mad-Mona-Rosa-120-ML
الكود: Mad-Mona-Rosa-120-ML
السعر: 45 ILS
عودة للمراسلة: https://wa.me/972524033442?text=%D9%85%D8%B1%D8%AD%D8%A8%D8%A7%D8%8C%20%D8%A3%D8%B1%D9%8A%D8%AF%20%D8%B7%D9%84%D8%A8%20%D8%A7%D9%84%D9%85%D9%86%D8%AA%D8%AC%20Mad-Mona-Rosa-120-ML",""
"ar","-Mad-Dream-Buquet-120-ML","-Mad-Dream-Buquet-120-ML","ar--Mad-Dream-Buquet-120-ML-p-226-mad-dream-buquet-120-ml.jpg","C:\Users\yahya\Documents\Codex\2026-07-30\https-script-google-com-macros-s\outputs\media\ar\p-226-mad-dream-buquet-120-ml.jpg","https://www.mad-parfumeur.com/respondio-catalog/media/ar/p-226-mad-dream-buquet-120-ml.jpg?v=20260731-4","https://www.mad-parfumeur.com/respondio-catalog/wa/ar/p-226-mad-dream-buquet-120-ml.html?v=20260731-4","https://wa.me/972524033442?text=%D9%85%D8%B1%D8%AD%D8%A8%D8%A7%D8%8C%20%D8%A3%D8%B1%D9%8A%D8%AF%20%D8%B7%D9%84%D8%A8%20%D8%A7%D9%84%D9%85%D9%86%D8%AA%D8%AC%20-Mad-Dream-Buquet-120-ML","-Mad-Dream-Buquet-120-ML
الكود: -Mad-Dream-Buquet-120-ML
السعر: 45 ILS
عودة للمراسلة: https://wa.me/972524033442?text=%D9%85%D8%B1%D8%AD%D8%A8%D8%A7%D8%8C%20%D8%A3%D8%B1%D9%8A%D8%AF%20%D8%B7%D9%84%D8%A8%20%D8%A7%D9%84%D9%85%D9%86%D8%AA%D8%AC%20-Mad-Dream-Buquet-120-ML",""
"ar","-Mad-Limpio-120-ML","-Mad-Limpio-120-ML","ar--Mad-Limpio-120-ML-p-229-mad-limpio-120-ml.jpg","C:\Users\yahya\Documents\Codex\2026-07-30\https-script-google-com-macros-s\outputs\media\ar\p-229-mad-limpio-120-ml.jpg","https://www.mad-parfumeur.com/respondio-catalog/media/ar/p-229-mad-limpio-120-ml.jpg?v=20260731-4","https://www.mad-parfumeur.com/respondio-catalog/wa/ar/p-229-mad-limpio-120-ml.html?v=20260731-4","https://wa.me/972524033442?text=%D9%85%D8%B1%D8%AD%D8%A8%D8%A7%D8%8C%20%D8%A3%D8%B1%D9%8A%D8%AF%20%D8%B7%D9%84%D8%A8%20%D8%A7%D9%84%D9%85%D9%86%D8%AA%D8%AC%20-Mad-Limpio-120-ML","-Mad-Limpio-120-ML
الكود: -Mad-Limpio-120-ML
السعر: 45 ILS
عودة للمراسلة: https://wa.me/972524033442?text=%D9%85%D8%B1%D8%AD%D8%A8%D8%A7%D8%8C%20%D8%A3%D8%B1%D9%8A%D8%AF%20%D8%B7%D9%84%D8%A8%20%D8%A7%D9%84%D9%85%D9%86%D8%AA%D8%AC%20-Mad-Limpio-120-ML",""
"ar","-Mad-Bosphorus-120-ML","-Mad-Bosphorus-120-ML","ar--Mad-Bosphorus-120-ML-p-233-mad-bosphorus-120-ml.jpg","C:\Users\yahya\Documents\Codex\2026-07-30\https-script-google-com-macros-s\outputs\media\ar\p-233-mad-bosphorus-120-ml.jpg","https://www.mad-parfumeur.com/respondio-catalog/media/ar/p-233-mad-bosphorus-120-ml.jpg?v=20260731-4","https://www.mad-parfumeur.com/respondio-catalog/wa/ar/p-233-mad-bosphorus-120-ml.html?v=20260731-4","https://wa.me/972524033442?text=%D9%85%D8%B1%D8%AD%D8%A8%D8%A7%D8%8C%20%D8%A3%D8%B1%D9%8A%D8%AF%20%D8%B7%D9%84%D8%A8%20%D8%A7%D9%84%D9%85%D9%86%D8%AA%D8%AC%20-Mad-Bosphorus-120-ML","-Mad-Bosphorus-120-ML
الكود: -Mad-Bosphorus-120-ML
السعر: 45 ILS
عودة للمراسلة: https://wa.me/972524033442?text=%D9%85%D8%B1%D8%AD%D8%A8%D8%A7%D8%8C%20%D8%A3%D8%B1%D9%8A%D8%AF%20%D8%B7%D9%84%D8%A8%20%D8%A7%D9%84%D9%85%D9%86%D8%AA%D8%AC%20-Mad-Bosphorus-120-ML",""
"ar","turkish bath","turkish bath","ar-turkish bath-p-234-turkish-bath.jpg","C:\Users\yahya\Documents\Codex\2026-07-30\https-script-google-com-macros-s\outputs\media\ar\p-234-turkish-bath.jpg","https://www.mad-parfumeur.com/respondio-catalog/media/ar/p-234-turkish-bath.jpg?v=20260731-4","https://www.mad-parfumeur.com/respondio-catalog/wa/ar/p-234-turkish-bath.html?v=20260731-4","https://wa.me/972524033442?text=%D9%85%D8%B1%D8%AD%D8%A8%D8%A7%D8%8C%20%D8%A3%D8%B1%D9%8A%D8%AF%20%D8%B7%D9%84%D8%A8%20%D8%A7%D9%84%D9%85%D9%86%D8%AA%D8%AC%20turkish%20bath","turkish bath
الكود: turkish bath
السعر: 45 ILS
عودة للمراسلة: https://wa.me/972524033442?text=%D9%85%D8%B1%D8%AD%D8%A8%D8%A7%D8%8C%20%D8%A3%D8%B1%D9%8A%D8%AF%20%D8%B7%D9%84%D8%A8%20%D8%A7%D9%84%D9%85%D9%86%D8%AA%D8%AC%20turkish%20bath",""
"ar","Good-Night-Kiss-120-ML-","Good-Night-Kiss-120-ML-","ar-Good-Night-Kiss-120-ML--p-235-good-night-kiss-120-ml.jpg","C:\Users\yahya\Documents\Codex\2026-07-30\https-script-google-com-macros-s\outputs\media\ar\p-235-good-night-kiss-120-ml.jpg","https://www.mad-parfumeur.com/respondio-catalog/media/ar/p-235-good-night-kiss-120-ml.jpg?v=20260731-4","https://www.mad-parfumeur.com/respondio-catalog/wa/ar/p-235-good-night-kiss-120-ml.html?v=20260731-4","https://wa.me/972524033442?text=%D9%85%D8%B1%D8%AD%D8%A8%D8%A7%D8%8C%20%D8%A3%D8%B1%D9%8A%D8%AF%20%D8%B7%D9%84%D8%A8%20%D8%A7%D9%84%D9%85%D9%86%D8%AA%D8%AC%20Good-Night-Kiss-120-ML-","Good-Night-Kiss-120-ML-
الكود: Good-Night-Kiss-120-ML-
السعر: 45 ILS
عودة للمراسلة: https://wa.me/972524033442?text=%D9%85%D8%B1%D8%AD%D8%A8%D8%A7%D8%8C%20%D8%A3%D8%B1%D9%8A%D8%AF%20%D8%B7%D9%84%D8%A8%20%D8%A7%D9%84%D9%85%D9%86%D8%AA%D8%AC%20Good-Night-Kiss-120-ML-",""
"ar","halloween","halloween","ar-halloween-p-236-halloween.jpg","C:\Users\yahya\Documents\Codex\2026-07-30\https-script-google-com-macros-s\outputs\media\ar\p-236-halloween.jpg","https://www.mad-parfumeur.com/respondio-catalog/media/ar/p-236-halloween.jpg?v=20260731-4","https://www.mad-parfumeur.com/respondio-catalog/wa/ar/p-236-halloween.html?v=20260731-4","https://wa.me/972524033442?text=%D9%85%D8%B1%D8%AD%D8%A8%D8%A7%D8%8C%20%D8%A3%D8%B1%D9%8A%D8%AF%20%D8%B7%D9%84%D8%A8%20%D8%A7%D9%84%D9%85%D9%86%D8%AA%D8%AC%20halloween","halloween
الكود: halloween
السعر: 100 ILS
عودة للمراسلة: https://wa.me/972524033442?text=%D9%85%D8%B1%D8%AD%D8%A8%D8%A7%D8%8C%20%D8%A3%D8%B1%D9%8A%D8%AF%20%D8%B7%D9%84%D8%A8%20%D8%A7%D9%84%D9%85%D9%86%D8%AA%D8%AC%20halloween",""
"ar","Wizard","Wizard","ar-Wizard-p-238-wizard.jpg","C:\Users\yahya\Documents\Codex\2026-07-30\https-script-google-com-macros-s\outputs\media\ar\p-238-wizard.jpg","https://www.mad-parfumeur.com/respondio-catalog/media/ar/p-238-wizard.jpg?v=20260731-4","https://www.mad-parfumeur.com/respondio-catalog/wa/ar/p-238-wizard.html?v=20260731-4","https://wa.me/972524033442?text=%D9%85%D8%B1%D8%AD%D8%A8%D8%A7%D8%8C%20%D8%A3%D8%B1%D9%8A%D8%AF%20%D8%B7%D9%84%D8%A8%20%D8%A7%D9%84%D9%85%D9%86%D8%AA%D8%AC%20Wizard","Wizard
الكود: Wizard
السعر: 100 ILS
عودة للمراسلة: https://wa.me/972524033442?text=%D9%85%D8%B1%D8%AD%D8%A8%D8%A7%D8%8C%20%D8%A3%D8%B1%D9%8A%D8%AF%20%D8%B7%D9%84%D8%A8%20%D8%A7%D9%84%D9%85%D9%86%D8%AA%D8%AC%20Wizard",""
"ar","Prevail","Prevail","ar-Prevail-p-239-prevail.jpg","C:\Users\yahya\Documents\Codex\2026-07-30\https-script-google-com-macros-s\outputs\media\ar\p-239-prevail.jpg","https://www.mad-parfumeur.com/respondio-catalog/media/ar/p-239-prevail.jpg?v=20260731-4","https://www.mad-parfumeur.com/respondio-catalog/wa/ar/p-239-prevail.html?v=20260731-4","https://wa.me/972524033442?text=%D9%85%D8%B1%D8%AD%D8%A8%D8%A7%D8%8C%20%D8%A3%D8%B1%D9%8A%D8%AF%20%D8%B7%D9%84%D8%A8%20%D8%A7%D9%84%D9%85%D9%86%D8%AA%D8%AC%20Prevail","Prevail
الكود: Prevail
السعر: 100 ILS
عودة للمراسلة: https://wa.me/972524033442?text=%D9%85%D8%B1%D8%AD%D8%A8%D8%A7%D8%8C%20%D8%A3%D8%B1%D9%8A%D8%AF%20%D8%B7%D9%84%D8%A8%20%D8%A7%D9%84%D9%85%D9%86%D8%AA%D8%AC%20Prevail",""
"ar","T109","Thomas 4","ar-T109-p-246-t109.jpg","C:\Users\yahya\Documents\Codex\2026-07-30\https-script-google-com-macros-s\outputs\media\ar\p-246-t109.jpg","https://www.mad-parfumeur.com/respondio-catalog/media/ar/p-246-t109.jpg?v=20260731-4","https://www.mad-parfumeur.com/respondio-catalog/wa/ar/p-246-t109.html?v=20260731-4","https://wa.me/972524033442?text=%D9%85%D8%B1%D8%AD%D8%A8%D8%A7%D8%8C%20%D8%A3%D8%B1%D9%8A%D8%AF%20%D8%B7%D9%84%D8%A8%20%D8%A7%D9%84%D9%85%D9%86%D8%AA%D8%AC%20T109","Thomas 4
الكود: T109
السعر: 100 ILS
عودة للمراسلة: https://wa.me/972524033442?text=%D9%85%D8%B1%D8%AD%D8%A8%D8%A7%D8%8C%20%D8%A3%D8%B1%D9%8A%D8%AF%20%D8%B7%D9%84%D8%A8%20%D8%A7%D9%84%D9%85%D9%86%D8%AA%D8%AC%20T109",""
"ar","Rouge night","Erba Pura Xerjoff","ar-Rouge night-p-265-rouge-night.jpg","C:\Users\yahya\Documents\Codex\2026-07-30\https-script-google-com-macros-s\outputs\media\ar\p-265-rouge-night.jpg","https://www.mad-parfumeur.com/respondio-catalog/media/ar/p-265-rouge-night.jpg?v=20260731-4","https://www.mad-parfumeur.com/respondio-catalog/wa/ar/p-265-rouge-night.html?v=20260731-4","https://wa.me/972524033442?text=%D9%85%D8%B1%D8%AD%D8%A8%D8%A7%D8%8C%20%D8%A3%D8%B1%D9%8A%D8%AF%20%D8%B7%D9%84%D8%A8%20%D8%A7%D9%84%D9%85%D9%86%D8%AA%D8%AC%20Rouge%20night","Erba Pura Xerjoff
الكود: Rouge night
السعر: 300 ILS
عودة للمراسلة: https://wa.me/972524033442?text=%D9%85%D8%B1%D8%AD%D8%A8%D8%A7%D8%8C%20%D8%A3%D8%B1%D9%8A%D8%AF%20%D8%B7%D9%84%D8%A8%20%D8%A7%D9%84%D9%85%D9%86%D8%AA%D8%AC%20Rouge%20night",""
"ar","Mad Turkish Bath 500 ml","Mad Turkish Bath 500 ml","ar-Mad Turkish Bath 500 ml-p-268-mad-turkish-bath-500-ml.jpg","C:\Users\yahya\Documents\Codex\2026-07-30\https-script-google-com-macros-s\outputs\media\ar\p-268-mad-turkish-bath-500-ml.jpg","https://www.mad-parfumeur.com/respondio-catalog/media/ar/p-268-mad-turkish-bath-500-ml.jpg?v=20260731-4","https://www.mad-parfumeur.com/respondio-catalog/wa/ar/p-268-mad-turkish-bath-500-ml.html?v=20260731-4","https://wa.me/972524033442?text=%D9%85%D8%B1%D8%AD%D8%A8%D8%A7%D8%8C%20%D8%A3%D8%B1%D9%8A%D8%AF%20%D8%B7%D9%84%D8%A8%20%D8%A7%D9%84%D9%85%D9%86%D8%AA%D8%AC%20Mad%20Turkish%20Bath%20500%20ml","Mad Turkish Bath 500 ml
الكود: Mad Turkish Bath 500 ml
السعر: 60 ILS
عودة للمراسلة: https://wa.me/972524033442?text=%D9%85%D8%B1%D8%AD%D8%A8%D8%A7%D8%8C%20%D8%A3%D8%B1%D9%8A%D8%AF%20%D8%B7%D9%84%D8%A8%20%D8%A7%D9%84%D9%85%D9%86%D8%AA%D8%AC%20Mad%20Turkish%20Bath%20500%20ml",""
"ar","Favorilere Ekle Mad Pure Natural 500 ml","Favorilere Ekle Mad Pure Natural 500 ml","ar-Favorilere Ekle Mad Pure Natural 500 ml-p-270-favorilere-ekle-mad-pure-natural-500-ml.jpg","C:\Users\yahya\Documents\Codex\2026-07-30\https-script-google-com-macros-s\outputs\media\ar\p-270-favorilere-ekle-mad-pure-natural-500-ml.jpg","https://www.mad-parfumeur.com/respondio-catalog/media/ar/p-270-favorilere-ekle-mad-pure-natural-500-ml.jpg?v=20260731-4","https://www.mad-parfumeur.com/respondio-catalog/wa/ar/p-270-favorilere-ekle-mad-pure-natural-500-ml.html?v=20260731-4","https://wa.me/972524033442?text=%D9%85%D8%B1%D8%AD%D8%A8%D8%A7%D8%8C%20%D8%A3%D8%B1%D9%8A%D8%AF%20%D8%B7%D9%84%D8%A8%20%D8%A7%D9%84%D9%85%D9%86%D8%AA%D8%AC%20Favorilere%20Ekle%20Mad%20Pure%20Natural%20500%20ml","Favorilere Ekle Mad Pure Natural 500 ml
الكود: Favorilere Ekle Mad Pure Natural 500 ml
السعر: 60 ILS
عودة للمراسلة: https://wa.me/972524033442?text=%D9%85%D8%B1%D8%AD%D8%A8%D8%A7%D8%8C%20%D8%A3%D8%B1%D9%8A%D8%AF%20%D8%B7%D9%84%D8%A8%20%D8%A7%D9%84%D9%85%D9%86%D8%AA%D8%AC%20Favorilere%20Ekle%20Mad%20Pure%20Natural%20500%20ml",""
"ar","Favorilere Ekle Mad Mona Rosa 500 ml","Favorilere Ekle Mad Mona Rosa 500 ml","ar-Favorilere Ekle Mad Mona Rosa 500 ml-p-271-favorilere-ekle-mad-mona-rosa-500-ml.jpg","C:\Users\yahya\Documents\Codex\2026-07-30\https-script-google-com-macros-s\outputs\media\ar\p-271-favorilere-ekle-mad-mona-rosa-500-ml.jpg","https://www.mad-parfumeur.com/respondio-catalog/media/ar/p-271-favorilere-ekle-mad-mona-rosa-500-ml.jpg?v=20260731-4","https://www.mad-parfumeur.com/respondio-catalog/wa/ar/p-271-favorilere-ekle-mad-mona-rosa-500-ml.html?v=20260731-4","https://wa.me/972524033442?text=%D9%85%D8%B1%D8%AD%D8%A8%D8%A7%D8%8C%20%D8%A3%D8%B1%D9%8A%D8%AF%20%D8%B7%D9%84%D8%A8%20%D8%A7%D9%84%D9%85%D9%86%D8%AA%D8%AC%20Favorilere%20Ekle%20Mad%20Mona%20Rosa%20500%20ml","Favorilere Ekle Mad Mona Rosa 500 ml
الكود: Favorilere Ekle Mad Mona Rosa 500 ml
السعر: 60 ILS
عودة للمراسلة: https://wa.me/972524033442?text=%D9%85%D8%B1%D8%AD%D8%A8%D8%A7%D8%8C%20%D8%A3%D8%B1%D9%8A%D8%AF%20%D8%B7%D9%84%D8%A8%20%D8%A7%D9%84%D9%85%D9%86%D8%AA%D8%AC%20Favorilere%20Ekle%20Mad%20Mona%20Rosa%20500%20ml",""
"ar","Favorilere Ekle Mad Hipnotizya 500 ml","Favorilere Ekle Mad Hipnotizya 500 ml","ar-Favorilere Ekle Mad Hipnotizya 500 ml-p-272-favorilere-ekle-mad-hipnotizya-500-ml.jpg","C:\Users\yahya\Documents\Codex\2026-07-30\https-script-google-com-macros-s\outputs\media\ar\p-272-favorilere-ekle-mad-hipnotizya-500-ml.jpg","https://www.mad-parfumeur.com/respondio-catalog/media/ar/p-272-favorilere-ekle-mad-hipnotizya-500-ml.jpg?v=20260731-4","https://www.mad-parfumeur.com/respondio-catalog/wa/ar/p-272-favorilere-ekle-mad-hipnotizya-500-ml.html?v=20260731-4","https://wa.me/972524033442?text=%D9%85%D8%B1%D8%AD%D8%A8%D8%A7%D8%8C%20%D8%A3%D8%B1%D9%8A%D8%AF%20%D8%B7%D9%84%D8%A8%20%D8%A7%D9%84%D9%85%D9%86%D8%AA%D8%AC%20Favorilere%20Ekle%20Mad%20Hipnotizya%20500%20ml","Favorilere Ekle Mad Hipnotizya 500 ml
الكود: Favorilere Ekle Mad Hipnotizya 500 ml
السعر: 60 ILS
عودة للمراسلة: https://wa.me/972524033442?text=%D9%85%D8%B1%D8%AD%D8%A8%D8%A7%D8%8C%20%D8%A3%D8%B1%D9%8A%D8%AF%20%D8%B7%D9%84%D8%A8%20%D8%A7%D9%84%D9%85%D9%86%D8%AA%D8%AC%20Favorilere%20Ekle%20Mad%20Hipnotizya%20500%20ml",""
"ar","Mad Dream Bouquet 500 ml","Mad Dream Bouquet 500 ml","ar-Mad Dream Bouquet 500 ml-p-273-mad-dream-bouquet-500-ml.jpg","C:\Users\yahya\Documents\Codex\2026-07-30\https-script-google-com-macros-s\outputs\media\ar\p-273-mad-dream-bouquet-500-ml.jpg","https://www.mad-parfumeur.com/respondio-catalog/media/ar/p-273-mad-dream-bouquet-500-ml.jpg?v=20260731-4","https://www.mad-parfumeur.com/respondio-catalog/wa/ar/p-273-mad-dream-bouquet-500-ml.html?v=20260731-4","https://wa.me/972524033442?text=%D9%85%D8%B1%D8%AD%D8%A8%D8%A7%D8%8C%20%D8%A3%D8%B1%D9%8A%D8%AF%20%D8%B7%D9%84%D8%A8%20%D8%A7%D9%84%D9%85%D9%86%D8%AA%D8%AC%20Mad%20Dream%20Bouquet%20500%20ml","Mad Dream Bouquet 500 ml
الكود: Mad Dream Bouquet 500 ml
السعر: 60 ILS
عودة للمراسلة: https://wa.me/972524033442?text=%D9%85%D8%B1%D8%AD%D8%A8%D8%A7%D8%8C%20%D8%A3%D8%B1%D9%8A%D8%AF%20%D8%B7%D9%84%D8%A8%20%D8%A7%D9%84%D9%85%D9%86%D8%AA%D8%AC%20Mad%20Dream%20Bouquet%20500%20ml",""
"ar","معطر جو للسيارة ماد برائحة البطيخ والفراولة 8 مل","معطر جو للسيارة ماد برائحة البطيخ والفراولة 8 مل","ar-معطر جو للسيارة ماد برائحة البطيخ والفراولة 8 مل-p-276-8.jpg","C:\Users\yahya\Documents\Codex\2026-07-30\https-script-google-com-macros-s\outputs\media\ar\p-276-8.jpg","https://www.mad-parfumeur.com/respondio-catalog/media/ar/p-276-8.jpg?v=20260731-4","https://www.mad-parfumeur.com/respondio-catalog/wa/ar/p-276-8.html?v=20260731-4","https://wa.me/972524033442?text=%D9%85%D8%B1%D8%AD%D8%A8%D8%A7%D8%8C%20%D8%A3%D8%B1%D9%8A%D8%AF%20%D8%B7%D9%84%D8%A8%20%D8%A7%D9%84%D9%85%D9%86%D8%AA%D8%AC%20%D9%85%D8%B9%D8%B7%D8%B1%20%D8%AC%D9%88%20%D9%84%D9%84%D8%B3%D9%8A%D8%A7%D8%B1%D8%A9%20%D9%85%D8%A7%D8%AF%20%D8%A8%D8%B1%D8%A7%D8%A6%D8%AD%D8%A9%20%D8%A7%D9%84%D8%A8%D8%B7%D9%8A%D8%AE%20%D9%88%D8%A7%D9%84%D9%81%D8%B1%D8%A7%D9%88%D9%84%D8%A9%208%20%D9%85%D9%84","معطر جو للسيارة ماد برائحة البطيخ والفراولة 8 مل
الكود: معطر جو للسيارة ماد برائحة البطيخ والفراولة 8 مل
السعر: 15 ILS
عودة للمراسلة: https://wa.me/972524033442?text=%D9%85%D8%B1%D8%AD%D8%A8%D8%A7%D8%8C%20%D8%A3%D8%B1%D9%8A%D8%AF%20%D8%B7%D9%84%D8%A8%20%D8%A7%D9%84%D9%85%D9%86%D8%AA%D8%AC%20%D9%85%D8%B9%D8%B7%D8%B1%20%D8%AC%D9%88%20%D9%84%D9%84%D8%B3%D9%8A%D8%A7%D8%B1%D8%A9%20%D9%85%D8%A7%D8%AF%20%D8%A8%D8%B1%D8%A7%D8%A6%D8%AD%D8%A9%20%D8%A7%D9%84%D8%A8%D8%B7%D9%8A%D8%AE%20%D9%88%D8%A7%D9%84%D9%81%D8%B1%D8%A7%D9%88%D9%84%D8%A9%208%20%D9%85%D9%84",""
"ar","معطر جو للسيارة ماد هيبنوتيزيا 7 مل","معطر جو للسيارة ماد هيبنوتيزيا 7 مل","ar-معطر جو للسيارة ماد هيبنوتيزيا 7 مل-p-277-7.jpg","C:\Users\yahya\Documents\Codex\2026-07-30\https-script-google-com-macros-s\outputs\media\ar\p-277-7.jpg","https://www.mad-parfumeur.com/respondio-catalog/media/ar/p-277-7.jpg?v=20260731-4","https://www.mad-parfumeur.com/respondio-catalog/wa/ar/p-277-7.html?v=20260731-4","https://wa.me/972524033442?text=%D9%85%D8%B1%D8%AD%D8%A8%D8%A7%D8%8C%20%D8%A3%D8%B1%D9%8A%D8%AF%20%D8%B7%D9%84%D8%A8%20%D8%A7%D9%84%D9%85%D9%86%D8%AA%D8%AC%20%D9%85%D8%B9%D8%B7%D8%B1%20%D8%AC%D9%88%20%D9%84%D9%84%D8%B3%D9%8A%D8%A7%D8%B1%D8%A9%20%D9%85%D8%A7%D8%AF%20%D9%87%D9%8A%D8%A8%D9%86%D9%88%D8%AA%D9%8A%D8%B2%D9%8A%D8%A7%207%20%D9%85%D9%84","معطر جو للسيارة ماد هيبنوتيزيا 7 مل
الكود: معطر جو للسيارة ماد هيبنوتيزيا 7 مل
السعر: 15 ILS
عودة للمراسلة: https://wa.me/972524033442?text=%D9%85%D8%B1%D8%AD%D8%A8%D8%A7%D8%8C%20%D8%A3%D8%B1%D9%8A%D8%AF%20%D8%B7%D9%84%D8%A8%20%D8%A7%D9%84%D9%85%D9%86%D8%AA%D8%AC%20%D9%85%D8%B9%D8%B7%D8%B1%20%D8%AC%D9%88%20%D9%84%D9%84%D8%B3%D9%8A%D8%A7%D8%B1%D8%A9%20%D9%85%D8%A7%D8%AF%20%D9%87%D9%8A%D8%A8%D9%86%D9%88%D8%AA%D9%8A%D8%B2%D9%8A%D8%A7%207%20%D9%85%D9%84",""
"ar","ماد باتش 8 مل معطر جو للسيارة","ماد باتش 8 مل معطر جو للسيارة","ar-ماد باتش 8 مل معطر جو للسيارة-p-278-8.jpg","C:\Users\yahya\Documents\Codex\2026-07-30\https-script-google-com-macros-s\outputs\media\ar\p-278-8.jpg","https://www.mad-parfumeur.com/respondio-catalog/media/ar/p-278-8.jpg?v=20260731-4","https://www.mad-parfumeur.com/respondio-catalog/wa/ar/p-278-8.html?v=20260731-4","https://wa.me/972524033442?text=%D9%85%D8%B1%D8%AD%D8%A8%D8%A7%D8%8C%20%D8%A3%D8%B1%D9%8A%D8%AF%20%D8%B7%D9%84%D8%A8%20%D8%A7%D9%84%D9%85%D9%86%D8%AA%D8%AC%20%D9%85%D8%A7%D8%AF%20%D8%A8%D8%A7%D8%AA%D8%B4%208%20%D9%85%D9%84%20%D9%85%D8%B9%D8%B7%D8%B1%20%D8%AC%D9%88%20%D9%84%D9%84%D8%B3%D9%8A%D8%A7%D8%B1%D8%A9","ماد باتش 8 مل معطر جو للسيارة
الكود: ماد باتش 8 مل معطر جو للسيارة
السعر: 15 ILS
عودة للمراسلة: https://wa.me/972524033442?text=%D9%85%D8%B1%D8%AD%D8%A8%D8%A7%D8%8C%20%D8%A3%D8%B1%D9%8A%D8%AF%20%D8%B7%D9%84%D8%A8%20%D8%A7%D9%84%D9%85%D9%86%D8%AA%D8%AC%20%D9%85%D8%A7%D8%AF%20%D8%A8%D8%A7%D8%AA%D8%B4%208%20%D9%85%D9%84%20%D9%85%D8%B9%D8%B7%D8%B1%20%D8%AC%D9%88%20%D9%84%D9%84%D8%B3%D9%8A%D8%A7%D8%B1%D8%A9",""
"ar","ماد ليمبيو معطر هواء للسيارة 7 مل","ماد ليمبيو معطر هواء للسيارة 7 مل","ar-ماد ليمبيو معطر هواء للسيارة 7 مل-p-279-7.jpg","C:\Users\yahya\Documents\Codex\2026-07-30\https-script-google-com-macros-s\outputs\media\ar\p-279-7.jpg","https://www.mad-parfumeur.com/respondio-catalog/media/ar/p-279-7.jpg?v=20260731-4","https://www.mad-parfumeur.com/respondio-catalog/wa/ar/p-279-7.html?v=20260731-4","https://wa.me/972524033442?text=%D9%85%D8%B1%D8%AD%D8%A8%D8%A7%D8%8C%20%D8%A3%D8%B1%D9%8A%D8%AF%20%D8%B7%D9%84%D8%A8%20%D8%A7%D9%84%D9%85%D9%86%D8%AA%D8%AC%20%D9%85%D8%A7%D8%AF%20%D9%84%D9%8A%D9%85%D8%A8%D9%8A%D9%88%20%D9%85%D8%B9%D8%B7%D8%B1%20%D9%87%D9%88%D8%A7%D8%A1%20%D9%84%D9%84%D8%B3%D9%8A%D8%A7%D8%B1%D8%A9%207%20%D9%85%D9%84","ماد ليمبيو معطر هواء للسيارة 7 مل
الكود: ماد ليمبيو معطر هواء للسيارة 7 مل
السعر: 15 ILS
عودة للمراسلة: https://wa.me/972524033442?text=%D9%85%D8%B1%D8%AD%D8%A8%D8%A7%D8%8C%20%D8%A3%D8%B1%D9%8A%D8%AF%20%D8%B7%D9%84%D8%A8%20%D8%A7%D9%84%D9%85%D9%86%D8%AA%D8%AC%20%D9%85%D8%A7%D8%AF%20%D9%84%D9%8A%D9%85%D8%A8%D9%8A%D9%88%20%D9%85%D8%B9%D8%B7%D8%B1%20%D9%87%D9%88%D8%A7%D8%A1%20%D9%84%D9%84%D8%B3%D9%8A%D8%A7%D8%B1%D8%A9%207%20%D9%85%D9%84",""
"ar","مجموعة ماد بريف 160 مل عطر","مجموعة ماد بريف 160 مل عطر","ar-مجموعة ماد بريف 160 مل عطر-p-280-160.jpg","C:\Users\yahya\Documents\Codex\2026-07-30\https-script-google-com-macros-s\outputs\media\ar\p-280-160.jpg","https://www.mad-parfumeur.com/respondio-catalog/media/ar/p-280-160.jpg?v=20260731-4","https://www.mad-parfumeur.com/respondio-catalog/wa/ar/p-280-160.html?v=20260731-4","https://wa.me/972524033442?text=%D9%85%D8%B1%D8%AD%D8%A8%D8%A7%D8%8C%20%D8%A3%D8%B1%D9%8A%D8%AF%20%D8%B7%D9%84%D8%A8%20%D8%A7%D9%84%D9%85%D9%86%D8%AA%D8%AC%20%D9%85%D8%AC%D9%85%D9%88%D8%B9%D8%A9%20%D9%85%D8%A7%D8%AF%20%D8%A8%D8%B1%D9%8A%D9%81%20160%20%D9%85%D9%84%20%D8%B9%D8%B7%D8%B1","مجموعة ماد بريف 160 مل عطر
الكود: مجموعة ماد بريف 160 مل عطر
السعر: 35 ILS
عودة للمراسلة: https://wa.me/972524033442?text=%D9%85%D8%B1%D8%AD%D8%A8%D8%A7%D8%8C%20%D8%A3%D8%B1%D9%8A%D8%AF%20%D8%B7%D9%84%D8%A8%20%D8%A7%D9%84%D9%85%D9%86%D8%AA%D8%AC%20%D9%85%D8%AC%D9%85%D9%88%D8%B9%D8%A9%20%D9%85%D8%A7%D8%AF%20%D8%A8%D8%B1%D9%8A%D9%81%20160%20%D9%85%D9%84%20%D8%B9%D8%B7%D8%B1",""
"ar","ماد باشن فروت 160 مل عطر","ماد باشن فروت 160 مل عطر","ar-ماد باشن فروت 160 مل عطر-p-281-160.jpg","C:\Users\yahya\Documents\Codex\2026-07-30\https-script-google-com-macros-s\outputs\media\ar\p-281-160.jpg","https://www.mad-parfumeur.com/respondio-catalog/media/ar/p-281-160.jpg?v=20260731-4","https://www.mad-parfumeur.com/respondio-catalog/wa/ar/p-281-160.html?v=20260731-4","https://wa.me/972524033442?text=%D9%85%D8%B1%D8%AD%D8%A8%D8%A7%D8%8C%20%D8%A3%D8%B1%D9%8A%D8%AF%20%D8%B7%D9%84%D8%A8%20%D8%A7%D9%84%D9%85%D9%86%D8%AA%D8%AC%20%D9%85%D8%A7%D8%AF%20%D8%A8%D8%A7%D8%B4%D9%86%20%D9%81%D8%B1%D9%88%D8%AA%20160%20%D9%85%D9%84%20%D8%B9%D8%B7%D8%B1","ماد باشن فروت 160 مل عطر
الكود: ماد باشن فروت 160 مل عطر
السعر: 35 ILS
عودة للمراسلة: https://wa.me/972524033442?text=%D9%85%D8%B1%D8%AD%D8%A8%D8%A7%D8%8C%20%D8%A3%D8%B1%D9%8A%D8%AF%20%D8%B7%D9%84%D8%A8%20%D8%A7%D9%84%D9%85%D9%86%D8%AA%D8%AC%20%D9%85%D8%A7%D8%AF%20%D8%A8%D8%A7%D8%B4%D9%86%20%D9%81%D8%B1%D9%88%D8%AA%20160%20%D9%85%D9%84%20%D8%B9%D8%B7%D8%B1",""
"ar","عطر ماد بيرلز ديلايت للشعر 160 مل","عطر ماد بيرلز ديلايت للشعر 160 مل","ar-عطر ماد بيرلز ديلايت للشعر 160 مل-p-282-160.jpg","C:\Users\yahya\Documents\Codex\2026-07-30\https-script-google-com-macros-s\outputs\media\ar\p-282-160.jpg","https://www.mad-parfumeur.com/respondio-catalog/media/ar/p-282-160.jpg?v=20260731-4","https://www.mad-parfumeur.com/respondio-catalog/wa/ar/p-282-160.html?v=20260731-4","https://wa.me/972524033442?text=%D9%85%D8%B1%D8%AD%D8%A8%D8%A7%D8%8C%20%D8%A3%D8%B1%D9%8A%D8%AF%20%D8%B7%D9%84%D8%A8%20%D8%A7%D9%84%D9%85%D9%86%D8%AA%D8%AC%20%D8%B9%D8%B7%D8%B1%20%D9%85%D8%A7%D8%AF%20%D8%A8%D9%8A%D8%B1%D9%84%D8%B2%20%D8%AF%D9%8A%D9%84%D8%A7%D9%8A%D8%AA%20%D9%84%D9%84%D8%B4%D8%B9%D8%B1%20160%20%D9%85%D9%84","عطر ماد بيرلز ديلايت للشعر 160 مل
الكود: عطر ماد بيرلز ديلايت للشعر 160 مل
السعر: 35 ILS
عودة للمراسلة: https://wa.me/972524033442?text=%D9%85%D8%B1%D8%AD%D8%A8%D8%A7%D8%8C%20%D8%A3%D8%B1%D9%8A%D8%AF%20%D8%B7%D9%84%D8%A8%20%D8%A7%D9%84%D9%85%D9%86%D8%AA%D8%AC%20%D8%B9%D8%B7%D8%B1%20%D9%85%D8%A7%D8%AF%20%D8%A8%D9%8A%D8%B1%D9%84%D8%B2%20%D8%AF%D9%8A%D9%84%D8%A7%D9%8A%D8%AA%20%D9%84%D9%84%D8%B4%D8%B9%D8%B1%20160%20%D9%85%D9%84",""
"ar","عطر ماد بريتي بيوتي للشعر 160 مل","عطر ماد بريتي بيوتي للشعر 160 مل","ar-عطر ماد بريتي بيوتي للشعر 160 مل-p-283-160.jpg","C:\Users\yahya\Documents\Codex\2026-07-30\https-script-google-com-macros-s\outputs\media\ar\p-283-160.jpg","https://www.mad-parfumeur.com/respondio-catalog/media/ar/p-283-160.jpg?v=20260731-4","https://www.mad-parfumeur.com/respondio-catalog/wa/ar/p-283-160.html?v=20260731-4","https://wa.me/972524033442?text=%D9%85%D8%B1%D8%AD%D8%A8%D8%A7%D8%8C%20%D8%A3%D8%B1%D9%8A%D8%AF%20%D8%B7%D9%84%D8%A8%20%D8%A7%D9%84%D9%85%D9%86%D8%AA%D8%AC%20%D8%B9%D8%B7%D8%B1%20%D9%85%D8%A7%D8%AF%20%D8%A8%D8%B1%D9%8A%D8%AA%D9%8A%20%D8%A8%D9%8A%D9%88%D8%AA%D9%8A%20%D9%84%D9%84%D8%B4%D8%B9%D8%B1%20160%20%D9%85%D9%84","عطر ماد بريتي بيوتي للشعر 160 مل
الكود: عطر ماد بريتي بيوتي للشعر 160 مل
السعر: 35 ILS
عودة للمراسلة: https://wa.me/972524033442?text=%D9%85%D8%B1%D8%AD%D8%A8%D8%A7%D8%8C%20%D8%A3%D8%B1%D9%8A%D8%AF%20%D8%B7%D9%84%D8%A8%20%D8%A7%D9%84%D9%85%D9%86%D8%AA%D8%AC%20%D8%B9%D8%B7%D8%B1%20%D9%85%D8%A7%D8%AF%20%D8%A8%D8%B1%D9%8A%D8%AA%D9%8A%20%D8%A8%D9%8A%D9%88%D8%AA%D9%8A%20%D9%84%D9%84%D8%B4%D8%B9%D8%B1%20160%20%D9%85%D9%84",""
"ar","J105","Le Male Elixir by Jean Paul Gaultier","ar-J105-p-285-j105.jpg","C:\Users\yahya\Documents\Codex\2026-07-30\https-script-google-com-macros-s\outputs\media\ar\p-285-j105.jpg","https://www.mad-parfumeur.com/respondio-catalog/media/ar/p-285-j105.jpg?v=20260731-4","https://www.mad-parfumeur.com/respondio-catalog/wa/ar/p-285-j105.html?v=20260731-4","https://wa.me/972524033442?text=%D9%85%D8%B1%D8%AD%D8%A8%D8%A7%D8%8C%20%D8%A3%D8%B1%D9%8A%D8%AF%20%D8%B7%D9%84%D8%A8%20%D8%A7%D9%84%D9%85%D9%86%D8%AA%D8%AC%20J105","Le Male Elixir by Jean Paul Gaultier
الكود: J105
السعر: 100 ILS
عودة للمراسلة: https://wa.me/972524033442?text=%D9%85%D8%B1%D8%AD%D8%A8%D8%A7%D8%8C%20%D8%A3%D8%B1%D9%8A%D8%AF%20%D8%B7%D9%84%D8%A8%20%D8%A7%D9%84%D9%85%D9%86%D8%AA%D8%AC%20J105",""
"ar","L102","Ombre Nomade - Louis Vuitton","ar-L102-p-286-l102.jpg","C:\Users\yahya\Documents\Codex\2026-07-30\https-script-google-com-macros-s\outputs\media\ar\p-286-l102.jpg","https://www.mad-parfumeur.com/respondio-catalog/media/ar/p-286-l102.jpg?v=20260731-4","https://www.mad-parfumeur.com/respondio-catalog/wa/ar/p-286-l102.html?v=20260731-4","https://wa.me/972524033442?text=%D9%85%D8%B1%D8%AD%D8%A8%D8%A7%D8%8C%20%D8%A3%D8%B1%D9%8A%D8%AF%20%D8%B7%D9%84%D8%A8%20%D8%A7%D9%84%D9%85%D9%86%D8%AA%D8%AC%20L102","Ombre Nomade - Louis Vuitton
الكود: L102
السعر: 100 ILS
عودة للمراسلة: https://wa.me/972524033442?text=%D9%85%D8%B1%D8%AD%D8%A8%D8%A7%D8%8C%20%D8%A3%D8%B1%D9%8A%D8%AF%20%D8%B7%D9%84%D8%A8%20%D8%A7%D9%84%D9%85%D9%86%D8%AA%D8%AC%20L102",""
"ar","L103","Imagination - Louis Vuitton","ar-L103-p-287-l103.jpg","C:\Users\yahya\Documents\Codex\2026-07-30\https-script-google-com-macros-s\outputs\media\ar\p-287-l103.jpg","https://www.mad-parfumeur.com/respondio-catalog/media/ar/p-287-l103.jpg?v=20260731-4","https://www.mad-parfumeur.com/respondio-catalog/wa/ar/p-287-l103.html?v=20260731-4","https://wa.me/972524033442?text=%D9%85%D8%B1%D8%AD%D8%A8%D8%A7%D8%8C%20%D8%A3%D8%B1%D9%8A%D8%AF%20%D8%B7%D9%84%D8%A8%20%D8%A7%D9%84%D9%85%D9%86%D8%AA%D8%AC%20L103","Imagination - Louis Vuitton
الكود: L103
السعر: 100 ILS
عودة للمراسلة: https://wa.me/972524033442?text=%D9%85%D8%B1%D8%AD%D8%A8%D8%A7%D8%8C%20%D8%A3%D8%B1%D9%8A%D8%AF%20%D8%B7%D9%84%D8%A8%20%D8%A7%D9%84%D9%85%D9%86%D8%AA%D8%AC%20L103",""
"ar","Y101","Y Eau de Parfum Intense by Yves Saint Laurent","ar-Y101-p-288-y101.jpg","C:\Users\yahya\Documents\Codex\2026-07-30\https-script-google-com-macros-s\outputs\media\ar\p-288-y101.jpg","https://www.mad-parfumeur.com/respondio-catalog/media/ar/p-288-y101.jpg?v=20260731-4","https://www.mad-parfumeur.com/respondio-catalog/wa/ar/p-288-y101.html?v=20260731-4","https://wa.me/972524033442?text=%D9%85%D8%B1%D8%AD%D8%A8%D8%A7%D8%8C%20%D8%A3%D8%B1%D9%8A%D8%AF%20%D8%B7%D9%84%D8%A8%20%D8%A7%D9%84%D9%85%D9%86%D8%AA%D8%AC%20Y101","Y Eau de Parfum Intense by Yves Saint Laurent
الكود: Y101
السعر: 100 ILS
عودة للمراسلة: https://wa.me/972524033442?text=%D9%85%D8%B1%D8%AD%D8%A8%D8%A7%D8%8C%20%D8%A3%D8%B1%D9%8A%D8%AF%20%D8%B7%D9%84%D8%A8%20%D8%A7%D9%84%D9%85%D9%86%D8%AA%D8%AC%20Y101",""
"ar","VAGAS - T107 W183 T109","عطور اصليه وليست زيوت","ar-VAGAS - T107 W183 T109-p-296-vagas-t107-w183-t109.jpg","C:\Users\yahya\Documents\Codex\2026-07-30\https-script-google-com-macros-s\outputs\media\ar\p-296-vagas-t107-w183-t109.jpg","https://www.mad-parfumeur.com/respondio-catalog/media/ar/p-296-vagas-t107-w183-t109.jpg?v=20260731-4","https://www.mad-parfumeur.com/respondio-catalog/wa/ar/p-296-vagas-t107-w183-t109.html?v=20260731-4","https://wa.me/972524033442?text=%D9%85%D8%B1%D8%AD%D8%A8%D8%A7%D8%8C%20%D8%A3%D8%B1%D9%8A%D8%AF%20%D8%B7%D9%84%D8%A8%20%D8%A7%D9%84%D9%85%D9%86%D8%AA%D8%AC%20VAGAS%20-%20T107%20W183%20T109","عطور اصليه وليست زيوت
الكود: VAGAS - T107 W183 T109
السعر: 300 ILS
عودة للمراسلة: https://wa.me/972524033442?text=%D9%85%D8%B1%D8%AD%D8%A8%D8%A7%D8%8C%20%D8%A3%D8%B1%D9%8A%D8%AF%20%D8%B7%D9%84%D8%A8%20%D8%A7%D9%84%D9%85%D9%86%D8%AA%D8%AC%20VAGAS%20-%20T107%20W183%20T109",""
"ar","V113","Valentino Donna Born In Roma Valentino","ar-V113-p-297-v113.jpg","C:\Users\yahya\Documents\Codex\2026-07-30\https-script-google-com-macros-s\outputs\media\ar\p-297-v113.jpg","https://www.mad-parfumeur.com/respondio-catalog/media/ar/p-297-v113.jpg?v=20260731-4","https://www.mad-parfumeur.com/respondio-catalog/wa/ar/p-297-v113.html?v=20260731-4","https://wa.me/972524033442?text=%D9%85%D8%B1%D8%AD%D8%A8%D8%A7%D8%8C%20%D8%A3%D8%B1%D9%8A%D8%AF%20%D8%B7%D9%84%D8%A8%20%D8%A7%D9%84%D9%85%D9%86%D8%AA%D8%AC%20V113","Valentino Donna Born In Roma Valentino
الكود: V113
السعر: 100 ILS
عودة للمراسلة: https://wa.me/972524033442?text=%D9%85%D8%B1%D8%AD%D8%A8%D8%A7%D8%8C%20%D8%A3%D8%B1%D9%8A%D8%AF%20%D8%B7%D9%84%D8%A8%20%D8%A7%D9%84%D9%85%D9%86%D8%AA%D8%AC%20V113",""
"ar","G108","Insolence Eau de Toilette** من **Guerlain","ar-G108-p-298-g108.jpg","C:\Users\yahya\Documents\Codex\2026-07-30\https-script-google-com-macros-s\outputs\media\ar\p-298-g108.jpg","https://www.mad-parfumeur.com/respondio-catalog/media/ar/p-298-g108.jpg?v=20260731-4","https://www.mad-parfumeur.com/respondio-catalog/wa/ar/p-298-g108.html?v=20260731-4","https://wa.me/972524033442?text=%D9%85%D8%B1%D8%AD%D8%A8%D8%A7%D8%8C%20%D8%A3%D8%B1%D9%8A%D8%AF%20%D8%B7%D9%84%D8%A8%20%D8%A7%D9%84%D9%85%D9%86%D8%AA%D8%AC%20G108","Insolence Eau de Toilette** من **Guerlain
الكود: G108
السعر: 100 ILS
عودة للمراسلة: https://wa.me/972524033442?text=%D9%85%D8%B1%D8%AD%D8%A8%D8%A7%D8%8C%20%D8%A3%D8%B1%D9%8A%D8%AF%20%D8%B7%D9%84%D8%A8%20%D8%A7%D9%84%D9%85%D9%86%D8%AA%D8%AC%20G108",""
"ar","عطور سويتيه [מתוק] W191 A115 T109","عطور سويتيه [מתוק] W191 A115 T109","ar-عطور سويتيه [מתוק] W191 A115 T109-p-302-w191-a115-t109.jpg","C:\Users\yahya\Documents\Codex\2026-07-30\https-script-google-com-macros-s\outputs\media\ar\p-302-w191-a115-t109.jpg","https://www.mad-parfumeur.com/respondio-catalog/media/ar/p-302-w191-a115-t109.jpg?v=20260731-4","https://www.mad-parfumeur.com/respondio-catalog/wa/ar/p-302-w191-a115-t109.html?v=20260731-4","https://wa.me/972524033442?text=%D9%85%D8%B1%D8%AD%D8%A8%D8%A7%D8%8C%20%D8%A3%D8%B1%D9%8A%D8%AF%20%D8%B7%D9%84%D8%A8%20%D8%A7%D9%84%D9%85%D9%86%D8%AA%D8%AC%20%D8%B9%D8%B7%D9%88%D8%B1%20%D8%B3%D9%88%D9%8A%D8%AA%D9%8A%D9%87%20%5B%D7%9E%D7%AA%D7%95%D7%A7%5D%20W191%20A115%20T109","عطور سويتيه [מתוק] W191 A115 T109
الكود: عطور سويتيه [מתוק] W191 A115 T109
السعر: 300 ILS
عودة للمراسلة: https://wa.me/972524033442?text=%D9%85%D8%B1%D8%AD%D8%A8%D8%A7%D8%8C%20%D8%A3%D8%B1%D9%8A%D8%AF%20%D8%B7%D9%84%D8%A8%20%D8%A7%D9%84%D9%85%D9%86%D8%AA%D8%AC%20%D8%B9%D8%B7%D9%88%D8%B1%20%D8%B3%D9%88%D9%8A%D8%AA%D9%8A%D9%87%20%5B%D7%9E%D7%AA%D7%95%D7%A7%5D%20W191%20A115%20T109",""
"ar","AFRODITA-N106 W154 L101","AFRODITA-N106 W154 L101","ar-AFRODITA-N106 W154 L101-p-305-afrodita-n106-w154-l101.jpg","C:\Users\yahya\Documents\Codex\2026-07-30\https-script-google-com-macros-s\outputs\media\ar\p-305-afrodita-n106-w154-l101.jpg","https://www.mad-parfumeur.com/respondio-catalog/media/ar/p-305-afrodita-n106-w154-l101.jpg?v=20260731-4","https://www.mad-parfumeur.com/respondio-catalog/wa/ar/p-305-afrodita-n106-w154-l101.html?v=20260731-4","https://wa.me/972524033442?text=%D9%85%D8%B1%D8%AD%D8%A8%D8%A7%D8%8C%20%D8%A3%D8%B1%D9%8A%D8%AF%20%D8%B7%D9%84%D8%A8%20%D8%A7%D9%84%D9%85%D9%86%D8%AA%D8%AC%20AFRODITA-N106%20W154%20L101","AFRODITA-N106 W154 L101
الكود: AFRODITA-N106 W154 L101
السعر: 300 ILS
عودة للمراسلة: https://wa.me/972524033442?text=%D9%85%D8%B1%D8%AD%D8%A8%D8%A7%D8%8C%20%D8%A3%D8%B1%D9%8A%D8%AF%20%D8%B7%D9%84%D8%A8%20%D8%A7%D9%84%D9%85%D9%86%D8%AA%D8%AC%20AFRODITA-N106%20W154%20L101",""
"ar","x102","XJ 1861 Naxos - Xerjoff","ar-x102-p-311-x102.jpg","C:\Users\yahya\Documents\Codex\2026-07-30\https-script-google-com-macros-s\outputs\media\ar\p-311-x102.jpg","https://www.mad-parfumeur.com/respondio-catalog/media/ar/p-311-x102.jpg?v=20260731-4","https://www.mad-parfumeur.com/respondio-catalog/wa/ar/p-311-x102.html?v=20260731-4","https://wa.me/972524033442?text=%D9%85%D8%B1%D8%AD%D8%A8%D8%A7%D8%8C%20%D8%A3%D8%B1%D9%8A%D8%AF%20%D8%B7%D9%84%D8%A8%20%D8%A7%D9%84%D9%85%D9%86%D8%AA%D8%AC%20x102","XJ 1861 Naxos - Xerjoff
الكود: x102
السعر: 100 ILS
عودة للمراسلة: https://wa.me/972524033442?text=%D9%85%D8%B1%D8%AD%D8%A8%D8%A7%D8%8C%20%D8%A3%D8%B1%D9%8A%D8%AF%20%D8%B7%D9%84%D8%A8%20%D8%A7%D9%84%D9%85%D9%86%D8%AA%D8%AC%20x102",""
"ar","ROYAL - W191 T104 W150","ROYAL - W191 T104 W150","ar-ROYAL - W191 T104 W150-p-316-royal-w191-t104-w150.jpg","C:\Users\yahya\Documents\Codex\2026-07-30\https-script-google-com-macros-s\outputs\media\ar\p-316-royal-w191-t104-w150.jpg","https://www.mad-parfumeur.com/respondio-catalog/media/ar/p-316-royal-w191-t104-w150.jpg?v=20260731-4","https://www.mad-parfumeur.com/respondio-catalog/wa/ar/p-316-royal-w191-t104-w150.html?v=20260731-4","https://wa.me/972524033442?text=%D9%85%D8%B1%D8%AD%D8%A8%D8%A7%D8%8C%20%D8%A3%D8%B1%D9%8A%D8%AF%20%D8%B7%D9%84%D8%A8%20%D8%A7%D9%84%D9%85%D9%86%D8%AA%D8%AC%20ROYAL%20-%20W191%20T104%20W150","ROYAL - W191 T104 W150
الكود: ROYAL - W191 T104 W150
السعر: 300 ILS
عودة للمراسلة: https://wa.me/972524033442?text=%D9%85%D8%B1%D8%AD%D8%A8%D8%A7%D8%8C%20%D8%A3%D8%B1%D9%8A%D8%AF%20%D8%B7%D9%84%D8%A8%20%D8%A7%D9%84%D9%85%D9%86%D8%AA%D8%AC%20ROYAL%20-%20W191%20T104%20W150",""
"ar","ELEGANCE - T106 W183 T103","ELEGANCE - T106 W183 T103","ar-ELEGANCE - T106 W183 T103-p-317-elegance-t106-w183-t103.jpg","C:\Users\yahya\Documents\Codex\2026-07-30\https-script-google-com-macros-s\outputs\media\ar\p-317-elegance-t106-w183-t103.jpg","https://www.mad-parfumeur.com/respondio-catalog/media/ar/p-317-elegance-t106-w183-t103.jpg?v=20260731-4","https://www.mad-parfumeur.com/respondio-catalog/wa/ar/p-317-elegance-t106-w183-t103.html?v=20260731-4","https://wa.me/972524033442?text=%D9%85%D8%B1%D8%AD%D8%A8%D8%A7%D8%8C%20%D8%A3%D8%B1%D9%8A%D8%AF%20%D8%B7%D9%84%D8%A8%20%D8%A7%D9%84%D9%85%D9%86%D8%AA%D8%AC%20ELEGANCE%20-%20T106%20W183%20T103","ELEGANCE - T106 W183 T103
الكود: ELEGANCE - T106 W183 T103
السعر: 300 ILS
عودة للمراسلة: https://wa.me/972524033442?text=%D9%85%D8%B1%D8%AD%D8%A8%D8%A7%D8%8C%20%D8%A3%D8%B1%D9%8A%D8%AF%20%D8%B7%D9%84%D8%A8%20%D8%A7%D9%84%D9%85%D9%86%D8%AA%D8%AC%20ELEGANCE%20-%20T106%20W183%20T103",""
"ar","LEGEND - B107 W158 A104","💰 السعر: فقط 350 شيكل شامل التوصيل","ar-LEGEND - B107 W158 A104-p-320-legend-b107-w158-a104.jpg","C:\Users\yahya\Documents\Codex\2026-07-30\https-script-google-com-macros-s\outputs\media\ar\p-320-legend-b107-w158-a104.jpg","https://www.mad-parfumeur.com/respondio-catalog/media/ar/p-320-legend-b107-w158-a104.jpg?v=20260731-4","https://www.mad-parfumeur.com/respondio-catalog/wa/ar/p-320-legend-b107-w158-a104.html?v=20260731-4","https://wa.me/972524033442?text=%D9%85%D8%B1%D8%AD%D8%A8%D8%A7%D8%8C%20%D8%A3%D8%B1%D9%8A%D8%AF%20%D8%B7%D9%84%D8%A8%20%D8%A7%D9%84%D9%85%D9%86%D8%AA%D8%AC%20LEGEND%20-%20B107%20W158%20A104","💰 السعر: فقط 350 شيكل شامل التوصيل
الكود: LEGEND - B107 W158 A104
السعر: 300 ILS
عودة للمراسلة: https://wa.me/972524033442?text=%D9%85%D8%B1%D8%AD%D8%A8%D8%A7%D8%8C%20%D8%A3%D8%B1%D9%8A%D8%AF%20%D8%B7%D9%84%D8%A8%20%D8%A7%D9%84%D9%85%D9%86%D8%AA%D8%AC%20LEGEND%20-%20B107%20W158%20A104",""
"ar","DREAM LIGHET","ATTRAPE-RÊVES","ar-DREAM LIGHET-p-323-dream-lighet.jpg","C:\Users\yahya\Documents\Codex\2026-07-30\https-script-google-com-macros-s\outputs\media\ar\p-323-dream-lighet.jpg","https://www.mad-parfumeur.com/respondio-catalog/media/ar/p-323-dream-lighet.jpg?v=20260731-4","https://www.mad-parfumeur.com/respondio-catalog/wa/ar/p-323-dream-lighet.html?v=20260731-4","https://wa.me/972524033442?text=%D9%85%D8%B1%D8%AD%D8%A8%D8%A7%D8%8C%20%D8%A3%D8%B1%D9%8A%D8%AF%20%D8%B7%D9%84%D8%A8%20%D8%A7%D9%84%D9%85%D9%86%D8%AA%D8%AC%20DREAM%20LIGHET","ATTRAPE-RÊVES
الكود: DREAM LIGHET
السعر: 350 ILS
عودة للمراسلة: https://wa.me/972524033442?text=%D9%85%D8%B1%D8%AD%D8%A8%D8%A7%D8%8C%20%D8%A3%D8%B1%D9%8A%D8%AF%20%D8%B7%D9%84%D8%A8%20%D8%A7%D9%84%D9%85%D9%86%D8%AA%D8%AC%20DREAM%20LIGHET",""
"ar","STARLIGHT","City Of Stars Louis Vuitton","ar-STARLIGHT-p-324-starlight.jpg","C:\Users\yahya\Documents\Codex\2026-07-30\https-script-google-com-macros-s\outputs\media\ar\p-324-starlight.jpg","https://www.mad-parfumeur.com/respondio-catalog/media/ar/p-324-starlight.jpg?v=20260731-4","https://www.mad-parfumeur.com/respondio-catalog/wa/ar/p-324-starlight.html?v=20260731-4","https://wa.me/972524033442?text=%D9%85%D8%B1%D8%AD%D8%A8%D8%A7%D8%8C%20%D8%A3%D8%B1%D9%8A%D8%AF%20%D8%B7%D9%84%D8%A8%20%D8%A7%D9%84%D9%85%D9%86%D8%AA%D8%AC%20STARLIGHT","City Of Stars Louis Vuitton
الكود: STARLIGHT
السعر: 350 ILS
عودة للمراسلة: https://wa.me/972524033442?text=%D9%85%D8%B1%D8%AD%D8%A8%D8%A7%D8%8C%20%D8%A3%D8%B1%D9%8A%D8%AF%20%D8%B7%D9%84%D8%A8%20%D8%A7%D9%84%D9%85%D9%86%D8%AA%D8%AC%20STARLIGHT",""
"ar","SEALIGHET","L’Immensité Louis Vuitton","ar-SEALIGHET-p-326-sealighet.jpg","C:\Users\yahya\Documents\Codex\2026-07-30\https-script-google-com-macros-s\outputs\media\ar\p-326-sealighet.jpg","https://www.mad-parfumeur.com/respondio-catalog/media/ar/p-326-sealighet.jpg?v=20260731-4","https://www.mad-parfumeur.com/respondio-catalog/wa/ar/p-326-sealighet.html?v=20260731-4","https://wa.me/972524033442?text=%D9%85%D8%B1%D8%AD%D8%A8%D8%A7%D8%8C%20%D8%A3%D8%B1%D9%8A%D8%AF%20%D8%B7%D9%84%D8%A8%20%D8%A7%D9%84%D9%85%D9%86%D8%AA%D8%AC%20SEALIGHET","L’Immensité Louis Vuitton
الكود: SEALIGHET
السعر: 350 ILS
عودة للمراسلة: https://wa.me/972524033442?text=%D9%85%D8%B1%D8%AD%D8%A8%D8%A7%D8%8C%20%D8%A3%D8%B1%D9%8A%D8%AF%20%D8%B7%D9%84%D8%A8%20%D8%A7%D9%84%D9%85%D9%86%D8%AA%D8%AC%20SEALIGHET",""
"ar","p107","Prada Paradoxe من Prada","ar-p107-p-327-p107.jpg","C:\Users\yahya\Documents\Codex\2026-07-30\https-script-google-com-macros-s\outputs\media\ar\p-327-p107.jpg","https://www.mad-parfumeur.com/respondio-catalog/media/ar/p-327-p107.jpg?v=20260731-4","https://www.mad-parfumeur.com/respondio-catalog/wa/ar/p-327-p107.html?v=20260731-4","https://wa.me/972524033442?text=%D9%85%D8%B1%D8%AD%D8%A8%D8%A7%D8%8C%20%D8%A3%D8%B1%D9%8A%D8%AF%20%D8%B7%D9%84%D8%A8%20%D8%A7%D9%84%D9%85%D9%86%D8%AA%D8%AC%20p107","Prada Paradoxe من Prada
الكود: p107
السعر: 100 ILS
عودة للمراسلة: https://wa.me/972524033442?text=%D9%85%D8%B1%D8%AD%D8%A8%D8%A7%D8%8C%20%D8%A3%D8%B1%D9%8A%D8%AF%20%D8%B7%D9%84%D8%A8%20%D8%A7%D9%84%D9%85%D9%86%D8%AA%D8%AC%20p107",""
"ar","SHAH","Shah 50 ml Unisex","ar-SHAH-p-360-shah.jpg","C:\Users\yahya\Documents\Codex\2026-07-30\https-script-google-com-macros-s\outputs\media\ar\p-360-shah.jpg","https://www.mad-parfumeur.com/respondio-catalog/media/ar/p-360-shah.jpg?v=20260731-4","https://www.mad-parfumeur.com/respondio-catalog/wa/ar/p-360-shah.html?v=20260731-4","https://wa.me/972524033442?text=%D9%85%D8%B1%D8%AD%D8%A8%D8%A7%D8%8C%20%D8%A3%D8%B1%D9%8A%D8%AF%20%D8%B7%D9%84%D8%A8%20%D8%A7%D9%84%D9%85%D9%86%D8%AA%D8%AC%20SHAH","Shah 50 ml Unisex
الكود: SHAH
السعر: 500 ILS
عودة للمراسلة: https://wa.me/972524033442?text=%D9%85%D8%B1%D8%AD%D8%A8%D8%A7%D8%8C%20%D8%A3%D8%B1%D9%8A%D8%AF%20%D8%B7%D9%84%D8%A8%20%D8%A7%D9%84%D9%85%D9%86%D8%AA%D8%AC%20SHAH",""
"ar","D116","Q by Dolce & Gabbana - Dolce&Gabbana","ar-D116-p-387-d116.jpg","C:\Users\yahya\Documents\Codex\2026-07-30\https-script-google-com-macros-s\outputs\media\ar\p-387-d116.jpg","https://www.mad-parfumeur.com/respondio-catalog/media/ar/p-387-d116.jpg?v=20260731-4","https://www.mad-parfumeur.com/respondio-catalog/wa/ar/p-387-d116.html?v=20260731-4","https://wa.me/972524033442?text=%D9%85%D8%B1%D8%AD%D8%A8%D8%A7%D8%8C%20%D8%A3%D8%B1%D9%8A%D8%AF%20%D8%B7%D9%84%D8%A8%20%D8%A7%D9%84%D9%85%D9%86%D8%AA%D8%AC%20D116","Q by Dolce & Gabbana - Dolce&Gabbana
الكود: D116
السعر: 100 ILS
عودة للمراسلة: https://wa.me/972524033442?text=%D9%85%D8%B1%D8%AD%D8%A8%D8%A7%D8%8C%20%D8%A3%D8%B1%D9%8A%D8%AF%20%D8%B7%D9%84%D8%A8%20%D8%A7%D9%84%D9%85%D9%86%D8%AA%D8%AC%20D116",""
"ar","D117","Devotion - Dolce&Gabbana","ar-D117-p-388-d117.jpg","C:\Users\yahya\Documents\Codex\2026-07-30\https-script-google-com-macros-s\outputs\media\ar\p-388-d117.jpg","https://www.mad-parfumeur.com/respondio-catalog/media/ar/p-388-d117.jpg?v=20260731-4","https://www.mad-parfumeur.com/respondio-catalog/wa/ar/p-388-d117.html?v=20260731-4","https://wa.me/972524033442?text=%D9%85%D8%B1%D8%AD%D8%A8%D8%A7%D8%8C%20%D8%A3%D8%B1%D9%8A%D8%AF%20%D8%B7%D9%84%D8%A8%20%D8%A7%D9%84%D9%85%D9%86%D8%AA%D8%AC%20D117","Devotion - Dolce&Gabbana
الكود: D117
السعر: 100 ILS
عودة للمراسلة: https://wa.me/972524033442?text=%D9%85%D8%B1%D8%AD%D8%A8%D8%A7%D8%8C%20%D8%A3%D8%B1%D9%8A%D8%AF%20%D8%B7%D9%84%D8%A8%20%D8%A7%D9%84%D9%85%D9%86%D8%AA%D8%AC%20D117",""
"ar","Rouge Empreisa 100 ml Unisex Parfüm","Empressa Penhaligon's","ar-Rouge Empreisa 100 ml Unisex Parfüm-p-390-rouge-empreisa-100-ml-unisex-parf-m.jpg","C:\Users\yahya\Documents\Codex\2026-07-30\https-script-google-com-macros-s\outputs\media\ar\p-390-rouge-empreisa-100-ml-unisex-parf-m.jpg","https://www.mad-parfumeur.com/respondio-catalog/media/ar/p-390-rouge-empreisa-100-ml-unisex-parf-m.jpg?v=20260731-4","https://www.mad-parfumeur.com/respondio-catalog/wa/ar/p-390-rouge-empreisa-100-ml-unisex-parf-m.html?v=20260731-4","https://wa.me/972524033442?text=%D9%85%D8%B1%D8%AD%D8%A8%D8%A7%D8%8C%20%D8%A3%D8%B1%D9%8A%D8%AF%20%D8%B7%D9%84%D8%A8%20%D8%A7%D9%84%D9%85%D9%86%D8%AA%D8%AC%20Rouge%20Empreisa%20100%20ml%20Unisex%20Parf%C3%BCm","Empressa Penhaligon's
الكود: Rouge Empreisa 100 ml Unisex Parfüm
السعر: 300 ILS
عودة للمراسلة: https://wa.me/972524033442?text=%D9%85%D8%B1%D8%AD%D8%A8%D8%A7%D8%8C%20%D8%A3%D8%B1%D9%8A%D8%AF%20%D8%B7%D9%84%D8%A8%20%D8%A7%D9%84%D9%85%D9%86%D8%AA%D8%AC%20Rouge%20Empreisa%20100%20ml%20Unisex%20Parf%C3%BCm",""
"ar","DETOX","Delox Tiziana Terenzi","ar-DETOX-p-391-detox.jpg","C:\Users\yahya\Documents\Codex\2026-07-30\https-script-google-com-macros-s\outputs\media\ar\p-391-detox.jpg","https://www.mad-parfumeur.com/respondio-catalog/media/ar/p-391-detox.jpg?v=20260731-4","https://www.mad-parfumeur.com/respondio-catalog/wa/ar/p-391-detox.html?v=20260731-4","https://wa.me/972524033442?text=%D9%85%D8%B1%D8%AD%D8%A8%D8%A7%D8%8C%20%D8%A3%D8%B1%D9%8A%D8%AF%20%D8%B7%D9%84%D8%A8%20%D8%A7%D9%84%D9%85%D9%86%D8%AA%D8%AC%20DETOX","Delox Tiziana Terenzi
الكود: DETOX
السعر: 300 ILS
عودة للمراسلة: https://wa.me/972524033442?text=%D9%85%D8%B1%D8%AD%D8%A8%D8%A7%D8%8C%20%D8%A3%D8%B1%D9%8A%D8%AF%20%D8%B7%D9%84%D8%A8%20%D8%A7%D9%84%D9%85%D9%86%D8%AA%D8%AC%20DETOX",""
"ar","Bruno Casanova","Casanova Tiziana Terenzi","ar-Bruno Casanova-p-392-bruno-casanova.jpg","C:\Users\yahya\Documents\Codex\2026-07-30\https-script-google-com-macros-s\outputs\media\ar\p-392-bruno-casanova.jpg","https://www.mad-parfumeur.com/respondio-catalog/media/ar/p-392-bruno-casanova.jpg?v=20260731-4","https://www.mad-parfumeur.com/respondio-catalog/wa/ar/p-392-bruno-casanova.html?v=20260731-4","https://wa.me/972524033442?text=%D9%85%D8%B1%D8%AD%D8%A8%D8%A7%D8%8C%20%D8%A3%D8%B1%D9%8A%D8%AF%20%D8%B7%D9%84%D8%A8%20%D8%A7%D9%84%D9%85%D9%86%D8%AA%D8%AC%20Bruno%20Casanova","Casanova Tiziana Terenzi
الكود: Bruno Casanova
السعر: 300 ILS
عودة للمراسلة: https://wa.me/972524033442?text=%D9%85%D8%B1%D8%AD%D8%A8%D8%A7%D8%8C%20%D8%A3%D8%B1%D9%8A%D8%AF%20%D8%B7%D9%84%D8%A8%20%D8%A7%D9%84%D9%85%D9%86%D8%AA%D8%AC%20Bruno%20Casanova",""
"ar","Bruno Exotic","my kurkdjian amyrisv homme","ar-Bruno Exotic-p-393-bruno-exotic.jpg","C:\Users\yahya\Documents\Codex\2026-07-30\https-script-google-com-macros-s\outputs\media\ar\p-393-bruno-exotic.jpg","https://www.mad-parfumeur.com/respondio-catalog/media/ar/p-393-bruno-exotic.jpg?v=20260731-4","https://www.mad-parfumeur.com/respondio-catalog/wa/ar/p-393-bruno-exotic.html?v=20260731-4","https://wa.me/972524033442?text=%D9%85%D8%B1%D8%AD%D8%A8%D8%A7%D8%8C%20%D8%A3%D8%B1%D9%8A%D8%AF%20%D8%B7%D9%84%D8%A8%20%D8%A7%D9%84%D9%85%D9%86%D8%AA%D8%AC%20Bruno%20Exotic","my kurkdjian amyrisv homme
الكود: Bruno Exotic
السعر: 300 ILS
عودة للمراسلة: https://wa.me/972524033442?text=%D9%85%D8%B1%D8%AD%D8%A8%D8%A7%D8%8C%20%D8%A3%D8%B1%D9%8A%D8%AF%20%D8%B7%D9%84%D8%A8%20%D8%A7%D9%84%D9%85%D9%86%D8%AA%D8%AC%20Bruno%20Exotic",""
"ar","Mad Absolutely","Modern Muse Nuit Estée Lauder","ar-Mad Absolutely-p-394-mad-absolutely.jpg","C:\Users\yahya\Documents\Codex\2026-07-30\https-script-google-com-macros-s\outputs\media\ar\p-394-mad-absolutely.jpg","https://www.mad-parfumeur.com/respondio-catalog/media/ar/p-394-mad-absolutely.jpg?v=20260731-4","https://www.mad-parfumeur.com/respondio-catalog/wa/ar/p-394-mad-absolutely.html?v=20260731-4","https://wa.me/972524033442?text=%D9%85%D8%B1%D8%AD%D8%A8%D8%A7%D8%8C%20%D8%A3%D8%B1%D9%8A%D8%AF%20%D8%B7%D9%84%D8%A8%20%D8%A7%D9%84%D9%85%D9%86%D8%AA%D8%AC%20Mad%20Absolutely","Modern Muse Nuit Estée Lauder
الكود: Mad Absolutely
السعر: 300 ILS
عودة للمراسلة: https://wa.me/972524033442?text=%D9%85%D8%B1%D8%AD%D8%A8%D8%A7%D8%8C%20%D8%A3%D8%B1%D9%8A%D8%AF%20%D8%B7%D9%84%D8%A8%20%D8%A7%D9%84%D9%85%D9%86%D8%AA%D8%AC%20Mad%20Absolutely",""
"ar","Sweet Bouquet","Delina Parfums de Marly","ar-Sweet Bouquet-p-395-sweet-bouquet.jpg","C:\Users\yahya\Documents\Codex\2026-07-30\https-script-google-com-macros-s\outputs\media\ar\p-395-sweet-bouquet.jpg","https://www.mad-parfumeur.com/respondio-catalog/media/ar/p-395-sweet-bouquet.jpg?v=20260731-4","https://www.mad-parfumeur.com/respondio-catalog/wa/ar/p-395-sweet-bouquet.html?v=20260731-4","https://wa.me/972524033442?text=%D9%85%D8%B1%D8%AD%D8%A8%D8%A7%D8%8C%20%D8%A3%D8%B1%D9%8A%D8%AF%20%D8%B7%D9%84%D8%A8%20%D8%A7%D9%84%D9%85%D9%86%D8%AA%D8%AC%20Sweet%20Bouquet","Delina Parfums de Marly
الكود: Sweet Bouquet
السعر: 300 ILS
عودة للمراسلة: https://wa.me/972524033442?text=%D9%85%D8%B1%D8%AD%D8%A8%D8%A7%D8%8C%20%D8%A3%D8%B1%D9%8A%D8%AF%20%D8%B7%D9%84%D8%A8%20%D8%A7%D9%84%D9%85%D9%86%D8%AA%D8%AC%20Sweet%20Bouquet",""
"ar","V101","Scandalous من Victoria's Secret","ar-V101-p-401-v101.jpg","C:\Users\yahya\Documents\Codex\2026-07-30\https-script-google-com-macros-s\outputs\media\ar\p-401-v101.jpg","https://www.mad-parfumeur.com/respondio-catalog/media/ar/p-401-v101.jpg?v=20260731-4","https://www.mad-parfumeur.com/respondio-catalog/wa/ar/p-401-v101.html?v=20260731-4","https://wa.me/972524033442?text=%D9%85%D8%B1%D8%AD%D8%A8%D8%A7%D8%8C%20%D8%A3%D8%B1%D9%8A%D8%AF%20%D8%B7%D9%84%D8%A8%20%D8%A7%D9%84%D9%85%D9%86%D8%AA%D8%AC%20V101","Scandalous من Victoria's Secret
الكود: V101
السعر: 100 ILS
عودة للمراسلة: https://wa.me/972524033442?text=%D9%85%D8%B1%D8%AD%D8%A8%D8%A7%D8%8C%20%D8%A3%D8%B1%D9%8A%D8%AF%20%D8%B7%D9%84%D8%A8%20%D8%A7%D9%84%D9%85%D9%86%D8%AA%D8%AC%20V101",""
"ar","T109 L102 W150","T109 L102 W150","ar-T109 L102 W150-p-411-t109-l102-w150.jpg","C:\Users\yahya\Documents\Codex\2026-07-30\https-script-google-com-macros-s\outputs\media\ar\p-411-t109-l102-w150.jpg","https://www.mad-parfumeur.com/respondio-catalog/media/ar/p-411-t109-l102-w150.jpg?v=20260731-4","https://www.mad-parfumeur.com/respondio-catalog/wa/ar/p-411-t109-l102-w150.html?v=20260731-4","https://wa.me/972524033442?text=%D9%85%D8%B1%D8%AD%D8%A8%D8%A7%D8%8C%20%D8%A3%D8%B1%D9%8A%D8%AF%20%D8%B7%D9%84%D8%A8%20%D8%A7%D9%84%D9%85%D9%86%D8%AA%D8%AC%20T109%20L102%20W150","T109 L102 W150
الكود: T109 L102 W150
السعر: 300 ILS
عودة للمراسلة: https://wa.me/972524033442?text=%D9%85%D8%B1%D8%AD%D8%A8%D8%A7%D8%8C%20%D8%A3%D8%B1%D9%8A%D8%AF%20%D8%B7%D9%84%D8%A8%20%D8%A7%D9%84%D9%85%D9%86%D8%AA%D8%AC%20T109%20L102%20W150",""
"ar","W198","Egoiste Platinum - Chanel","ar-W198-p-414-w198.jpg","C:\Users\yahya\Documents\Codex\2026-07-30\https-script-google-com-macros-s\outputs\media\ar\p-414-w198.jpg","https://www.mad-parfumeur.com/respondio-catalog/media/ar/p-414-w198.jpg?v=20260731-4","https://www.mad-parfumeur.com/respondio-catalog/wa/ar/p-414-w198.html?v=20260731-4","https://wa.me/972524033442?text=%D9%85%D8%B1%D8%AD%D8%A8%D8%A7%D8%8C%20%D8%A3%D8%B1%D9%8A%D8%AF%20%D8%B7%D9%84%D8%A8%20%D8%A7%D9%84%D9%85%D9%86%D8%AA%D8%AC%20W198","Egoiste Platinum - Chanel
الكود: W198
السعر: 100 ILS
عودة للمراسلة: https://wa.me/972524033442?text=%D9%85%D8%B1%D8%AD%D8%A8%D8%A7%D8%8C%20%D8%A3%D8%B1%D9%8A%D8%AF%20%D8%B7%D9%84%D8%A8%20%D8%A7%D9%84%D9%85%D9%86%D8%AA%D8%AC%20W198",""
"ar","G111","Good Girl Blush** من **Carolina Herrera","ar-G111-p-421-g111.jpg","C:\Users\yahya\Documents\Codex\2026-07-30\https-script-google-com-macros-s\outputs\media\ar\p-421-g111.jpg","https://www.mad-parfumeur.com/respondio-catalog/media/ar/p-421-g111.jpg?v=20260731-4","https://www.mad-parfumeur.com/respondio-catalog/wa/ar/p-421-g111.html?v=20260731-4","https://wa.me/972524033442?text=%D9%85%D8%B1%D8%AD%D8%A8%D8%A7%D8%8C%20%D8%A3%D8%B1%D9%8A%D8%AF%20%D8%B7%D9%84%D8%A8%20%D8%A7%D9%84%D9%85%D9%86%D8%AA%D8%AC%20G111","Good Girl Blush** من **Carolina Herrera
الكود: G111
السعر: 100 ILS
عودة للمراسلة: https://wa.me/972524033442?text=%D9%85%D8%B1%D8%AD%D8%A8%D8%A7%D8%8C%20%D8%A3%D8%B1%D9%8A%D8%AF%20%D8%B7%D9%84%D8%A8%20%D8%A7%D9%84%D9%85%D9%86%D8%AA%D8%AC%20G111",""
"ar","G109","La Petite Robe Noire** من **Guerlain","ar-G109-p-422-g109.jpg","C:\Users\yahya\Documents\Codex\2026-07-30\https-script-google-com-macros-s\outputs\media\ar\p-422-g109.jpg","https://www.mad-parfumeur.com/respondio-catalog/media/ar/p-422-g109.jpg?v=20260731-4","https://www.mad-parfumeur.com/respondio-catalog/wa/ar/p-422-g109.html?v=20260731-4","https://wa.me/972524033442?text=%D9%85%D8%B1%D8%AD%D8%A8%D8%A7%D8%8C%20%D8%A3%D8%B1%D9%8A%D8%AF%20%D8%B7%D9%84%D8%A8%20%D8%A7%D9%84%D9%85%D9%86%D8%AA%D8%AC%20G109","La Petite Robe Noire** من **Guerlain
الكود: G109
السعر: 100 ILS
عودة للمراسلة: https://wa.me/972524033442?text=%D9%85%D8%B1%D8%AD%D8%A8%D8%A7%D8%8C%20%D8%A3%D8%B1%D9%8A%D8%AF%20%D8%B7%D9%84%D8%A8%20%D8%A7%D9%84%D9%85%D9%86%D8%AA%D8%AC%20G109",""
"ar","G110","Flora Gorgeous Gardenia** من **Gucci","ar-G110-p-424-g110.jpg","C:\Users\yahya\Documents\Codex\2026-07-30\https-script-google-com-macros-s\outputs\media\ar\p-424-g110.jpg","https://www.mad-parfumeur.com/respondio-catalog/media/ar/p-424-g110.jpg?v=20260731-4","https://www.mad-parfumeur.com/respondio-catalog/wa/ar/p-424-g110.html?v=20260731-4","https://wa.me/972524033442?text=%D9%85%D8%B1%D8%AD%D8%A8%D8%A7%D8%8C%20%D8%A3%D8%B1%D9%8A%D8%AF%20%D8%B7%D9%84%D8%A8%20%D8%A7%D9%84%D9%85%D9%86%D8%AA%D8%AC%20G110","Flora Gorgeous Gardenia** من **Gucci
الكود: G110
السعر: 100 ILS
عودة للمراسلة: https://wa.me/972524033442?text=%D9%85%D8%B1%D8%AD%D8%A8%D8%A7%D8%8C%20%D8%A3%D8%B1%D9%8A%D8%AF%20%D8%B7%D9%84%D8%A8%20%D8%A7%D9%84%D9%85%D9%86%D8%AA%D8%AC%20G110",""
"ar","C122","عطر Paris – Venise - Chanel","ar-C122-p-425-c122.jpg","C:\Users\yahya\Documents\Codex\2026-07-30\https-script-google-com-macros-s\outputs\media\ar\p-425-c122.jpg","https://www.mad-parfumeur.com/respondio-catalog/media/ar/p-425-c122.jpg?v=20260731-4","https://www.mad-parfumeur.com/respondio-catalog/wa/ar/p-425-c122.html?v=20260731-4","https://wa.me/972524033442?text=%D9%85%D8%B1%D8%AD%D8%A8%D8%A7%D8%8C%20%D8%A3%D8%B1%D9%8A%D8%AF%20%D8%B7%D9%84%D8%A8%20%D8%A7%D9%84%D9%85%D9%86%D8%AA%D8%AC%20C122","عطر Paris – Venise - Chanel
الكود: C122
السعر: 150 ILS
عودة للمراسلة: https://wa.me/972524033442?text=%D9%85%D8%B1%D8%AD%D8%A8%D8%A7%D8%8C%20%D8%A3%D8%B1%D9%8A%D8%AF%20%D8%B7%D9%84%D8%A8%20%D8%A7%D9%84%D9%85%D9%86%D8%AA%D8%AC%20C122",""
"ar","G103","Intense Oud by Gucci","ar-G103-p-426-g103.jpg","C:\Users\yahya\Documents\Codex\2026-07-30\https-script-google-com-macros-s\outputs\media\ar\p-426-g103.jpg","https://www.mad-parfumeur.com/respondio-catalog/media/ar/p-426-g103.jpg?v=20260731-4","https://www.mad-parfumeur.com/respondio-catalog/wa/ar/p-426-g103.html?v=20260731-4","https://wa.me/972524033442?text=%D9%85%D8%B1%D8%AD%D8%A8%D8%A7%D8%8C%20%D8%A3%D8%B1%D9%8A%D8%AF%20%D8%B7%D9%84%D8%A8%20%D8%A7%D9%84%D9%85%D9%86%D8%AA%D8%AC%20G103","Intense Oud by Gucci
الكود: G103
السعر: 150 ILS
عودة للمراسلة: https://wa.me/972524033442?text=%D9%85%D8%B1%D8%AD%D8%A8%D8%A7%D8%8C%20%D8%A3%D8%B1%D9%8A%D8%AF%20%D8%B7%D9%84%D8%A8%20%D8%A7%D9%84%D9%85%D9%86%D8%AA%D8%AC%20G103",""
"ar","Q118","Costa Azzurra Acqua by Tom Ford","ar-Q118-p-428-q118.jpg","C:\Users\yahya\Documents\Codex\2026-07-30\https-script-google-com-macros-s\outputs\media\ar\p-428-q118.jpg","https://www.mad-parfumeur.com/respondio-catalog/media/ar/p-428-q118.jpg?v=20260731-4","https://www.mad-parfumeur.com/respondio-catalog/wa/ar/p-428-q118.html?v=20260731-4","https://wa.me/972524033442?text=%D9%85%D8%B1%D8%AD%D8%A8%D8%A7%D8%8C%20%D8%A3%D8%B1%D9%8A%D8%AF%20%D8%B7%D9%84%D8%A8%20%D8%A7%D9%84%D9%85%D9%86%D8%AA%D8%AC%20Q118","Costa Azzurra Acqua by Tom Ford
الكود: Q118
السعر: 150 ILS
عودة للمراسلة: https://wa.me/972524033442?text=%D9%85%D8%B1%D8%AD%D8%A8%D8%A7%D8%8C%20%D8%A3%D8%B1%D9%8A%D8%AF%20%D8%B7%D9%84%D8%A8%20%D8%A7%D9%84%D9%85%D9%86%D8%AA%D8%AC%20Q118",""
"ar","Q121","Chaos by Vertus","ar-Q121-p-429-q121.jpg","C:\Users\yahya\Documents\Codex\2026-07-30\https-script-google-com-macros-s\outputs\media\ar\p-429-q121.jpg","https://www.mad-parfumeur.com/respondio-catalog/media/ar/p-429-q121.jpg?v=20260731-4","https://www.mad-parfumeur.com/respondio-catalog/wa/ar/p-429-q121.html?v=20260731-4","https://wa.me/972524033442?text=%D9%85%D8%B1%D8%AD%D8%A8%D8%A7%D8%8C%20%D8%A3%D8%B1%D9%8A%D8%AF%20%D8%B7%D9%84%D8%A8%20%D8%A7%D9%84%D9%85%D9%86%D8%AA%D8%AC%20Q121","Chaos by Vertus
الكود: Q121
السعر: 150 ILS
عودة للمراسلة: https://wa.me/972524033442?text=%D9%85%D8%B1%D8%AD%D8%A8%D8%A7%D8%8C%20%D8%A3%D8%B1%D9%8A%D8%AF%20%D8%B7%D9%84%D8%A8%20%D8%A7%D9%84%D9%85%D9%86%D8%AA%D8%AC%20Q121",""
"ar","Q120","ANKA by Vertus","ar-Q120-p-430-q120.jpg","C:\Users\yahya\Documents\Codex\2026-07-30\https-script-google-com-macros-s\outputs\media\ar\p-430-q120.jpg","https://www.mad-parfumeur.com/respondio-catalog/media/ar/p-430-q120.jpg?v=20260731-4","https://www.mad-parfumeur.com/respondio-catalog/wa/ar/p-430-q120.html?v=20260731-4","https://wa.me/972524033442?text=%D9%85%D8%B1%D8%AD%D8%A8%D8%A7%D8%8C%20%D8%A3%D8%B1%D9%8A%D8%AF%20%D8%B7%D9%84%D8%A8%20%D8%A7%D9%84%D9%85%D9%86%D8%AA%D8%AC%20Q120","ANKA by Vertus
الكود: Q120
السعر: 150 ILS
عودة للمراسلة: https://wa.me/972524033442?text=%D9%85%D8%B1%D8%AD%D8%A8%D8%A7%D8%8C%20%D8%A3%D8%B1%D9%8A%D8%AF%20%D8%B7%D9%84%D8%A8%20%D8%A7%D9%84%D9%85%D9%86%D8%AA%D8%AC%20Q120",""
"ar","G111 G110 W201","💸 السعر: 350 شيكل فقط لثلاث عطور!","ar-G111 G110 W201-p-431-g111-g110-w201.jpg","C:\Users\yahya\Documents\Codex\2026-07-30\https-script-google-com-macros-s\outputs\media\ar\p-431-g111-g110-w201.jpg","https://www.mad-parfumeur.com/respondio-catalog/media/ar/p-431-g111-g110-w201.jpg?v=20260731-4","https://www.mad-parfumeur.com/respondio-catalog/wa/ar/p-431-g111-g110-w201.html?v=20260731-4","https://wa.me/972524033442?text=%D9%85%D8%B1%D8%AD%D8%A8%D8%A7%D8%8C%20%D8%A3%D8%B1%D9%8A%D8%AF%20%D8%B7%D9%84%D8%A8%20%D8%A7%D9%84%D9%85%D9%86%D8%AA%D8%AC%20G111%20G110%20W201","💸 السعر: 350 شيكل فقط لثلاث عطور!
الكود: G111 G110 W201
السعر: 300 ILS
عودة للمراسلة: https://wa.me/972524033442?text=%D9%85%D8%B1%D8%AD%D8%A8%D8%A7%D8%8C%20%D8%A3%D8%B1%D9%8A%D8%AF%20%D8%B7%D9%84%D8%A8%20%D8%A7%D9%84%D9%85%D9%86%D8%AA%D8%AC%20G111%20G110%20W201",""
"ar","Q110","Ombré Leather (2018) - Tom Ford","ar-Q110-p-436-q110.jpg","C:\Users\yahya\Documents\Codex\2026-07-30\https-script-google-com-macros-s\outputs\media\ar\p-436-q110.jpg","https://www.mad-parfumeur.com/respondio-catalog/media/ar/p-436-q110.jpg?v=20260731-4","https://www.mad-parfumeur.com/respondio-catalog/wa/ar/p-436-q110.html?v=20260731-4","https://wa.me/972524033442?text=%D9%85%D8%B1%D8%AD%D8%A8%D8%A7%D8%8C%20%D8%A3%D8%B1%D9%8A%D8%AF%20%D8%B7%D9%84%D8%A8%20%D8%A7%D9%84%D9%85%D9%86%D8%AA%D8%AC%20Q110","Ombré Leather (2018) - Tom Ford
الكود: Q110
السعر: 100 ILS
عودة للمراسلة: https://wa.me/972524033442?text=%D9%85%D8%B1%D8%AD%D8%A8%D8%A7%D8%8C%20%D8%A3%D8%B1%D9%8A%D8%AF%20%D8%B7%D9%84%D8%A8%20%D8%A7%D9%84%D9%85%D9%86%D8%AA%D8%AC%20Q110",""
"ar","J107","Le Beau Paradise Garden by Jean Paul Gaultier","ar-J107-p-437-j107.jpg","C:\Users\yahya\Documents\Codex\2026-07-30\https-script-google-com-macros-s\outputs\media\ar\p-437-j107.jpg","https://www.mad-parfumeur.com/respondio-catalog/media/ar/p-437-j107.jpg?v=20260731-4","https://www.mad-parfumeur.com/respondio-catalog/wa/ar/p-437-j107.html?v=20260731-4","https://wa.me/972524033442?text=%D9%85%D8%B1%D8%AD%D8%A8%D8%A7%D8%8C%20%D8%A3%D8%B1%D9%8A%D8%AF%20%D8%B7%D9%84%D8%A8%20%D8%A7%D9%84%D9%85%D9%86%D8%AA%D8%AC%20J107","Le Beau Paradise Garden by Jean Paul Gaultier
الكود: J107
السعر: 100 ILS
عودة للمراسلة: https://wa.me/972524033442?text=%D9%85%D8%B1%D8%AD%D8%A8%D8%A7%D8%8C%20%D8%A3%D8%B1%D9%8A%D8%AF%20%D8%B7%D9%84%D8%A8%20%D8%A7%D9%84%D9%85%D9%86%D8%AA%D8%AC%20J107",""
"ar","J109","Ultra Male by Jean Paul Gaultier","ar-J109-p-438-j109.jpg","C:\Users\yahya\Documents\Codex\2026-07-30\https-script-google-com-macros-s\outputs\media\ar\p-438-j109.jpg","https://www.mad-parfumeur.com/respondio-catalog/media/ar/p-438-j109.jpg?v=20260731-4","https://www.mad-parfumeur.com/respondio-catalog/wa/ar/p-438-j109.html?v=20260731-4","https://wa.me/972524033442?text=%D9%85%D8%B1%D8%AD%D8%A8%D8%A7%D8%8C%20%D8%A3%D8%B1%D9%8A%D8%AF%20%D8%B7%D9%84%D8%A8%20%D8%A7%D9%84%D9%85%D9%86%D8%AA%D8%AC%20J109","Ultra Male by Jean Paul Gaultier
الكود: J109
السعر: 100 ILS
عودة للمراسلة: https://wa.me/972524033442?text=%D9%85%D8%B1%D8%AD%D8%A8%D8%A7%D8%8C%20%D8%A3%D8%B1%D9%8A%D8%AF%20%D8%B7%D9%84%D8%A8%20%D8%A7%D9%84%D9%85%D9%86%D8%AA%D8%AC%20J109",""
"ar","D103","K by Dolce & Gabbana Eau de Parfum","ar-D103-p-439-d103.jpg","C:\Users\yahya\Documents\Codex\2026-07-30\https-script-google-com-macros-s\outputs\media\ar\p-439-d103.jpg","https://www.mad-parfumeur.com/respondio-catalog/media/ar/p-439-d103.jpg?v=20260731-4","https://www.mad-parfumeur.com/respondio-catalog/wa/ar/p-439-d103.html?v=20260731-4","https://wa.me/972524033442?text=%D9%85%D8%B1%D8%AD%D8%A8%D8%A7%D8%8C%20%D8%A3%D8%B1%D9%8A%D8%AF%20%D8%B7%D9%84%D8%A8%20%D8%A7%D9%84%D9%85%D9%86%D8%AA%D8%AC%20D103","K by Dolce & Gabbana Eau de Parfum
الكود: D103
السعر: 100 ILS
عودة للمراسلة: https://wa.me/972524033442?text=%D9%85%D8%B1%D8%AD%D8%A8%D8%A7%D8%8C%20%D8%A3%D8%B1%D9%8A%D8%AF%20%D8%B7%D9%84%D8%A8%20%D8%A7%D9%84%D9%85%D9%86%D8%AA%D8%AC%20D103",""
"ar","Q112","Crush On Me - Unique'e Luxury","ar-Q112-p-440-q112.jpg","C:\Users\yahya\Documents\Codex\2026-07-30\https-script-google-com-macros-s\outputs\media\ar\p-440-q112.jpg","https://www.mad-parfumeur.com/respondio-catalog/media/ar/p-440-q112.jpg?v=20260731-4","https://www.mad-parfumeur.com/respondio-catalog/wa/ar/p-440-q112.html?v=20260731-4","https://wa.me/972524033442?text=%D9%85%D8%B1%D8%AD%D8%A8%D8%A7%D8%8C%20%D8%A3%D8%B1%D9%8A%D8%AF%20%D8%B7%D9%84%D8%A8%20%D8%A7%D9%84%D9%85%D9%86%D8%AA%D8%AC%20Q112","Crush On Me - Unique'e Luxury
الكود: Q112
السعر: 100 ILS
عودة للمراسلة: https://wa.me/972524033442?text=%D9%85%D8%B1%D8%AD%D8%A8%D8%A7%D8%8C%20%D8%A3%D8%B1%D9%8A%D8%AF%20%D8%B7%D9%84%D8%A8%20%D8%A7%D9%84%D9%85%D9%86%D8%AA%D8%AC%20Q112",""
"ar","Q115","Nº4 Neon by Thomas Kosmala","ar-Q115-p-441-q115.jpg","C:\Users\yahya\Documents\Codex\2026-07-30\https-script-google-com-macros-s\outputs\media\ar\p-441-q115.jpg","https://www.mad-parfumeur.com/respondio-catalog/media/ar/p-441-q115.jpg?v=20260731-4","https://www.mad-parfumeur.com/respondio-catalog/wa/ar/p-441-q115.html?v=20260731-4","https://wa.me/972524033442?text=%D9%85%D8%B1%D8%AD%D8%A8%D8%A7%D8%8C%20%D8%A3%D8%B1%D9%8A%D8%AF%20%D8%B7%D9%84%D8%A8%20%D8%A7%D9%84%D9%85%D9%86%D8%AA%D8%AC%20Q115","Nº4 Neon by Thomas Kosmala
الكود: Q115
السعر: 100 ILS
عودة للمراسلة: https://wa.me/972524033442?text=%D9%85%D8%B1%D8%AD%D8%A8%D8%A7%D8%8C%20%D8%A3%D8%B1%D9%8A%D8%AF%20%D8%B7%D9%84%D8%A8%20%D8%A7%D9%84%D9%85%D9%86%D8%AA%D8%AC%20Q115",""
"ar","Q116","Another 13 by Le Labo","ar-Q116-p-442-q116.jpg","C:\Users\yahya\Documents\Codex\2026-07-30\https-script-google-com-macros-s\outputs\media\ar\p-442-q116.jpg","https://www.mad-parfumeur.com/respondio-catalog/media/ar/p-442-q116.jpg?v=20260731-4","https://www.mad-parfumeur.com/respondio-catalog/wa/ar/p-442-q116.html?v=20260731-4","https://wa.me/972524033442?text=%D9%85%D8%B1%D8%AD%D8%A8%D8%A7%D8%8C%20%D8%A3%D8%B1%D9%8A%D8%AF%20%D8%B7%D9%84%D8%A8%20%D8%A7%D9%84%D9%85%D9%86%D8%AA%D8%AC%20Q116","Another 13 by Le Labo
الكود: Q116
السعر: 100 ILS
عودة للمراسلة: https://wa.me/972524033442?text=%D9%85%D8%B1%D8%AD%D8%A8%D8%A7%D8%8C%20%D8%A3%D8%B1%D9%8A%D8%AF%20%D8%B7%D9%84%D8%A8%20%D8%A7%D9%84%D9%85%D9%86%D8%AA%D8%AC%20Q116",""
"ar","Y102","**MYSLF Eau de Parfum من Yves Saint Laurent","ar-Y102-p-443-y102.jpg","C:\Users\yahya\Documents\Codex\2026-07-30\https-script-google-com-macros-s\outputs\media\ar\p-443-y102.jpg","https://www.mad-parfumeur.com/respondio-catalog/media/ar/p-443-y102.jpg?v=20260731-4","https://www.mad-parfumeur.com/respondio-catalog/wa/ar/p-443-y102.html?v=20260731-4","https://wa.me/972524033442?text=%D9%85%D8%B1%D8%AD%D8%A8%D8%A7%D8%8C%20%D8%A3%D8%B1%D9%8A%D8%AF%20%D8%B7%D9%84%D8%A8%20%D8%A7%D9%84%D9%85%D9%86%D8%AA%D8%AC%20Y102","**MYSLF Eau de Parfum من Yves Saint Laurent
الكود: Y102
السعر: 100 ILS
عودة للمراسلة: https://wa.me/972524033442?text=%D9%85%D8%B1%D8%AD%D8%A8%D8%A7%D8%8C%20%D8%A3%D8%B1%D9%8A%D8%AF%20%D8%B7%D9%84%D8%A8%20%D8%A7%D9%84%D9%85%D9%86%D8%AA%D8%AC%20Y102",""
"ar","B110","London - Burberry","ar-B110-p-445-b110.jpg","C:\Users\yahya\Documents\Codex\2026-07-30\https-script-google-com-macros-s\outputs\media\ar\p-445-b110.jpg","https://www.mad-parfumeur.com/respondio-catalog/media/ar/p-445-b110.jpg?v=20260731-4","https://www.mad-parfumeur.com/respondio-catalog/wa/ar/p-445-b110.html?v=20260731-4","https://wa.me/972524033442?text=%D9%85%D8%B1%D8%AD%D8%A8%D8%A7%D8%8C%20%D8%A3%D8%B1%D9%8A%D8%AF%20%D8%B7%D9%84%D8%A8%20%D8%A7%D9%84%D9%85%D9%86%D8%AA%D8%AC%20B110","London - Burberry
الكود: B110
السعر: 100 ILS
عودة للمراسلة: https://wa.me/972524033442?text=%D9%85%D8%B1%D8%AD%D8%A8%D8%A7%D8%8C%20%D8%A3%D8%B1%D9%8A%D8%AF%20%D8%B7%D9%84%D8%A8%20%D8%A7%D9%84%D9%85%D9%86%D8%AA%D8%AC%20B110",""
"ar","V114","Voce Viva – من Valentino","ar-V114-p-446-v114.jpg","C:\Users\yahya\Documents\Codex\2026-07-30\https-script-google-com-macros-s\outputs\media\ar\p-446-v114.jpg","https://www.mad-parfumeur.com/respondio-catalog/media/ar/p-446-v114.jpg?v=20260731-4","https://www.mad-parfumeur.com/respondio-catalog/wa/ar/p-446-v114.html?v=20260731-4","https://wa.me/972524033442?text=%D9%85%D8%B1%D8%AD%D8%A8%D8%A7%D8%8C%20%D8%A3%D8%B1%D9%8A%D8%AF%20%D8%B7%D9%84%D8%A8%20%D8%A7%D9%84%D9%85%D9%86%D8%AA%D8%AC%20V114","Voce Viva – من Valentino
الكود: V114
السعر: 100 ILS
عودة للمراسلة: https://wa.me/972524033442?text=%D9%85%D8%B1%D8%AD%D8%A8%D8%A7%D8%8C%20%D8%A3%D8%B1%D9%8A%D8%AF%20%D8%B7%D9%84%D8%A8%20%D8%A7%D9%84%D9%85%D9%86%D8%AA%D8%AC%20V114",""
"ar","W152","Versace Pour Femme Dylan Purple","ar-W152-p-447-w152.jpg","C:\Users\yahya\Documents\Codex\2026-07-30\https-script-google-com-macros-s\outputs\media\ar\p-447-w152.jpg","https://www.mad-parfumeur.com/respondio-catalog/media/ar/p-447-w152.jpg?v=20260731-4","https://www.mad-parfumeur.com/respondio-catalog/wa/ar/p-447-w152.html?v=20260731-4","https://wa.me/972524033442?text=%D9%85%D8%B1%D8%AD%D8%A8%D8%A7%D8%8C%20%D8%A3%D8%B1%D9%8A%D8%AF%20%D8%B7%D9%84%D8%A8%20%D8%A7%D9%84%D9%85%D9%86%D8%AA%D8%AC%20W152","Versace Pour Femme Dylan Purple
الكود: W152
السعر: 100 ILS
عودة للمراسلة: https://wa.me/972524033442?text=%D9%85%D8%B1%D8%AD%D8%A8%D8%A7%D8%8C%20%D8%A3%D8%B1%D9%8A%D8%AF%20%D8%B7%D9%84%D8%A8%20%D8%A7%D9%84%D9%85%D9%86%D8%AA%D8%AC%20W152",""
"ar","P105","Luna Rossa Sport - Prada","ar-P105-p-448-p105.jpg","C:\Users\yahya\Documents\Codex\2026-07-30\https-script-google-com-macros-s\outputs\media\ar\p-448-p105.jpg","https://www.mad-parfumeur.com/respondio-catalog/media/ar/p-448-p105.jpg?v=20260731-4","https://www.mad-parfumeur.com/respondio-catalog/wa/ar/p-448-p105.html?v=20260731-4","https://wa.me/972524033442?text=%D9%85%D8%B1%D8%AD%D8%A8%D8%A7%D8%8C%20%D8%A3%D8%B1%D9%8A%D8%AF%20%D8%B7%D9%84%D8%A8%20%D8%A7%D9%84%D9%85%D9%86%D8%AA%D8%AC%20P105","Luna Rossa Sport - Prada
الكود: P105
السعر: 100 ILS
عودة للمراسلة: https://wa.me/972524033442?text=%D9%85%D8%B1%D8%AD%D8%A8%D8%A7%D8%8C%20%D8%A3%D8%B1%D9%8A%D8%AF%20%D8%B7%D9%84%D8%A8%20%D8%A7%D9%84%D9%85%D9%86%D8%AA%D8%AC%20P105",""
"ar","Q117","Oud Ispahan - Dior","ar-Q117-p-449-q117.jpg","C:\Users\yahya\Documents\Codex\2026-07-30\https-script-google-com-macros-s\outputs\media\ar\p-449-q117.jpg","https://www.mad-parfumeur.com/respondio-catalog/media/ar/p-449-q117.jpg?v=20260731-4","https://www.mad-parfumeur.com/respondio-catalog/wa/ar/p-449-q117.html?v=20260731-4","https://wa.me/972524033442?text=%D9%85%D8%B1%D8%AD%D8%A8%D8%A7%D8%8C%20%D8%A3%D8%B1%D9%8A%D8%AF%20%D8%B7%D9%84%D8%A8%20%D8%A7%D9%84%D9%85%D9%86%D8%AA%D8%AC%20Q117","Oud Ispahan - Dior
الكود: Q117
السعر: 100 ILS
عودة للمراسلة: https://wa.me/972524033442?text=%D9%85%D8%B1%D8%AD%D8%A8%D8%A7%D8%8C%20%D8%A3%D8%B1%D9%8A%D8%AF%20%D8%B7%D9%84%D8%A8%20%D8%A7%D9%84%D9%85%D9%86%D8%AA%D8%AC%20Q117",""
"ar","Q114","Atlantide - Tiziana Terenzi","ar-Q114-p-451-q114.jpg","C:\Users\yahya\Documents\Codex\2026-07-30\https-script-google-com-macros-s\outputs\media\ar\p-451-q114.jpg","https://www.mad-parfumeur.com/respondio-catalog/media/ar/p-451-q114.jpg?v=20260731-4","https://www.mad-parfumeur.com/respondio-catalog/wa/ar/p-451-q114.html?v=20260731-4","https://wa.me/972524033442?text=%D9%85%D8%B1%D8%AD%D8%A8%D8%A7%D8%8C%20%D8%A3%D8%B1%D9%8A%D8%AF%20%D8%B7%D9%84%D8%A8%20%D8%A7%D9%84%D9%85%D9%86%D8%AA%D8%AC%20Q114","Atlantide - Tiziana Terenzi
الكود: Q114
السعر: 100 ILS
عودة للمراسلة: https://wa.me/972524033442?text=%D9%85%D8%B1%D8%AD%D8%A8%D8%A7%D8%8C%20%D8%A3%D8%B1%D9%8A%D8%AF%20%D8%B7%D9%84%D8%A8%20%D8%A7%D9%84%D9%85%D9%86%D8%AA%D8%AC%20Q114",""
"ar","Mad Japanese Cherry Blossom 200 ml Kolonya","Mad Japanese Cherry Blossom 200 ml Kolonya","ar-Mad Japanese Cherry Blossom 200 ml Kolonya-p-455-mad-japanese-cherry-blossom-200-ml-kolonya.jpg","C:\Users\yahya\Documents\Codex\2026-07-30\https-script-google-com-macros-s\outputs\media\ar\p-455-mad-japanese-cherry-blossom-200-ml-kolonya.jpg","https://www.mad-parfumeur.com/respondio-catalog/media/ar/p-455-mad-japanese-cherry-blossom-200-ml-kolonya.jpg?v=20260731-4","https://www.mad-parfumeur.com/respondio-catalog/wa/ar/p-455-mad-japanese-cherry-blossom-200-ml-kolonya.html?v=20260731-4","https://wa.me/972524033442?text=%D9%85%D8%B1%D8%AD%D8%A8%D8%A7%D8%8C%20%D8%A3%D8%B1%D9%8A%D8%AF%20%D8%B7%D9%84%D8%A8%20%D8%A7%D9%84%D9%85%D9%86%D8%AA%D8%AC%20Mad%20Japanese%20Cherry%20Blossom%20200%20ml%20Kolonya","Mad Japanese Cherry Blossom 200 ml Kolonya
الكود: Mad Japanese Cherry Blossom 200 ml Kolonya
السعر: 30 ILS
عودة للمراسلة: https://wa.me/972524033442?text=%D9%85%D8%B1%D8%AD%D8%A8%D8%A7%D8%8C%20%D8%A3%D8%B1%D9%8A%D8%AF%20%D8%B7%D9%84%D8%A8%20%D8%A7%D9%84%D9%85%D9%86%D8%AA%D8%AC%20Mad%20Japanese%20Cherry%20Blossom%20200%20ml%20Kolonya",""
"ar","Mad Amber 200 ml Kolonya","Mad Amber 200 ml Kolonya","ar-Mad Amber 200 ml Kolonya-p-456-mad-amber-200-ml-kolonya.jpg","C:\Users\yahya\Documents\Codex\2026-07-30\https-script-google-com-macros-s\outputs\media\ar\p-456-mad-amber-200-ml-kolonya.jpg","https://www.mad-parfumeur.com/respondio-catalog/media/ar/p-456-mad-amber-200-ml-kolonya.jpg?v=20260731-4","https://www.mad-parfumeur.com/respondio-catalog/wa/ar/p-456-mad-amber-200-ml-kolonya.html?v=20260731-4","https://wa.me/972524033442?text=%D9%85%D8%B1%D8%AD%D8%A8%D8%A7%D8%8C%20%D8%A3%D8%B1%D9%8A%D8%AF%20%D8%B7%D9%84%D8%A8%20%D8%A7%D9%84%D9%85%D9%86%D8%AA%D8%AC%20Mad%20Amber%20200%20ml%20Kolonya","Mad Amber 200 ml Kolonya
الكود: Mad Amber 200 ml Kolonya
السعر: 30 ILS
عودة للمراسلة: https://wa.me/972524033442?text=%D9%85%D8%B1%D8%AD%D8%A8%D8%A7%D8%8C%20%D8%A3%D8%B1%D9%8A%D8%AF%20%D8%B7%D9%84%D8%A8%20%D8%A7%D9%84%D9%85%D9%86%D8%AA%D8%AC%20Mad%20Amber%20200%20ml%20Kolonya",""
"ar","Mad Dream Bouquet 200 ml Kolonya","Mad Dream Bouquet 200 ml Kolonya","ar-Mad Dream Bouquet 200 ml Kolonya-p-457-mad-dream-bouquet-200-ml-kolonya.jpg","C:\Users\yahya\Documents\Codex\2026-07-30\https-script-google-com-macros-s\outputs\media\ar\p-457-mad-dream-bouquet-200-ml-kolonya.jpg","https://www.mad-parfumeur.com/respondio-catalog/media/ar/p-457-mad-dream-bouquet-200-ml-kolonya.jpg?v=20260731-4","https://www.mad-parfumeur.com/respondio-catalog/wa/ar/p-457-mad-dream-bouquet-200-ml-kolonya.html?v=20260731-4","https://wa.me/972524033442?text=%D9%85%D8%B1%D8%AD%D8%A8%D8%A7%D8%8C%20%D8%A3%D8%B1%D9%8A%D8%AF%20%D8%B7%D9%84%D8%A8%20%D8%A7%D9%84%D9%85%D9%86%D8%AA%D8%AC%20Mad%20Dream%20Bouquet%20200%20ml%20Kolonya","Mad Dream Bouquet 200 ml Kolonya
الكود: Mad Dream Bouquet 200 ml Kolonya
السعر: 30 ILS
عودة للمراسلة: https://wa.me/972524033442?text=%D9%85%D8%B1%D8%AD%D8%A8%D8%A7%D8%8C%20%D8%A3%D8%B1%D9%8A%D8%AF%20%D8%B7%D9%84%D8%A8%20%D8%A7%D9%84%D9%85%D9%86%D8%AA%D8%AC%20Mad%20Dream%20Bouquet%20200%20ml%20Kolonya",""
"ar","Mad Mimosa 200 ml Kolonya","Mad Mimosa 200 ml Kolonya","ar-Mad Mimosa 200 ml Kolonya-p-458-mad-mimosa-200-ml-kolonya.jpg","C:\Users\yahya\Documents\Codex\2026-07-30\https-script-google-com-macros-s\outputs\media\ar\p-458-mad-mimosa-200-ml-kolonya.jpg","https://www.mad-parfumeur.com/respondio-catalog/media/ar/p-458-mad-mimosa-200-ml-kolonya.jpg?v=20260731-4","https://www.mad-parfumeur.com/respondio-catalog/wa/ar/p-458-mad-mimosa-200-ml-kolonya.html?v=20260731-4","https://wa.me/972524033442?text=%D9%85%D8%B1%D8%AD%D8%A8%D8%A7%D8%8C%20%D8%A3%D8%B1%D9%8A%D8%AF%20%D8%B7%D9%84%D8%A8%20%D8%A7%D9%84%D9%85%D9%86%D8%AA%D8%AC%20Mad%20Mimosa%20200%20ml%20Kolonya","Mad Mimosa 200 ml Kolonya
الكود: Mad Mimosa 200 ml Kolonya
السعر: 30 ILS
عودة للمراسلة: https://wa.me/972524033442?text=%D9%85%D8%B1%D8%AD%D8%A8%D8%A7%D8%8C%20%D8%A3%D8%B1%D9%8A%D8%AF%20%D8%B7%D9%84%D8%A8%20%D8%A7%D9%84%D9%85%D9%86%D8%AA%D8%AC%20Mad%20Mimosa%20200%20ml%20Kolonya",""
"ar","Mad Aqua Di Blue 200 ml Kolonya","Mad Aqua Di Blue 200 ml Kolonya","ar-Mad Aqua Di Blue 200 ml Kolonya-p-459-mad-aqua-di-blue-200-ml-kolonya.jpg","C:\Users\yahya\Documents\Codex\2026-07-30\https-script-google-com-macros-s\outputs\media\ar\p-459-mad-aqua-di-blue-200-ml-kolonya.jpg","https://www.mad-parfumeur.com/respondio-catalog/media/ar/p-459-mad-aqua-di-blue-200-ml-kolonya.jpg?v=20260731-4","https://www.mad-parfumeur.com/respondio-catalog/wa/ar/p-459-mad-aqua-di-blue-200-ml-kolonya.html?v=20260731-4","https://wa.me/972524033442?text=%D9%85%D8%B1%D8%AD%D8%A8%D8%A7%D8%8C%20%D8%A3%D8%B1%D9%8A%D8%AF%20%D8%B7%D9%84%D8%A8%20%D8%A7%D9%84%D9%85%D9%86%D8%AA%D8%AC%20Mad%20Aqua%20Di%20Blue%20200%20ml%20Kolonya","Mad Aqua Di Blue 200 ml Kolonya
الكود: Mad Aqua Di Blue 200 ml Kolonya
السعر: 30 ILS
عودة للمراسلة: https://wa.me/972524033442?text=%D9%85%D8%B1%D8%AD%D8%A8%D8%A7%D8%8C%20%D8%A3%D8%B1%D9%8A%D8%AF%20%D8%B7%D9%84%D8%A8%20%D8%A7%D9%84%D9%85%D9%86%D8%AA%D8%AC%20Mad%20Aqua%20Di%20Blue%20200%20ml%20Kolonya",""
"ar","Mad Bodrum Tangerine 200 ml Kolonya","Mad Bodrum Tangerine 200 ml Kolonya","ar-Mad Bodrum Tangerine 200 ml Kolonya-p-460-mad-bodrum-tangerine-200-ml-kolonya.jpg","C:\Users\yahya\Documents\Codex\2026-07-30\https-script-google-com-macros-s\outputs\media\ar\p-460-mad-bodrum-tangerine-200-ml-kolonya.jpg","https://www.mad-parfumeur.com/respondio-catalog/media/ar/p-460-mad-bodrum-tangerine-200-ml-kolonya.jpg?v=20260731-4","https://www.mad-parfumeur.com/respondio-catalog/wa/ar/p-460-mad-bodrum-tangerine-200-ml-kolonya.html?v=20260731-4","https://wa.me/972524033442?text=%D9%85%D8%B1%D8%AD%D8%A8%D8%A7%D8%8C%20%D8%A3%D8%B1%D9%8A%D8%AF%20%D8%B7%D9%84%D8%A8%20%D8%A7%D9%84%D9%85%D9%86%D8%AA%D8%AC%20Mad%20Bodrum%20Tangerine%20200%20ml%20Kolonya","Mad Bodrum Tangerine 200 ml Kolonya
الكود: Mad Bodrum Tangerine 200 ml Kolonya
السعر: 30 ILS
عودة للمراسلة: https://wa.me/972524033442?text=%D9%85%D8%B1%D8%AD%D8%A8%D8%A7%D8%8C%20%D8%A3%D8%B1%D9%8A%D8%AF%20%D8%B7%D9%84%D8%A8%20%D8%A7%D9%84%D9%85%D9%86%D8%AA%D8%AC%20Mad%20Bodrum%20Tangerine%20200%20ml%20Kolonya",""
"ar","Mad Fig Desert 200 ml Kolonya","Mad Fig Desert 200 ml Kolonya","ar-Mad Fig Desert 200 ml Kolonya-p-461-mad-fig-desert-200-ml-kolonya.jpg","C:\Users\yahya\Documents\Codex\2026-07-30\https-script-google-com-macros-s\outputs\media\ar\p-461-mad-fig-desert-200-ml-kolonya.jpg","https://www.mad-parfumeur.com/respondio-catalog/media/ar/p-461-mad-fig-desert-200-ml-kolonya.jpg?v=20260731-4","https://www.mad-parfumeur.com/respondio-catalog/wa/ar/p-461-mad-fig-desert-200-ml-kolonya.html?v=20260731-4","https://wa.me/972524033442?text=%D9%85%D8%B1%D8%AD%D8%A8%D8%A7%D8%8C%20%D8%A3%D8%B1%D9%8A%D8%AF%20%D8%B7%D9%84%D8%A8%20%D8%A7%D9%84%D9%85%D9%86%D8%AA%D8%AC%20Mad%20Fig%20Desert%20200%20ml%20Kolonya","Mad Fig Desert 200 ml Kolonya
الكود: Mad Fig Desert 200 ml Kolonya
السعر: 30 ILS
عودة للمراسلة: https://wa.me/972524033442?text=%D9%85%D8%B1%D8%AD%D8%A8%D8%A7%D8%8C%20%D8%A3%D8%B1%D9%8A%D8%AF%20%D8%B7%D9%84%D8%A8%20%D8%A7%D9%84%D9%85%D9%86%D8%AA%D8%AC%20Mad%20Fig%20Desert%20200%20ml%20Kolonya",""
"ar","Mad Lavender 200 ml Kolonya","Mad Lavender 200 ml Kolonya","ar-Mad Lavender 200 ml Kolonya-p-462-mad-lavender-200-ml-kolonya.jpg","C:\Users\yahya\Documents\Codex\2026-07-30\https-script-google-com-macros-s\outputs\media\ar\p-462-mad-lavender-200-ml-kolonya.jpg","https://www.mad-parfumeur.com/respondio-catalog/media/ar/p-462-mad-lavender-200-ml-kolonya.jpg?v=20260731-4","https://www.mad-parfumeur.com/respondio-catalog/wa/ar/p-462-mad-lavender-200-ml-kolonya.html?v=20260731-4","https://wa.me/972524033442?text=%D9%85%D8%B1%D8%AD%D8%A8%D8%A7%D8%8C%20%D8%A3%D8%B1%D9%8A%D8%AF%20%D8%B7%D9%84%D8%A8%20%D8%A7%D9%84%D9%85%D9%86%D8%AA%D8%AC%20Mad%20Lavender%20200%20ml%20Kolonya","Mad Lavender 200 ml Kolonya
الكود: Mad Lavender 200 ml Kolonya
السعر: 30 ILS
عودة للمراسلة: https://wa.me/972524033442?text=%D9%85%D8%B1%D8%AD%D8%A8%D8%A7%D8%8C%20%D8%A3%D8%B1%D9%8A%D8%AF%20%D8%B7%D9%84%D8%A8%20%D8%A7%D9%84%D9%85%D9%86%D8%AA%D8%AC%20Mad%20Lavender%20200%20ml%20Kolonya",""
"ar","Mad Bergamot 200 ml Kolonya","Mad Bergamot 200 ml Kolonya","ar-Mad Bergamot 200 ml Kolonya-p-463-mad-bergamot-200-ml-kolonya.jpg","C:\Users\yahya\Documents\Codex\2026-07-30\https-script-google-com-macros-s\outputs\media\ar\p-463-mad-bergamot-200-ml-kolonya.jpg","https://www.mad-parfumeur.com/respondio-catalog/media/ar/p-463-mad-bergamot-200-ml-kolonya.jpg?v=20260731-4","https://www.mad-parfumeur.com/respondio-catalog/wa/ar/p-463-mad-bergamot-200-ml-kolonya.html?v=20260731-4","https://wa.me/972524033442?text=%D9%85%D8%B1%D8%AD%D8%A8%D8%A7%D8%8C%20%D8%A3%D8%B1%D9%8A%D8%AF%20%D8%B7%D9%84%D8%A8%20%D8%A7%D9%84%D9%85%D9%86%D8%AA%D8%AC%20Mad%20Bergamot%20200%20ml%20Kolonya","Mad Bergamot 200 ml Kolonya
الكود: Mad Bergamot 200 ml Kolonya
السعر: 30 ILS
عودة للمراسلة: https://wa.me/972524033442?text=%D9%85%D8%B1%D8%AD%D8%A8%D8%A7%D8%8C%20%D8%A3%D8%B1%D9%8A%D8%AF%20%D8%B7%D9%84%D8%A8%20%D8%A7%D9%84%D9%85%D9%86%D8%AA%D8%AC%20Mad%20Bergamot%20200%20ml%20Kolonya",""
"ar","Mad Ice 200 ml Kolonya","Mad Ice 200 ml Kolonya","ar-Mad Ice 200 ml Kolonya-p-464-mad-ice-200-ml-kolonya.jpg","C:\Users\yahya\Documents\Codex\2026-07-30\https-script-google-com-macros-s\outputs\media\ar\p-464-mad-ice-200-ml-kolonya.jpg","https://www.mad-parfumeur.com/respondio-catalog/media/ar/p-464-mad-ice-200-ml-kolonya.jpg?v=20260731-4","https://www.mad-parfumeur.com/respondio-catalog/wa/ar/p-464-mad-ice-200-ml-kolonya.html?v=20260731-4","https://wa.me/972524033442?text=%D9%85%D8%B1%D8%AD%D8%A8%D8%A7%D8%8C%20%D8%A3%D8%B1%D9%8A%D8%AF%20%D8%B7%D9%84%D8%A8%20%D8%A7%D9%84%D9%85%D9%86%D8%AA%D8%AC%20Mad%20Ice%20200%20ml%20Kolonya","Mad Ice 200 ml Kolonya
الكود: Mad Ice 200 ml Kolonya
السعر: 30 ILS
عودة للمراسلة: https://wa.me/972524033442?text=%D9%85%D8%B1%D8%AD%D8%A8%D8%A7%D8%8C%20%D8%A3%D8%B1%D9%8A%D8%AF%20%D8%B7%D9%84%D8%A8%20%D8%A7%D9%84%D9%85%D9%86%D8%AA%D8%AC%20Mad%20Ice%20200%20ml%20Kolonya",""
"ar","Mad Neroli 200 ml Kolonya","Mad Neroli 200 ml Kolonya","ar-Mad Neroli 200 ml Kolonya-p-465-mad-neroli-200-ml-kolonya.jpg","C:\Users\yahya\Documents\Codex\2026-07-30\https-script-google-com-macros-s\outputs\media\ar\p-465-mad-neroli-200-ml-kolonya.jpg","https://www.mad-parfumeur.com/respondio-catalog/media/ar/p-465-mad-neroli-200-ml-kolonya.jpg?v=20260731-4","https://www.mad-parfumeur.com/respondio-catalog/wa/ar/p-465-mad-neroli-200-ml-kolonya.html?v=20260731-4","https://wa.me/972524033442?text=%D9%85%D8%B1%D8%AD%D8%A8%D8%A7%D8%8C%20%D8%A3%D8%B1%D9%8A%D8%AF%20%D8%B7%D9%84%D8%A8%20%D8%A7%D9%84%D9%85%D9%86%D8%AA%D8%AC%20Mad%20Neroli%20200%20ml%20Kolonya","Mad Neroli 200 ml Kolonya
الكود: Mad Neroli 200 ml Kolonya
السعر: 30 ILS
عودة للمراسلة: https://wa.me/972524033442?text=%D9%85%D8%B1%D8%AD%D8%A8%D8%A7%D8%8C%20%D8%A3%D8%B1%D9%8A%D8%AF%20%D8%B7%D9%84%D8%A8%20%D8%A7%D9%84%D9%85%D9%86%D8%AA%D8%AC%20Mad%20Neroli%20200%20ml%20Kolonya",""
"ar","Mad Green Tea 200 ml Kolonya","Mad Green Tea 200 ml Kolonya","ar-Mad Green Tea 200 ml Kolonya-p-466-mad-green-tea-200-ml-kolonya.jpg","C:\Users\yahya\Documents\Codex\2026-07-30\https-script-google-com-macros-s\outputs\media\ar\p-466-mad-green-tea-200-ml-kolonya.jpg","https://www.mad-parfumeur.com/respondio-catalog/media/ar/p-466-mad-green-tea-200-ml-kolonya.jpg?v=20260731-4","https://www.mad-parfumeur.com/respondio-catalog/wa/ar/p-466-mad-green-tea-200-ml-kolonya.html?v=20260731-4","https://wa.me/972524033442?text=%D9%85%D8%B1%D8%AD%D8%A8%D8%A7%D8%8C%20%D8%A3%D8%B1%D9%8A%D8%AF%20%D8%B7%D9%84%D8%A8%20%D8%A7%D9%84%D9%85%D9%86%D8%AA%D8%AC%20Mad%20Green%20Tea%20200%20ml%20Kolonya","Mad Green Tea 200 ml Kolonya
الكود: Mad Green Tea 200 ml Kolonya
السعر: 30 ILS
عودة للمراسلة: https://wa.me/972524033442?text=%D9%85%D8%B1%D8%AD%D8%A8%D8%A7%D8%8C%20%D8%A3%D8%B1%D9%8A%D8%AF%20%D8%B7%D9%84%D8%A8%20%D8%A7%D9%84%D9%85%D9%86%D8%AA%D8%AC%20Mad%20Green%20Tea%20200%20ml%20Kolonya",""
"ar","Mad Lime 200 ml Kolonya","Mad Lime 200 ml Kolonya","ar-Mad Lime 200 ml Kolonya-p-467-mad-lime-200-ml-kolonya.jpg","C:\Users\yahya\Documents\Codex\2026-07-30\https-script-google-com-macros-s\outputs\media\ar\p-467-mad-lime-200-ml-kolonya.jpg","https://www.mad-parfumeur.com/respondio-catalog/media/ar/p-467-mad-lime-200-ml-kolonya.jpg?v=20260731-4","https://www.mad-parfumeur.com/respondio-catalog/wa/ar/p-467-mad-lime-200-ml-kolonya.html?v=20260731-4","https://wa.me/972524033442?text=%D9%85%D8%B1%D8%AD%D8%A8%D8%A7%D8%8C%20%D8%A3%D8%B1%D9%8A%D8%AF%20%D8%B7%D9%84%D8%A8%20%D8%A7%D9%84%D9%85%D9%86%D8%AA%D8%AC%20Mad%20Lime%20200%20ml%20Kolonya","Mad Lime 200 ml Kolonya
الكود: Mad Lime 200 ml Kolonya
السعر: 30 ILS
عودة للمراسلة: https://wa.me/972524033442?text=%D9%85%D8%B1%D8%AD%D8%A8%D8%A7%D8%8C%20%D8%A3%D8%B1%D9%8A%D8%AF%20%D8%B7%D9%84%D8%A8%20%D8%A7%D9%84%D9%85%D9%86%D8%AA%D8%AC%20Mad%20Lime%20200%20ml%20Kolonya",""
"ar","Mad Velvet Lavender 200 ml Kolonya","Mad Velvet Lavender 200 ml Kolonya","ar-Mad Velvet Lavender 200 ml Kolonya-p-468-mad-velvet-lavender-200-ml-kolonya.jpg","C:\Users\yahya\Documents\Codex\2026-07-30\https-script-google-com-macros-s\outputs\media\ar\p-468-mad-velvet-lavender-200-ml-kolonya.jpg","https://www.mad-parfumeur.com/respondio-catalog/media/ar/p-468-mad-velvet-lavender-200-ml-kolonya.jpg?v=20260731-4","https://www.mad-parfumeur.com/respondio-catalog/wa/ar/p-468-mad-velvet-lavender-200-ml-kolonya.html?v=20260731-4","https://wa.me/972524033442?text=%D9%85%D8%B1%D8%AD%D8%A8%D8%A7%D8%8C%20%D8%A3%D8%B1%D9%8A%D8%AF%20%D8%B7%D9%84%D8%A8%20%D8%A7%D9%84%D9%85%D9%86%D8%AA%D8%AC%20Mad%20Velvet%20Lavender%20200%20ml%20Kolonya","Mad Velvet Lavender 200 ml Kolonya
الكود: Mad Velvet Lavender 200 ml Kolonya
السعر: 30 ILS
عودة للمراسلة: https://wa.me/972524033442?text=%D9%85%D8%B1%D8%AD%D8%A8%D8%A7%D8%8C%20%D8%A3%D8%B1%D9%8A%D8%AF%20%D8%B7%D9%84%D8%A8%20%D8%A7%D9%84%D9%85%D9%86%D8%AA%D8%AC%20Mad%20Velvet%20Lavender%20200%20ml%20Kolonya",""
"ar","Mad Amber 110 ml Kolonya","Mad Amber 110 ml Kolonya","ar-Mad Amber 110 ml Kolonya-p-469-mad-amber-110-ml-kolonya.jpg","C:\Users\yahya\Documents\Codex\2026-07-30\https-script-google-com-macros-s\outputs\media\ar\p-469-mad-amber-110-ml-kolonya.jpg","https://www.mad-parfumeur.com/respondio-catalog/media/ar/p-469-mad-amber-110-ml-kolonya.jpg?v=20260731-4","https://www.mad-parfumeur.com/respondio-catalog/wa/ar/p-469-mad-amber-110-ml-kolonya.html?v=20260731-4","https://wa.me/972524033442?text=%D9%85%D8%B1%D8%AD%D8%A8%D8%A7%D8%8C%20%D8%A3%D8%B1%D9%8A%D8%AF%20%D8%B7%D9%84%D8%A8%20%D8%A7%D9%84%D9%85%D9%86%D8%AA%D8%AC%20Mad%20Amber%20110%20ml%20Kolonya","Mad Amber 110 ml Kolonya
الكود: Mad Amber 110 ml Kolonya
السعر: 15 ILS
عودة للمراسلة: https://wa.me/972524033442?text=%D9%85%D8%B1%D8%AD%D8%A8%D8%A7%D8%8C%20%D8%A3%D8%B1%D9%8A%D8%AF%20%D8%B7%D9%84%D8%A8%20%D8%A7%D9%84%D9%85%D9%86%D8%AA%D8%AC%20Mad%20Amber%20110%20ml%20Kolonya",""
"ar","Mad Dream Bouquet 110 ml Kolonya","Mad Dream Bouquet 110 ml Kolonya","ar-Mad Dream Bouquet 110 ml Kolonya-p-470-mad-dream-bouquet-110-ml-kolonya.jpg","C:\Users\yahya\Documents\Codex\2026-07-30\https-script-google-com-macros-s\outputs\media\ar\p-470-mad-dream-bouquet-110-ml-kolonya.jpg","https://www.mad-parfumeur.com/respondio-catalog/media/ar/p-470-mad-dream-bouquet-110-ml-kolonya.jpg?v=20260731-4","https://www.mad-parfumeur.com/respondio-catalog/wa/ar/p-470-mad-dream-bouquet-110-ml-kolonya.html?v=20260731-4","https://wa.me/972524033442?text=%D9%85%D8%B1%D8%AD%D8%A8%D8%A7%D8%8C%20%D8%A3%D8%B1%D9%8A%D8%AF%20%D8%B7%D9%84%D8%A8%20%D8%A7%D9%84%D9%85%D9%86%D8%AA%D8%AC%20Mad%20Dream%20Bouquet%20110%20ml%20Kolonya","Mad Dream Bouquet 110 ml Kolonya
الكود: Mad Dream Bouquet 110 ml Kolonya
السعر: 15 ILS
عودة للمراسلة: https://wa.me/972524033442?text=%D9%85%D8%B1%D8%AD%D8%A8%D8%A7%D8%8C%20%D8%A3%D8%B1%D9%8A%D8%AF%20%D8%B7%D9%84%D8%A8%20%D8%A7%D9%84%D9%85%D9%86%D8%AA%D8%AC%20Mad%20Dream%20Bouquet%20110%20ml%20Kolonya",""
"ar","Mad Japanese Cherry Blossom 110 ml Kolonya","Mad Japanese Cherry Blossom 110 ml Kolonya","ar-Mad Japanese Cherry Blossom 110 ml Kolonya-p-471-mad-japanese-cherry-blossom-110-ml-kolonya.jpg","C:\Users\yahya\Documents\Codex\2026-07-30\https-script-google-com-macros-s\outputs\media\ar\p-471-mad-japanese-cherry-blossom-110-ml-kolonya.jpg","https://www.mad-parfumeur.com/respondio-catalog/media/ar/p-471-mad-japanese-cherry-blossom-110-ml-kolonya.jpg?v=20260731-4","https://www.mad-parfumeur.com/respondio-catalog/wa/ar/p-471-mad-japanese-cherry-blossom-110-ml-kolonya.html?v=20260731-4","https://wa.me/972524033442?text=%D9%85%D8%B1%D8%AD%D8%A8%D8%A7%D8%8C%20%D8%A3%D8%B1%D9%8A%D8%AF%20%D8%B7%D9%84%D8%A8%20%D8%A7%D9%84%D9%85%D9%86%D8%AA%D8%AC%20Mad%20Japanese%20Cherry%20Blossom%20110%20ml%20Kolonya","Mad Japanese Cherry Blossom 110 ml Kolonya
الكود: Mad Japanese Cherry Blossom 110 ml Kolonya
السعر: 15 ILS
عودة للمراسلة: https://wa.me/972524033442?text=%D9%85%D8%B1%D8%AD%D8%A8%D8%A7%D8%8C%20%D8%A3%D8%B1%D9%8A%D8%AF%20%D8%B7%D9%84%D8%A8%20%D8%A7%D9%84%D9%85%D9%86%D8%AA%D8%AC%20Mad%20Japanese%20Cherry%20Blossom%20110%20ml%20Kolonya",""
"ar","Mad Mimosa 110 ml Kolonya","Mad Mimosa 110 ml Kolonya","ar-Mad Mimosa 110 ml Kolonya-p-472-mad-mimosa-110-ml-kolonya.jpg","C:\Users\yahya\Documents\Codex\2026-07-30\https-script-google-com-macros-s\outputs\media\ar\p-472-mad-mimosa-110-ml-kolonya.jpg","https://www.mad-parfumeur.com/respondio-catalog/media/ar/p-472-mad-mimosa-110-ml-kolonya.jpg?v=20260731-4","https://www.mad-parfumeur.com/respondio-catalog/wa/ar/p-472-mad-mimosa-110-ml-kolonya.html?v=20260731-4","https://wa.me/972524033442?text=%D9%85%D8%B1%D8%AD%D8%A8%D8%A7%D8%8C%20%D8%A3%D8%B1%D9%8A%D8%AF%20%D8%B7%D9%84%D8%A8%20%D8%A7%D9%84%D9%85%D9%86%D8%AA%D8%AC%20Mad%20Mimosa%20110%20ml%20Kolonya","Mad Mimosa 110 ml Kolonya
الكود: Mad Mimosa 110 ml Kolonya
السعر: 15 ILS
عودة للمراسلة: https://wa.me/972524033442?text=%D9%85%D8%B1%D8%AD%D8%A8%D8%A7%D8%8C%20%D8%A3%D8%B1%D9%8A%D8%AF%20%D8%B7%D9%84%D8%A8%20%D8%A7%D9%84%D9%85%D9%86%D8%AA%D8%AC%20Mad%20Mimosa%20110%20ml%20Kolonya",""
"ar","Mad Green Tea 110 ml Kolonya","Mad Green Tea 110 ml Kolonya","ar-Mad Green Tea 110 ml Kolonya-p-473-mad-green-tea-110-ml-kolonya.jpg","C:\Users\yahya\Documents\Codex\2026-07-30\https-script-google-com-macros-s\outputs\media\ar\p-473-mad-green-tea-110-ml-kolonya.jpg","https://www.mad-parfumeur.com/respondio-catalog/media/ar/p-473-mad-green-tea-110-ml-kolonya.jpg?v=20260731-4","https://www.mad-parfumeur.com/respondio-catalog/wa/ar/p-473-mad-green-tea-110-ml-kolonya.html?v=20260731-4","https://wa.me/972524033442?text=%D9%85%D8%B1%D8%AD%D8%A8%D8%A7%D8%8C%20%D8%A3%D8%B1%D9%8A%D8%AF%20%D8%B7%D9%84%D8%A8%20%D8%A7%D9%84%D9%85%D9%86%D8%AA%D8%AC%20Mad%20Green%20Tea%20110%20ml%20Kolonya","Mad Green Tea 110 ml Kolonya
الكود: Mad Green Tea 110 ml Kolonya
السعر: 15 ILS
عودة للمراسلة: https://wa.me/972524033442?text=%D9%85%D8%B1%D8%AD%D8%A8%D8%A7%D8%8C%20%D8%A3%D8%B1%D9%8A%D8%AF%20%D8%B7%D9%84%D8%A8%20%D8%A7%D9%84%D9%85%D9%86%D8%AA%D8%AC%20Mad%20Green%20Tea%20110%20ml%20Kolonya",""
"ar","Mad Fig Desert 110 ml Kolonya","Mad Fig Desert 110 ml Kolonya","ar-Mad Fig Desert 110 ml Kolonya-p-474-mad-fig-desert-110-ml-kolonya.jpg","C:\Users\yahya\Documents\Codex\2026-07-30\https-script-google-com-macros-s\outputs\media\ar\p-474-mad-fig-desert-110-ml-kolonya.jpg","https://www.mad-parfumeur.com/respondio-catalog/media/ar/p-474-mad-fig-desert-110-ml-kolonya.jpg?v=20260731-4","https://www.mad-parfumeur.com/respondio-catalog/wa/ar/p-474-mad-fig-desert-110-ml-kolonya.html?v=20260731-4","https://wa.me/972524033442?text=%D9%85%D8%B1%D8%AD%D8%A8%D8%A7%D8%8C%20%D8%A3%D8%B1%D9%8A%D8%AF%20%D8%B7%D9%84%D8%A8%20%D8%A7%D9%84%D9%85%D9%86%D8%AA%D8%AC%20Mad%20Fig%20Desert%20110%20ml%20Kolonya","Mad Fig Desert 110 ml Kolonya
الكود: Mad Fig Desert 110 ml Kolonya
السعر: 15 ILS
عودة للمراسلة: https://wa.me/972524033442?text=%D9%85%D8%B1%D8%AD%D8%A8%D8%A7%D8%8C%20%D8%A3%D8%B1%D9%8A%D8%AF%20%D8%B7%D9%84%D8%A8%20%D8%A7%D9%84%D9%85%D9%86%D8%AA%D8%AC%20Mad%20Fig%20Desert%20110%20ml%20Kolonya",""
"ar","Mad Aqua Di Blue 110 ml Kolonya","Mad Aqua Di Blue 110 ml Kolonya","ar-Mad Aqua Di Blue 110 ml Kolonya-p-475-mad-aqua-di-blue-110-ml-kolonya.jpg","C:\Users\yahya\Documents\Codex\2026-07-30\https-script-google-com-macros-s\outputs\media\ar\p-475-mad-aqua-di-blue-110-ml-kolonya.jpg","https://www.mad-parfumeur.com/respondio-catalog/media/ar/p-475-mad-aqua-di-blue-110-ml-kolonya.jpg?v=20260731-4","https://www.mad-parfumeur.com/respondio-catalog/wa/ar/p-475-mad-aqua-di-blue-110-ml-kolonya.html?v=20260731-4","https://wa.me/972524033442?text=%D9%85%D8%B1%D8%AD%D8%A8%D8%A7%D8%8C%20%D8%A3%D8%B1%D9%8A%D8%AF%20%D8%B7%D9%84%D8%A8%20%D8%A7%D9%84%D9%85%D9%86%D8%AA%D8%AC%20Mad%20Aqua%20Di%20Blue%20110%20ml%20Kolonya","Mad Aqua Di Blue 110 ml Kolonya
الكود: Mad Aqua Di Blue 110 ml Kolonya
السعر: 15 ILS
عودة للمراسلة: https://wa.me/972524033442?text=%D9%85%D8%B1%D8%AD%D8%A8%D8%A7%D8%8C%20%D8%A3%D8%B1%D9%8A%D8%AF%20%D8%B7%D9%84%D8%A8%20%D8%A7%D9%84%D9%85%D9%86%D8%AA%D8%AC%20Mad%20Aqua%20Di%20Blue%20110%20ml%20Kolonya",""
"ar","Mad Bodrum Tangerine 110 ml Kolonya","Mad Bodrum Tangerine 110 ml Kolonya","ar-Mad Bodrum Tangerine 110 ml Kolonya-p-476-mad-bodrum-tangerine-110-ml-kolonya.jpg","C:\Users\yahya\Documents\Codex\2026-07-30\https-script-google-com-macros-s\outputs\media\ar\p-476-mad-bodrum-tangerine-110-ml-kolonya.jpg","https://www.mad-parfumeur.com/respondio-catalog/media/ar/p-476-mad-bodrum-tangerine-110-ml-kolonya.jpg?v=20260731-4","https://www.mad-parfumeur.com/respondio-catalog/wa/ar/p-476-mad-bodrum-tangerine-110-ml-kolonya.html?v=20260731-4","https://wa.me/972524033442?text=%D9%85%D8%B1%D8%AD%D8%A8%D8%A7%D8%8C%20%D8%A3%D8%B1%D9%8A%D8%AF%20%D8%B7%D9%84%D8%A8%20%D8%A7%D9%84%D9%85%D9%86%D8%AA%D8%AC%20Mad%20Bodrum%20Tangerine%20110%20ml%20Kolonya","Mad Bodrum Tangerine 110 ml Kolonya
الكود: Mad Bodrum Tangerine 110 ml Kolonya
السعر: 15 ILS
عودة للمراسلة: https://wa.me/972524033442?text=%D9%85%D8%B1%D8%AD%D8%A8%D8%A7%D8%8C%20%D8%A3%D8%B1%D9%8A%D8%AF%20%D8%B7%D9%84%D8%A8%20%D8%A7%D9%84%D9%85%D9%86%D8%AA%D8%AC%20Mad%20Bodrum%20Tangerine%20110%20ml%20Kolonya",""
"ar","Mad Lime 110 ml Kolonya","Mad Lime 110 ml Kolonya","ar-Mad Lime 110 ml Kolonya-p-477-mad-lime-110-ml-kolonya.jpg","C:\Users\yahya\Documents\Codex\2026-07-30\https-script-google-com-macros-s\outputs\media\ar\p-477-mad-lime-110-ml-kolonya.jpg","https://www.mad-parfumeur.com/respondio-catalog/media/ar/p-477-mad-lime-110-ml-kolonya.jpg?v=20260731-4","https://www.mad-parfumeur.com/respondio-catalog/wa/ar/p-477-mad-lime-110-ml-kolonya.html?v=20260731-4","https://wa.me/972524033442?text=%D9%85%D8%B1%D8%AD%D8%A8%D8%A7%D8%8C%20%D8%A3%D8%B1%D9%8A%D8%AF%20%D8%B7%D9%84%D8%A8%20%D8%A7%D9%84%D9%85%D9%86%D8%AA%D8%AC%20Mad%20Lime%20110%20ml%20Kolonya","Mad Lime 110 ml Kolonya
الكود: Mad Lime 110 ml Kolonya
السعر: 15 ILS
عودة للمراسلة: https://wa.me/972524033442?text=%D9%85%D8%B1%D8%AD%D8%A8%D8%A7%D8%8C%20%D8%A3%D8%B1%D9%8A%D8%AF%20%D8%B7%D9%84%D8%A8%20%D8%A7%D9%84%D9%85%D9%86%D8%AA%D8%AC%20Mad%20Lime%20110%20ml%20Kolonya",""
"ar","Mad Classic Lemon 110 ml Kolonya","Mad Classic Lemon 110 ml Kolonya","ar-Mad Classic Lemon 110 ml Kolonya-p-478-mad-classic-lemon-110-ml-kolonya.jpg","C:\Users\yahya\Documents\Codex\2026-07-30\https-script-google-com-macros-s\outputs\media\ar\p-478-mad-classic-lemon-110-ml-kolonya.jpg","https://www.mad-parfumeur.com/respondio-catalog/media/ar/p-478-mad-classic-lemon-110-ml-kolonya.jpg?v=20260731-4","https://www.mad-parfumeur.com/respondio-catalog/wa/ar/p-478-mad-classic-lemon-110-ml-kolonya.html?v=20260731-4","https://wa.me/972524033442?text=%D9%85%D8%B1%D8%AD%D8%A8%D8%A7%D8%8C%20%D8%A3%D8%B1%D9%8A%D8%AF%20%D8%B7%D9%84%D8%A8%20%D8%A7%D9%84%D9%85%D9%86%D8%AA%D8%AC%20Mad%20Classic%20Lemon%20110%20ml%20Kolonya","Mad Classic Lemon 110 ml Kolonya
الكود: Mad Classic Lemon 110 ml Kolonya
السعر: 15 ILS
عودة للمراسلة: https://wa.me/972524033442?text=%D9%85%D8%B1%D8%AD%D8%A8%D8%A7%D8%8C%20%D8%A3%D8%B1%D9%8A%D8%AF%20%D8%B7%D9%84%D8%A8%20%D8%A7%D9%84%D9%85%D9%86%D8%AA%D8%AC%20Mad%20Classic%20Lemon%20110%20ml%20Kolonya",""
"ar","Mad Ice 110 ml Kolonya","Mad Ice 110 ml Kolonya","ar-Mad Ice 110 ml Kolonya-p-479-mad-ice-110-ml-kolonya.jpg","C:\Users\yahya\Documents\Codex\2026-07-30\https-script-google-com-macros-s\outputs\media\ar\p-479-mad-ice-110-ml-kolonya.jpg","https://www.mad-parfumeur.com/respondio-catalog/media/ar/p-479-mad-ice-110-ml-kolonya.jpg?v=20260731-4","https://www.mad-parfumeur.com/respondio-catalog/wa/ar/p-479-mad-ice-110-ml-kolonya.html?v=20260731-4","https://wa.me/972524033442?text=%D9%85%D8%B1%D8%AD%D8%A8%D8%A7%D8%8C%20%D8%A3%D8%B1%D9%8A%D8%AF%20%D8%B7%D9%84%D8%A8%20%D8%A7%D9%84%D9%85%D9%86%D8%AA%D8%AC%20Mad%20Ice%20110%20ml%20Kolonya","Mad Ice 110 ml Kolonya
الكود: Mad Ice 110 ml Kolonya
السعر: 15 ILS
عودة للمراسلة: https://wa.me/972524033442?text=%D9%85%D8%B1%D8%AD%D8%A8%D8%A7%D8%8C%20%D8%A3%D8%B1%D9%8A%D8%AF%20%D8%B7%D9%84%D8%A8%20%D8%A7%D9%84%D9%85%D9%86%D8%AA%D8%AC%20Mad%20Ice%20110%20ml%20Kolonya",""
"ar","W183 W191 T105 T109 Q113","tom ford neroli -sauvage -creed -fucking fabulous -tomas 4","ar-W183 W191 T105 T109 Q113-p-487-w183-w191-t105-t109-q113.jpg","C:\Users\yahya\Documents\Codex\2026-07-30\https-script-google-com-macros-s\outputs\media\ar\p-487-w183-w191-t105-t109-q113.jpg","https://www.mad-parfumeur.com/respondio-catalog/media/ar/p-487-w183-w191-t105-t109-q113.jpg?v=20260731-4","https://www.mad-parfumeur.com/respondio-catalog/wa/ar/p-487-w183-w191-t105-t109-q113.html?v=20260731-4","https://wa.me/972524033442?text=%D9%85%D8%B1%D8%AD%D8%A8%D8%A7%D8%8C%20%D8%A3%D8%B1%D9%8A%D8%AF%20%D8%B7%D9%84%D8%A8%20%D8%A7%D9%84%D9%85%D9%86%D8%AA%D8%AC%20W183%20W191%20T105%20T109%20Q113","tom ford neroli -sauvage -creed -fucking fabulous -tomas 4
الكود: W183 W191 T105 T109 Q113
السعر: 500 ILS
عودة للمراسلة: https://wa.me/972524033442?text=%D9%85%D8%B1%D8%AD%D8%A8%D8%A7%D8%8C%20%D8%A3%D8%B1%D9%8A%D8%AF%20%D8%B7%D9%84%D8%A8%20%D8%A7%D9%84%D9%85%D9%86%D8%AA%D8%AC%20W183%20W191%20T105%20T109%20Q113",""
"ar","ماد كوكونت شاين 250 مل معطر للجسم","ماد كوكونت شاين 250 مل معطر للجسم","ar-ماد كوكونت شاين 250 مل معطر للجسم-p-494-250.jpg","C:\Users\yahya\Documents\Codex\2026-07-30\https-script-google-com-macros-s\outputs\media\ar\p-494-250.jpg","https://www.mad-parfumeur.com/respondio-catalog/media/ar/p-494-250.jpg?v=20260731-4","https://www.mad-parfumeur.com/respondio-catalog/wa/ar/p-494-250.html?v=20260731-4","https://wa.me/972524033442?text=%D9%85%D8%B1%D8%AD%D8%A8%D8%A7%D8%8C%20%D8%A3%D8%B1%D9%8A%D8%AF%20%D8%B7%D9%84%D8%A8%20%D8%A7%D9%84%D9%85%D9%86%D8%AA%D8%AC%20%D9%85%D8%A7%D8%AF%20%D9%83%D9%88%D9%83%D9%88%D9%86%D8%AA%20%D8%B4%D8%A7%D9%8A%D9%86%20250%20%D9%85%D9%84%20%D9%85%D8%B9%D8%B7%D8%B1%20%D9%84%D9%84%D8%AC%D8%B3%D9%85","ماد كوكونت شاين 250 مل معطر للجسم
الكود: ماد كوكونت شاين 250 مل معطر للجسم
السعر: 60 ILS
عودة للمراسلة: https://wa.me/972524033442?text=%D9%85%D8%B1%D8%AD%D8%A8%D8%A7%D8%8C%20%D8%A3%D8%B1%D9%8A%D8%AF%20%D8%B7%D9%84%D8%A8%20%D8%A7%D9%84%D9%85%D9%86%D8%AA%D8%AC%20%D9%85%D8%A7%D8%AF%20%D9%83%D9%88%D9%83%D9%88%D9%86%D8%AA%20%D8%B4%D8%A7%D9%8A%D9%86%20250%20%D9%85%D9%84%20%D9%85%D8%B9%D8%B7%D8%B1%20%D9%84%D9%84%D8%AC%D8%B3%D9%85",""
"ar","معطر الجسم ماد ميستيك سمر 250 مل","معطر الجسم ماد ميستيك سمر 250 مل","ar-معطر الجسم ماد ميستيك سمر 250 مل-p-495-250.jpg","C:\Users\yahya\Documents\Codex\2026-07-30\https-script-google-com-macros-s\outputs\media\ar\p-495-250.jpg","https://www.mad-parfumeur.com/respondio-catalog/media/ar/p-495-250.jpg?v=20260731-4","https://www.mad-parfumeur.com/respondio-catalog/wa/ar/p-495-250.html?v=20260731-4","https://wa.me/972524033442?text=%D9%85%D8%B1%D8%AD%D8%A8%D8%A7%D8%8C%20%D8%A3%D8%B1%D9%8A%D8%AF%20%D8%B7%D9%84%D8%A8%20%D8%A7%D9%84%D9%85%D9%86%D8%AA%D8%AC%20%D9%85%D8%B9%D8%B7%D8%B1%20%D8%A7%D9%84%D8%AC%D8%B3%D9%85%20%D9%85%D8%A7%D8%AF%20%D9%85%D9%8A%D8%B3%D8%AA%D9%8A%D9%83%20%D8%B3%D9%85%D8%B1%20250%20%D9%85%D9%84","معطر الجسم ماد ميستيك سمر 250 مل
الكود: معطر الجسم ماد ميستيك سمر 250 مل
السعر: 60 ILS
عودة للمراسلة: https://wa.me/972524033442?text=%D9%85%D8%B1%D8%AD%D8%A8%D8%A7%D8%8C%20%D8%A3%D8%B1%D9%8A%D8%AF%20%D8%B7%D9%84%D8%A8%20%D8%A7%D9%84%D9%85%D9%86%D8%AA%D8%AC%20%D9%85%D8%B9%D8%B7%D8%B1%20%D8%A7%D9%84%D8%AC%D8%B3%D9%85%20%D9%85%D8%A7%D8%AF%20%D9%85%D9%8A%D8%B3%D8%AA%D9%8A%D9%83%20%D8%B3%D9%85%D8%B1%20250%20%D9%85%D9%84",""
"ar","معطر الجسم ماد داي دريم 250 مل","معطر الجسم ماد داي دريم 250 مل","ar-معطر الجسم ماد داي دريم 250 مل-p-496-250.jpg","C:\Users\yahya\Documents\Codex\2026-07-30\https-script-google-com-macros-s\outputs\media\ar\p-496-250.jpg","https://www.mad-parfumeur.com/respondio-catalog/media/ar/p-496-250.jpg?v=20260731-4","https://www.mad-parfumeur.com/respondio-catalog/wa/ar/p-496-250.html?v=20260731-4","https://wa.me/972524033442?text=%D9%85%D8%B1%D8%AD%D8%A8%D8%A7%D8%8C%20%D8%A3%D8%B1%D9%8A%D8%AF%20%D8%B7%D9%84%D8%A8%20%D8%A7%D9%84%D9%85%D9%86%D8%AA%D8%AC%20%D9%85%D8%B9%D8%B7%D8%B1%20%D8%A7%D9%84%D8%AC%D8%B3%D9%85%20%D9%85%D8%A7%D8%AF%20%D8%AF%D8%A7%D9%8A%20%D8%AF%D8%B1%D9%8A%D9%85%20250%20%D9%85%D9%84","معطر الجسم ماد داي دريم 250 مل
الكود: معطر الجسم ماد داي دريم 250 مل
السعر: 60 ILS
عودة للمراسلة: https://wa.me/972524033442?text=%D9%85%D8%B1%D8%AD%D8%A8%D8%A7%D8%8C%20%D8%A3%D8%B1%D9%8A%D8%AF%20%D8%B7%D9%84%D8%A8%20%D8%A7%D9%84%D9%85%D9%86%D8%AA%D8%AC%20%D9%85%D8%B9%D8%B7%D8%B1%20%D8%A7%D9%84%D8%AC%D8%B3%D9%85%20%D9%85%D8%A7%D8%AF%20%D8%AF%D8%A7%D9%8A%20%D8%AF%D8%B1%D9%8A%D9%85%20250%20%D9%85%D9%84",""
"ar","معطر الجسم ماد سي ميست 250 مل","معطر الجسم ماد سي ميست 250 مل","ar-معطر الجسم ماد سي ميست 250 مل-p-497-250.jpg","C:\Users\yahya\Documents\Codex\2026-07-30\https-script-google-com-macros-s\outputs\media\ar\p-497-250.jpg","https://www.mad-parfumeur.com/respondio-catalog/media/ar/p-497-250.jpg?v=20260731-4","https://www.mad-parfumeur.com/respondio-catalog/wa/ar/p-497-250.html?v=20260731-4","https://wa.me/972524033442?text=%D9%85%D8%B1%D8%AD%D8%A8%D8%A7%D8%8C%20%D8%A3%D8%B1%D9%8A%D8%AF%20%D8%B7%D9%84%D8%A8%20%D8%A7%D9%84%D9%85%D9%86%D8%AA%D8%AC%20%D9%85%D8%B9%D8%B7%D8%B1%20%D8%A7%D9%84%D8%AC%D8%B3%D9%85%20%D9%85%D8%A7%D8%AF%20%D8%B3%D9%8A%20%D9%85%D9%8A%D8%B3%D8%AA%20250%20%D9%85%D9%84","معطر الجسم ماد سي ميست 250 مل
الكود: معطر الجسم ماد سي ميست 250 مل
السعر: 60 ILS
عودة للمراسلة: https://wa.me/972524033442?text=%D9%85%D8%B1%D8%AD%D8%A8%D8%A7%D8%8C%20%D8%A3%D8%B1%D9%8A%D8%AF%20%D8%B7%D9%84%D8%A8%20%D8%A7%D9%84%D9%85%D9%86%D8%AA%D8%AC%20%D9%85%D8%B9%D8%B7%D8%B1%20%D8%A7%D9%84%D8%AC%D8%B3%D9%85%20%D9%85%D8%A7%D8%AF%20%D8%B3%D9%8A%20%D9%85%D9%8A%D8%B3%D8%AA%20250%20%D9%85%D9%84",""
"ar","ماد فانيلا سكاي 250 مل معطر للجسم","ماد فانيلا سكاي 250 مل معطر للجسم","ar-ماد فانيلا سكاي 250 مل معطر للجسم-p-498-250.jpg","C:\Users\yahya\Documents\Codex\2026-07-30\https-script-google-com-macros-s\outputs\media\ar\p-498-250.jpg","https://www.mad-parfumeur.com/respondio-catalog/media/ar/p-498-250.jpg?v=20260731-4","https://www.mad-parfumeur.com/respondio-catalog/wa/ar/p-498-250.html?v=20260731-4","https://wa.me/972524033442?text=%D9%85%D8%B1%D8%AD%D8%A8%D8%A7%D8%8C%20%D8%A3%D8%B1%D9%8A%D8%AF%20%D8%B7%D9%84%D8%A8%20%D8%A7%D9%84%D9%85%D9%86%D8%AA%D8%AC%20%D9%85%D8%A7%D8%AF%20%D9%81%D8%A7%D9%86%D9%8A%D9%84%D8%A7%20%D8%B3%D9%83%D8%A7%D9%8A%20250%20%D9%85%D9%84%20%D9%85%D8%B9%D8%B7%D8%B1%20%D9%84%D9%84%D8%AC%D8%B3%D9%85","ماد فانيلا سكاي 250 مل معطر للجسم
الكود: ماد فانيلا سكاي 250 مل معطر للجسم
السعر: 60 ILS
عودة للمراسلة: https://wa.me/972524033442?text=%D9%85%D8%B1%D8%AD%D8%A8%D8%A7%D8%8C%20%D8%A3%D8%B1%D9%8A%D8%AF%20%D8%B7%D9%84%D8%A8%20%D8%A7%D9%84%D9%85%D9%86%D8%AA%D8%AC%20%D9%85%D8%A7%D8%AF%20%D9%81%D8%A7%D9%86%D9%8A%D9%84%D8%A7%20%D8%B3%D9%83%D8%A7%D9%8A%20250%20%D9%85%D9%84%20%D9%85%D8%B9%D8%B7%D8%B1%20%D9%84%D9%84%D8%AC%D8%B3%D9%85",""
"ar","ماد كوكونت شاين 250 مل معطر للجسم","ماد كوكونت شاين 250 مل معطر للجسم","ar-ماد كوكونت شاين 250 مل معطر للجسم-p-499-250.jpg","C:\Users\yahya\Documents\Codex\2026-07-30\https-script-google-com-macros-s\outputs\media\ar\p-499-250.jpg","https://www.mad-parfumeur.com/respondio-catalog/media/ar/p-499-250.jpg?v=20260731-4","https://www.mad-parfumeur.com/respondio-catalog/wa/ar/p-499-250.html?v=20260731-4","https://wa.me/972524033442?text=%D9%85%D8%B1%D8%AD%D8%A8%D8%A7%D8%8C%20%D8%A3%D8%B1%D9%8A%D8%AF%20%D8%B7%D9%84%D8%A8%20%D8%A7%D9%84%D9%85%D9%86%D8%AA%D8%AC%20%D9%85%D8%A7%D8%AF%20%D9%83%D9%88%D9%83%D9%88%D9%86%D8%AA%20%D8%B4%D8%A7%D9%8A%D9%86%20250%20%D9%85%D9%84%20%D9%85%D8%B9%D8%B7%D8%B1%20%D9%84%D9%84%D8%AC%D8%B3%D9%85","ماد كوكونت شاين 250 مل معطر للجسم
الكود: ماد كوكونت شاين 250 مل معطر للجسم
السعر: 60 ILS
عودة للمراسلة: https://wa.me/972524033442?text=%D9%85%D8%B1%D8%AD%D8%A8%D8%A7%D8%8C%20%D8%A3%D8%B1%D9%8A%D8%AF%20%D8%B7%D9%84%D8%A8%20%D8%A7%D9%84%D9%85%D9%86%D8%AA%D8%AC%20%D9%85%D8%A7%D8%AF%20%D9%83%D9%88%D9%83%D9%88%D9%86%D8%AA%20%D8%B4%D8%A7%D9%8A%D9%86%20250%20%D9%85%D9%84%20%D9%85%D8%B9%D8%B7%D8%B1%20%D9%84%D9%84%D8%AC%D8%B3%D9%85",""
"ar","ماد تشارم 250 مل معطر للجسم","ماد تشارم 250 مل معطر للجسم","ar-ماد تشارم 250 مل معطر للجسم-p-500-250.jpg","C:\Users\yahya\Documents\Codex\2026-07-30\https-script-google-com-macros-s\outputs\media\ar\p-500-250.jpg","https://www.mad-parfumeur.com/respondio-catalog/media/ar/p-500-250.jpg?v=20260731-4","https://www.mad-parfumeur.com/respondio-catalog/wa/ar/p-500-250.html?v=20260731-4","https://wa.me/972524033442?text=%D9%85%D8%B1%D8%AD%D8%A8%D8%A7%D8%8C%20%D8%A3%D8%B1%D9%8A%D8%AF%20%D8%B7%D9%84%D8%A8%20%D8%A7%D9%84%D9%85%D9%86%D8%AA%D8%AC%20%D9%85%D8%A7%D8%AF%20%D8%AA%D8%B4%D8%A7%D8%B1%D9%85%20250%20%D9%85%D9%84%20%D9%85%D8%B9%D8%B7%D8%B1%20%D9%84%D9%84%D8%AC%D8%B3%D9%85","ماد تشارم 250 مل معطر للجسم
الكود: ماد تشارم 250 مل معطر للجسم
السعر: 60 ILS
عودة للمراسلة: https://wa.me/972524033442?text=%D9%85%D8%B1%D8%AD%D8%A8%D8%A7%D8%8C%20%D8%A3%D8%B1%D9%8A%D8%AF%20%D8%B7%D9%84%D8%A8%20%D8%A7%D9%84%D9%85%D9%86%D8%AA%D8%AC%20%D9%85%D8%A7%D8%AF%20%D8%AA%D8%B4%D8%A7%D8%B1%D9%85%20250%20%D9%85%D9%84%20%D9%85%D8%B9%D8%B7%D8%B1%20%D9%84%D9%84%D8%AC%D8%B3%D9%85",""
"ar","ماد صن كيس 250 مل معطر للجسم","ماد صن كيس 250 مل معطر للجسم","ar-ماد صن كيس 250 مل معطر للجسم-p-501-250.jpg","C:\Users\yahya\Documents\Codex\2026-07-30\https-script-google-com-macros-s\outputs\media\ar\p-501-250.jpg","https://www.mad-parfumeur.com/respondio-catalog/media/ar/p-501-250.jpg?v=20260731-4","https://www.mad-parfumeur.com/respondio-catalog/wa/ar/p-501-250.html?v=20260731-4","https://wa.me/972524033442?text=%D9%85%D8%B1%D8%AD%D8%A8%D8%A7%D8%8C%20%D8%A3%D8%B1%D9%8A%D8%AF%20%D8%B7%D9%84%D8%A8%20%D8%A7%D9%84%D9%85%D9%86%D8%AA%D8%AC%20%D9%85%D8%A7%D8%AF%20%D8%B5%D9%86%20%D9%83%D9%8A%D8%B3%20250%20%D9%85%D9%84%20%D9%85%D8%B9%D8%B7%D8%B1%20%D9%84%D9%84%D8%AC%D8%B3%D9%85","ماد صن كيس 250 مل معطر للجسم
الكود: ماد صن كيس 250 مل معطر للجسم
السعر: 60 ILS
عودة للمراسلة: https://wa.me/972524033442?text=%D9%85%D8%B1%D8%AD%D8%A8%D8%A7%D8%8C%20%D8%A3%D8%B1%D9%8A%D8%AF%20%D8%B7%D9%84%D8%A8%20%D8%A7%D9%84%D9%85%D9%86%D8%AA%D8%AC%20%D9%85%D8%A7%D8%AF%20%D8%B5%D9%86%20%D9%83%D9%8A%D8%B3%20250%20%D9%85%D9%84%20%D9%85%D8%B9%D8%B7%D8%B1%20%D9%84%D9%84%D8%AC%D8%B3%D9%85",""
"ar","p107 W203 H103","p107 W203 H103","ar-p107 W203 H103-p-504-p107-w203-h103.jpg","C:\Users\yahya\Documents\Codex\2026-07-30\https-script-google-com-macros-s\outputs\media\ar\p-504-p107-w203-h103.jpg","https://www.mad-parfumeur.com/respondio-catalog/media/ar/p-504-p107-w203-h103.jpg?v=20260731-4","https://www.mad-parfumeur.com/respondio-catalog/wa/ar/p-504-p107-w203-h103.html?v=20260731-4","https://wa.me/972524033442?text=%D9%85%D8%B1%D8%AD%D8%A8%D8%A7%D8%8C%20%D8%A3%D8%B1%D9%8A%D8%AF%20%D8%B7%D9%84%D8%A8%20%D8%A7%D9%84%D9%85%D9%86%D8%AA%D8%AC%20p107%20W203%20H103","p107 W203 H103
الكود: p107 W203 H103
السعر: 300 ILS
عودة للمراسلة: https://wa.me/972524033442?text=%D9%85%D8%B1%D8%AD%D8%A8%D8%A7%D8%8C%20%D8%A3%D8%B1%D9%8A%D8%AF%20%D8%B7%D9%84%D8%A8%20%D8%A7%D9%84%D9%85%D9%86%D8%AA%D8%AC%20p107%20W203%20H103",""
"ar","SIVI SABUN MAD VELVET LAVENDER 250ml","SIVI SABUN MAD VELVET LAVENDER 250ml","ar-SIVI SABUN MAD VELVET LAVENDER 250ml-p-505-sivi-sabun-mad-velvet-lavender-250ml.jpg","C:\Users\yahya\Documents\Codex\2026-07-30\https-script-google-com-macros-s\outputs\media\ar\p-505-sivi-sabun-mad-velvet-lavender-250ml.jpg","https://www.mad-parfumeur.com/respondio-catalog/media/ar/p-505-sivi-sabun-mad-velvet-lavender-250ml.jpg?v=20260731-4","https://www.mad-parfumeur.com/respondio-catalog/wa/ar/p-505-sivi-sabun-mad-velvet-lavender-250ml.html?v=20260731-4","https://wa.me/972524033442?text=%D9%85%D8%B1%D8%AD%D8%A8%D8%A7%D8%8C%20%D8%A3%D8%B1%D9%8A%D8%AF%20%D8%B7%D9%84%D8%A8%20%D8%A7%D9%84%D9%85%D9%86%D8%AA%D8%AC%20SIVI%20SABUN%20MAD%20VELVET%20LAVENDER%20250ml","SIVI SABUN MAD VELVET LAVENDER 250ml
الكود: SIVI SABUN MAD VELVET LAVENDER 250ml
السعر: 20 ILS
عودة للمراسلة: https://wa.me/972524033442?text=%D9%85%D8%B1%D8%AD%D8%A8%D8%A7%D8%8C%20%D8%A3%D8%B1%D9%8A%D8%AF%20%D8%B7%D9%84%D8%A8%20%D8%A7%D9%84%D9%85%D9%86%D8%AA%D8%AC%20SIVI%20SABUN%20MAD%20VELVET%20LAVENDER%20250ml",""
"ar","Sify Soap Mad Ice 250ml","Sify Soap Mad Ice 250ml","ar-Sify Soap Mad Ice 250ml-p-506-sify-soap-mad-ice-250ml.jpg","C:\Users\yahya\Documents\Codex\2026-07-30\https-script-google-com-macros-s\outputs\media\ar\p-506-sify-soap-mad-ice-250ml.jpg","https://www.mad-parfumeur.com/respondio-catalog/media/ar/p-506-sify-soap-mad-ice-250ml.jpg?v=20260731-4","https://www.mad-parfumeur.com/respondio-catalog/wa/ar/p-506-sify-soap-mad-ice-250ml.html?v=20260731-4","https://wa.me/972524033442?text=%D9%85%D8%B1%D8%AD%D8%A8%D8%A7%D8%8C%20%D8%A3%D8%B1%D9%8A%D8%AF%20%D8%B7%D9%84%D8%A8%20%D8%A7%D9%84%D9%85%D9%86%D8%AA%D8%AC%20Sify%20Soap%20Mad%20Ice%20250ml","Sify Soap Mad Ice 250ml
الكود: Sify Soap Mad Ice 250ml
السعر: 20 ILS
عودة للمراسلة: https://wa.me/972524033442?text=%D9%85%D8%B1%D8%AD%D8%A8%D8%A7%D8%8C%20%D8%A3%D8%B1%D9%8A%D8%AF%20%D8%B7%D9%84%D8%A8%20%D8%A7%D9%84%D9%85%D9%86%D8%AA%D8%AC%20Sify%20Soap%20Mad%20Ice%20250ml",""
"ar","SIVI SABUN MAD JAPANESE CHERRY BLOSSOM 250ml","SIVI SABUN MAD JAPANESE CHERRY BLOSSOM 250ml","ar-SIVI SABUN MAD JAPANESE CHERRY BLOSSOM 250ml-p-507-sivi-sabun-mad-japanese-cherry-blossom-250ml.jpg","C:\Users\yahya\Documents\Codex\2026-07-30\https-script-google-com-macros-s\outputs\media\ar\p-507-sivi-sabun-mad-japanese-cherry-blossom-250ml.jpg","https://www.mad-parfumeur.com/respondio-catalog/media/ar/p-507-sivi-sabun-mad-japanese-cherry-blossom-250ml.jpg?v=20260731-4","https://www.mad-parfumeur.com/respondio-catalog/wa/ar/p-507-sivi-sabun-mad-japanese-cherry-blossom-250ml.html?v=20260731-4","https://wa.me/972524033442?text=%D9%85%D8%B1%D8%AD%D8%A8%D8%A7%D8%8C%20%D8%A3%D8%B1%D9%8A%D8%AF%20%D8%B7%D9%84%D8%A8%20%D8%A7%D9%84%D9%85%D9%86%D8%AA%D8%AC%20SIVI%20SABUN%20MAD%20JAPANESE%20CHERRY%20BLOSSOM%20250ml","SIVI SABUN MAD JAPANESE CHERRY BLOSSOM 250ml
الكود: SIVI SABUN MAD JAPANESE CHERRY BLOSSOM 250ml
السعر: 20 ILS
عودة للمراسلة: https://wa.me/972524033442?text=%D9%85%D8%B1%D8%AD%D8%A8%D8%A7%D8%8C%20%D8%A3%D8%B1%D9%8A%D8%AF%20%D8%B7%D9%84%D8%A8%20%D8%A7%D9%84%D9%85%D9%86%D8%AA%D8%AC%20SIVI%20SABUN%20MAD%20JAPANESE%20CHERRY%20BLOSSOM%20250ml",""
"ar","SIVI SABUN MAD AMBER250ml","SIVI SABUN MAD AMBER250ml","ar-SIVI SABUN MAD AMBER250ml-p-508-sivi-sabun-mad-amber250ml.jpg","C:\Users\yahya\Documents\Codex\2026-07-30\https-script-google-com-macros-s\outputs\media\ar\p-508-sivi-sabun-mad-amber250ml.jpg","https://www.mad-parfumeur.com/respondio-catalog/media/ar/p-508-sivi-sabun-mad-amber250ml.jpg?v=20260731-4","https://www.mad-parfumeur.com/respondio-catalog/wa/ar/p-508-sivi-sabun-mad-amber250ml.html?v=20260731-4","https://wa.me/972524033442?text=%D9%85%D8%B1%D8%AD%D8%A8%D8%A7%D8%8C%20%D8%A3%D8%B1%D9%8A%D8%AF%20%D8%B7%D9%84%D8%A8%20%D8%A7%D9%84%D9%85%D9%86%D8%AA%D8%AC%20SIVI%20SABUN%20MAD%20AMBER250ml","SIVI SABUN MAD AMBER250ml
الكود: SIVI SABUN MAD AMBER250ml
السعر: 20 ILS
عودة للمراسلة: https://wa.me/972524033442?text=%D9%85%D8%B1%D8%AD%D8%A8%D8%A7%D8%8C%20%D8%A3%D8%B1%D9%8A%D8%AF%20%D8%B7%D9%84%D8%A8%20%D8%A7%D9%84%D9%85%D9%86%D8%AA%D8%AC%20SIVI%20SABUN%20MAD%20AMBER250ml",""
"ar","W183 Extra","Aventus - Creed","ar-W183 Extra-p-510-w183-extra.jpg","C:\Users\yahya\Documents\Codex\2026-07-30\https-script-google-com-macros-s\outputs\media\ar\p-510-w183-extra.jpg","https://www.mad-parfumeur.com/respondio-catalog/media/ar/p-510-w183-extra.jpg?v=20260731-4","https://www.mad-parfumeur.com/respondio-catalog/wa/ar/p-510-w183-extra.html?v=20260731-4","https://wa.me/972524033442?text=%D9%85%D8%B1%D8%AD%D8%A8%D8%A7%D8%8C%20%D8%A3%D8%B1%D9%8A%D8%AF%20%D8%B7%D9%84%D8%A8%20%D8%A7%D9%84%D9%85%D9%86%D8%AA%D8%AC%20W183%20Extra","Aventus - Creed
الكود: W183 Extra
السعر: 150 ILS
عودة للمراسلة: https://wa.me/972524033442?text=%D9%85%D8%B1%D8%AD%D8%A8%D8%A7%D8%8C%20%D8%A3%D8%B1%D9%8A%D8%AF%20%D8%B7%D9%84%D8%A8%20%D8%A7%D9%84%D9%85%D9%86%D8%AA%D8%AC%20W183%20Extra",""
"ar","L103 EXTRA","Imagination - Louis Vuitton","ar-L103 EXTRA-p-511-l103-extra.jpg","C:\Users\yahya\Documents\Codex\2026-07-30\https-script-google-com-macros-s\outputs\media\ar\p-511-l103-extra.jpg","https://www.mad-parfumeur.com/respondio-catalog/media/ar/p-511-l103-extra.jpg?v=20260731-4","https://www.mad-parfumeur.com/respondio-catalog/wa/ar/p-511-l103-extra.html?v=20260731-4","https://wa.me/972524033442?text=%D9%85%D8%B1%D8%AD%D8%A8%D8%A7%D8%8C%20%D8%A3%D8%B1%D9%8A%D8%AF%20%D8%B7%D9%84%D8%A8%20%D8%A7%D9%84%D9%85%D9%86%D8%AA%D8%AC%20L103%20EXTRA","Imagination - Louis Vuitton
الكود: L103 EXTRA
السعر: 150 ILS
عودة للمراسلة: https://wa.me/972524033442?text=%D9%85%D8%B1%D8%AD%D8%A8%D8%A7%D8%8C%20%D8%A3%D8%B1%D9%8A%D8%AF%20%D8%B7%D9%84%D8%A8%20%D8%A7%D9%84%D9%85%D9%86%D8%AA%D8%AC%20L103%20EXTRA",""
"ar","T109 EXTRA","Après l’Amour - Thomas Kosmala","ar-T109 EXTRA-p-512-t109-extra.jpg","C:\Users\yahya\Documents\Codex\2026-07-30\https-script-google-com-macros-s\outputs\media\ar\p-512-t109-extra.jpg","https://www.mad-parfumeur.com/respondio-catalog/media/ar/p-512-t109-extra.jpg?v=20260731-4","https://www.mad-parfumeur.com/respondio-catalog/wa/ar/p-512-t109-extra.html?v=20260731-4","https://wa.me/972524033442?text=%D9%85%D8%B1%D8%AD%D8%A8%D8%A7%D8%8C%20%D8%A3%D8%B1%D9%8A%D8%AF%20%D8%B7%D9%84%D8%A8%20%D8%A7%D9%84%D9%85%D9%86%D8%AA%D8%AC%20T109%20EXTRA","Après l’Amour - Thomas Kosmala
الكود: T109 EXTRA
السعر: 150 ILS
عودة للمراسلة: https://wa.me/972524033442?text=%D9%85%D8%B1%D8%AD%D8%A8%D8%A7%D8%8C%20%D8%A3%D8%B1%D9%8A%D8%AF%20%D8%B7%D9%84%D8%A8%20%D8%A7%D9%84%D9%85%D9%86%D8%AA%D8%AC%20T109%20EXTRA",""
"ar","Mad Midnight","عطر الاغراء","ar-Mad Midnight-p-515-mad-midnight.jpg","C:\Users\yahya\Documents\Codex\2026-07-30\https-script-google-com-macros-s\outputs\media\ar\p-515-mad-midnight.jpg","https://www.mad-parfumeur.com/respondio-catalog/media/ar/p-515-mad-midnight.jpg?v=20260731-4","https://www.mad-parfumeur.com/respondio-catalog/wa/ar/p-515-mad-midnight.html?v=20260731-4","https://wa.me/972524033442?text=%D9%85%D8%B1%D8%AD%D8%A8%D8%A7%D8%8C%20%D8%A3%D8%B1%D9%8A%D8%AF%20%D8%B7%D9%84%D8%A8%20%D8%A7%D9%84%D9%85%D9%86%D8%AA%D8%AC%20Mad%20Midnight","عطر الاغراء
الكود: Mad Midnight
السعر: 300 ILS
عودة للمراسلة: https://wa.me/972524033442?text=%D9%85%D8%B1%D8%AD%D8%A8%D8%A7%D8%8C%20%D8%A3%D8%B1%D9%8A%D8%AF%20%D8%B7%D9%84%D8%A8%20%D8%A7%D9%84%D9%85%D9%86%D8%AA%D8%AC%20Mad%20Midnight",""
"ar","New York Night","Bond Number One Bond No 9","ar-New York Night-p-516-new-york-night.jpg","C:\Users\yahya\Documents\Codex\2026-07-30\https-script-google-com-macros-s\outputs\media\ar\p-516-new-york-night.jpg","https://www.mad-parfumeur.com/respondio-catalog/media/ar/p-516-new-york-night.jpg?v=20260731-4","https://www.mad-parfumeur.com/respondio-catalog/wa/ar/p-516-new-york-night.html?v=20260731-4","https://wa.me/972524033442?text=%D9%85%D8%B1%D8%AD%D8%A8%D8%A7%D8%8C%20%D8%A3%D8%B1%D9%8A%D8%AF%20%D8%B7%D9%84%D8%A8%20%D8%A7%D9%84%D9%85%D9%86%D8%AA%D8%AC%20New%20York%20Night","Bond Number One Bond No 9
الكود: New York Night
السعر: 300 ILS
عودة للمراسلة: https://wa.me/972524033442?text=%D9%85%D8%B1%D8%AD%D8%A8%D8%A7%D8%8C%20%D8%A3%D8%B1%D9%8A%D8%AF%20%D8%B7%D9%84%D8%A8%20%D8%A7%D9%84%D9%85%D9%86%D8%AA%D8%AC%20New%20York%20Night",""
"ar","G104 Y102 c120","G104 Y102 c120","ar-G104 Y102 c120-p-517-g104-y102-c120.jpg","C:\Users\yahya\Documents\Codex\2026-07-30\https-script-google-com-macros-s\outputs\media\ar\p-517-g104-y102-c120.jpg","https://www.mad-parfumeur.com/respondio-catalog/media/ar/p-517-g104-y102-c120.jpg?v=20260731-4","https://www.mad-parfumeur.com/respondio-catalog/wa/ar/p-517-g104-y102-c120.html?v=20260731-4","https://wa.me/972524033442?text=%D9%85%D8%B1%D8%AD%D8%A8%D8%A7%D8%8C%20%D8%A3%D8%B1%D9%8A%D8%AF%20%D8%B7%D9%84%D8%A8%20%D8%A7%D9%84%D9%85%D9%86%D8%AA%D8%AC%20G104%20Y102%20c120","G104 Y102 c120
الكود: G104 Y102 c120
السعر: 300 ILS
عودة للمراسلة: https://wa.me/972524033442?text=%D9%85%D8%B1%D8%AD%D8%A8%D8%A7%D8%8C%20%D8%A3%D8%B1%D9%8A%D8%AF%20%D8%B7%D9%84%D8%A8%20%D8%A7%D9%84%D9%85%D9%86%D8%AA%D8%AC%20G104%20Y102%20c120",""
"ar","L103 W183 W158","L103 W183 W158","ar-L103 W183 W158-p-519-l103-w183-w158.jpg","C:\Users\yahya\Documents\Codex\2026-07-30\https-script-google-com-macros-s\outputs\media\ar\p-519-l103-w183-w158.jpg","https://www.mad-parfumeur.com/respondio-catalog/media/ar/p-519-l103-w183-w158.jpg?v=20260731-4","https://www.mad-parfumeur.com/respondio-catalog/wa/ar/p-519-l103-w183-w158.html?v=20260731-4","https://wa.me/972524033442?text=%D9%85%D8%B1%D8%AD%D8%A8%D8%A7%D8%8C%20%D8%A3%D8%B1%D9%8A%D8%AF%20%D8%B7%D9%84%D8%A8%20%D8%A7%D9%84%D9%85%D9%86%D8%AA%D8%AC%20L103%20W183%20W158","L103 W183 W158
الكود: L103 W183 W158
السعر: 300 ILS
عودة للمراسلة: https://wa.me/972524033442?text=%D9%85%D8%B1%D8%AD%D8%A8%D8%A7%D8%8C%20%D8%A3%D8%B1%D9%8A%D8%AF%20%D8%B7%D9%84%D8%A8%20%D8%A7%D9%84%D9%85%D9%86%D8%AA%D8%AC%20L103%20W183%20W158",""
"ar","p107 y102 G104 C120 B103","هذه افضل مجموعه نسائيه","ar-p107 y102 G104 C120 B103-p-520-p107-y102-g104-c120-b103.jpg","C:\Users\yahya\Documents\Codex\2026-07-30\https-script-google-com-macros-s\outputs\media\ar\p-520-p107-y102-g104-c120-b103.jpg","https://www.mad-parfumeur.com/respondio-catalog/media/ar/p-520-p107-y102-g104-c120-b103.jpg?v=20260731-4","https://www.mad-parfumeur.com/respondio-catalog/wa/ar/p-520-p107-y102-g104-c120-b103.html?v=20260731-4","https://wa.me/972524033442?text=%D9%85%D8%B1%D8%AD%D8%A8%D8%A7%D8%8C%20%D8%A3%D8%B1%D9%8A%D8%AF%20%D8%B7%D9%84%D8%A8%20%D8%A7%D9%84%D9%85%D9%86%D8%AA%D8%AC%20p107%20y102%20G104%20C120%20B103","هذه افضل مجموعه نسائيه
الكود: p107 y102 G104 C120 B103
السعر: 500 ILS
عودة للمراسلة: https://wa.me/972524033442?text=%D9%85%D8%B1%D8%AD%D8%A8%D8%A7%D8%8C%20%D8%A3%D8%B1%D9%8A%D8%AF%20%D8%B7%D9%84%D8%A8%20%D8%A7%D9%84%D9%85%D9%86%D8%AA%D8%AC%20p107%20y102%20G104%20C120%20B103",""
"ar","L103 L102 W183 Q105","6500 شيكل توفير","ar-L103 L102 W183 Q105-p-525-l103-l102-w183-q105.jpg","C:\Users\yahya\Documents\Codex\2026-07-30\https-script-google-com-macros-s\outputs\media\ar\p-525-l103-l102-w183-q105.jpg","https://www.mad-parfumeur.com/respondio-catalog/media/ar/p-525-l103-l102-w183-q105.jpg?v=20260731-4","https://www.mad-parfumeur.com/respondio-catalog/wa/ar/p-525-l103-l102-w183-q105.html?v=20260731-4","https://wa.me/972524033442?text=%D9%85%D8%B1%D8%AD%D8%A8%D8%A7%D8%8C%20%D8%A3%D8%B1%D9%8A%D8%AF%20%D8%B7%D9%84%D8%A8%20%D8%A7%D9%84%D9%85%D9%86%D8%AA%D8%AC%20L103%20L102%20W183%20Q105","6500 شيكل توفير
الكود: L103 L102 W183 Q105
السعر: 400 ILS
عودة للمراسلة: https://wa.me/972524033442?text=%D9%85%D8%B1%D8%AD%D8%A8%D8%A7%D8%8C%20%D8%A3%D8%B1%D9%8A%D8%AF%20%D8%B7%D9%84%D8%A8%20%D8%A7%D9%84%D9%85%D9%86%D8%AA%D8%AC%20L103%20L102%20W183%20Q105",""
"ar","W183 P101 J101","الاكثر طلباً","ar-W183 P101 J101-p-526-w183-p101-j101.jpg","C:\Users\yahya\Documents\Codex\2026-07-30\https-script-google-com-macros-s\outputs\media\ar\p-526-w183-p101-j101.jpg","https://www.mad-parfumeur.com/respondio-catalog/media/ar/p-526-w183-p101-j101.jpg?v=20260731-4","https://www.mad-parfumeur.com/respondio-catalog/wa/ar/p-526-w183-p101-j101.html?v=20260731-4","https://wa.me/972524033442?text=%D9%85%D8%B1%D8%AD%D8%A8%D8%A7%D8%8C%20%D8%A3%D8%B1%D9%8A%D8%AF%20%D8%B7%D9%84%D8%A8%20%D8%A7%D9%84%D9%85%D9%86%D8%AA%D8%AC%20W183%20P101%20J101","الاكثر طلباً
الكود: W183 P101 J101
السعر: 300 ILS
عودة للمراسلة: https://wa.me/972524033442?text=%D9%85%D8%B1%D8%AD%D8%A8%D8%A7%D8%8C%20%D8%A3%D8%B1%D9%8A%D8%AF%20%D8%B7%D9%84%D8%A8%20%D8%A7%D9%84%D9%85%D9%86%D8%AA%D8%AC%20W183%20P101%20J101",""
"ar","L102 Q112 T109","L102 Q112 T109","ar-L102 Q112 T109-p-528-l102-q112-t109.jpg","C:\Users\yahya\Documents\Codex\2026-07-30\https-script-google-com-macros-s\outputs\media\ar\p-528-l102-q112-t109.jpg","https://www.mad-parfumeur.com/respondio-catalog/media/ar/p-528-l102-q112-t109.jpg?v=20260731-4","https://www.mad-parfumeur.com/respondio-catalog/wa/ar/p-528-l102-q112-t109.html?v=20260731-4","https://wa.me/972524033442?text=%D9%85%D8%B1%D8%AD%D8%A8%D8%A7%D8%8C%20%D8%A3%D8%B1%D9%8A%D8%AF%20%D8%B7%D9%84%D8%A8%20%D8%A7%D9%84%D9%85%D9%86%D8%AA%D8%AC%20L102%20Q112%20T109","L102 Q112 T109
الكود: L102 Q112 T109
السعر: 300 ILS
عودة للمراسلة: https://wa.me/972524033442?text=%D9%85%D8%B1%D8%AD%D8%A8%D8%A7%D8%8C%20%D8%A3%D8%B1%D9%8A%D8%AF%20%D8%B7%D9%84%D8%A8%20%D8%A7%D9%84%D9%85%D9%86%D8%AA%D8%AC%20L102%20Q112%20T109",""
"ar","Q112 Q113 J105","Q112 Q113 J105","ar-Q112 Q113 J105-p-530-q112-q113-j105.jpg","C:\Users\yahya\Documents\Codex\2026-07-30\https-script-google-com-macros-s\outputs\media\ar\p-530-q112-q113-j105.jpg","https://www.mad-parfumeur.com/respondio-catalog/media/ar/p-530-q112-q113-j105.jpg?v=20260731-4","https://www.mad-parfumeur.com/respondio-catalog/wa/ar/p-530-q112-q113-j105.html?v=20260731-4","https://wa.me/972524033442?text=%D9%85%D8%B1%D8%AD%D8%A8%D8%A7%D8%8C%20%D8%A3%D8%B1%D9%8A%D8%AF%20%D8%B7%D9%84%D8%A8%20%D8%A7%D9%84%D9%85%D9%86%D8%AA%D8%AC%20Q112%20Q113%20J105","Q112 Q113 J105
الكود: Q112 Q113 J105
السعر: 300 ILS
عودة للمراسلة: https://wa.me/972524033442?text=%D9%85%D8%B1%D8%AD%D8%A8%D8%A7%D8%8C%20%D8%A3%D8%B1%D9%8A%D8%AF%20%D8%B7%D9%84%D8%A8%20%D8%A7%D9%84%D9%85%D9%86%D8%AA%D8%AC%20Q112%20Q113%20J105",""
"ar","Q118 L102 Q120","350 شيكل فقط – شامل التوصيل 🚚","ar-Q118 L102 Q120-p-542-q118-l102-q120.jpg","C:\Users\yahya\Documents\Codex\2026-07-30\https-script-google-com-macros-s\outputs\media\ar\p-542-q118-l102-q120.jpg","https://www.mad-parfumeur.com/respondio-catalog/media/ar/p-542-q118-l102-q120.jpg?v=20260731-4","https://www.mad-parfumeur.com/respondio-catalog/wa/ar/p-542-q118-l102-q120.html?v=20260731-4","https://wa.me/972524033442?text=%D9%85%D8%B1%D8%AD%D8%A8%D8%A7%D8%8C%20%D8%A3%D8%B1%D9%8A%D8%AF%20%D8%B7%D9%84%D8%A8%20%D8%A7%D9%84%D9%85%D9%86%D8%AA%D8%AC%20Q118%20L102%20Q120","350 شيكل فقط – شامل التوصيل 🚚
الكود: Q118 L102 Q120
السعر: 300 ILS
عودة للمراسلة: https://wa.me/972524033442?text=%D9%85%D8%B1%D8%AD%D8%A8%D8%A7%D8%8C%20%D8%A3%D8%B1%D9%8A%D8%AF%20%D8%B7%D9%84%D8%A8%20%D8%A7%D9%84%D9%85%D9%86%D8%AA%D8%AC%20Q118%20L102%20Q120",""
"ar","Narcotic Intense 100 ml","Narcotic Intense","ar-Narcotic Intense 100 ml-p-546-narcotic-intense-100-ml.jpg","C:\Users\yahya\Documents\Codex\2026-07-30\https-script-google-com-macros-s\outputs\media\ar\p-546-narcotic-intense-100-ml.jpg","https://www.mad-parfumeur.com/respondio-catalog/media/ar/p-546-narcotic-intense-100-ml.jpg?v=20260731-4","https://www.mad-parfumeur.com/respondio-catalog/wa/ar/p-546-narcotic-intense-100-ml.html?v=20260731-4","https://wa.me/972524033442?text=%D9%85%D8%B1%D8%AD%D8%A8%D8%A7%D8%8C%20%D8%A3%D8%B1%D9%8A%D8%AF%20%D8%B7%D9%84%D8%A8%20%D8%A7%D9%84%D9%85%D9%86%D8%AA%D8%AC%20Narcotic%20Intense%20100%20ml","Narcotic Intense
الكود: Narcotic Intense 100 ml
السعر: 300 ILS
عودة للمراسلة: https://wa.me/972524033442?text=%D9%85%D8%B1%D8%AD%D8%A8%D8%A7%D8%8C%20%D8%A3%D8%B1%D9%8A%D8%AF%20%D8%B7%D9%84%D8%A8%20%D8%A7%D9%84%D9%85%D9%86%D8%AA%D8%AC%20Narcotic%20Intense%20100%20ml",""
"ar","D102","Green Irish Tweed من Creed","ar-D102-p-553-d102.jpg","C:\Users\yahya\Documents\Codex\2026-07-30\https-script-google-com-macros-s\outputs\media\ar\p-553-d102.jpg","https://www.mad-parfumeur.com/respondio-catalog/media/ar/p-553-d102.jpg?v=20260731-4","https://www.mad-parfumeur.com/respondio-catalog/wa/ar/p-553-d102.html?v=20260731-4","https://wa.me/972524033442?text=%D9%85%D8%B1%D8%AD%D8%A8%D8%A7%D8%8C%20%D8%A3%D8%B1%D9%8A%D8%AF%20%D8%B7%D9%84%D8%A8%20%D8%A7%D9%84%D9%85%D9%86%D8%AA%D8%AC%20D102","Green Irish Tweed من Creed
الكود: D102
السعر: 100 ILS
عودة للمراسلة: https://wa.me/972524033442?text=%D9%85%D8%B1%D8%AD%D8%A8%D8%A7%D8%8C%20%D8%A3%D8%B1%D9%8A%D8%AF%20%D8%B7%D9%84%D8%A8%20%D8%A7%D9%84%D9%85%D9%86%D8%AA%D8%AC%20D102",""
"ar","A105","Wanted من Azzaro","ar-A105-p-568-a105.jpg","C:\Users\yahya\Documents\Codex\2026-07-30\https-script-google-com-macros-s\outputs\media\ar\p-568-a105.jpg","https://www.mad-parfumeur.com/respondio-catalog/media/ar/p-568-a105.jpg?v=20260731-4","https://www.mad-parfumeur.com/respondio-catalog/wa/ar/p-568-a105.html?v=20260731-4","https://wa.me/972524033442?text=%D9%85%D8%B1%D8%AD%D8%A8%D8%A7%D8%8C%20%D8%A3%D8%B1%D9%8A%D8%AF%20%D8%B7%D9%84%D8%A8%20%D8%A7%D9%84%D9%85%D9%86%D8%AA%D8%AC%20A105","Wanted من Azzaro
الكود: A105
السعر: 100 ILS
عودة للمراسلة: https://wa.me/972524033442?text=%D9%85%D8%B1%D8%AD%D8%A8%D8%A7%D8%8C%20%D8%A3%D8%B1%D9%8A%D8%AF%20%D8%B7%D9%84%D8%A8%20%D8%A7%D9%84%D9%85%D9%86%D8%AA%D8%AC%20A105",""
"ar","A104 women","Angel – من Mugler","ar-A104 women-p-574-a104-women.jpg","C:\Users\yahya\Documents\Codex\2026-07-30\https-script-google-com-macros-s\outputs\media\ar\p-574-a104-women.jpg","https://www.mad-parfumeur.com/respondio-catalog/media/ar/p-574-a104-women.jpg?v=20260731-4","https://www.mad-parfumeur.com/respondio-catalog/wa/ar/p-574-a104-women.html?v=20260731-4","https://wa.me/972524033442?text=%D9%85%D8%B1%D8%AD%D8%A8%D8%A7%D8%8C%20%D8%A3%D8%B1%D9%8A%D8%AF%20%D8%B7%D9%84%D8%A8%20%D8%A7%D9%84%D9%85%D9%86%D8%AA%D8%AC%20A104%20women","Angel – من Mugler
الكود: A104 women
السعر: 100 ILS
عودة للمراسلة: https://wa.me/972524033442?text=%D9%85%D8%B1%D8%AD%D8%A8%D8%A7%D8%8C%20%D8%A3%D8%B1%D9%8A%D8%AF%20%D8%B7%D9%84%D8%A8%20%D8%A7%D9%84%D9%85%D9%86%D8%AA%D8%AC%20A104%20women",""
"ar","LOVE ME","Love, Don’t Be Shy","ar-LOVE ME-p-575-love-me.jpg","C:\Users\yahya\Documents\Codex\2026-07-30\https-script-google-com-macros-s\outputs\media\ar\p-575-love-me.jpg","https://www.mad-parfumeur.com/respondio-catalog/media/ar/p-575-love-me.jpg?v=20260731-4","https://www.mad-parfumeur.com/respondio-catalog/wa/ar/p-575-love-me.html?v=20260731-4","https://wa.me/972524033442?text=%D9%85%D8%B1%D8%AD%D8%A8%D8%A7%D8%8C%20%D8%A3%D8%B1%D9%8A%D8%AF%20%D8%B7%D9%84%D8%A8%20%D8%A7%D9%84%D9%85%D9%86%D8%AA%D8%AC%20LOVE%20ME","Love, Don’t Be Shy
الكود: LOVE ME
السعر: 300 ILS
عودة للمراسلة: https://wa.me/972524033442?text=%D9%85%D8%B1%D8%AD%D8%A8%D8%A7%D8%8C%20%D8%A3%D8%B1%D9%8A%D8%AF%20%D8%B7%D9%84%D8%A8%20%D8%A7%D9%84%D9%85%D9%86%D8%AA%D8%AC%20LOVE%20ME",""
"ar","wizard","جديد","ar-wizard-p-576-wizard.jpg","C:\Users\yahya\Documents\Codex\2026-07-30\https-script-google-com-macros-s\outputs\media\ar\p-576-wizard.jpg","https://www.mad-parfumeur.com/respondio-catalog/media/ar/p-576-wizard.jpg?v=20260731-4","https://www.mad-parfumeur.com/respondio-catalog/wa/ar/p-576-wizard.html?v=20260731-4","https://wa.me/972524033442?text=%D9%85%D8%B1%D8%AD%D8%A8%D8%A7%D8%8C%20%D8%A3%D8%B1%D9%8A%D8%AF%20%D8%B7%D9%84%D8%A8%20%D8%A7%D9%84%D9%85%D9%86%D8%AA%D8%AC%20wizard","جديد
الكود: wizard
السعر: 65 ILS
عودة للمراسلة: https://wa.me/972524033442?text=%D9%85%D8%B1%D8%AD%D8%A8%D8%A7%D8%8C%20%D8%A3%D8%B1%D9%8A%D8%AF%20%D8%B7%D9%84%D8%A8%20%D8%A7%D9%84%D9%85%D9%86%D8%AA%D8%AC%20wizard",""
"ar","love me","جديد","ar-love me-p-577-love-me.jpg","C:\Users\yahya\Documents\Codex\2026-07-30\https-script-google-com-macros-s\outputs\media\ar\p-577-love-me.jpg","https://www.mad-parfumeur.com/respondio-catalog/media/ar/p-577-love-me.jpg?v=20260731-4","https://www.mad-parfumeur.com/respondio-catalog/wa/ar/p-577-love-me.html?v=20260731-4","https://wa.me/972524033442?text=%D9%85%D8%B1%D8%AD%D8%A8%D8%A7%D8%8C%20%D8%A3%D8%B1%D9%8A%D8%AF%20%D8%B7%D9%84%D8%A8%20%D8%A7%D9%84%D9%85%D9%86%D8%AA%D8%AC%20love%20me","جديد
الكود: love me
السعر: 65 ILS
عودة للمراسلة: https://wa.me/972524033442?text=%D9%85%D8%B1%D8%AD%D8%A8%D8%A7%D8%8C%20%D8%A3%D8%B1%D9%8A%D8%AF%20%D8%B7%D9%84%D8%A8%20%D8%A7%D9%84%D9%85%D9%86%D8%AA%D8%AC%20love%20me",""
"ar","COFFE BISCUIT","جديد","ar-COFFE BISCUIT-p-578-coffe-biscuit.jpg","C:\Users\yahya\Documents\Codex\2026-07-30\https-script-google-com-macros-s\outputs\media\ar\p-578-coffe-biscuit.jpg","https://www.mad-parfumeur.com/respondio-catalog/media/ar/p-578-coffe-biscuit.jpg?v=20260731-4","https://www.mad-parfumeur.com/respondio-catalog/wa/ar/p-578-coffe-biscuit.html?v=20260731-4","https://wa.me/972524033442?text=%D9%85%D8%B1%D8%AD%D8%A8%D8%A7%D8%8C%20%D8%A3%D8%B1%D9%8A%D8%AF%20%D8%B7%D9%84%D8%A8%20%D8%A7%D9%84%D9%85%D9%86%D8%AA%D8%AC%20COFFE%20BISCUIT","جديد
الكود: COFFE BISCUIT
السعر: 65 ILS
عودة للمراسلة: https://wa.me/972524033442?text=%D9%85%D8%B1%D8%AD%D8%A8%D8%A7%D8%8C%20%D8%A3%D8%B1%D9%8A%D8%AF%20%D8%B7%D9%84%D8%A8%20%D8%A7%D9%84%D9%85%D9%86%D8%AA%D8%AC%20COFFE%20BISCUIT",""
"ar","ROUGH NIGHT 160 ML","جديد","ar-ROUGH NIGHT 160 ML-p-579-rough-night-160-ml.jpg","C:\Users\yahya\Documents\Codex\2026-07-30\https-script-google-com-macros-s\outputs\media\ar\p-579-rough-night-160-ml.jpg","https://www.mad-parfumeur.com/respondio-catalog/media/ar/p-579-rough-night-160-ml.jpg?v=20260731-4","https://www.mad-parfumeur.com/respondio-catalog/wa/ar/p-579-rough-night-160-ml.html?v=20260731-4","https://wa.me/972524033442?text=%D9%85%D8%B1%D8%AD%D8%A8%D8%A7%D8%8C%20%D8%A3%D8%B1%D9%8A%D8%AF%20%D8%B7%D9%84%D8%A8%20%D8%A7%D9%84%D9%85%D9%86%D8%AA%D8%AC%20ROUGH%20NIGHT%20160%20ML","جديد
الكود: ROUGH NIGHT 160 ML
السعر: 65 ILS
عودة للمراسلة: https://wa.me/972524033442?text=%D9%85%D8%B1%D8%AD%D8%A8%D8%A7%D8%8C%20%D8%A3%D8%B1%D9%8A%D8%AF%20%D8%B7%D9%84%D8%A8%20%D8%A7%D9%84%D9%85%D9%86%D8%AA%D8%AC%20ROUGH%20NIGHT%20160%20ML",""
"ar","PREVIL 160ML","جديد","ar-PREVIL 160ML-p-581-previl-160ml.jpg","C:\Users\yahya\Documents\Codex\2026-07-30\https-script-google-com-macros-s\outputs\media\ar\p-581-previl-160ml.jpg","https://www.mad-parfumeur.com/respondio-catalog/media/ar/p-581-previl-160ml.jpg?v=20260731-4","https://www.mad-parfumeur.com/respondio-catalog/wa/ar/p-581-previl-160ml.html?v=20260731-4","https://wa.me/972524033442?text=%D9%85%D8%B1%D8%AD%D8%A8%D8%A7%D8%8C%20%D8%A3%D8%B1%D9%8A%D8%AF%20%D8%B7%D9%84%D8%A8%20%D8%A7%D9%84%D9%85%D9%86%D8%AA%D8%AC%20PREVIL%20160ML","جديد
الكود: PREVIL 160ML
السعر: 65 ILS
عودة للمراسلة: https://wa.me/972524033442?text=%D9%85%D8%B1%D8%AD%D8%A8%D8%A7%D8%8C%20%D8%A3%D8%B1%D9%8A%D8%AF%20%D8%B7%D9%84%D8%A8%20%D8%A7%D9%84%D9%85%D9%86%D8%AA%D8%AC%20PREVIL%20160ML",""
"ar","Mad Spicy Apple","جديد","ar-Mad Spicy Apple-p-582-mad-spicy-apple.jpg","C:\Users\yahya\Documents\Codex\2026-07-30\https-script-google-com-macros-s\outputs\media\ar\p-582-mad-spicy-apple.jpg","https://www.mad-parfumeur.com/respondio-catalog/media/ar/p-582-mad-spicy-apple.jpg?v=20260731-4","https://www.mad-parfumeur.com/respondio-catalog/wa/ar/p-582-mad-spicy-apple.html?v=20260731-4","https://wa.me/972524033442?text=%D9%85%D8%B1%D8%AD%D8%A8%D8%A7%D8%8C%20%D8%A3%D8%B1%D9%8A%D8%AF%20%D8%B7%D9%84%D8%A8%20%D8%A7%D9%84%D9%85%D9%86%D8%AA%D8%AC%20Mad%20Spicy%20Apple","جديد
الكود: Mad Spicy Apple
السعر: 65 ILS
عودة للمراسلة: https://wa.me/972524033442?text=%D9%85%D8%B1%D8%AD%D8%A8%D8%A7%D8%8C%20%D8%A3%D8%B1%D9%8A%D8%AF%20%D8%B7%D9%84%D8%A8%20%D8%A7%D9%84%D9%85%D9%86%D8%AA%D8%AC%20Mad%20Spicy%20Apple",""
"ar","VANILLA CARNAVAL","جديد","ar-VANILLA CARNAVAL-p-583-vanilla-carnaval.jpg","C:\Users\yahya\Documents\Codex\2026-07-30\https-script-google-com-macros-s\outputs\media\ar\p-583-vanilla-carnaval.jpg","https://www.mad-parfumeur.com/respondio-catalog/media/ar/p-583-vanilla-carnaval.jpg?v=20260731-4","https://www.mad-parfumeur.com/respondio-catalog/wa/ar/p-583-vanilla-carnaval.html?v=20260731-4","https://wa.me/972524033442?text=%D9%85%D8%B1%D8%AD%D8%A8%D8%A7%D8%8C%20%D8%A3%D8%B1%D9%8A%D8%AF%20%D8%B7%D9%84%D8%A8%20%D8%A7%D9%84%D9%85%D9%86%D8%AA%D8%AC%20VANILLA%20CARNAVAL","جديد
الكود: VANILLA CARNAVAL
السعر: 65 ILS
عودة للمراسلة: https://wa.me/972524033442?text=%D9%85%D8%B1%D8%AD%D8%A8%D8%A7%D8%8C%20%D8%A3%D8%B1%D9%8A%D8%AF%20%D8%B7%D9%84%D8%A8%20%D8%A7%D9%84%D9%85%D9%86%D8%AA%D8%AC%20VANILLA%20CARNAVAL",""
"ar","SUN SHINE","جديد","ar-SUN SHINE-p-584-sun-shine.jpg","C:\Users\yahya\Documents\Codex\2026-07-30\https-script-google-com-macros-s\outputs\media\ar\p-584-sun-shine.jpg","https://www.mad-parfumeur.com/respondio-catalog/media/ar/p-584-sun-shine.jpg?v=20260731-4","https://www.mad-parfumeur.com/respondio-catalog/wa/ar/p-584-sun-shine.html?v=20260731-4","https://wa.me/972524033442?text=%D9%85%D8%B1%D8%AD%D8%A8%D8%A7%D8%8C%20%D8%A3%D8%B1%D9%8A%D8%AF%20%D8%B7%D9%84%D8%A8%20%D8%A7%D9%84%D9%85%D9%86%D8%AA%D8%AC%20SUN%20SHINE","جديد
الكود: SUN SHINE
السعر: 65 ILS
عودة للمراسلة: https://wa.me/972524033442?text=%D9%85%D8%B1%D8%AD%D8%A8%D8%A7%D8%8C%20%D8%A3%D8%B1%D9%8A%D8%AF%20%D8%B7%D9%84%D8%A8%20%D8%A7%D9%84%D9%85%D9%86%D8%AA%D8%AC%20SUN%20SHINE",""
"ar","Mad Vanilla","50 ml","ar-Mad Vanilla-p-585-mad-vanilla.jpg","C:\Users\yahya\Documents\Codex\2026-07-30\https-script-google-com-macros-s\outputs\media\ar\p-585-mad-vanilla.jpg","https://www.mad-parfumeur.com/respondio-catalog/media/ar/p-585-mad-vanilla.jpg?v=20260731-4","https://www.mad-parfumeur.com/respondio-catalog/wa/ar/p-585-mad-vanilla.html?v=20260731-4","https://wa.me/972524033442?text=%D9%85%D8%B1%D8%AD%D8%A8%D8%A7%D8%8C%20%D8%A3%D8%B1%D9%8A%D8%AF%20%D8%B7%D9%84%D8%A8%20%D8%A7%D9%84%D9%85%D9%86%D8%AA%D8%AC%20Mad%20Vanilla","50 ml
الكود: Mad Vanilla
السعر: 30 ILS
عودة للمراسلة: https://wa.me/972524033442?text=%D9%85%D8%B1%D8%AD%D8%A8%D8%A7%D8%8C%20%D8%A3%D8%B1%D9%8A%D8%AF%20%D8%B7%D9%84%D8%A8%20%D8%A7%D9%84%D9%85%D9%86%D8%AA%D8%AC%20Mad%20Vanilla",""
"ar","Mad Rose&Coffee","50 ml","ar-Mad Rose&Coffee-p-586-mad-rose-coffee.jpg","C:\Users\yahya\Documents\Codex\2026-07-30\https-script-google-com-macros-s\outputs\media\ar\p-586-mad-rose-coffee.jpg","https://www.mad-parfumeur.com/respondio-catalog/media/ar/p-586-mad-rose-coffee.jpg?v=20260731-4","https://www.mad-parfumeur.com/respondio-catalog/wa/ar/p-586-mad-rose-coffee.html?v=20260731-4","https://wa.me/972524033442?text=%D9%85%D8%B1%D8%AD%D8%A8%D8%A7%D8%8C%20%D8%A3%D8%B1%D9%8A%D8%AF%20%D8%B7%D9%84%D8%A8%20%D8%A7%D9%84%D9%85%D9%86%D8%AA%D8%AC%20Mad%20Rose%26Coffee","50 ml
الكود: Mad Rose&Coffee
السعر: 30 ILS
عودة للمراسلة: https://wa.me/972524033442?text=%D9%85%D8%B1%D8%AD%D8%A8%D8%A7%D8%8C%20%D8%A3%D8%B1%D9%8A%D8%AF%20%D8%B7%D9%84%D8%A8%20%D8%A7%D9%84%D9%85%D9%86%D8%AA%D8%AC%20Mad%20Rose%26Coffee",""
"ar","Mad Red Moon","50 ml","ar-Mad Red Moon-p-587-mad-red-moon.jpg","C:\Users\yahya\Documents\Codex\2026-07-30\https-script-google-com-macros-s\outputs\media\ar\p-587-mad-red-moon.jpg","https://www.mad-parfumeur.com/respondio-catalog/media/ar/p-587-mad-red-moon.jpg?v=20260731-4","https://www.mad-parfumeur.com/respondio-catalog/wa/ar/p-587-mad-red-moon.html?v=20260731-4","https://wa.me/972524033442?text=%D9%85%D8%B1%D8%AD%D8%A8%D8%A7%D8%8C%20%D8%A3%D8%B1%D9%8A%D8%AF%20%D8%B7%D9%84%D8%A8%20%D8%A7%D9%84%D9%85%D9%86%D8%AA%D8%AC%20Mad%20Red%20Moon","50 ml
الكود: Mad Red Moon
السعر: 30 ILS
عودة للمراسلة: https://wa.me/972524033442?text=%D9%85%D8%B1%D8%AD%D8%A8%D8%A7%D8%8C%20%D8%A3%D8%B1%D9%8A%D8%AF%20%D8%B7%D9%84%D8%A8%20%D8%A7%D9%84%D9%85%D9%86%D8%AA%D8%AC%20Mad%20Red%20Moon",""
"ar","Mad Pure Shine","50 ml","ar-Mad Pure Shine-p-588-mad-pure-shine.jpg","C:\Users\yahya\Documents\Codex\2026-07-30\https-script-google-com-macros-s\outputs\media\ar\p-588-mad-pure-shine.jpg","https://www.mad-parfumeur.com/respondio-catalog/media/ar/p-588-mad-pure-shine.jpg?v=20260731-4","https://www.mad-parfumeur.com/respondio-catalog/wa/ar/p-588-mad-pure-shine.html?v=20260731-4","https://wa.me/972524033442?text=%D9%85%D8%B1%D8%AD%D8%A8%D8%A7%D8%8C%20%D8%A3%D8%B1%D9%8A%D8%AF%20%D8%B7%D9%84%D8%A8%20%D8%A7%D9%84%D9%85%D9%86%D8%AA%D8%AC%20Mad%20Pure%20Shine","50 ml
الكود: Mad Pure Shine
السعر: 30 ILS
عودة للمراسلة: https://wa.me/972524033442?text=%D9%85%D8%B1%D8%AD%D8%A8%D8%A7%D8%8C%20%D8%A3%D8%B1%D9%8A%D8%AF%20%D8%B7%D9%84%D8%A8%20%D8%A7%D9%84%D9%85%D9%86%D8%AA%D8%AC%20Mad%20Pure%20Shine",""
"ar","Mad Osmanthus","50 ml","ar-Mad Osmanthus-p-589-mad-osmanthus.jpg","C:\Users\yahya\Documents\Codex\2026-07-30\https-script-google-com-macros-s\outputs\media\ar\p-589-mad-osmanthus.jpg","https://www.mad-parfumeur.com/respondio-catalog/media/ar/p-589-mad-osmanthus.jpg?v=20260731-4","https://www.mad-parfumeur.com/respondio-catalog/wa/ar/p-589-mad-osmanthus.html?v=20260731-4","https://wa.me/972524033442?text=%D9%85%D8%B1%D8%AD%D8%A8%D8%A7%D8%8C%20%D8%A3%D8%B1%D9%8A%D8%AF%20%D8%B7%D9%84%D8%A8%20%D8%A7%D9%84%D9%85%D9%86%D8%AA%D8%AC%20Mad%20Osmanthus","50 ml
الكود: Mad Osmanthus
السعر: 30 ILS
عودة للمراسلة: https://wa.me/972524033442?text=%D9%85%D8%B1%D8%AD%D8%A8%D8%A7%D8%8C%20%D8%A3%D8%B1%D9%8A%D8%AF%20%D8%B7%D9%84%D8%A8%20%D8%A7%D9%84%D9%85%D9%86%D8%AA%D8%AC%20Mad%20Osmanthus",""
"ar","Mad Kiwi","50 ml","ar-Mad Kiwi-p-590-mad-kiwi.jpg","C:\Users\yahya\Documents\Codex\2026-07-30\https-script-google-com-macros-s\outputs\media\ar\p-590-mad-kiwi.jpg","https://www.mad-parfumeur.com/respondio-catalog/media/ar/p-590-mad-kiwi.jpg?v=20260731-4","https://www.mad-parfumeur.com/respondio-catalog/wa/ar/p-590-mad-kiwi.html?v=20260731-4","https://wa.me/972524033442?text=%D9%85%D8%B1%D8%AD%D8%A8%D8%A7%D8%8C%20%D8%A3%D8%B1%D9%8A%D8%AF%20%D8%B7%D9%84%D8%A8%20%D8%A7%D9%84%D9%85%D9%86%D8%AA%D8%AC%20Mad%20Kiwi","50 ml
الكود: Mad Kiwi
السعر: 30 ILS
عودة للمراسلة: https://wa.me/972524033442?text=%D9%85%D8%B1%D8%AD%D8%A8%D8%A7%D8%8C%20%D8%A3%D8%B1%D9%8A%D8%AF%20%D8%B7%D9%84%D8%A8%20%D8%A7%D9%84%D9%85%D9%86%D8%AA%D8%AC%20Mad%20Kiwi",""
"ar","Mad Exotic Oud","50 ml","ar-Mad Exotic Oud-p-592-mad-exotic-oud.jpg","C:\Users\yahya\Documents\Codex\2026-07-30\https-script-google-com-macros-s\outputs\media\ar\p-592-mad-exotic-oud.jpg","https://www.mad-parfumeur.com/respondio-catalog/media/ar/p-592-mad-exotic-oud.jpg?v=20260731-4","https://www.mad-parfumeur.com/respondio-catalog/wa/ar/p-592-mad-exotic-oud.html?v=20260731-4","https://wa.me/972524033442?text=%D9%85%D8%B1%D8%AD%D8%A8%D8%A7%D8%8C%20%D8%A3%D8%B1%D9%8A%D8%AF%20%D8%B7%D9%84%D8%A8%20%D8%A7%D9%84%D9%85%D9%86%D8%AA%D8%AC%20Mad%20Exotic%20Oud","50 ml
الكود: Mad Exotic Oud
السعر: 30 ILS
عودة للمراسلة: https://wa.me/972524033442?text=%D9%85%D8%B1%D8%AD%D8%A8%D8%A7%D8%8C%20%D8%A3%D8%B1%D9%8A%D8%AF%20%D8%B7%D9%84%D8%A8%20%D8%A7%D9%84%D9%85%D9%86%D8%AA%D8%AC%20Mad%20Exotic%20Oud",""
"ar","Mad Coconut","50 ml","ar-Mad Coconut-p-593-mad-coconut.jpg","C:\Users\yahya\Documents\Codex\2026-07-30\https-script-google-com-macros-s\outputs\media\ar\p-593-mad-coconut.jpg","https://www.mad-parfumeur.com/respondio-catalog/media/ar/p-593-mad-coconut.jpg?v=20260731-4","https://www.mad-parfumeur.com/respondio-catalog/wa/ar/p-593-mad-coconut.html?v=20260731-4","https://wa.me/972524033442?text=%D9%85%D8%B1%D8%AD%D8%A8%D8%A7%D8%8C%20%D8%A3%D8%B1%D9%8A%D8%AF%20%D8%B7%D9%84%D8%A8%20%D8%A7%D9%84%D9%85%D9%86%D8%AA%D8%AC%20Mad%20Coconut","50 ml
الكود: Mad Coconut
السعر: 30 ILS
عودة للمراسلة: https://wa.me/972524033442?text=%D9%85%D8%B1%D8%AD%D8%A8%D8%A7%D8%8C%20%D8%A3%D8%B1%D9%8A%D8%AF%20%D8%B7%D9%84%D8%A8%20%D8%A7%D9%84%D9%85%D9%86%D8%AA%D8%AC%20Mad%20Coconut",""
"ar","Mad Caramel","50 ml","ar-Mad Caramel-p-594-mad-caramel.jpg","C:\Users\yahya\Documents\Codex\2026-07-30\https-script-google-com-macros-s\outputs\media\ar\p-594-mad-caramel.jpg","https://www.mad-parfumeur.com/respondio-catalog/media/ar/p-594-mad-caramel.jpg?v=20260731-4","https://www.mad-parfumeur.com/respondio-catalog/wa/ar/p-594-mad-caramel.html?v=20260731-4","https://wa.me/972524033442?text=%D9%85%D8%B1%D8%AD%D8%A8%D8%A7%D8%8C%20%D8%A3%D8%B1%D9%8A%D8%AF%20%D8%B7%D9%84%D8%A8%20%D8%A7%D9%84%D9%85%D9%86%D8%AA%D8%AC%20Mad%20Caramel","50 ml
الكود: Mad Caramel
السعر: 30 ILS
عودة للمراسلة: https://wa.me/972524033442?text=%D9%85%D8%B1%D8%AD%D8%A8%D8%A7%D8%8C%20%D8%A3%D8%B1%D9%8A%D8%AF%20%D8%B7%D9%84%D8%A8%20%D8%A7%D9%84%D9%85%D9%86%D8%AA%D8%AC%20Mad%20Caramel",""
"ar","Mad Bubble&Sandal","50 ml","ar-Mad Bubble&Sandal-p-595-mad-bubble-sandal.jpg","C:\Users\yahya\Documents\Codex\2026-07-30\https-script-google-com-macros-s\outputs\media\ar\p-595-mad-bubble-sandal.jpg","https://www.mad-parfumeur.com/respondio-catalog/media/ar/p-595-mad-bubble-sandal.jpg?v=20260731-4","https://www.mad-parfumeur.com/respondio-catalog/wa/ar/p-595-mad-bubble-sandal.html?v=20260731-4","https://wa.me/972524033442?text=%D9%85%D8%B1%D8%AD%D8%A8%D8%A7%D8%8C%20%D8%A3%D8%B1%D9%8A%D8%AF%20%D8%B7%D9%84%D8%A8%20%D8%A7%D9%84%D9%85%D9%86%D8%AA%D8%AC%20Mad%20Bubble%26Sandal","50 ml
الكود: Mad Bubble&Sandal
السعر: 30 ILS
عودة للمراسلة: https://wa.me/972524033442?text=%D9%85%D8%B1%D8%AD%D8%A8%D8%A7%D8%8C%20%D8%A3%D8%B1%D9%8A%D8%AF%20%D8%B7%D9%84%D8%A8%20%D8%A7%D9%84%D9%85%D9%86%D8%AA%D8%AC%20Mad%20Bubble%26Sandal",""
"ar","TURKISH BATH","TURKISH BATH","ar-TURKISH BATH-p-596-turkish-bath.jpg","C:\Users\yahya\Documents\Codex\2026-07-30\https-script-google-com-macros-s\outputs\media\ar\p-596-turkish-bath.jpg","https://www.mad-parfumeur.com/respondio-catalog/media/ar/p-596-turkish-bath.jpg?v=20260731-4","https://www.mad-parfumeur.com/respondio-catalog/wa/ar/p-596-turkish-bath.html?v=20260731-4","https://wa.me/972524033442?text=%D9%85%D8%B1%D8%AD%D8%A8%D8%A7%D8%8C%20%D8%A3%D8%B1%D9%8A%D8%AF%20%D8%B7%D9%84%D8%A8%20%D8%A7%D9%84%D9%85%D9%86%D8%AA%D8%AC%20TURKISH%20BATH","TURKISH BATH
الكود: TURKISH BATH
السعر: 35 ILS
عودة للمراسلة: https://wa.me/972524033442?text=%D9%85%D8%B1%D8%AD%D8%A8%D8%A7%D8%8C%20%D8%A3%D8%B1%D9%8A%D8%AF%20%D8%B7%D9%84%D8%A8%20%D8%A7%D9%84%D9%85%D9%86%D8%AA%D8%AC%20TURKISH%20BATH",""
"ar","DEREAM BOUQET","DEREAM BOUQET","ar-DEREAM BOUQET-p-597-deream-bouqet.jpg","C:\Users\yahya\Documents\Codex\2026-07-30\https-script-google-com-macros-s\outputs\media\ar\p-597-deream-bouqet.jpg","https://www.mad-parfumeur.com/respondio-catalog/media/ar/p-597-deream-bouqet.jpg?v=20260731-4","https://www.mad-parfumeur.com/respondio-catalog/wa/ar/p-597-deream-bouqet.html?v=20260731-4","https://wa.me/972524033442?text=%D9%85%D8%B1%D8%AD%D8%A8%D8%A7%D8%8C%20%D8%A3%D8%B1%D9%8A%D8%AF%20%D8%B7%D9%84%D8%A8%20%D8%A7%D9%84%D9%85%D9%86%D8%AA%D8%AC%20DEREAM%20BOUQET","DEREAM BOUQET
الكود: DEREAM BOUQET
السعر: 35 ILS
عودة للمراسلة: https://wa.me/972524033442?text=%D9%85%D8%B1%D8%AD%D8%A8%D8%A7%D8%8C%20%D8%A3%D8%B1%D9%8A%D8%AF%20%D8%B7%D9%84%D8%A8%20%D8%A7%D9%84%D9%85%D9%86%D8%AA%D8%AC%20DEREAM%20BOUQET",""
"ar","MONA ROSA","MONA ROSA","ar-MONA ROSA-p-598-mona-rosa.jpg","C:\Users\yahya\Documents\Codex\2026-07-30\https-script-google-com-macros-s\outputs\media\ar\p-598-mona-rosa.jpg","https://www.mad-parfumeur.com/respondio-catalog/media/ar/p-598-mona-rosa.jpg?v=20260731-4","https://www.mad-parfumeur.com/respondio-catalog/wa/ar/p-598-mona-rosa.html?v=20260731-4","https://wa.me/972524033442?text=%D9%85%D8%B1%D8%AD%D8%A8%D8%A7%D8%8C%20%D8%A3%D8%B1%D9%8A%D8%AF%20%D8%B7%D9%84%D8%A8%20%D8%A7%D9%84%D9%85%D9%86%D8%AA%D8%AC%20MONA%20ROSA","MONA ROSA
الكود: MONA ROSA
السعر: 35 ILS
عودة للمراسلة: https://wa.me/972524033442?text=%D9%85%D8%B1%D8%AD%D8%A8%D8%A7%D8%8C%20%D8%A3%D8%B1%D9%8A%D8%AF%20%D8%B7%D9%84%D8%A8%20%D8%A7%D9%84%D9%85%D9%86%D8%AA%D8%AC%20MONA%20ROSA",""
"ar","RAIN FORREST","RAIN FORREST","ar-RAIN FORREST-p-599-rain-forrest.jpg","C:\Users\yahya\Documents\Codex\2026-07-30\https-script-google-com-macros-s\outputs\media\ar\p-599-rain-forrest.jpg","https://www.mad-parfumeur.com/respondio-catalog/media/ar/p-599-rain-forrest.jpg?v=20260731-4","https://www.mad-parfumeur.com/respondio-catalog/wa/ar/p-599-rain-forrest.html?v=20260731-4","https://wa.me/972524033442?text=%D9%85%D8%B1%D8%AD%D8%A8%D8%A7%D8%8C%20%D8%A3%D8%B1%D9%8A%D8%AF%20%D8%B7%D9%84%D8%A8%20%D8%A7%D9%84%D9%85%D9%86%D8%AA%D8%AC%20RAIN%20FORREST","RAIN FORREST
الكود: RAIN FORREST
السعر: 35 ILS
عودة للمراسلة: https://wa.me/972524033442?text=%D9%85%D8%B1%D8%AD%D8%A8%D8%A7%D8%8C%20%D8%A3%D8%B1%D9%8A%D8%AF%20%D8%B7%D9%84%D8%A8%20%D8%A7%D9%84%D9%85%D9%86%D8%AA%D8%AC%20RAIN%20FORREST",""
"ar","PURE NATURAL","PURE NATURAL","ar-PURE NATURAL-p-600-pure-natural.jpg","C:\Users\yahya\Documents\Codex\2026-07-30\https-script-google-com-macros-s\outputs\media\ar\p-600-pure-natural.jpg","https://www.mad-parfumeur.com/respondio-catalog/media/ar/p-600-pure-natural.jpg?v=20260731-4","https://www.mad-parfumeur.com/respondio-catalog/wa/ar/p-600-pure-natural.html?v=20260731-4","https://wa.me/972524033442?text=%D9%85%D8%B1%D8%AD%D8%A8%D8%A7%D8%8C%20%D8%A3%D8%B1%D9%8A%D8%AF%20%D8%B7%D9%84%D8%A8%20%D8%A7%D9%84%D9%85%D9%86%D8%AA%D8%AC%20PURE%20NATURAL","PURE NATURAL
الكود: PURE NATURAL
السعر: 35 ILS
عودة للمراسلة: https://wa.me/972524033442?text=%D9%85%D8%B1%D8%AD%D8%A8%D8%A7%D8%8C%20%D8%A3%D8%B1%D9%8A%D8%AF%20%D8%B7%D9%84%D8%A8%20%D8%A7%D9%84%D9%85%D9%86%D8%AA%D8%AC%20PURE%20NATURAL",""
"ar","HIPONYTZYA","HIPONYTZYA","ar-HIPONYTZYA-p-601-hiponytzya.jpg","C:\Users\yahya\Documents\Codex\2026-07-30\https-script-google-com-macros-s\outputs\media\ar\p-601-hiponytzya.jpg","https://www.mad-parfumeur.com/respondio-catalog/media/ar/p-601-hiponytzya.jpg?v=20260731-4","https://www.mad-parfumeur.com/respondio-catalog/wa/ar/p-601-hiponytzya.html?v=20260731-4","https://wa.me/972524033442?text=%D9%85%D8%B1%D8%AD%D8%A8%D8%A7%D8%8C%20%D8%A3%D8%B1%D9%8A%D8%AF%20%D8%B7%D9%84%D8%A8%20%D8%A7%D9%84%D9%85%D9%86%D8%AA%D8%AC%20HIPONYTZYA","HIPONYTZYA
الكود: HIPONYTZYA
السعر: 35 ILS
عودة للمراسلة: https://wa.me/972524033442?text=%D9%85%D8%B1%D8%AD%D8%A8%D8%A7%D8%8C%20%D8%A3%D8%B1%D9%8A%D8%AF%20%D8%B7%D9%84%D8%A8%20%D8%A7%D9%84%D9%85%D9%86%D8%AA%D8%AC%20HIPONYTZYA",""
"ar","B107 women","Goddess – من Burberry","ar-B107 women-p-602-b107-women.jpg","C:\Users\yahya\Documents\Codex\2026-07-30\https-script-google-com-macros-s\outputs\media\ar\p-602-b107-women.jpg","https://www.mad-parfumeur.com/respondio-catalog/media/ar/p-602-b107-women.jpg?v=20260731-4","https://www.mad-parfumeur.com/respondio-catalog/wa/ar/p-602-b107-women.html?v=20260731-4","https://wa.me/972524033442?text=%D9%85%D8%B1%D8%AD%D8%A8%D8%A7%D8%8C%20%D8%A3%D8%B1%D9%8A%D8%AF%20%D8%B7%D9%84%D8%A8%20%D8%A7%D9%84%D9%85%D9%86%D8%AA%D8%AC%20B107%20women","Goddess – من Burberry
الكود: B107 women
السعر: 100 ILS
عودة للمراسلة: https://wa.me/972524033442?text=%D9%85%D8%B1%D8%AD%D8%A8%D8%A7%D8%8C%20%D8%A3%D8%B1%D9%8A%D8%AF%20%D8%B7%D9%84%D8%A8%20%D8%A7%D9%84%D9%85%D9%86%D8%AA%D8%AC%20B107%20women",""
"ar","C114","Euphoria Men – Calvin Klein","ar-C114-p-603-c114.jpg","C:\Users\yahya\Documents\Codex\2026-07-30\https-script-google-com-macros-s\outputs\media\ar\p-603-c114.jpg","https://www.mad-parfumeur.com/respondio-catalog/media/ar/p-603-c114.jpg?v=20260731-4","https://www.mad-parfumeur.com/respondio-catalog/wa/ar/p-603-c114.html?v=20260731-4","https://wa.me/972524033442?text=%D9%85%D8%B1%D8%AD%D8%A8%D8%A7%D8%8C%20%D8%A3%D8%B1%D9%8A%D8%AF%20%D8%B7%D9%84%D8%A8%20%D8%A7%D9%84%D9%85%D9%86%D8%AA%D8%AC%20C114","Euphoria Men – Calvin Klein
الكود: C114
السعر: 100 ILS
عودة للمراسلة: https://wa.me/972524033442?text=%D9%85%D8%B1%D8%AD%D8%A8%D8%A7%D8%8C%20%D8%A3%D8%B1%D9%8A%D8%AF%20%D8%B7%D9%84%D8%A8%20%D8%A7%D9%84%D9%85%D9%86%D8%AA%D8%AC%20C114",""
"ar","H102","H24 – Hermès","ar-H102-p-604-h102.jpg","C:\Users\yahya\Documents\Codex\2026-07-30\https-script-google-com-macros-s\outputs\media\ar\p-604-h102.jpg","https://www.mad-parfumeur.com/respondio-catalog/media/ar/p-604-h102.jpg?v=20260731-4","https://www.mad-parfumeur.com/respondio-catalog/wa/ar/p-604-h102.html?v=20260731-4","https://wa.me/972524033442?text=%D9%85%D8%B1%D8%AD%D8%A8%D8%A7%D8%8C%20%D8%A3%D8%B1%D9%8A%D8%AF%20%D8%B7%D9%84%D8%A8%20%D8%A7%D9%84%D9%85%D9%86%D8%AA%D8%AC%20H102","H24 – Hermès
الكود: H102
السعر: 100 ILS
عودة للمراسلة: https://wa.me/972524033442?text=%D9%85%D8%B1%D8%AD%D8%A8%D8%A7%D8%8C%20%D8%A3%D8%B1%D9%8A%D8%AF%20%D8%B7%D9%84%D8%A8%20%D8%A7%D9%84%D9%85%D9%86%D8%AA%D8%AC%20H102",""
"ar","COFFEE BISQUIT","جديد","ar-COFFEE BISQUIT-p-605-coffee-bisquit.jpg","C:\Users\yahya\Documents\Codex\2026-07-30\https-script-google-com-macros-s\outputs\media\ar\p-605-coffee-bisquit.jpg","https://www.mad-parfumeur.com/respondio-catalog/media/ar/p-605-coffee-bisquit.jpg?v=20260731-4","https://www.mad-parfumeur.com/respondio-catalog/wa/ar/p-605-coffee-bisquit.html?v=20260731-4","https://wa.me/972524033442?text=%D9%85%D8%B1%D8%AD%D8%A8%D8%A7%D8%8C%20%D8%A3%D8%B1%D9%8A%D8%AF%20%D8%B7%D9%84%D8%A8%20%D8%A7%D9%84%D9%85%D9%86%D8%AA%D8%AC%20COFFEE%20BISQUIT","جديد
الكود: COFFEE BISQUIT
السعر: 80 ILS
عودة للمراسلة: https://wa.me/972524033442?text=%D9%85%D8%B1%D8%AD%D8%A8%D8%A7%D8%8C%20%D8%A3%D8%B1%D9%8A%D8%AF%20%D8%B7%D9%84%D8%A8%20%D8%A7%D9%84%D9%85%D9%86%D8%AA%D8%AC%20COFFEE%20BISQUIT",""
"ar","WIZARD","جديد","ar-WIZARD-p-606-wizard.jpg","C:\Users\yahya\Documents\Codex\2026-07-30\https-script-google-com-macros-s\outputs\media\ar\p-606-wizard.jpg","https://www.mad-parfumeur.com/respondio-catalog/media/ar/p-606-wizard.jpg?v=20260731-4","https://www.mad-parfumeur.com/respondio-catalog/wa/ar/p-606-wizard.html?v=20260731-4","https://wa.me/972524033442?text=%D9%85%D8%B1%D8%AD%D8%A8%D8%A7%D8%8C%20%D8%A3%D8%B1%D9%8A%D8%AF%20%D8%B7%D9%84%D8%A8%20%D8%A7%D9%84%D9%85%D9%86%D8%AA%D8%AC%20WIZARD","جديد
الكود: WIZARD
السعر: 80 ILS
عودة للمراسلة: https://wa.me/972524033442?text=%D9%85%D8%B1%D8%AD%D8%A8%D8%A7%D8%8C%20%D8%A3%D8%B1%D9%8A%D8%AF%20%D8%B7%D9%84%D8%A8%20%D8%A7%D9%84%D9%85%D9%86%D8%AA%D8%AC%20WIZARD",""
"ar","SUMMER TIME","جديد","ar-SUMMER TIME-p-607-summer-time.jpg","C:\Users\yahya\Documents\Codex\2026-07-30\https-script-google-com-macros-s\outputs\media\ar\p-607-summer-time.jpg","https://www.mad-parfumeur.com/respondio-catalog/media/ar/p-607-summer-time.jpg?v=20260731-4","https://www.mad-parfumeur.com/respondio-catalog/wa/ar/p-607-summer-time.html?v=20260731-4","https://wa.me/972524033442?text=%D9%85%D8%B1%D8%AD%D8%A8%D8%A7%D8%8C%20%D8%A3%D8%B1%D9%8A%D8%AF%20%D8%B7%D9%84%D8%A8%20%D8%A7%D9%84%D9%85%D9%86%D8%AA%D8%AC%20SUMMER%20TIME","جديد
الكود: SUMMER TIME
السعر: 80 ILS
عودة للمراسلة: https://wa.me/972524033442?text=%D9%85%D8%B1%D8%AD%D8%A8%D8%A7%D8%8C%20%D8%A3%D8%B1%D9%8A%D8%AF%20%D8%B7%D9%84%D8%A8%20%D8%A7%D9%84%D9%85%D9%86%D8%AA%D8%AC%20SUMMER%20TIME",""
"ar","SUN SHINE","جديد","ar-SUN SHINE-p-608-sun-shine.jpg","C:\Users\yahya\Documents\Codex\2026-07-30\https-script-google-com-macros-s\outputs\media\ar\p-608-sun-shine.jpg","https://www.mad-parfumeur.com/respondio-catalog/media/ar/p-608-sun-shine.jpg?v=20260731-4","https://www.mad-parfumeur.com/respondio-catalog/wa/ar/p-608-sun-shine.html?v=20260731-4","https://wa.me/972524033442?text=%D9%85%D8%B1%D8%AD%D8%A8%D8%A7%D8%8C%20%D8%A3%D8%B1%D9%8A%D8%AF%20%D8%B7%D9%84%D8%A8%20%D8%A7%D9%84%D9%85%D9%86%D8%AA%D8%AC%20SUN%20SHINE","جديد
الكود: SUN SHINE
السعر: 80 ILS
عودة للمراسلة: https://wa.me/972524033442?text=%D9%85%D8%B1%D8%AD%D8%A8%D8%A7%D8%8C%20%D8%A3%D8%B1%D9%8A%D8%AF%20%D8%B7%D9%84%D8%A8%20%D8%A7%D9%84%D9%85%D9%86%D8%AA%D8%AC%20SUN%20SHINE",""
"ar","WINTER TALE","جديد","ar-WINTER TALE-p-609-winter-tale.jpg","C:\Users\yahya\Documents\Codex\2026-07-30\https-script-google-com-macros-s\outputs\media\ar\p-609-winter-tale.jpg","https://www.mad-parfumeur.com/respondio-catalog/media/ar/p-609-winter-tale.jpg?v=20260731-4","https://www.mad-parfumeur.com/respondio-catalog/wa/ar/p-609-winter-tale.html?v=20260731-4","https://wa.me/972524033442?text=%D9%85%D8%B1%D8%AD%D8%A8%D8%A7%D8%8C%20%D8%A3%D8%B1%D9%8A%D8%AF%20%D8%B7%D9%84%D8%A8%20%D8%A7%D9%84%D9%85%D9%86%D8%AA%D8%AC%20WINTER%20TALE","جديد
الكود: WINTER TALE
السعر: 80 ILS
عودة للمراسلة: https://wa.me/972524033442?text=%D9%85%D8%B1%D8%AD%D8%A8%D8%A7%D8%8C%20%D8%A3%D8%B1%D9%8A%D8%AF%20%D8%B7%D9%84%D8%A8%20%D8%A7%D9%84%D9%85%D9%86%D8%AA%D8%AC%20WINTER%20TALE",""
"ar","SPRING","جديد","ar-SPRING-p-610-spring.jpg","C:\Users\yahya\Documents\Codex\2026-07-30\https-script-google-com-macros-s\outputs\media\ar\p-610-spring.jpg","https://www.mad-parfumeur.com/respondio-catalog/media/ar/p-610-spring.jpg?v=20260731-4","https://www.mad-parfumeur.com/respondio-catalog/wa/ar/p-610-spring.html?v=20260731-4","https://wa.me/972524033442?text=%D9%85%D8%B1%D8%AD%D8%A8%D8%A7%D8%8C%20%D8%A3%D8%B1%D9%8A%D8%AF%20%D8%B7%D9%84%D8%A8%20%D8%A7%D9%84%D9%85%D9%86%D8%AA%D8%AC%20SPRING","جديد
الكود: SPRING
السعر: 80 ILS
عودة للمراسلة: https://wa.me/972524033442?text=%D9%85%D8%B1%D8%AD%D8%A8%D8%A7%D8%8C%20%D8%A3%D8%B1%D9%8A%D8%AF%20%D8%B7%D9%84%D8%A8%20%D8%A7%D9%84%D9%85%D9%86%D8%AA%D8%AC%20SPRING",""
"ar","AUTUMN WIND","جديد","ar-AUTUMN WIND-p-611-autumn-wind.jpg","C:\Users\yahya\Documents\Codex\2026-07-30\https-script-google-com-macros-s\outputs\media\ar\p-611-autumn-wind.jpg","https://www.mad-parfumeur.com/respondio-catalog/media/ar/p-611-autumn-wind.jpg?v=20260731-4","https://www.mad-parfumeur.com/respondio-catalog/wa/ar/p-611-autumn-wind.html?v=20260731-4","https://wa.me/972524033442?text=%D9%85%D8%B1%D8%AD%D8%A8%D8%A7%D8%8C%20%D8%A3%D8%B1%D9%8A%D8%AF%20%D8%B7%D9%84%D8%A8%20%D8%A7%D9%84%D9%85%D9%86%D8%AA%D8%AC%20AUTUMN%20WIND","جديد
الكود: AUTUMN WIND
السعر: 80 ILS
عودة للمراسلة: https://wa.me/972524033442?text=%D9%85%D8%B1%D8%AD%D8%A8%D8%A7%D8%8C%20%D8%A3%D8%B1%D9%8A%D8%AF%20%D8%B7%D9%84%D8%A8%20%D8%A7%D9%84%D9%85%D9%86%D8%AA%D8%AC%20AUTUMN%20WIND",""
"ar","SPICY APPLE","جديد","ar-SPICY APPLE-p-612-spicy-apple.jpg","C:\Users\yahya\Documents\Codex\2026-07-30\https-script-google-com-macros-s\outputs\media\ar\p-612-spicy-apple.jpg","https://www.mad-parfumeur.com/respondio-catalog/media/ar/p-612-spicy-apple.jpg?v=20260731-4","https://www.mad-parfumeur.com/respondio-catalog/wa/ar/p-612-spicy-apple.html?v=20260731-4","https://wa.me/972524033442?text=%D9%85%D8%B1%D8%AD%D8%A8%D8%A7%D8%8C%20%D8%A3%D8%B1%D9%8A%D8%AF%20%D8%B7%D9%84%D8%A8%20%D8%A7%D9%84%D9%85%D9%86%D8%AA%D8%AC%20SPICY%20APPLE","جديد
الكود: SPICY APPLE
السعر: 80 ILS
عودة للمراسلة: https://wa.me/972524033442?text=%D9%85%D8%B1%D8%AD%D8%A8%D8%A7%D8%8C%20%D8%A3%D8%B1%D9%8A%D8%AF%20%D8%B7%D9%84%D8%A8%20%D8%A7%D9%84%D9%85%D9%86%D8%AA%D8%AC%20SPICY%20APPLE",""
"ar","VANILLA CARNIVAL","جديد","ar-VANILLA CARNIVAL-p-613-vanilla-carnival.jpg","C:\Users\yahya\Documents\Codex\2026-07-30\https-script-google-com-macros-s\outputs\media\ar\p-613-vanilla-carnival.jpg","https://www.mad-parfumeur.com/respondio-catalog/media/ar/p-613-vanilla-carnival.jpg?v=20260731-4","https://www.mad-parfumeur.com/respondio-catalog/wa/ar/p-613-vanilla-carnival.html?v=20260731-4","https://wa.me/972524033442?text=%D9%85%D8%B1%D8%AD%D8%A8%D8%A7%D8%8C%20%D8%A3%D8%B1%D9%8A%D8%AF%20%D8%B7%D9%84%D8%A8%20%D8%A7%D9%84%D9%85%D9%86%D8%AA%D8%AC%20VANILLA%20CARNIVAL","جديد
الكود: VANILLA CARNIVAL
السعر: 80 ILS
عودة للمراسلة: https://wa.me/972524033442?text=%D9%85%D8%B1%D8%AD%D8%A8%D8%A7%D8%8C%20%D8%A3%D8%B1%D9%8A%D8%AF%20%D8%B7%D9%84%D8%A8%20%D8%A7%D9%84%D9%85%D9%86%D8%AA%D8%AC%20VANILLA%20CARNIVAL",""
"ar","Dependece","Barakkat Rouge 540 Extrait de Parfum Fragrance","ar-Dependece-p-614-dependece.jpg","C:\Users\yahya\Documents\Codex\2026-07-30\https-script-google-com-macros-s\outputs\media\ar\p-614-dependece.jpg","https://www.mad-parfumeur.com/respondio-catalog/media/ar/p-614-dependece.jpg?v=20260731-4","https://www.mad-parfumeur.com/respondio-catalog/wa/ar/p-614-dependece.html?v=20260731-4","https://wa.me/972524033442?text=%D9%85%D8%B1%D8%AD%D8%A8%D8%A7%D8%8C%20%D8%A3%D8%B1%D9%8A%D8%AF%20%D8%B7%D9%84%D8%A8%20%D8%A7%D9%84%D9%85%D9%86%D8%AA%D8%AC%20Dependece","Barakkat Rouge 540 Extrait de Parfum Fragrance
الكود: Dependece
السعر: 190 ILS
عودة للمراسلة: https://wa.me/972524033442?text=%D9%85%D8%B1%D8%AD%D8%A8%D8%A7%D8%8C%20%D8%A3%D8%B1%D9%8A%D8%AF%20%D8%B7%D9%84%D8%A8%20%D8%A7%D9%84%D9%85%D9%86%D8%AA%D8%AC%20Dependece",""
"ar","DRACO","Gris Charnel Extrait BDK Parfums","ar-DRACO-p-619-draco.jpg","C:\Users\yahya\Documents\Codex\2026-07-30\https-script-google-com-macros-s\outputs\media\ar\p-619-draco.jpg","https://www.mad-parfumeur.com/respondio-catalog/media/ar/p-619-draco.jpg?v=20260731-4","https://www.mad-parfumeur.com/respondio-catalog/wa/ar/p-619-draco.html?v=20260731-4","https://wa.me/972524033442?text=%D9%85%D8%B1%D8%AD%D8%A8%D8%A7%D8%8C%20%D8%A3%D8%B1%D9%8A%D8%AF%20%D8%B7%D9%84%D8%A8%20%D8%A7%D9%84%D9%85%D9%86%D8%AA%D8%AC%20DRACO","Gris Charnel Extrait BDK Parfums
الكود: DRACO
السعر: 350 ILS
عودة للمراسلة: https://wa.me/972524033442?text=%D9%85%D8%B1%D8%AD%D8%A8%D8%A7%D8%8C%20%D8%A3%D8%B1%D9%8A%D8%AF%20%D8%B7%D9%84%D8%A8%20%D8%A7%D9%84%D9%85%D9%86%D8%AA%D8%AC%20DRACO",""
"ar","B105","Burberry Her Elixir de Parfum","ar-B105-p-625-b105.jpg","C:\Users\yahya\Documents\Codex\2026-07-30\https-script-google-com-macros-s\outputs\media\ar\p-625-b105.jpg","https://www.mad-parfumeur.com/respondio-catalog/media/ar/p-625-b105.jpg?v=20260731-4","https://www.mad-parfumeur.com/respondio-catalog/wa/ar/p-625-b105.html?v=20260731-4","https://wa.me/972524033442?text=%D9%85%D8%B1%D8%AD%D8%A8%D8%A7%D8%8C%20%D8%A3%D8%B1%D9%8A%D8%AF%20%D8%B7%D9%84%D8%A8%20%D8%A7%D9%84%D9%85%D9%86%D8%AA%D8%AC%20B105","Burberry Her Elixir de Parfum
الكود: B105
السعر: 100 ILS
عودة للمراسلة: https://wa.me/972524033442?text=%D9%85%D8%B1%D8%AD%D8%A8%D8%A7%D8%8C%20%D8%A3%D8%B1%D9%8A%D8%AF%20%D8%B7%D9%84%D8%A8%20%D8%A7%D9%84%D9%85%D9%86%D8%AA%D8%AC%20B105",""
"ar","E117","Escada Magnetism","ar-E117-p-626-e117.jpg","C:\Users\yahya\Documents\Codex\2026-07-30\https-script-google-com-macros-s\outputs\media\ar\p-626-e117.jpg","https://www.mad-parfumeur.com/respondio-catalog/media/ar/p-626-e117.jpg?v=20260731-4","https://www.mad-parfumeur.com/respondio-catalog/wa/ar/p-626-e117.html?v=20260731-4","https://wa.me/972524033442?text=%D9%85%D8%B1%D8%AD%D8%A8%D8%A7%D8%8C%20%D8%A3%D8%B1%D9%8A%D8%AF%20%D8%B7%D9%84%D8%A8%20%D8%A7%D9%84%D9%85%D9%86%D8%AA%D8%AC%20E117","Escada Magnetism
الكود: E117
السعر: 100 ILS
عودة للمراسلة: https://wa.me/972524033442?text=%D9%85%D8%B1%D8%AD%D8%A8%D8%A7%D8%8C%20%D8%A3%D8%B1%D9%8A%D8%AF%20%D8%B7%D9%84%D8%A8%20%D8%A7%D9%84%D9%85%D9%86%D8%AA%D8%AC%20E117",""
"ar","J106","Divine Le Parfum","ar-J106-p-627-j106.jpg","C:\Users\yahya\Documents\Codex\2026-07-30\https-script-google-com-macros-s\outputs\media\ar\p-627-j106.jpg","https://www.mad-parfumeur.com/respondio-catalog/media/ar/p-627-j106.jpg?v=20260731-4","https://www.mad-parfumeur.com/respondio-catalog/wa/ar/p-627-j106.html?v=20260731-4","https://wa.me/972524033442?text=%D9%85%D8%B1%D8%AD%D8%A8%D8%A7%D8%8C%20%D8%A3%D8%B1%D9%8A%D8%AF%20%D8%B7%D9%84%D8%A8%20%D8%A7%D9%84%D9%85%D9%86%D8%AA%D8%AC%20J106","Divine Le Parfum
الكود: J106
السعر: 100 ILS
عودة للمراسلة: https://wa.me/972524033442?text=%D9%85%D8%B1%D8%AD%D8%A8%D8%A7%D8%8C%20%D8%A3%D8%B1%D9%8A%D8%AF%20%D8%B7%D9%84%D8%A8%20%D8%A7%D9%84%D9%85%D9%86%D8%AA%D8%AC%20J106",""
"ar","D101","Divine Le Parfum","ar-D101-p-628-d101.jpg","C:\Users\yahya\Documents\Codex\2026-07-30\https-script-google-com-macros-s\outputs\media\ar\p-628-d101.jpg","https://www.mad-parfumeur.com/respondio-catalog/media/ar/p-628-d101.jpg?v=20260731-4","https://www.mad-parfumeur.com/respondio-catalog/wa/ar/p-628-d101.html?v=20260731-4","https://wa.me/972524033442?text=%D9%85%D8%B1%D8%AD%D8%A8%D8%A7%D8%8C%20%D8%A3%D8%B1%D9%8A%D8%AF%20%D8%B7%D9%84%D8%A8%20%D8%A7%D9%84%D9%85%D9%86%D8%AA%D8%AC%20D101","Divine Le Parfum
الكود: D101
السعر: 100 ILS
عودة للمراسلة: https://wa.me/972524033442?text=%D9%85%D8%B1%D8%AD%D8%A8%D8%A7%D8%8C%20%D8%A3%D8%B1%D9%8A%D8%AF%20%D8%B7%D9%84%D8%A8%20%D8%A7%D9%84%D9%85%D9%86%D8%AA%D8%AC%20D101",""
"ar","L113","Lacoste Pour Femme","ar-L113-p-630-l113.jpg","C:\Users\yahya\Documents\Codex\2026-07-30\https-script-google-com-macros-s\outputs\media\ar\p-630-l113.jpg","https://www.mad-parfumeur.com/respondio-catalog/media/ar/p-630-l113.jpg?v=20260731-4","https://www.mad-parfumeur.com/respondio-catalog/wa/ar/p-630-l113.html?v=20260731-4","https://wa.me/972524033442?text=%D9%85%D8%B1%D8%AD%D8%A8%D8%A7%D8%8C%20%D8%A3%D8%B1%D9%8A%D8%AF%20%D8%B7%D9%84%D8%A8%20%D8%A7%D9%84%D9%85%D9%86%D8%AA%D8%AC%20L113","Lacoste Pour Femme
الكود: L113
السعر: 100 ILS
عودة للمراسلة: https://wa.me/972524033442?text=%D9%85%D8%B1%D8%AD%D8%A8%D8%A7%D8%8C%20%D8%A3%D8%B1%D9%8A%D8%AF%20%D8%B7%D9%84%D8%A8%20%D8%A7%D9%84%D9%85%D9%86%D8%AA%D8%AC%20L113",""
"ar","W212","Sexy Amber","ar-W212-p-631-w212.jpg","C:\Users\yahya\Documents\Codex\2026-07-30\https-script-google-com-macros-s\outputs\media\ar\p-631-w212.jpg","https://www.mad-parfumeur.com/respondio-catalog/media/ar/p-631-w212.jpg?v=20260731-4","https://www.mad-parfumeur.com/respondio-catalog/wa/ar/p-631-w212.html?v=20260731-4","https://wa.me/972524033442?text=%D9%85%D8%B1%D8%AD%D8%A8%D8%A7%D8%8C%20%D8%A3%D8%B1%D9%8A%D8%AF%20%D8%B7%D9%84%D8%A8%20%D8%A7%D9%84%D9%85%D9%86%D8%AA%D8%AC%20W212","Sexy Amber
الكود: W212
السعر: 100 ILS
عودة للمراسلة: https://wa.me/972524033442?text=%D9%85%D8%B1%D8%AD%D8%A8%D8%A7%D8%8C%20%D8%A3%D8%B1%D9%8A%D8%AF%20%D8%B7%D9%84%D8%A8%20%D8%A7%D9%84%D9%85%D9%86%D8%AA%D8%AC%20W212",""
"ar","M109","Armani Mania","ar-M109-p-632-m109.jpg","C:\Users\yahya\Documents\Codex\2026-07-30\https-script-google-com-macros-s\outputs\media\ar\p-632-m109.jpg","https://www.mad-parfumeur.com/respondio-catalog/media/ar/p-632-m109.jpg?v=20260731-4","https://www.mad-parfumeur.com/respondio-catalog/wa/ar/p-632-m109.html?v=20260731-4","https://wa.me/972524033442?text=%D9%85%D8%B1%D8%AD%D8%A8%D8%A7%D8%8C%20%D8%A3%D8%B1%D9%8A%D8%AF%20%D8%B7%D9%84%D8%A8%20%D8%A7%D9%84%D9%85%D9%86%D8%AA%D8%AC%20M109","Armani Mania
الكود: M109
السعر: 100 ILS
عودة للمراسلة: https://wa.me/972524033442?text=%D9%85%D8%B1%D8%AD%D8%A8%D8%A7%D8%8C%20%D8%A3%D8%B1%D9%8A%D8%AF%20%D8%B7%D9%84%D8%A8%20%D8%A7%D9%84%D9%85%D9%86%D8%AA%D8%AC%20M109",""
"ar","G101 women","Envy Me","ar-G101 women-p-633-g101-women.jpg","C:\Users\yahya\Documents\Codex\2026-07-30\https-script-google-com-macros-s\outputs\media\ar\p-633-g101-women.jpg","https://www.mad-parfumeur.com/respondio-catalog/media/ar/p-633-g101-women.jpg?v=20260731-4","https://www.mad-parfumeur.com/respondio-catalog/wa/ar/p-633-g101-women.html?v=20260731-4","https://wa.me/972524033442?text=%D9%85%D8%B1%D8%AD%D8%A8%D8%A7%D8%8C%20%D8%A3%D8%B1%D9%8A%D8%AF%20%D8%B7%D9%84%D8%A8%20%D8%A7%D9%84%D9%85%D9%86%D8%AA%D8%AC%20G101%20women","Envy Me
الكود: G101 women
السعر: 100 ILS
عودة للمراسلة: https://wa.me/972524033442?text=%D9%85%D8%B1%D8%AD%D8%A8%D8%A7%D8%8C%20%D8%A3%D8%B1%D9%8A%D8%AF%20%D8%B7%D9%84%D8%A8%20%D8%A7%D9%84%D9%85%D9%86%D8%AA%D8%AC%20G101%20women",""
"ar","L111","Lolita Lempicka Eau de Parfum","ar-L111-p-634-l111.jpg","C:\Users\yahya\Documents\Codex\2026-07-30\https-script-google-com-macros-s\outputs\media\ar\p-634-l111.jpg","https://www.mad-parfumeur.com/respondio-catalog/media/ar/p-634-l111.jpg?v=20260731-4","https://www.mad-parfumeur.com/respondio-catalog/wa/ar/p-634-l111.html?v=20260731-4","https://wa.me/972524033442?text=%D9%85%D8%B1%D8%AD%D8%A8%D8%A7%D8%8C%20%D8%A3%D8%B1%D9%8A%D8%AF%20%D8%B7%D9%84%D8%A8%20%D8%A7%D9%84%D9%85%D9%86%D8%AA%D8%AC%20L111","Lolita Lempicka Eau de Parfum
الكود: L111
السعر: 100 ILS
عودة للمراسلة: https://wa.me/972524033442?text=%D9%85%D8%B1%D8%AD%D8%A8%D8%A7%D8%8C%20%D8%A3%D8%B1%D9%8A%D8%AF%20%D8%B7%D9%84%D8%A8%20%D8%A7%D9%84%D9%85%D9%86%D8%AA%D8%AC%20L111",""
"ar","K103","Flower by Kenzo Eau de Parfum","ar-K103-p-635-k103.jpg","C:\Users\yahya\Documents\Codex\2026-07-30\https-script-google-com-macros-s\outputs\media\ar\p-635-k103.jpg","https://www.mad-parfumeur.com/respondio-catalog/media/ar/p-635-k103.jpg?v=20260731-4","https://www.mad-parfumeur.com/respondio-catalog/wa/ar/p-635-k103.html?v=20260731-4","https://wa.me/972524033442?text=%D9%85%D8%B1%D8%AD%D8%A8%D8%A7%D8%8C%20%D8%A3%D8%B1%D9%8A%D8%AF%20%D8%B7%D9%84%D8%A8%20%D8%A7%D9%84%D9%85%D9%86%D8%AA%D8%AC%20K103","Flower by Kenzo Eau de Parfum
الكود: K103
السعر: 100 ILS
عودة للمراسلة: https://wa.me/972524033442?text=%D9%85%D8%B1%D8%AD%D8%A8%D8%A7%D8%8C%20%D8%A3%D8%B1%D9%8A%D8%AF%20%D8%B7%D9%84%D8%A8%20%D8%A7%D9%84%D9%85%D9%86%D8%AA%D8%AC%20K103",""
"ar","W183","Sexy Little Things Noir Tease Temptation","ar-W183-p-636-w183.jpg","C:\Users\yahya\Documents\Codex\2026-07-30\https-script-google-com-macros-s\outputs\media\ar\p-636-w183.jpg","https://www.mad-parfumeur.com/respondio-catalog/media/ar/p-636-w183.jpg?v=20260731-4","https://www.mad-parfumeur.com/respondio-catalog/wa/ar/p-636-w183.html?v=20260731-4","https://wa.me/972524033442?text=%D9%85%D8%B1%D8%AD%D8%A8%D8%A7%D8%8C%20%D8%A3%D8%B1%D9%8A%D8%AF%20%D8%B7%D9%84%D8%A8%20%D8%A7%D9%84%D9%85%D9%86%D8%AA%D8%AC%20W183","Sexy Little Things Noir Tease Temptation
الكود: W183
السعر: 100 ILS
عودة للمراسلة: https://wa.me/972524033442?text=%D9%85%D8%B1%D8%AD%D8%A8%D8%A7%D8%8C%20%D8%A3%D8%B1%D9%8A%D8%AF%20%D8%B7%D9%84%D8%A8%20%D8%A7%D9%84%D9%85%D9%86%D8%AA%D8%AC%20W183",""
"ar","D110","Dior Homme Parfum","ar-D110-p-638-d110.jpg","C:\Users\yahya\Documents\Codex\2026-07-30\https-script-google-com-macros-s\outputs\media\ar\p-638-d110.jpg","https://www.mad-parfumeur.com/respondio-catalog/media/ar/p-638-d110.jpg?v=20260731-4","https://www.mad-parfumeur.com/respondio-catalog/wa/ar/p-638-d110.html?v=20260731-4","https://wa.me/972524033442?text=%D9%85%D8%B1%D8%AD%D8%A8%D8%A7%D8%8C%20%D8%A3%D8%B1%D9%8A%D8%AF%20%D8%B7%D9%84%D8%A8%20%D8%A7%D9%84%D9%85%D9%86%D8%AA%D8%AC%20D110","Dior Homme Parfum
الكود: D110
السعر: 100 ILS
عودة للمراسلة: https://wa.me/972524033442?text=%D9%85%D8%B1%D8%AD%D8%A8%D8%A7%D8%8C%20%D8%A3%D8%B1%D9%8A%D8%AF%20%D8%B7%D9%84%D8%A8%20%D8%A7%D9%84%D9%85%D9%86%D8%AA%D8%AC%20D110",""
"ar","معطر جو للسيارة ماد ميلون 7 مل","معطر جو للسيارة ماد ميلون 7 مل","ar-معطر جو للسيارة ماد ميلون 7 مل-p-640-7.jpg","C:\Users\yahya\Documents\Codex\2026-07-30\https-script-google-com-macros-s\outputs\media\ar\p-640-7.jpg","https://www.mad-parfumeur.com/respondio-catalog/media/ar/p-640-7.jpg?v=20260731-4","https://www.mad-parfumeur.com/respondio-catalog/wa/ar/p-640-7.html?v=20260731-4","https://wa.me/972524033442?text=%D9%85%D8%B1%D8%AD%D8%A8%D8%A7%D8%8C%20%D8%A3%D8%B1%D9%8A%D8%AF%20%D8%B7%D9%84%D8%A8%20%D8%A7%D9%84%D9%85%D9%86%D8%AA%D8%AC%20%D9%85%D8%B9%D8%B7%D8%B1%20%D8%AC%D9%88%20%D9%84%D9%84%D8%B3%D9%8A%D8%A7%D8%B1%D8%A9%20%D9%85%D8%A7%D8%AF%20%D9%85%D9%8A%D9%84%D9%88%D9%86%207%20%D9%85%D9%84","معطر جو للسيارة ماد ميلون 7 مل
الكود: معطر جو للسيارة ماد ميلون 7 مل
السعر: 15 ILS
عودة للمراسلة: https://wa.me/972524033442?text=%D9%85%D8%B1%D8%AD%D8%A8%D8%A7%D8%8C%20%D8%A3%D8%B1%D9%8A%D8%AF%20%D8%B7%D9%84%D8%A8%20%D8%A7%D9%84%D9%85%D9%86%D8%AA%D8%AC%20%D9%85%D8%B9%D8%B7%D8%B1%20%D8%AC%D9%88%20%D9%84%D9%84%D8%B3%D9%8A%D8%A7%D8%B1%D8%A9%20%D9%85%D8%A7%D8%AF%20%D9%85%D9%8A%D9%84%D9%88%D9%86%207%20%D9%85%D9%84",""
"ar","معطر جو للسيارة ماد جود نايت 7 مل","معطر جو للسيارة ماد جود نايت 7 مل","ar-معطر جو للسيارة ماد جود نايت 7 مل-p-641-7.jpg","C:\Users\yahya\Documents\Codex\2026-07-30\https-script-google-com-macros-s\outputs\media\ar\p-641-7.jpg","https://www.mad-parfumeur.com/respondio-catalog/media/ar/p-641-7.jpg?v=20260731-4","https://www.mad-parfumeur.com/respondio-catalog/wa/ar/p-641-7.html?v=20260731-4","https://wa.me/972524033442?text=%D9%85%D8%B1%D8%AD%D8%A8%D8%A7%D8%8C%20%D8%A3%D8%B1%D9%8A%D8%AF%20%D8%B7%D9%84%D8%A8%20%D8%A7%D9%84%D9%85%D9%86%D8%AA%D8%AC%20%D9%85%D8%B9%D8%B7%D8%B1%20%D8%AC%D9%88%20%D9%84%D9%84%D8%B3%D9%8A%D8%A7%D8%B1%D8%A9%20%D9%85%D8%A7%D8%AF%20%D8%AC%D9%88%D8%AF%20%D9%86%D8%A7%D9%8A%D8%AA%207%20%D9%85%D9%84","معطر جو للسيارة ماد جود نايت 7 مل
الكود: معطر جو للسيارة ماد جود نايت 7 مل
السعر: 15 ILS
عودة للمراسلة: https://wa.me/972524033442?text=%D9%85%D8%B1%D8%AD%D8%A8%D8%A7%D8%8C%20%D8%A3%D8%B1%D9%8A%D8%AF%20%D8%B7%D9%84%D8%A8%20%D8%A7%D9%84%D9%85%D9%86%D8%AA%D8%AC%20%D9%85%D8%B9%D8%B7%D8%B1%20%D8%AC%D9%88%20%D9%84%D9%84%D8%B3%D9%8A%D8%A7%D8%B1%D8%A9%20%D9%85%D8%A7%D8%AF%20%D8%AC%D9%88%D8%AF%20%D9%86%D8%A7%D9%8A%D8%AA%207%20%D9%85%D9%84",""
"ar","معطر جو للسيارة ماد مونا روزا 7 مل","معطر جو للسيارة ماد مونا روزا 7 مل","ar-معطر جو للسيارة ماد مونا روزا 7 مل-p-642-7.jpg","C:\Users\yahya\Documents\Codex\2026-07-30\https-script-google-com-macros-s\outputs\media\ar\p-642-7.jpg","https://www.mad-parfumeur.com/respondio-catalog/media/ar/p-642-7.jpg?v=20260731-4","https://www.mad-parfumeur.com/respondio-catalog/wa/ar/p-642-7.html?v=20260731-4","https://wa.me/972524033442?text=%D9%85%D8%B1%D8%AD%D8%A8%D8%A7%D8%8C%20%D8%A3%D8%B1%D9%8A%D8%AF%20%D8%B7%D9%84%D8%A8%20%D8%A7%D9%84%D9%85%D9%86%D8%AA%D8%AC%20%D9%85%D8%B9%D8%B7%D8%B1%20%D8%AC%D9%88%20%D9%84%D9%84%D8%B3%D9%8A%D8%A7%D8%B1%D8%A9%20%D9%85%D8%A7%D8%AF%20%D9%85%D9%88%D9%86%D8%A7%20%D8%B1%D9%88%D8%B2%D8%A7%207%20%D9%85%D9%84","معطر جو للسيارة ماد مونا روزا 7 مل
الكود: معطر جو للسيارة ماد مونا روزا 7 مل
السعر: 15 ILS
عودة للمراسلة: https://wa.me/972524033442?text=%D9%85%D8%B1%D8%AD%D8%A8%D8%A7%D8%8C%20%D8%A3%D8%B1%D9%8A%D8%AF%20%D8%B7%D9%84%D8%A8%20%D8%A7%D9%84%D9%85%D9%86%D8%AA%D8%AC%20%D9%85%D8%B9%D8%B7%D8%B1%20%D8%AC%D9%88%20%D9%84%D9%84%D8%B3%D9%8A%D8%A7%D8%B1%D8%A9%20%D9%85%D8%A7%D8%AF%20%D9%85%D9%88%D9%86%D8%A7%20%D8%B1%D9%88%D8%B2%D8%A7%207%20%D9%85%D9%84",""
"ar","L102 P101 J105","L102 P101 J105","ar-L102 P101 J105-p-643-l102-p101-j105.jpg","C:\Users\yahya\Documents\Codex\2026-07-30\https-script-google-com-macros-s\outputs\media\ar\p-643-l102-p101-j105.jpg","https://www.mad-parfumeur.com/respondio-catalog/media/ar/p-643-l102-p101-j105.jpg?v=20260731-4","https://www.mad-parfumeur.com/respondio-catalog/wa/ar/p-643-l102-p101-j105.html?v=20260731-4","https://wa.me/972524033442?text=%D9%85%D8%B1%D8%AD%D8%A8%D8%A7%D8%8C%20%D8%A3%D8%B1%D9%8A%D8%AF%20%D8%B7%D9%84%D8%A8%20%D8%A7%D9%84%D9%85%D9%86%D8%AA%D8%AC%20L102%20P101%20J105","L102 P101 J105
الكود: L102 P101 J105
السعر: 300 ILS
عودة للمراسلة: https://wa.me/972524033442?text=%D9%85%D8%B1%D8%AD%D8%A8%D8%A7%D8%8C%20%D8%A3%D8%B1%D9%8A%D8%AF%20%D8%B7%D9%84%D8%A8%20%D8%A7%D9%84%D9%85%D9%86%D8%AA%D8%AC%20L102%20P101%20J105",""
"ar","W183 P101 Q116","W183 P101 Q116","ar-W183 P101 Q116-p-644-w183-p101-q116.jpg","C:\Users\yahya\Documents\Codex\2026-07-30\https-script-google-com-macros-s\outputs\media\ar\p-644-w183-p101-q116.jpg","https://www.mad-parfumeur.com/respondio-catalog/media/ar/p-644-w183-p101-q116.jpg?v=20260731-4","https://www.mad-parfumeur.com/respondio-catalog/wa/ar/p-644-w183-p101-q116.html?v=20260731-4","https://wa.me/972524033442?text=%D9%85%D8%B1%D8%AD%D8%A8%D8%A7%D8%8C%20%D8%A3%D8%B1%D9%8A%D8%AF%20%D8%B7%D9%84%D8%A8%20%D8%A7%D9%84%D9%85%D9%86%D8%AA%D8%AC%20W183%20P101%20Q116","W183 P101 Q116
الكود: W183 P101 Q116
السعر: 300 ILS
عودة للمراسلة: https://wa.me/972524033442?text=%D9%85%D8%B1%D8%AD%D8%A8%D8%A7%D8%8C%20%D8%A3%D8%B1%D9%8A%D8%AF%20%D8%B7%D9%84%D8%A8%20%D8%A7%D9%84%D9%85%D9%86%D8%AA%D8%AC%20W183%20P101%20Q116",""
"ar","Q116 W183 Q113","Q116 W183 Q113","ar-Q116 W183 Q113-p-645-q116-w183-q113.jpg","C:\Users\yahya\Documents\Codex\2026-07-30\https-script-google-com-macros-s\outputs\media\ar\p-645-q116-w183-q113.jpg","https://www.mad-parfumeur.com/respondio-catalog/media/ar/p-645-q116-w183-q113.jpg?v=20260731-4","https://www.mad-parfumeur.com/respondio-catalog/wa/ar/p-645-q116-w183-q113.html?v=20260731-4","https://wa.me/972524033442?text=%D9%85%D8%B1%D8%AD%D8%A8%D8%A7%D8%8C%20%D8%A3%D8%B1%D9%8A%D8%AF%20%D8%B7%D9%84%D8%A8%20%D8%A7%D9%84%D9%85%D9%86%D8%AA%D8%AC%20Q116%20W183%20Q113","Q116 W183 Q113
الكود: Q116 W183 Q113
السعر: 300 ILS
عودة للمراسلة: https://wa.me/972524033442?text=%D9%85%D8%B1%D8%AD%D8%A8%D8%A7%D8%8C%20%D8%A3%D8%B1%D9%8A%D8%AF%20%D8%B7%D9%84%D8%A8%20%D8%A7%D9%84%D9%85%D9%86%D8%AA%D8%AC%20Q116%20W183%20Q113",""
"ar","L102 Q114 Q121","L102 Q114 Q121","ar-L102 Q114 Q121-p-647-l102-q114-q121.jpg","C:\Users\yahya\Documents\Codex\2026-07-30\https-script-google-com-macros-s\outputs\media\ar\p-647-l102-q114-q121.jpg","https://www.mad-parfumeur.com/respondio-catalog/media/ar/p-647-l102-q114-q121.jpg?v=20260731-4","https://www.mad-parfumeur.com/respondio-catalog/wa/ar/p-647-l102-q114-q121.html?v=20260731-4","https://wa.me/972524033442?text=%D9%85%D8%B1%D8%AD%D8%A8%D8%A7%D8%8C%20%D8%A3%D8%B1%D9%8A%D8%AF%20%D8%B7%D9%84%D8%A8%20%D8%A7%D9%84%D9%85%D9%86%D8%AA%D8%AC%20L102%20Q114%20Q121","L102 Q114 Q121
الكود: L102 Q114 Q121
السعر: 300 ILS
عودة للمراسلة: https://wa.me/972524033442?text=%D9%85%D8%B1%D8%AD%D8%A8%D8%A7%D8%8C%20%D8%A3%D8%B1%D9%8A%D8%AF%20%D8%B7%D9%84%D8%A8%20%D8%A7%D9%84%D9%85%D9%86%D8%AA%D8%AC%20L102%20Q114%20Q121",""
"ar","P101 W183 Q114","P101 W183 Q114","ar-P101 W183 Q114-p-648-p101-w183-q114.jpg","C:\Users\yahya\Documents\Codex\2026-07-30\https-script-google-com-macros-s\outputs\media\ar\p-648-p101-w183-q114.jpg","https://www.mad-parfumeur.com/respondio-catalog/media/ar/p-648-p101-w183-q114.jpg?v=20260731-4","https://www.mad-parfumeur.com/respondio-catalog/wa/ar/p-648-p101-w183-q114.html?v=20260731-4","https://wa.me/972524033442?text=%D9%85%D8%B1%D8%AD%D8%A8%D8%A7%D8%8C%20%D8%A3%D8%B1%D9%8A%D8%AF%20%D8%B7%D9%84%D8%A8%20%D8%A7%D9%84%D9%85%D9%86%D8%AA%D8%AC%20P101%20W183%20Q114","P101 W183 Q114
الكود: P101 W183 Q114
السعر: 300 ILS
عودة للمراسلة: https://wa.me/972524033442?text=%D9%85%D8%B1%D8%AD%D8%A8%D8%A7%D8%8C%20%D8%A3%D8%B1%D9%8A%D8%AF%20%D8%B7%D9%84%D8%A8%20%D8%A7%D9%84%D9%85%D9%86%D8%AA%D8%AC%20P101%20W183%20Q114",""
"ar","Q121 W183 Q114","Q121 W183 Q114","ar-Q121 W183 Q114-p-649-q121-w183-q114.jpg","C:\Users\yahya\Documents\Codex\2026-07-30\https-script-google-com-macros-s\outputs\media\ar\p-649-q121-w183-q114.jpg","https://www.mad-parfumeur.com/respondio-catalog/media/ar/p-649-q121-w183-q114.jpg?v=20260731-4","https://www.mad-parfumeur.com/respondio-catalog/wa/ar/p-649-q121-w183-q114.html?v=20260731-4","https://wa.me/972524033442?text=%D9%85%D8%B1%D8%AD%D8%A8%D8%A7%D8%8C%20%D8%A3%D8%B1%D9%8A%D8%AF%20%D8%B7%D9%84%D8%A8%20%D8%A7%D9%84%D9%85%D9%86%D8%AA%D8%AC%20Q121%20W183%20Q114","Q121 W183 Q114
الكود: Q121 W183 Q114
السعر: 300 ILS
عودة للمراسلة: https://wa.me/972524033442?text=%D9%85%D8%B1%D8%AD%D8%A8%D8%A7%D8%8C%20%D8%A3%D8%B1%D9%8A%D8%AF%20%D8%B7%D9%84%D8%A8%20%D8%A7%D9%84%D9%85%D9%86%D8%AA%D8%AC%20Q121%20W183%20Q114",""
"ar","A118 D117 B110","A118 D117 B110","ar-A118 D117 B110-p-650-a118-d117-b110.jpg","C:\Users\yahya\Documents\Codex\2026-07-30\https-script-google-com-macros-s\outputs\media\ar\p-650-a118-d117-b110.jpg","https://www.mad-parfumeur.com/respondio-catalog/media/ar/p-650-a118-d117-b110.jpg?v=20260731-4","https://www.mad-parfumeur.com/respondio-catalog/wa/ar/p-650-a118-d117-b110.html?v=20260731-4","https://wa.me/972524033442?text=%D9%85%D8%B1%D8%AD%D8%A8%D8%A7%D8%8C%20%D8%A3%D8%B1%D9%8A%D8%AF%20%D8%B7%D9%84%D8%A8%20%D8%A7%D9%84%D9%85%D9%86%D8%AA%D8%AC%20A118%20D117%20B110","A118 D117 B110
الكود: A118 D117 B110
السعر: 300 ILS
عودة للمراسلة: https://wa.me/972524033442?text=%D9%85%D8%B1%D8%AD%D8%A8%D8%A7%D8%8C%20%D8%A3%D8%B1%D9%8A%D8%AF%20%D8%B7%D9%84%D8%A8%20%D8%A7%D9%84%D9%85%D9%86%D8%AA%D8%AC%20A118%20D117%20B110",""
"ar","A118 C120 D117","A118 C120 D117","ar-A118 C120 D117-p-651-a118-c120-d117.jpg","C:\Users\yahya\Documents\Codex\2026-07-30\https-script-google-com-macros-s\outputs\media\ar\p-651-a118-c120-d117.jpg","https://www.mad-parfumeur.com/respondio-catalog/media/ar/p-651-a118-c120-d117.jpg?v=20260731-4","https://www.mad-parfumeur.com/respondio-catalog/wa/ar/p-651-a118-c120-d117.html?v=20260731-4","https://wa.me/972524033442?text=%D9%85%D8%B1%D8%AD%D8%A8%D8%A7%D8%8C%20%D8%A3%D8%B1%D9%8A%D8%AF%20%D8%B7%D9%84%D8%A8%20%D8%A7%D9%84%D9%85%D9%86%D8%AA%D8%AC%20A118%20C120%20D117","A118 C120 D117
الكود: A118 C120 D117
السعر: 300 ILS
عودة للمراسلة: https://wa.me/972524033442?text=%D9%85%D8%B1%D8%AD%D8%A8%D8%A7%D8%8C%20%D8%A3%D8%B1%D9%8A%D8%AF%20%D8%B7%D9%84%D8%A8%20%D8%A7%D9%84%D9%85%D9%86%D8%AA%D8%AC%20A118%20C120%20D117",""
"ar","G109 G104 G110","G109 G104 G110","ar-G109 G104 G110-p-652-g109-g104-g110.jpg","C:\Users\yahya\Documents\Codex\2026-07-30\https-script-google-com-macros-s\outputs\media\ar\p-652-g109-g104-g110.jpg","https://www.mad-parfumeur.com/respondio-catalog/media/ar/p-652-g109-g104-g110.jpg?v=20260731-4","https://www.mad-parfumeur.com/respondio-catalog/wa/ar/p-652-g109-g104-g110.html?v=20260731-4","https://wa.me/972524033442?text=%D9%85%D8%B1%D8%AD%D8%A8%D8%A7%D8%8C%20%D8%A3%D8%B1%D9%8A%D8%AF%20%D8%B7%D9%84%D8%A8%20%D8%A7%D9%84%D9%85%D9%86%D8%AA%D8%AC%20G109%20G104%20G110","G109 G104 G110
الكود: G109 G104 G110
السعر: 300 ILS
عودة للمراسلة: https://wa.me/972524033442?text=%D9%85%D8%B1%D8%AD%D8%A8%D8%A7%D8%8C%20%D8%A3%D8%B1%D9%8A%D8%AF%20%D8%B7%D9%84%D8%A8%20%D8%A7%D9%84%D9%85%D9%86%D8%AA%D8%AC%20G109%20G104%20G110",""
"ar","مجموعة MARVEL الجديده","مجموعة MARVEL الجديده","ar-مجموعة MARVEL الجديده-p-654-marvel.jpg","C:\Users\yahya\Documents\Codex\2026-07-30\https-script-google-com-macros-s\outputs\media\ar\p-654-marvel.jpg","https://www.mad-parfumeur.com/respondio-catalog/media/ar/p-654-marvel.jpg?v=20260731-4","https://www.mad-parfumeur.com/respondio-catalog/wa/ar/p-654-marvel.html?v=20260731-4","https://wa.me/972524033442?text=%D9%85%D8%B1%D8%AD%D8%A8%D8%A7%D8%8C%20%D8%A3%D8%B1%D9%8A%D8%AF%20%D8%B7%D9%84%D8%A8%20%D8%A7%D9%84%D9%85%D9%86%D8%AA%D8%AC%20%D9%85%D8%AC%D9%85%D9%88%D8%B9%D8%A9%20MARVEL%20%D8%A7%D9%84%D8%AC%D8%AF%D9%8A%D8%AF%D9%87","مجموعة MARVEL الجديده
الكود: مجموعة MARVEL الجديده
السعر: 500 ILS
عودة للمراسلة: https://wa.me/972524033442?text=%D9%85%D8%B1%D8%AD%D8%A8%D8%A7%D8%8C%20%D8%A3%D8%B1%D9%8A%D8%AF%20%D8%B7%D9%84%D8%A8%20%D8%A7%D9%84%D9%85%D9%86%D8%AA%D8%AC%20%D9%85%D8%AC%D9%85%D9%88%D8%B9%D8%A9%20MARVEL%20%D8%A7%D9%84%D8%AC%D8%AF%D9%8A%D8%AF%D9%87",""
"ar","مجموعة Miami الجديده","مجموعة Miami الجديده","ar-مجموعة Miami الجديده-p-655-miami.jpg","C:\Users\yahya\Documents\Codex\2026-07-30\https-script-google-com-macros-s\outputs\media\ar\p-655-miami.jpg","https://www.mad-parfumeur.com/respondio-catalog/media/ar/p-655-miami.jpg?v=20260731-4","https://www.mad-parfumeur.com/respondio-catalog/wa/ar/p-655-miami.html?v=20260731-4","https://wa.me/972524033442?text=%D9%85%D8%B1%D8%AD%D8%A8%D8%A7%D8%8C%20%D8%A3%D8%B1%D9%8A%D8%AF%20%D8%B7%D9%84%D8%A8%20%D8%A7%D9%84%D9%85%D9%86%D8%AA%D8%AC%20%D9%85%D8%AC%D9%85%D9%88%D8%B9%D8%A9%20Miami%20%D8%A7%D9%84%D8%AC%D8%AF%D9%8A%D8%AF%D9%87","مجموعة Miami الجديده
الكود: مجموعة Miami الجديده
السعر: 500 ILS
عودة للمراسلة: https://wa.me/972524033442?text=%D9%85%D8%B1%D8%AD%D8%A8%D8%A7%D8%8C%20%D8%A3%D8%B1%D9%8A%D8%AF%20%D8%B7%D9%84%D8%A8%20%D8%A7%D9%84%D9%85%D9%86%D8%AA%D8%AC%20%D9%85%D8%AC%D9%85%D9%88%D8%B9%D8%A9%20Miami%20%D8%A7%D9%84%D8%AC%D8%AF%D9%8A%D8%AF%D9%87",""
"ar","مجموعة Berlin الجديده","مجموعة Berlin الجديده","ar-مجموعة Berlin الجديده-p-656-berlin.jpg","C:\Users\yahya\Documents\Codex\2026-07-30\https-script-google-com-macros-s\outputs\media\ar\p-656-berlin.jpg","https://www.mad-parfumeur.com/respondio-catalog/media/ar/p-656-berlin.jpg?v=20260731-4","https://www.mad-parfumeur.com/respondio-catalog/wa/ar/p-656-berlin.html?v=20260731-4","https://wa.me/972524033442?text=%D9%85%D8%B1%D8%AD%D8%A8%D8%A7%D8%8C%20%D8%A3%D8%B1%D9%8A%D8%AF%20%D8%B7%D9%84%D8%A8%20%D8%A7%D9%84%D9%85%D9%86%D8%AA%D8%AC%20%D9%85%D8%AC%D9%85%D9%88%D8%B9%D8%A9%20Berlin%20%D8%A7%D9%84%D8%AC%D8%AF%D9%8A%D8%AF%D9%87","مجموعة Berlin الجديده
الكود: مجموعة Berlin الجديده
السعر: 300 ILS
عودة للمراسلة: https://wa.me/972524033442?text=%D9%85%D8%B1%D8%AD%D8%A8%D8%A7%D8%8C%20%D8%A3%D8%B1%D9%8A%D8%AF%20%D8%B7%D9%84%D8%A8%20%D8%A7%D9%84%D9%85%D9%86%D8%AA%D8%AC%20%D9%85%D8%AC%D9%85%D9%88%D8%B9%D8%A9%20Berlin%20%D8%A7%D9%84%D8%AC%D8%AF%D9%8A%D8%AF%D9%87",""
"ar","مجموعة Havana الجديده","مجموعة Havana الجديده","ar-مجموعة Havana الجديده-p-657-havana.jpg","C:\Users\yahya\Documents\Codex\2026-07-30\https-script-google-com-macros-s\outputs\media\ar\p-657-havana.jpg","https://www.mad-parfumeur.com/respondio-catalog/media/ar/p-657-havana.jpg?v=20260731-4","https://www.mad-parfumeur.com/respondio-catalog/wa/ar/p-657-havana.html?v=20260731-4","https://wa.me/972524033442?text=%D9%85%D8%B1%D8%AD%D8%A8%D8%A7%D8%8C%20%D8%A3%D8%B1%D9%8A%D8%AF%20%D8%B7%D9%84%D8%A8%20%D8%A7%D9%84%D9%85%D9%86%D8%AA%D8%AC%20%D9%85%D8%AC%D9%85%D9%88%D8%B9%D8%A9%20Havana%20%D8%A7%D9%84%D8%AC%D8%AF%D9%8A%D8%AF%D9%87","مجموعة Havana الجديده
الكود: مجموعة Havana الجديده
السعر: 300 ILS
عودة للمراسلة: https://wa.me/972524033442?text=%D9%85%D8%B1%D8%AD%D8%A8%D8%A7%D8%8C%20%D8%A3%D8%B1%D9%8A%D8%AF%20%D8%B7%D9%84%D8%A8%20%D8%A7%D9%84%D9%85%D9%86%D8%AA%D8%AC%20%D9%85%D8%AC%D9%85%D9%88%D8%B9%D8%A9%20Havana%20%D8%A7%D9%84%D8%AC%D8%AF%D9%8A%D8%AF%D9%87",""
"ar","مجموعه norma النسائيه","مجموعه norma النسائيه","ar-مجموعه norma النسائيه-p-658-norma.jpg","C:\Users\yahya\Documents\Codex\2026-07-30\https-script-google-com-macros-s\outputs\media\ar\p-658-norma.jpg","https://www.mad-parfumeur.com/respondio-catalog/media/ar/p-658-norma.jpg?v=20260731-4","https://www.mad-parfumeur.com/respondio-catalog/wa/ar/p-658-norma.html?v=20260731-4","https://wa.me/972524033442?text=%D9%85%D8%B1%D8%AD%D8%A8%D8%A7%D8%8C%20%D8%A3%D8%B1%D9%8A%D8%AF%20%D8%B7%D9%84%D8%A8%20%D8%A7%D9%84%D9%85%D9%86%D8%AA%D8%AC%20%D9%85%D8%AC%D9%85%D9%88%D8%B9%D9%87%20norma%20%D8%A7%D9%84%D9%86%D8%B3%D8%A7%D8%A6%D9%8A%D9%87","مجموعه norma النسائيه
الكود: مجموعه norma النسائيه
السعر: 500 ILS
عودة للمراسلة: https://wa.me/972524033442?text=%D9%85%D8%B1%D8%AD%D8%A8%D8%A7%D8%8C%20%D8%A3%D8%B1%D9%8A%D8%AF%20%D8%B7%D9%84%D8%A8%20%D8%A7%D9%84%D9%85%D9%86%D8%AA%D8%AC%20%D9%85%D8%AC%D9%85%D9%88%D8%B9%D9%87%20norma%20%D8%A7%D9%84%D9%86%D8%B3%D8%A7%D8%A6%D9%8A%D9%87",""
"ar","مجموعة infinite الرجاليه","مجموعة infinite الرجاليه","ar-مجموعة infinite الرجاليه-p-660-infinite.jpg","C:\Users\yahya\Documents\Codex\2026-07-30\https-script-google-com-macros-s\outputs\media\ar\p-660-infinite.jpg","https://www.mad-parfumeur.com/respondio-catalog/media/ar/p-660-infinite.jpg?v=20260731-4","https://www.mad-parfumeur.com/respondio-catalog/wa/ar/p-660-infinite.html?v=20260731-4","https://wa.me/972524033442?text=%D9%85%D8%B1%D8%AD%D8%A8%D8%A7%D8%8C%20%D8%A3%D8%B1%D9%8A%D8%AF%20%D8%B7%D9%84%D8%A8%20%D8%A7%D9%84%D9%85%D9%86%D8%AA%D8%AC%20%D9%85%D8%AC%D9%85%D9%88%D8%B9%D8%A9%20infinite%20%D8%A7%D9%84%D8%B1%D8%AC%D8%A7%D9%84%D9%8A%D9%87","مجموعة infinite الرجاليه
الكود: مجموعة infinite الرجاليه
السعر: 500 ILS
عودة للمراسلة: https://wa.me/972524033442?text=%D9%85%D8%B1%D8%AD%D8%A8%D8%A7%D8%8C%20%D8%A3%D8%B1%D9%8A%D8%AF%20%D8%B7%D9%84%D8%A8%20%D8%A7%D9%84%D9%85%D9%86%D8%AA%D8%AC%20%D9%85%D8%AC%D9%85%D9%88%D8%B9%D8%A9%20infinite%20%D8%A7%D9%84%D8%B1%D8%AC%D8%A7%D9%84%D9%8A%D9%87",""
"ar","مجموعه amoria","مجموعه amoria","ar-مجموعه amoria-p-661-amoria.jpg","C:\Users\yahya\Documents\Codex\2026-07-30\https-script-google-com-macros-s\outputs\media\ar\p-661-amoria.jpg","https://www.mad-parfumeur.com/respondio-catalog/media/ar/p-661-amoria.jpg?v=20260731-4","https://www.mad-parfumeur.com/respondio-catalog/wa/ar/p-661-amoria.html?v=20260731-4","https://wa.me/972524033442?text=%D9%85%D8%B1%D8%AD%D8%A8%D8%A7%D8%8C%20%D8%A3%D8%B1%D9%8A%D8%AF%20%D8%B7%D9%84%D8%A8%20%D8%A7%D9%84%D9%85%D9%86%D8%AA%D8%AC%20%D9%85%D8%AC%D9%85%D9%88%D8%B9%D9%87%20amoria","مجموعه amoria
الكود: مجموعه amoria
السعر: 500 ILS
عودة للمراسلة: https://wa.me/972524033442?text=%D9%85%D8%B1%D8%AD%D8%A8%D8%A7%D8%8C%20%D8%A3%D8%B1%D9%8A%D8%AF%20%D8%B7%D9%84%D8%A8%20%D8%A7%D9%84%D9%85%D9%86%D8%AA%D8%AC%20%D9%85%D8%AC%D9%85%D9%88%D8%B9%D9%87%20amoria",""
"ar","Y.104","Y.104","ar-Y.104-p-662-y-104.jpg","C:\Users\yahya\Documents\Codex\2026-07-30\https-script-google-com-macros-s\outputs\media\ar\p-662-y-104.jpg","https://www.mad-parfumeur.com/respondio-catalog/media/ar/p-662-y-104.jpg?v=20260731-4","https://www.mad-parfumeur.com/respondio-catalog/wa/ar/p-662-y-104.html?v=20260731-4","https://wa.me/972524033442?text=%D9%85%D8%B1%D8%AD%D8%A8%D8%A7%D8%8C%20%D8%A3%D8%B1%D9%8A%D8%AF%20%D8%B7%D9%84%D8%A8%20%D8%A7%D9%84%D9%85%D9%86%D8%AA%D8%AC%20Y.104","Y.104
الكود: Y.104
السعر: 100 ILS
عودة للمراسلة: https://wa.me/972524033442?text=%D9%85%D8%B1%D8%AD%D8%A8%D8%A7%D8%8C%20%D8%A3%D8%B1%D9%8A%D8%AF%20%D8%B7%D9%84%D8%A8%20%D8%A7%D9%84%D9%85%D9%86%D8%AA%D8%AC%20Y.104",""
"ar","GOLD W123","GOLD W123","ar-GOLD W123-p-663-gold-w123.jpg","C:\Users\yahya\Documents\Codex\2026-07-30\https-script-google-com-macros-s\outputs\media\ar\p-663-gold-w123.jpg","https://www.mad-parfumeur.com/respondio-catalog/media/ar/p-663-gold-w123.jpg?v=20260731-4","https://www.mad-parfumeur.com/respondio-catalog/wa/ar/p-663-gold-w123.html?v=20260731-4","https://wa.me/972524033442?text=%D9%85%D8%B1%D8%AD%D8%A8%D8%A7%D8%8C%20%D8%A3%D8%B1%D9%8A%D8%AF%20%D8%B7%D9%84%D8%A8%20%D8%A7%D9%84%D9%85%D9%86%D8%AA%D8%AC%20GOLD%20W123","GOLD W123
الكود: GOLD W123
السعر: 120 ILS
عودة للمراسلة: https://wa.me/972524033442?text=%D9%85%D8%B1%D8%AD%D8%A8%D8%A7%D8%8C%20%D8%A3%D8%B1%D9%8A%D8%AF%20%D8%B7%D9%84%D8%A8%20%D8%A7%D9%84%D9%85%D9%86%D8%AA%D8%AC%20GOLD%20W123",""
"ar","j108","Le Male Elixir Absolu Jean Paul Gaultier","ar-j108-p-664-j108.jpg","C:\Users\yahya\Documents\Codex\2026-07-30\https-script-google-com-macros-s\outputs\media\ar\p-664-j108.jpg","https://www.mad-parfumeur.com/respondio-catalog/media/ar/p-664-j108.jpg?v=20260731-4","https://www.mad-parfumeur.com/respondio-catalog/wa/ar/p-664-j108.html?v=20260731-4","https://wa.me/972524033442?text=%D9%85%D8%B1%D8%AD%D8%A8%D8%A7%D8%8C%20%D8%A3%D8%B1%D9%8A%D8%AF%20%D8%B7%D9%84%D8%A8%20%D8%A7%D9%84%D9%85%D9%86%D8%AA%D8%AC%20j108","Le Male Elixir Absolu Jean Paul Gaultier
الكود: j108
السعر: 100 ILS
عودة للمراسلة: https://wa.me/972524033442?text=%D9%85%D8%B1%D8%AD%D8%A8%D8%A7%D8%8C%20%D8%A3%D8%B1%D9%8A%D8%AF%20%D8%B7%D9%84%D8%A8%20%D8%A7%D9%84%D9%85%D9%86%D8%AA%D8%AC%20j108",""
"ar","GOLD j107","Jean Paul Gaultier Scandal Absolu For Women","ar-GOLD j107-p-665-gold-j107.jpg","C:\Users\yahya\Documents\Codex\2026-07-30\https-script-google-com-macros-s\outputs\media\ar\p-665-gold-j107.jpg","https://www.mad-parfumeur.com/respondio-catalog/media/ar/p-665-gold-j107.jpg?v=20260731-4","https://www.mad-parfumeur.com/respondio-catalog/wa/ar/p-665-gold-j107.html?v=20260731-4","https://wa.me/972524033442?text=%D9%85%D8%B1%D8%AD%D8%A8%D8%A7%D8%8C%20%D8%A3%D8%B1%D9%8A%D8%AF%20%D8%B7%D9%84%D8%A8%20%D8%A7%D9%84%D9%85%D9%86%D8%AA%D8%AC%20GOLD%20j107","Jean Paul Gaultier Scandal Absolu For Women
الكود: GOLD j107
السعر: 120 ILS
عودة للمراسلة: https://wa.me/972524033442?text=%D9%85%D8%B1%D8%AD%D8%A8%D8%A7%D8%8C%20%D8%A3%D8%B1%D9%8A%D8%AF%20%D8%B7%D9%84%D8%A8%20%D8%A7%D9%84%D9%85%D9%86%D8%AA%D8%AC%20GOLD%20j107",""
"ar","P107 DOLD","P107 DOLD","ar-P107 DOLD-p-666-p107-dold.jpg","C:\Users\yahya\Documents\Codex\2026-07-30\https-script-google-com-macros-s\outputs\media\ar\p-666-p107-dold.jpg","https://www.mad-parfumeur.com/respondio-catalog/media/ar/p-666-p107-dold.jpg?v=20260731-4","https://www.mad-parfumeur.com/respondio-catalog/wa/ar/p-666-p107-dold.html?v=20260731-4","https://wa.me/972524033442?text=%D9%85%D8%B1%D8%AD%D8%A8%D8%A7%D8%8C%20%D8%A3%D8%B1%D9%8A%D8%AF%20%D8%B7%D9%84%D8%A8%20%D8%A7%D9%84%D9%85%D9%86%D8%AA%D8%AC%20P107%20DOLD","P107 DOLD
الكود: P107 DOLD
السعر: 120 ILS
عودة للمراسلة: https://wa.me/972524033442?text=%D9%85%D8%B1%D8%AD%D8%A8%D8%A7%D8%8C%20%D8%A3%D8%B1%D9%8A%D8%AF%20%D8%B7%D9%84%D8%A8%20%D8%A7%D9%84%D9%85%D9%86%D8%AA%D8%AC%20P107%20DOLD",""
"ar","Y102 GOLD women","Y102 GOLD women","ar-Y102 GOLD women-p-667-y102-gold-women.jpg","C:\Users\yahya\Documents\Codex\2026-07-30\https-script-google-com-macros-s\outputs\media\ar\p-667-y102-gold-women.jpg","https://www.mad-parfumeur.com/respondio-catalog/media/ar/p-667-y102-gold-women.jpg?v=20260731-4","https://www.mad-parfumeur.com/respondio-catalog/wa/ar/p-667-y102-gold-women.html?v=20260731-4","https://wa.me/972524033442?text=%D9%85%D8%B1%D8%AD%D8%A8%D8%A7%D8%8C%20%D8%A3%D8%B1%D9%8A%D8%AF%20%D8%B7%D9%84%D8%A8%20%D8%A7%D9%84%D9%85%D9%86%D8%AA%D8%AC%20Y102%20GOLD%20women","Y102 GOLD women
الكود: Y102 GOLD women
السعر: 120 ILS
عودة للمراسلة: https://wa.me/972524033442?text=%D9%85%D8%B1%D8%AD%D8%A8%D8%A7%D8%8C%20%D8%A3%D8%B1%D9%8A%D8%AF%20%D8%B7%D9%84%D8%A8%20%D8%A7%D9%84%D9%85%D9%86%D8%AA%D8%AC%20Y102%20GOLD%20women",""
"ar","A118 GOLD","A118 GOLD","ar-A118 GOLD-p-668-a118-gold.jpg","C:\Users\yahya\Documents\Codex\2026-07-30\https-script-google-com-macros-s\outputs\media\ar\p-668-a118-gold.jpg","https://www.mad-parfumeur.com/respondio-catalog/media/ar/p-668-a118-gold.jpg?v=20260731-4","https://www.mad-parfumeur.com/respondio-catalog/wa/ar/p-668-a118-gold.html?v=20260731-4","https://wa.me/972524033442?text=%D9%85%D8%B1%D8%AD%D8%A8%D8%A7%D8%8C%20%D8%A3%D8%B1%D9%8A%D8%AF%20%D8%B7%D9%84%D8%A8%20%D8%A7%D9%84%D9%85%D9%86%D8%AA%D8%AC%20A118%20GOLD","A118 GOLD
الكود: A118 GOLD
السعر: 120 ILS
عودة للمراسلة: https://wa.me/972524033442?text=%D9%85%D8%B1%D8%AD%D8%A8%D8%A7%D8%8C%20%D8%A3%D8%B1%D9%8A%D8%AF%20%D8%B7%D9%84%D8%A8%20%D8%A7%D9%84%D9%85%D9%86%D8%AA%D8%AC%20A118%20GOLD",""
"ar","B103 GOLD women","B103 GOLD women","ar-B103 GOLD women-p-669-b103-gold-women.jpg","C:\Users\yahya\Documents\Codex\2026-07-30\https-script-google-com-macros-s\outputs\media\ar\p-669-b103-gold-women.jpg","https://www.mad-parfumeur.com/respondio-catalog/media/ar/p-669-b103-gold-women.jpg?v=20260731-4","https://www.mad-parfumeur.com/respondio-catalog/wa/ar/p-669-b103-gold-women.html?v=20260731-4","https://wa.me/972524033442?text=%D9%85%D8%B1%D8%AD%D8%A8%D8%A7%D8%8C%20%D8%A3%D8%B1%D9%8A%D8%AF%20%D8%B7%D9%84%D8%A8%20%D8%A7%D9%84%D9%85%D9%86%D8%AA%D8%AC%20B103%20GOLD%20women","B103 GOLD women
الكود: B103 GOLD women
السعر: 120 ILS
عودة للمراسلة: https://wa.me/972524033442?text=%D9%85%D8%B1%D8%AD%D8%A8%D8%A7%D8%8C%20%D8%A3%D8%B1%D9%8A%D8%AF%20%D8%B7%D9%84%D8%A8%20%D8%A7%D9%84%D9%85%D9%86%D8%AA%D8%AC%20B103%20GOLD%20women",""
"ar","G104 GOLD","G104 GOLD","ar-G104 GOLD-p-670-g104-gold.jpg","C:\Users\yahya\Documents\Codex\2026-07-30\https-script-google-com-macros-s\outputs\media\ar\p-670-g104-gold.jpg","https://www.mad-parfumeur.com/respondio-catalog/media/ar/p-670-g104-gold.jpg?v=20260731-4","https://www.mad-parfumeur.com/respondio-catalog/wa/ar/p-670-g104-gold.html?v=20260731-4","https://wa.me/972524033442?text=%D9%85%D8%B1%D8%AD%D8%A8%D8%A7%D8%8C%20%D8%A3%D8%B1%D9%8A%D8%AF%20%D8%B7%D9%84%D8%A8%20%D8%A7%D9%84%D9%85%D9%86%D8%AA%D8%AC%20G104%20GOLD","G104 GOLD
الكود: G104 GOLD
السعر: 120 ILS
عودة للمراسلة: https://wa.me/972524033442?text=%D9%85%D8%B1%D8%AD%D8%A8%D8%A7%D8%8C%20%D8%A3%D8%B1%D9%8A%D8%AF%20%D8%B7%D9%84%D8%A8%20%D8%A7%D9%84%D9%85%D9%86%D8%AA%D8%AC%20G104%20GOLD",""
"ar","W191 GOLD","W191 GOLD","ar-W191 GOLD-p-671-w191-gold.jpg","C:\Users\yahya\Documents\Codex\2026-07-30\https-script-google-com-macros-s\outputs\media\ar\p-671-w191-gold.jpg","https://www.mad-parfumeur.com/respondio-catalog/media/ar/p-671-w191-gold.jpg?v=20260731-4","https://www.mad-parfumeur.com/respondio-catalog/wa/ar/p-671-w191-gold.html?v=20260731-4","https://wa.me/972524033442?text=%D9%85%D8%B1%D8%AD%D8%A8%D8%A7%D8%8C%20%D8%A3%D8%B1%D9%8A%D8%AF%20%D8%B7%D9%84%D8%A8%20%D8%A7%D9%84%D9%85%D9%86%D8%AA%D8%AC%20W191%20GOLD","W191 GOLD
الكود: W191 GOLD
السعر: 120 ILS
عودة للمراسلة: https://wa.me/972524033442?text=%D9%85%D8%B1%D8%AD%D8%A8%D8%A7%D8%8C%20%D8%A3%D8%B1%D9%8A%D8%AF%20%D8%B7%D9%84%D8%A8%20%D8%A7%D9%84%D9%85%D9%86%D8%AA%D8%AC%20W191%20GOLD",""
"ar","Y102 GOLD","Y102 GOLD","ar-Y102 GOLD-p-672-y102-gold.jpg","C:\Users\yahya\Documents\Codex\2026-07-30\https-script-google-com-macros-s\outputs\media\ar\p-672-y102-gold.jpg","https://www.mad-parfumeur.com/respondio-catalog/media/ar/p-672-y102-gold.jpg?v=20260731-4","https://www.mad-parfumeur.com/respondio-catalog/wa/ar/p-672-y102-gold.html?v=20260731-4","https://wa.me/972524033442?text=%D9%85%D8%B1%D8%AD%D8%A8%D8%A7%D8%8C%20%D8%A3%D8%B1%D9%8A%D8%AF%20%D8%B7%D9%84%D8%A8%20%D8%A7%D9%84%D9%85%D9%86%D8%AA%D8%AC%20Y102%20GOLD","Y102 GOLD
الكود: Y102 GOLD
السعر: 120 ILS
عودة للمراسلة: https://wa.me/972524033442?text=%D9%85%D8%B1%D8%AD%D8%A8%D8%A7%D8%8C%20%D8%A3%D8%B1%D9%8A%D8%AF%20%D8%B7%D9%84%D8%A8%20%D8%A7%D9%84%D9%85%D9%86%D8%AA%D8%AC%20Y102%20GOLD",""
"ar","A115 GOLD","A115 GOLD","ar-A115 GOLD-p-673-a115-gold.jpg","C:\Users\yahya\Documents\Codex\2026-07-30\https-script-google-com-macros-s\outputs\media\ar\p-673-a115-gold.jpg","https://www.mad-parfumeur.com/respondio-catalog/media/ar/p-673-a115-gold.jpg?v=20260731-4","https://www.mad-parfumeur.com/respondio-catalog/wa/ar/p-673-a115-gold.html?v=20260731-4","https://wa.me/972524033442?text=%D9%85%D8%B1%D8%AD%D8%A8%D8%A7%D8%8C%20%D8%A3%D8%B1%D9%8A%D8%AF%20%D8%B7%D9%84%D8%A8%20%D8%A7%D9%84%D9%85%D9%86%D8%AA%D8%AC%20A115%20GOLD","A115 GOLD
الكود: A115 GOLD
السعر: 120 ILS
عودة للمراسلة: https://wa.me/972524033442?text=%D9%85%D8%B1%D8%AD%D8%A8%D8%A7%D8%8C%20%D8%A3%D8%B1%D9%8A%D8%AF%20%D8%B7%D9%84%D8%A8%20%D8%A7%D9%84%D9%85%D9%86%D8%AA%D8%AC%20A115%20GOLD",""
"ar","J101 GOLD","J101 GOLD","ar-J101 GOLD-p-674-j101-gold.jpg","C:\Users\yahya\Documents\Codex\2026-07-30\https-script-google-com-macros-s\outputs\media\ar\p-674-j101-gold.jpg","https://www.mad-parfumeur.com/respondio-catalog/media/ar/p-674-j101-gold.jpg?v=20260731-4","https://www.mad-parfumeur.com/respondio-catalog/wa/ar/p-674-j101-gold.html?v=20260731-4","https://wa.me/972524033442?text=%D9%85%D8%B1%D8%AD%D8%A8%D8%A7%D8%8C%20%D8%A3%D8%B1%D9%8A%D8%AF%20%D8%B7%D9%84%D8%A8%20%D8%A7%D9%84%D9%85%D9%86%D8%AA%D8%AC%20J101%20GOLD","J101 GOLD
الكود: J101 GOLD
السعر: 120 ILS
عودة للمراسلة: https://wa.me/972524033442?text=%D9%85%D8%B1%D8%AD%D8%A8%D8%A7%D8%8C%20%D8%A3%D8%B1%D9%8A%D8%AF%20%D8%B7%D9%84%D8%A8%20%D8%A7%D9%84%D9%85%D9%86%D8%AA%D8%AC%20J101%20GOLD",""
"ar","J105 GOLD","J105 GOLD","ar-J105 GOLD-p-675-j105-gold.jpg","C:\Users\yahya\Documents\Codex\2026-07-30\https-script-google-com-macros-s\outputs\media\ar\p-675-j105-gold.jpg","https://www.mad-parfumeur.com/respondio-catalog/media/ar/p-675-j105-gold.jpg?v=20260731-4","https://www.mad-parfumeur.com/respondio-catalog/wa/ar/p-675-j105-gold.html?v=20260731-4","https://wa.me/972524033442?text=%D9%85%D8%B1%D8%AD%D8%A8%D8%A7%D8%8C%20%D8%A3%D8%B1%D9%8A%D8%AF%20%D8%B7%D9%84%D8%A8%20%D8%A7%D9%84%D9%85%D9%86%D8%AA%D8%AC%20J105%20GOLD","J105 GOLD
الكود: J105 GOLD
السعر: 120 ILS
عودة للمراسلة: https://wa.me/972524033442?text=%D9%85%D8%B1%D8%AD%D8%A8%D8%A7%D8%8C%20%D8%A3%D8%B1%D9%8A%D8%AF%20%D8%B7%D9%84%D8%A8%20%D8%A7%D9%84%D9%85%D9%86%D8%AA%D8%AC%20J105%20GOLD",""
"ar","SOFIA","SOFIA","ar-SOFIA-p-676-sofia.jpg","C:\Users\yahya\Documents\Codex\2026-07-30\https-script-google-com-macros-s\outputs\media\ar\p-676-sofia.jpg","https://www.mad-parfumeur.com/respondio-catalog/media/ar/p-676-sofia.jpg?v=20260731-4","https://www.mad-parfumeur.com/respondio-catalog/wa/ar/p-676-sofia.html?v=20260731-4","https://wa.me/972524033442?text=%D9%85%D8%B1%D8%AD%D8%A8%D8%A7%D8%8C%20%D8%A3%D8%B1%D9%8A%D8%AF%20%D8%B7%D9%84%D8%A8%20%D8%A7%D9%84%D9%85%D9%86%D8%AA%D8%AC%20SOFIA","SOFIA
الكود: SOFIA
السعر: 200 ILS
عودة للمراسلة: https://wa.me/972524033442?text=%D9%85%D8%B1%D8%AD%D8%A8%D8%A7%D8%8C%20%D8%A3%D8%B1%D9%8A%D8%AF%20%D8%B7%D9%84%D8%A8%20%D8%A7%D9%84%D9%85%D9%86%D8%AA%D8%AC%20SOFIA",""
"ar","noy","noy","ar-noy-p-677-noy.jpg","C:\Users\yahya\Documents\Codex\2026-07-30\https-script-google-com-macros-s\outputs\media\ar\p-677-noy.jpg","https://www.mad-parfumeur.com/respondio-catalog/media/ar/p-677-noy.jpg?v=20260731-4","https://www.mad-parfumeur.com/respondio-catalog/wa/ar/p-677-noy.html?v=20260731-4","https://wa.me/972524033442?text=%D9%85%D8%B1%D8%AD%D8%A8%D8%A7%D8%8C%20%D8%A3%D8%B1%D9%8A%D8%AF%20%D8%B7%D9%84%D8%A8%20%D8%A7%D9%84%D9%85%D9%86%D8%AA%D8%AC%20noy","noy
الكود: noy
السعر: 300 ILS
عودة للمراسلة: https://wa.me/972524033442?text=%D9%85%D8%B1%D8%AD%D8%A8%D8%A7%D8%8C%20%D8%A3%D8%B1%D9%8A%D8%AF%20%D8%B7%D9%84%D8%A8%20%D8%A7%D9%84%D9%85%D9%86%D8%AA%D8%AC%20noy",""
"ar","Vagas","Vagas","ar-Vagas-p-678-vagas.jpg","C:\Users\yahya\Documents\Codex\2026-07-30\https-script-google-com-macros-s\outputs\media\ar\p-678-vagas.jpg","https://www.mad-parfumeur.com/respondio-catalog/media/ar/p-678-vagas.jpg?v=20260731-4","https://www.mad-parfumeur.com/respondio-catalog/wa/ar/p-678-vagas.html?v=20260731-4","https://wa.me/972524033442?text=%D9%85%D8%B1%D8%AD%D8%A8%D8%A7%D8%8C%20%D8%A3%D8%B1%D9%8A%D8%AF%20%D8%B7%D9%84%D8%A8%20%D8%A7%D9%84%D9%85%D9%86%D8%AA%D8%AC%20Vagas","Vagas
الكود: Vagas
السعر: 300 ILS
عودة للمراسلة: https://wa.me/972524033442?text=%D9%85%D8%B1%D8%AD%D8%A8%D8%A7%D8%8C%20%D8%A3%D8%B1%D9%8A%D8%AF%20%D8%B7%D9%84%D8%A8%20%D8%A7%D9%84%D9%85%D9%86%D8%AA%D8%AC%20Vagas",""
"ar","Exotic Oud 50 ml","Mad Exotic Oud 50 ml Unisex","ar-Exotic Oud 50 ml-p-679-exotic-oud-50-ml.jpg","C:\Users\yahya\Documents\Codex\2026-07-30\https-script-google-com-macros-s\outputs\media\ar\p-679-exotic-oud-50-ml.jpg","https://www.mad-parfumeur.com/respondio-catalog/media/ar/p-679-exotic-oud-50-ml.jpg?v=20260731-4","https://www.mad-parfumeur.com/respondio-catalog/wa/ar/p-679-exotic-oud-50-ml.html?v=20260731-4","https://wa.me/972524033442?text=%D9%85%D8%B1%D8%AD%D8%A8%D8%A7%D8%8C%20%D8%A3%D8%B1%D9%8A%D8%AF%20%D8%B7%D9%84%D8%A8%20%D8%A7%D9%84%D9%85%D9%86%D8%AA%D8%AC%20Exotic%20Oud%2050%20ml","Mad Exotic Oud 50 ml Unisex
الكود: Exotic Oud 50 ml
السعر: 350 ILS
عودة للمراسلة: https://wa.me/972524033442?text=%D9%85%D8%B1%D8%AD%D8%A8%D8%A7%D8%8C%20%D8%A3%D8%B1%D9%8A%D8%AF%20%D8%B7%D9%84%D8%A8%20%D8%A7%D9%84%D9%85%D9%86%D8%AA%D8%AC%20Exotic%20Oud%2050%20ml",""
"ar","Timeless Leather 50","Mad Timeless Leather 50 مل – عطر يونيكس","ar-Timeless Leather 50-p-680-timeless-leather-50.jpg","C:\Users\yahya\Documents\Codex\2026-07-30\https-script-google-com-macros-s\outputs\media\ar\p-680-timeless-leather-50.jpg","https://www.mad-parfumeur.com/respondio-catalog/media/ar/p-680-timeless-leather-50.jpg?v=20260731-4","https://www.mad-parfumeur.com/respondio-catalog/wa/ar/p-680-timeless-leather-50.html?v=20260731-4","https://wa.me/972524033442?text=%D9%85%D8%B1%D8%AD%D8%A8%D8%A7%D8%8C%20%D8%A3%D8%B1%D9%8A%D8%AF%20%D8%B7%D9%84%D8%A8%20%D8%A7%D9%84%D9%85%D9%86%D8%AA%D8%AC%20Timeless%20Leather%2050","Mad Timeless Leather 50 مل – عطر يونيكس
الكود: Timeless Leather 50
السعر: 350 ILS
عودة للمراسلة: https://wa.me/972524033442?text=%D9%85%D8%B1%D8%AD%D8%A8%D8%A7%D8%8C%20%D8%A3%D8%B1%D9%8A%D8%AF%20%D8%B7%D9%84%D8%A8%20%D8%A7%D9%84%D9%85%D9%86%D8%AA%D8%AC%20Timeless%20Leather%2050",""
"ar","Mystic gourmand","Mystic Gourmand 50 مل – عطر للجنسين","ar-Mystic gourmand-p-681-mystic-gourmand.jpg","C:\Users\yahya\Documents\Codex\2026-07-30\https-script-google-com-macros-s\outputs\media\ar\p-681-mystic-gourmand.jpg","https://www.mad-parfumeur.com/respondio-catalog/media/ar/p-681-mystic-gourmand.jpg?v=20260731-4","https://www.mad-parfumeur.com/respondio-catalog/wa/ar/p-681-mystic-gourmand.html?v=20260731-4","https://wa.me/972524033442?text=%D9%85%D8%B1%D8%AD%D8%A8%D8%A7%D8%8C%20%D8%A3%D8%B1%D9%8A%D8%AF%20%D8%B7%D9%84%D8%A8%20%D8%A7%D9%84%D9%85%D9%86%D8%AA%D8%AC%20Mystic%20gourmand","Mystic Gourmand 50 مل – عطر للجنسين
الكود: Mystic gourmand
السعر: 350 ILS
عودة للمراسلة: https://wa.me/972524033442?text=%D9%85%D8%B1%D8%AD%D8%A8%D8%A7%D8%8C%20%D8%A3%D8%B1%D9%8A%D8%AF%20%D8%B7%D9%84%D8%A8%20%D8%A7%D9%84%D9%85%D9%86%D8%AA%D8%AC%20Mystic%20gourmand",""
"ar","Adria 100 ml Unisex","ADRIA","ar-Adria 100 ml Unisex-p-682-adria-100-ml-unisex.jpg","C:\Users\yahya\Documents\Codex\2026-07-30\https-script-google-com-macros-s\outputs\media\ar\p-682-adria-100-ml-unisex.jpg","https://www.mad-parfumeur.com/respondio-catalog/media/ar/p-682-adria-100-ml-unisex.jpg?v=20260731-4","https://www.mad-parfumeur.com/respondio-catalog/wa/ar/p-682-adria-100-ml-unisex.html?v=20260731-4","https://wa.me/972524033442?text=%D9%85%D8%B1%D8%AD%D8%A8%D8%A7%D8%8C%20%D8%A3%D8%B1%D9%8A%D8%AF%20%D8%B7%D9%84%D8%A8%20%D8%A7%D9%84%D9%85%D9%86%D8%AA%D8%AC%20Adria%20100%20ml%20Unisex","ADRIA
الكود: Adria 100 ml Unisex
السعر: 350 ILS
عودة للمراسلة: https://wa.me/972524033442?text=%D9%85%D8%B1%D8%AD%D8%A8%D8%A7%D8%8C%20%D8%A3%D8%B1%D9%8A%D8%AF%20%D8%B7%D9%84%D8%A8%20%D8%A7%D9%84%D9%85%D9%86%D8%AA%D8%AC%20Adria%20100%20ml%20Unisex",""
"ar","Treasure 100 ml","Treasure","ar-Treasure 100 ml-p-683-treasure-100-ml.jpg","C:\Users\yahya\Documents\Codex\2026-07-30\https-script-google-com-macros-s\outputs\media\ar\p-683-treasure-100-ml.jpg","https://www.mad-parfumeur.com/respondio-catalog/media/ar/p-683-treasure-100-ml.jpg?v=20260731-4","https://www.mad-parfumeur.com/respondio-catalog/wa/ar/p-683-treasure-100-ml.html?v=20260731-4","https://wa.me/972524033442?text=%D9%85%D8%B1%D8%AD%D8%A8%D8%A7%D8%8C%20%D8%A3%D8%B1%D9%8A%D8%AF%20%D8%B7%D9%84%D8%A8%20%D8%A7%D9%84%D9%85%D9%86%D8%AA%D8%AC%20Treasure%20100%20ml","Treasure
الكود: Treasure 100 ml
السعر: 350 ILS
عودة للمراسلة: https://wa.me/972524033442?text=%D9%85%D8%B1%D8%AD%D8%A8%D8%A7%D8%8C%20%D8%A3%D8%B1%D9%8A%D8%AF%20%D8%B7%D9%84%D8%A8%20%D8%A7%D9%84%D9%85%D9%86%D8%AA%D8%AC%20Treasure%20100%20ml",""
"ar","Marjorie 50 ml","Marjorie","ar-Marjorie 50 ml-p-684-marjorie-50-ml.jpg","C:\Users\yahya\Documents\Codex\2026-07-30\https-script-google-com-macros-s\outputs\media\ar\p-684-marjorie-50-ml.jpg","https://www.mad-parfumeur.com/respondio-catalog/media/ar/p-684-marjorie-50-ml.jpg?v=20260731-4","https://www.mad-parfumeur.com/respondio-catalog/wa/ar/p-684-marjorie-50-ml.html?v=20260731-4","https://wa.me/972524033442?text=%D9%85%D8%B1%D8%AD%D8%A8%D8%A7%D8%8C%20%D8%A3%D8%B1%D9%8A%D8%AF%20%D8%B7%D9%84%D8%A8%20%D8%A7%D9%84%D9%85%D9%86%D8%AA%D8%AC%20Marjorie%2050%20ml","Marjorie
الكود: Marjorie 50 ml
السعر: 300 ILS
عودة للمراسلة: https://wa.me/972524033442?text=%D9%85%D8%B1%D8%AD%D8%A8%D8%A7%D8%8C%20%D8%A3%D8%B1%D9%8A%D8%AF%20%D8%B7%D9%84%D8%A8%20%D8%A7%D9%84%D9%85%D9%86%D8%AA%D8%AC%20Marjorie%2050%20ml",""
"ar","H106 women","HERMES-BARENIA","ar-H106 women-p-685-h106-women.jpg","C:\Users\yahya\Documents\Codex\2026-07-30\https-script-google-com-macros-s\outputs\media\ar\p-685-h106-women.jpg","https://www.mad-parfumeur.com/respondio-catalog/media/ar/p-685-h106-women.jpg?v=20260731-4","https://www.mad-parfumeur.com/respondio-catalog/wa/ar/p-685-h106-women.html?v=20260731-4","https://wa.me/972524033442?text=%D9%85%D8%B1%D8%AD%D8%A8%D8%A7%D8%8C%20%D8%A3%D8%B1%D9%8A%D8%AF%20%D8%B7%D9%84%D8%A8%20%D8%A7%D9%84%D9%85%D9%86%D8%AA%D8%AC%20H106%20women","HERMES-BARENIA
الكود: H106 women
السعر: 100 ILS
عودة للمراسلة: https://wa.me/972524033442?text=%D9%85%D8%B1%D8%AD%D8%A8%D8%A7%D8%8C%20%D8%A3%D8%B1%D9%8A%D8%AF%20%D8%B7%D9%84%D8%A8%20%D8%A7%D9%84%D9%85%D9%86%D8%AA%D8%AC%20H106%20women",""
"ar","L105","LANCOME-LA VIE BST BELLE LELIXIR","ar-L105-p-686-l105.jpg","C:\Users\yahya\Documents\Codex\2026-07-30\https-script-google-com-macros-s\outputs\media\ar\p-686-l105.jpg","https://www.mad-parfumeur.com/respondio-catalog/media/ar/p-686-l105.jpg?v=20260731-4","https://www.mad-parfumeur.com/respondio-catalog/wa/ar/p-686-l105.html?v=20260731-4","https://wa.me/972524033442?text=%D9%85%D8%B1%D8%AD%D8%A8%D8%A7%D8%8C%20%D8%A3%D8%B1%D9%8A%D8%AF%20%D8%B7%D9%84%D8%A8%20%D8%A7%D9%84%D9%85%D9%86%D8%AA%D8%AC%20L105","LANCOME-LA VIE BST BELLE LELIXIR
الكود: L105
السعر: 100 ILS
عودة للمراسلة: https://wa.me/972524033442?text=%D9%85%D8%B1%D8%AD%D8%A8%D8%A7%D8%8C%20%D8%A3%D8%B1%D9%8A%D8%AF%20%D8%B7%D9%84%D8%A8%20%D8%A7%D9%84%D9%85%D9%86%D8%AA%D8%AC%20L105",""
"ar","G112","GUCCI-FLORA GORGEOUS ORCHID","ar-G112-p-687-g112.jpg","C:\Users\yahya\Documents\Codex\2026-07-30\https-script-google-com-macros-s\outputs\media\ar\p-687-g112.jpg","https://www.mad-parfumeur.com/respondio-catalog/media/ar/p-687-g112.jpg?v=20260731-4","https://www.mad-parfumeur.com/respondio-catalog/wa/ar/p-687-g112.html?v=20260731-4","https://wa.me/972524033442?text=%D9%85%D8%B1%D8%AD%D8%A8%D8%A7%D8%8C%20%D8%A3%D8%B1%D9%8A%D8%AF%20%D8%B7%D9%84%D8%A8%20%D8%A7%D9%84%D9%85%D9%86%D8%AA%D8%AC%20G112","GUCCI-FLORA GORGEOUS ORCHID
الكود: G112
السعر: 100 ILS
عودة للمراسلة: https://wa.me/972524033442?text=%D9%85%D8%B1%D8%AD%D8%A8%D8%A7%D8%8C%20%D8%A3%D8%B1%D9%8A%D8%AF%20%D8%B7%D9%84%D8%A8%20%D8%A7%D9%84%D9%85%D9%86%D8%AA%D8%AC%20G112",""
"ar","J110","JEAN PAUL GAULTIER","ar-J110-p-688-j110.jpg","C:\Users\yahya\Documents\Codex\2026-07-30\https-script-google-com-macros-s\outputs\media\ar\p-688-j110.jpg","https://www.mad-parfumeur.com/respondio-catalog/media/ar/p-688-j110.jpg?v=20260731-4","https://www.mad-parfumeur.com/respondio-catalog/wa/ar/p-688-j110.html?v=20260731-4","https://wa.me/972524033442?text=%D9%85%D8%B1%D8%AD%D8%A8%D8%A7%D8%8C%20%D8%A3%D8%B1%D9%8A%D8%AF%20%D8%B7%D9%84%D8%A8%20%D8%A7%D9%84%D9%85%D9%86%D8%AA%D8%AC%20J110","JEAN PAUL GAULTIER
الكود: J110
السعر: 100 ILS
عودة للمراسلة: https://wa.me/972524033442?text=%D9%85%D8%B1%D8%AD%D8%A8%D8%A7%D8%8C%20%D8%A3%D8%B1%D9%8A%D8%AF%20%D8%B7%D9%84%D8%A8%20%D8%A7%D9%84%D9%85%D9%86%D8%AA%D8%AC%20J110",""
"ar","W223","PACO RABANNE - OLYMPEA PARFUM","ar-W223-p-689-w223.jpg","C:\Users\yahya\Documents\Codex\2026-07-30\https-script-google-com-macros-s\outputs\media\ar\p-689-w223.jpg","https://www.mad-parfumeur.com/respondio-catalog/media/ar/p-689-w223.jpg?v=20260731-4","https://www.mad-parfumeur.com/respondio-catalog/wa/ar/p-689-w223.html?v=20260731-4","https://wa.me/972524033442?text=%D9%85%D8%B1%D8%AD%D8%A8%D8%A7%D8%8C%20%D8%A3%D8%B1%D9%8A%D8%AF%20%D8%B7%D9%84%D8%A8%20%D8%A7%D9%84%D9%85%D9%86%D8%AA%D8%AC%20W223","PACO RABANNE - OLYMPEA PARFUM
الكود: W223
السعر: 100 ILS
عودة للمراسلة: https://wa.me/972524033442?text=%D9%85%D8%B1%D8%AD%D8%A8%D8%A7%D8%8C%20%D8%A3%D8%B1%D9%8A%D8%AF%20%D8%B7%D9%84%D8%A8%20%D8%A7%D9%84%D9%85%D9%86%D8%AA%D8%AC%20W223",""
"ar","W127","PACO RABANNE - 1 MILLION ROYAL","ar-W127-p-691-w127.jpg","C:\Users\yahya\Documents\Codex\2026-07-30\https-script-google-com-macros-s\outputs\media\ar\p-691-w127.jpg","https://www.mad-parfumeur.com/respondio-catalog/media/ar/p-691-w127.jpg?v=20260731-4","https://www.mad-parfumeur.com/respondio-catalog/wa/ar/p-691-w127.html?v=20260731-4","https://wa.me/972524033442?text=%D9%85%D8%B1%D8%AD%D8%A8%D8%A7%D8%8C%20%D8%A3%D8%B1%D9%8A%D8%AF%20%D8%B7%D9%84%D8%A8%20%D8%A7%D9%84%D9%85%D9%86%D8%AA%D8%AC%20W127","PACO RABANNE - 1 MILLION ROYAL
الكود: W127
السعر: 100 ILS
عودة للمراسلة: https://wa.me/972524033442?text=%D9%85%D8%B1%D8%AD%D8%A8%D8%A7%D8%8C%20%D8%A3%D8%B1%D9%8A%D8%AF%20%D8%B7%D9%84%D8%A8%20%D8%A7%D9%84%D9%85%D9%86%D8%AA%D8%AC%20W127",""
"ar","P108","PACO RABANNE - MILLIN GOLD FOR HER","ar-P108-p-692-p108.jpg","C:\Users\yahya\Documents\Codex\2026-07-30\https-script-google-com-macros-s\outputs\media\ar\p-692-p108.jpg","https://www.mad-parfumeur.com/respondio-catalog/media/ar/p-692-p108.jpg?v=20260731-4","https://www.mad-parfumeur.com/respondio-catalog/wa/ar/p-692-p108.html?v=20260731-4","https://wa.me/972524033442?text=%D9%85%D8%B1%D8%AD%D8%A8%D8%A7%D8%8C%20%D8%A3%D8%B1%D9%8A%D8%AF%20%D8%B7%D9%84%D8%A8%20%D8%A7%D9%84%D9%85%D9%86%D8%AA%D8%AC%20P108","PACO RABANNE - MILLIN GOLD FOR HER
الكود: P108
السعر: 100 ILS
عودة للمراسلة: https://wa.me/972524033442?text=%D9%85%D8%B1%D8%AD%D8%A8%D8%A7%D8%8C%20%D8%A3%D8%B1%D9%8A%D8%AF%20%D8%B7%D9%84%D8%A8%20%D8%A7%D9%84%D9%85%D9%86%D8%AA%D8%AC%20P108",""
"ar","W179","W.179 – Paco Rabanne Invictus Parfum","ar-W179-p-693-w179.jpg","C:\Users\yahya\Documents\Codex\2026-07-30\https-script-google-com-macros-s\outputs\media\ar\p-693-w179.jpg","https://www.mad-parfumeur.com/respondio-catalog/media/ar/p-693-w179.jpg?v=20260731-4","https://www.mad-parfumeur.com/respondio-catalog/wa/ar/p-693-w179.html?v=20260731-4","https://wa.me/972524033442?text=%D9%85%D8%B1%D8%AD%D8%A8%D8%A7%D8%8C%20%D8%A3%D8%B1%D9%8A%D8%AF%20%D8%B7%D9%84%D8%A8%20%D8%A7%D9%84%D9%85%D9%86%D8%AA%D8%AC%20W179","W.179 – Paco Rabanne Invictus Parfum
الكود: W179
السعر: 100 ILS
عودة للمراسلة: https://wa.me/972524033442?text=%D9%85%D8%B1%D8%AD%D8%A8%D8%A7%D8%8C%20%D8%A3%D8%B1%D9%8A%D8%AF%20%D8%B7%D9%84%D8%A8%20%D8%A7%D9%84%D9%85%D9%86%D8%AA%D8%AC%20W179",""
"ar","L101","Mad L101 – Floral Scent بخاخ عطر للجسم (Body Mist) – 200 مل","ar-L101-p-694-l101.jpg","C:\Users\yahya\Documents\Codex\2026-07-30\https-script-google-com-macros-s\outputs\media\ar\p-694-l101.jpg","https://www.mad-parfumeur.com/respondio-catalog/media/ar/p-694-l101.jpg?v=20260731-4","https://www.mad-parfumeur.com/respondio-catalog/wa/ar/p-694-l101.html?v=20260731-4","https://wa.me/972524033442?text=%D9%85%D8%B1%D8%AD%D8%A8%D8%A7%D8%8C%20%D8%A3%D8%B1%D9%8A%D8%AF%20%D8%B7%D9%84%D8%A8%20%D8%A7%D9%84%D9%85%D9%86%D8%AA%D8%AC%20L101","Mad L101 – Floral Scent بخاخ عطر للجسم (Body Mist) – 200 مل
الكود: L101
السعر: 50 ILS
عودة للمراسلة: https://wa.me/972524033442?text=%D9%85%D8%B1%D8%AD%D8%A8%D8%A7%D8%8C%20%D8%A3%D8%B1%D9%8A%D8%AF%20%D8%B7%D9%84%D8%A8%20%D8%A7%D9%84%D9%85%D9%86%D8%AA%D8%AC%20L101",""
"ar","A118","Mad A.118 – Floral Scent بخاخ عطر للجسم (Body Mist) – 200 مل","ar-A118-p-695-a118.jpg","C:\Users\yahya\Documents\Codex\2026-07-30\https-script-google-com-macros-s\outputs\media\ar\p-695-a118.jpg","https://www.mad-parfumeur.com/respondio-catalog/media/ar/p-695-a118.jpg?v=20260731-4","https://www.mad-parfumeur.com/respondio-catalog/wa/ar/p-695-a118.html?v=20260731-4","https://wa.me/972524033442?text=%D9%85%D8%B1%D8%AD%D8%A8%D8%A7%D8%8C%20%D8%A3%D8%B1%D9%8A%D8%AF%20%D8%B7%D9%84%D8%A8%20%D8%A7%D9%84%D9%85%D9%86%D8%AA%D8%AC%20A118","Mad A.118 – Floral Scent بخاخ عطر للجسم (Body Mist) – 200 مل
الكود: A118
السعر: 50 ILS
عودة للمراسلة: https://wa.me/972524033442?text=%D9%85%D8%B1%D8%AD%D8%A8%D8%A7%D8%8C%20%D8%A3%D8%B1%D9%8A%D8%AF%20%D8%B7%D9%84%D8%A8%20%D8%A7%D9%84%D9%85%D9%86%D8%AA%D8%AC%20A118",""
"ar","Z101","Mad Z.101 – Oriental Scent بخاخ عطر للجسم (Body Mist) – 200 مل","ar-Z101-p-696-z101.jpg","C:\Users\yahya\Documents\Codex\2026-07-30\https-script-google-com-macros-s\outputs\media\ar\p-696-z101.jpg","https://www.mad-parfumeur.com/respondio-catalog/media/ar/p-696-z101.jpg?v=20260731-4","https://www.mad-parfumeur.com/respondio-catalog/wa/ar/p-696-z101.html?v=20260731-4","https://wa.me/972524033442?text=%D9%85%D8%B1%D8%AD%D8%A8%D8%A7%D8%8C%20%D8%A3%D8%B1%D9%8A%D8%AF%20%D8%B7%D9%84%D8%A8%20%D8%A7%D9%84%D9%85%D9%86%D8%AA%D8%AC%20Z101","Mad Z.101 – Oriental Scent بخاخ عطر للجسم (Body Mist) – 200 مل
الكود: Z101
السعر: 50 ILS
عودة للمراسلة: https://wa.me/972524033442?text=%D9%85%D8%B1%D8%AD%D8%A8%D8%A7%D8%8C%20%D8%A3%D8%B1%D9%8A%D8%AF%20%D8%B7%D9%84%D8%A8%20%D8%A7%D9%84%D9%85%D9%86%D8%AA%D8%AC%20Z101",""
"ar","W213","Mad W.213 – Oriental Scent بخاخ عطر للجسم (Body Mist) – 200 مل","ar-W213-p-697-w213.jpg","C:\Users\yahya\Documents\Codex\2026-07-30\https-script-google-com-macros-s\outputs\media\ar\p-697-w213.jpg","https://www.mad-parfumeur.com/respondio-catalog/media/ar/p-697-w213.jpg?v=20260731-4","https://www.mad-parfumeur.com/respondio-catalog/wa/ar/p-697-w213.html?v=20260731-4","https://wa.me/972524033442?text=%D9%85%D8%B1%D8%AD%D8%A8%D8%A7%D8%8C%20%D8%A3%D8%B1%D9%8A%D8%AF%20%D8%B7%D9%84%D8%A8%20%D8%A7%D9%84%D9%85%D9%86%D8%AA%D8%AC%20W213","Mad W.213 – Oriental Scent بخاخ عطر للجسم (Body Mist) – 200 مل
الكود: W213
السعر: 50 ILS
عودة للمراسلة: https://wa.me/972524033442?text=%D9%85%D8%B1%D8%AD%D8%A8%D8%A7%D8%8C%20%D8%A3%D8%B1%D9%8A%D8%AF%20%D8%B7%D9%84%D8%A8%20%D8%A7%D9%84%D9%85%D9%86%D8%AA%D8%AC%20W213",""
"ar","Y102","Mad Y.102 – Oriental Scent بخاخ عطر للجسم (Body Mist) – 200 مل","ar-Y102-p-698-y102.jpg","C:\Users\yahya\Documents\Codex\2026-07-30\https-script-google-com-macros-s\outputs\media\ar\p-698-y102.jpg","https://www.mad-parfumeur.com/respondio-catalog/media/ar/p-698-y102.jpg?v=20260731-4","https://www.mad-parfumeur.com/respondio-catalog/wa/ar/p-698-y102.html?v=20260731-4","https://wa.me/972524033442?text=%D9%85%D8%B1%D8%AD%D8%A8%D8%A7%D8%8C%20%D8%A3%D8%B1%D9%8A%D8%AF%20%D8%B7%D9%84%D8%A8%20%D8%A7%D9%84%D9%85%D9%86%D8%AA%D8%AC%20Y102","Mad Y.102 – Oriental Scent بخاخ عطر للجسم (Body Mist) – 200 مل
الكود: Y102
السعر: 50 ILS
عودة للمراسلة: https://wa.me/972524033442?text=%D9%85%D8%B1%D8%AD%D8%A8%D8%A7%D8%8C%20%D8%A3%D8%B1%D9%8A%D8%AF%20%D8%B7%D9%84%D8%A8%20%D8%A7%D9%84%D9%85%D9%86%D8%AA%D8%AC%20Y102",""
"ar","V112","Mad V.112 – Oriental Scent بخاخ عطر للجسم (Body Mist) – 200 مل","ar-V112-p-699-v112.jpg","C:\Users\yahya\Documents\Codex\2026-07-30\https-script-google-com-macros-s\outputs\media\ar\p-699-v112.jpg","https://www.mad-parfumeur.com/respondio-catalog/media/ar/p-699-v112.jpg?v=20260731-4","https://www.mad-parfumeur.com/respondio-catalog/wa/ar/p-699-v112.html?v=20260731-4","https://wa.me/972524033442?text=%D9%85%D8%B1%D8%AD%D8%A8%D8%A7%D8%8C%20%D8%A3%D8%B1%D9%8A%D8%AF%20%D8%B7%D9%84%D8%A8%20%D8%A7%D9%84%D9%85%D9%86%D8%AA%D8%AC%20V112","Mad V.112 – Oriental Scent بخاخ عطر للجسم (Body Mist) – 200 مل
الكود: V112
السعر: 50 ILS
عودة للمراسلة: https://wa.me/972524033442?text=%D9%85%D8%B1%D8%AD%D8%A8%D8%A7%D8%8C%20%D8%A3%D8%B1%D9%8A%D8%AF%20%D8%B7%D9%84%D8%A8%20%D8%A7%D9%84%D9%85%D9%86%D8%AA%D8%AC%20V112",""
"ar","V109","Mad V.109 – Gourmand Scent بخاخ عطر للجسم (Body Mist) – 200 مل","ar-V109-p-700-v109.jpg","C:\Users\yahya\Documents\Codex\2026-07-30\https-script-google-com-macros-s\outputs\media\ar\p-700-v109.jpg","https://www.mad-parfumeur.com/respondio-catalog/media/ar/p-700-v109.jpg?v=20260731-4","https://www.mad-parfumeur.com/respondio-catalog/wa/ar/p-700-v109.html?v=20260731-4","https://wa.me/972524033442?text=%D9%85%D8%B1%D8%AD%D8%A8%D8%A7%D8%8C%20%D8%A3%D8%B1%D9%8A%D8%AF%20%D8%B7%D9%84%D8%A8%20%D8%A7%D9%84%D9%85%D9%86%D8%AA%D8%AC%20V109","Mad V.109 – Gourmand Scent بخاخ عطر للجسم (Body Mist) – 200 مل
الكود: V109
السعر: 50 ILS
عودة للمراسلة: https://wa.me/972524033442?text=%D9%85%D8%B1%D8%AD%D8%A8%D8%A7%D8%8C%20%D8%A3%D8%B1%D9%8A%D8%AF%20%D8%B7%D9%84%D8%A8%20%D8%A7%D9%84%D9%85%D9%86%D8%AA%D8%AC%20V109",""
"ar","B103","Mad B.103 – Fruity Scent بخاخ عطر للجسم (Body Mist) – 200 مل","ar-B103-p-701-b103.jpg","C:\Users\yahya\Documents\Codex\2026-07-30\https-script-google-com-macros-s\outputs\media\ar\p-701-b103.jpg","https://www.mad-parfumeur.com/respondio-catalog/media/ar/p-701-b103.jpg?v=20260731-4","https://www.mad-parfumeur.com/respondio-catalog/wa/ar/p-701-b103.html?v=20260731-4","https://wa.me/972524033442?text=%D9%85%D8%B1%D8%AD%D8%A8%D8%A7%D8%8C%20%D8%A3%D8%B1%D9%8A%D8%AF%20%D8%B7%D9%84%D8%A8%20%D8%A7%D9%84%D9%85%D9%86%D8%AA%D8%AC%20B103","Mad B.103 – Fruity Scent بخاخ عطر للجسم (Body Mist) – 200 مل
الكود: B103
السعر: 50 ILS
عودة للمراسلة: https://wa.me/972524033442?text=%D9%85%D8%B1%D8%AD%D8%A8%D8%A7%D8%8C%20%D8%A3%D8%B1%D9%8A%D8%AF%20%D8%B7%D9%84%D8%A8%20%D8%A7%D9%84%D9%85%D9%86%D8%AA%D8%AC%20B103",""
"ar","H105","Mad H.105 – Oriental Scent بخاخ عطر للجسم (Body Mist) – 200 مل","ar-H105-p-702-h105.jpg","C:\Users\yahya\Documents\Codex\2026-07-30\https-script-google-com-macros-s\outputs\media\ar\p-702-h105.jpg","https://www.mad-parfumeur.com/respondio-catalog/media/ar/p-702-h105.jpg?v=20260731-4","https://www.mad-parfumeur.com/respondio-catalog/wa/ar/p-702-h105.html?v=20260731-4","https://wa.me/972524033442?text=%D9%85%D8%B1%D8%AD%D8%A8%D8%A7%D8%8C%20%D8%A3%D8%B1%D9%8A%D8%AF%20%D8%B7%D9%84%D8%A8%20%D8%A7%D9%84%D9%85%D9%86%D8%AA%D8%AC%20H105","Mad H.105 – Oriental Scent بخاخ عطر للجسم (Body Mist) – 200 مل
الكود: H105
السعر: 50 ILS
عودة للمراسلة: https://wa.me/972524033442?text=%D9%85%D8%B1%D8%AD%D8%A8%D8%A7%D8%8C%20%D8%A3%D8%B1%D9%8A%D8%AF%20%D8%B7%D9%84%D8%A8%20%D8%A7%D9%84%D9%85%D9%86%D8%AA%D8%AC%20H105",""
"ar","W201","Mad W.201 – Oriental Scent بخاخ عطر للجسم (Body Mist) – 200 مل","ar-W201-p-703-w201.jpg","C:\Users\yahya\Documents\Codex\2026-07-30\https-script-google-com-macros-s\outputs\media\ar\p-703-w201.jpg","https://www.mad-parfumeur.com/respondio-catalog/media/ar/p-703-w201.jpg?v=20260731-4","https://www.mad-parfumeur.com/respondio-catalog/wa/ar/p-703-w201.html?v=20260731-4","https://wa.me/972524033442?text=%D9%85%D8%B1%D8%AD%D8%A8%D8%A7%D8%8C%20%D8%A3%D8%B1%D9%8A%D8%AF%20%D8%B7%D9%84%D8%A8%20%D8%A7%D9%84%D9%85%D9%86%D8%AA%D8%AC%20W201","Mad W.201 – Oriental Scent بخاخ عطر للجسم (Body Mist) – 200 مل
الكود: W201
السعر: 50 ILS
عودة للمراسلة: https://wa.me/972524033442?text=%D9%85%D8%B1%D8%AD%D8%A8%D8%A7%D8%8C%20%D8%A3%D8%B1%D9%8A%D8%AF%20%D8%B7%D9%84%D8%A8%20%D8%A7%D9%84%D9%85%D9%86%D8%AA%D8%AC%20W201",""
"ar","Y101","Mad Y.101 – Floral Scent بخاخ عطر للجسم (Body Mist) – 200 مل","ar-Y101-p-704-y101.jpg","C:\Users\yahya\Documents\Codex\2026-07-30\https-script-google-com-macros-s\outputs\media\ar\p-704-y101.jpg","https://www.mad-parfumeur.com/respondio-catalog/media/ar/p-704-y101.jpg?v=20260731-4","https://www.mad-parfumeur.com/respondio-catalog/wa/ar/p-704-y101.html?v=20260731-4","https://wa.me/972524033442?text=%D9%85%D8%B1%D8%AD%D8%A8%D8%A7%D8%8C%20%D8%A3%D8%B1%D9%8A%D8%AF%20%D8%B7%D9%84%D8%A8%20%D8%A7%D9%84%D9%85%D9%86%D8%AA%D8%AC%20Y101","Mad Y.101 – Floral Scent بخاخ عطر للجسم (Body Mist) – 200 مل
الكود: Y101
السعر: 50 ILS
عودة للمراسلة: https://wa.me/972524033442?text=%D9%85%D8%B1%D8%AD%D8%A8%D8%A7%D8%8C%20%D8%A3%D8%B1%D9%8A%D8%AF%20%D8%B7%D9%84%D8%A8%20%D8%A7%D9%84%D9%85%D9%86%D8%AA%D8%AC%20Y101",""
"ar","H103","Mad H.103 – Oriental Scent بخاخ عطر للجسم (Body Mist) – 200 مل","ar-H103-p-705-h103.jpg","C:\Users\yahya\Documents\Codex\2026-07-30\https-script-google-com-macros-s\outputs\media\ar\p-705-h103.jpg","https://www.mad-parfumeur.com/respondio-catalog/media/ar/p-705-h103.jpg?v=20260731-4","https://www.mad-parfumeur.com/respondio-catalog/wa/ar/p-705-h103.html?v=20260731-4","https://wa.me/972524033442?text=%D9%85%D8%B1%D8%AD%D8%A8%D8%A7%D8%8C%20%D8%A3%D8%B1%D9%8A%D8%AF%20%D8%B7%D9%84%D8%A8%20%D8%A7%D9%84%D9%85%D9%86%D8%AA%D8%AC%20H103","Mad H.103 – Oriental Scent بخاخ عطر للجسم (Body Mist) – 200 مل
الكود: H103
السعر: 50 ILS
عودة للمراسلة: https://wa.me/972524033442?text=%D9%85%D8%B1%D8%AD%D8%A8%D8%A7%D8%8C%20%D8%A3%D8%B1%D9%8A%D8%AF%20%D8%B7%D9%84%D8%A8%20%D8%A7%D9%84%D9%85%D9%86%D8%AA%D8%AC%20H103",""
"ar","G103","Mad G103 – Oriental Scent بخاخ عطر للجسم (Body Mist) – 200 مل","ar-G103-p-706-g103.jpg","C:\Users\yahya\Documents\Codex\2026-07-30\https-script-google-com-macros-s\outputs\media\ar\p-706-g103.jpg","https://www.mad-parfumeur.com/respondio-catalog/media/ar/p-706-g103.jpg?v=20260731-4","https://www.mad-parfumeur.com/respondio-catalog/wa/ar/p-706-g103.html?v=20260731-4","https://wa.me/972524033442?text=%D9%85%D8%B1%D8%AD%D8%A8%D8%A7%D8%8C%20%D8%A3%D8%B1%D9%8A%D8%AF%20%D8%B7%D9%84%D8%A8%20%D8%A7%D9%84%D9%85%D9%86%D8%AA%D8%AC%20G103","Mad G103 – Oriental Scent بخاخ عطر للجسم (Body Mist) – 200 مل
الكود: G103
السعر: 50 ILS
عودة للمراسلة: https://wa.me/972524033442?text=%D9%85%D8%B1%D8%AD%D8%A8%D8%A7%D8%8C%20%D8%A3%D8%B1%D9%8A%D8%AF%20%D8%B7%D9%84%D8%A8%20%D8%A7%D9%84%D9%85%D9%86%D8%AA%D8%AC%20G103",""
"ar","Mad Wellbeing Loving","Mad Wellbeing Loving – معطر جو (Reed Diffuser) 190 مل","ar-Mad Wellbeing Loving-p-707-mad-wellbeing-loving.jpg","C:\Users\yahya\Documents\Codex\2026-07-30\https-script-google-com-macros-s\outputs\media\ar\p-707-mad-wellbeing-loving.jpg","https://www.mad-parfumeur.com/respondio-catalog/media/ar/p-707-mad-wellbeing-loving.jpg?v=20260731-4","https://www.mad-parfumeur.com/respondio-catalog/wa/ar/p-707-mad-wellbeing-loving.html?v=20260731-4","https://wa.me/972524033442?text=%D9%85%D8%B1%D8%AD%D8%A8%D8%A7%D8%8C%20%D8%A3%D8%B1%D9%8A%D8%AF%20%D8%B7%D9%84%D8%A8%20%D8%A7%D9%84%D9%85%D9%86%D8%AA%D8%AC%20Mad%20Wellbeing%20Loving","Mad Wellbeing Loving – معطر جو (Reed Diffuser) 190 مل
الكود: Mad Wellbeing Loving
السعر: 145 ILS
عودة للمراسلة: https://wa.me/972524033442?text=%D9%85%D8%B1%D8%AD%D8%A8%D8%A7%D8%8C%20%D8%A3%D8%B1%D9%8A%D8%AF%20%D8%B7%D9%84%D8%A8%20%D8%A7%D9%84%D9%85%D9%86%D8%AA%D8%AC%20Mad%20Wellbeing%20Loving",""
"ar","Mad Wellbeing Dreamy","Mad Wellbeing Dreamy – معطر جو (Reed Diffuser) 190 مل","ar-Mad Wellbeing Dreamy-p-708-mad-wellbeing-dreamy.jpg","C:\Users\yahya\Documents\Codex\2026-07-30\https-script-google-com-macros-s\outputs\media\ar\p-708-mad-wellbeing-dreamy.jpg","https://www.mad-parfumeur.com/respondio-catalog/media/ar/p-708-mad-wellbeing-dreamy.jpg?v=20260731-4","https://www.mad-parfumeur.com/respondio-catalog/wa/ar/p-708-mad-wellbeing-dreamy.html?v=20260731-4","https://wa.me/972524033442?text=%D9%85%D8%B1%D8%AD%D8%A8%D8%A7%D8%8C%20%D8%A3%D8%B1%D9%8A%D8%AF%20%D8%B7%D9%84%D8%A8%20%D8%A7%D9%84%D9%85%D9%86%D8%AA%D8%AC%20Mad%20Wellbeing%20Dreamy","Mad Wellbeing Dreamy – معطر جو (Reed Diffuser) 190 مل
الكود: Mad Wellbeing Dreamy
السعر: 145 ILS
عودة للمراسلة: https://wa.me/972524033442?text=%D9%85%D8%B1%D8%AD%D8%A8%D8%A7%D8%8C%20%D8%A3%D8%B1%D9%8A%D8%AF%20%D8%B7%D9%84%D8%A8%20%D8%A7%D9%84%D9%85%D9%86%D8%AA%D8%AC%20Mad%20Wellbeing%20Dreamy",""
"ar","Mad Wellbeing Harmonious","Mad Wellbeing Harmonious – معطر جو (Reed Diffuser) 190 مل","ar-Mad Wellbeing Harmonious-p-709-mad-wellbeing-harmonious.jpg","C:\Users\yahya\Documents\Codex\2026-07-30\https-script-google-com-macros-s\outputs\media\ar\p-709-mad-wellbeing-harmonious.jpg","https://www.mad-parfumeur.com/respondio-catalog/media/ar/p-709-mad-wellbeing-harmonious.jpg?v=20260731-4","https://www.mad-parfumeur.com/respondio-catalog/wa/ar/p-709-mad-wellbeing-harmonious.html?v=20260731-4","https://wa.me/972524033442?text=%D9%85%D8%B1%D8%AD%D8%A8%D8%A7%D8%8C%20%D8%A3%D8%B1%D9%8A%D8%AF%20%D8%B7%D9%84%D8%A8%20%D8%A7%D9%84%D9%85%D9%86%D8%AA%D8%AC%20Mad%20Wellbeing%20Harmonious","Mad Wellbeing Harmonious – معطر جو (Reed Diffuser) 190 مل
الكود: Mad Wellbeing Harmonious
السعر: 145 ILS
عودة للمراسلة: https://wa.me/972524033442?text=%D9%85%D8%B1%D8%AD%D8%A8%D8%A7%D8%8C%20%D8%A3%D8%B1%D9%8A%D8%AF%20%D8%B7%D9%84%D8%A8%20%D8%A7%D9%84%D9%85%D9%86%D8%AA%D8%AC%20Mad%20Wellbeing%20Harmonious",""
"ar","Reed Diffuser","Mad Wellbeing Refreshed 190 مل – معطر جو (Reed Diffuser)","ar-Reed Diffuser-p-710-reed-diffuser.jpg","C:\Users\yahya\Documents\Codex\2026-07-30\https-script-google-com-macros-s\outputs\media\ar\p-710-reed-diffuser.jpg","https://www.mad-parfumeur.com/respondio-catalog/media/ar/p-710-reed-diffuser.jpg?v=20260731-4","https://www.mad-parfumeur.com/respondio-catalog/wa/ar/p-710-reed-diffuser.html?v=20260731-4","https://wa.me/972524033442?text=%D9%85%D8%B1%D8%AD%D8%A8%D8%A7%D8%8C%20%D8%A3%D8%B1%D9%8A%D8%AF%20%D8%B7%D9%84%D8%A8%20%D8%A7%D9%84%D9%85%D9%86%D8%AA%D8%AC%20Reed%20Diffuser","Mad Wellbeing Refreshed 190 مل – معطر جو (Reed Diffuser)
الكود: Reed Diffuser
السعر: 145 ILS
عودة للمراسلة: https://wa.me/972524033442?text=%D9%85%D8%B1%D8%AD%D8%A8%D8%A7%D8%8C%20%D8%A3%D8%B1%D9%8A%D8%AF%20%D8%B7%D9%84%D8%A8%20%D8%A7%D9%84%D9%85%D9%86%D8%AA%D8%AC%20Reed%20Diffuser",""
"ar","K102","K.102 – Kayali Vanilla Candy Rock Sugar","ar-K102-p-711-k102.jpg","C:\Users\yahya\Documents\Codex\2026-07-30\https-script-google-com-macros-s\outputs\media\ar\p-711-k102.jpg","https://www.mad-parfumeur.com/respondio-catalog/media/ar/p-711-k102.jpg?v=20260731-4","https://www.mad-parfumeur.com/respondio-catalog/wa/ar/p-711-k102.html?v=20260731-4","https://wa.me/972524033442?text=%D9%85%D8%B1%D8%AD%D8%A8%D8%A7%D8%8C%20%D8%A3%D8%B1%D9%8A%D8%AF%20%D8%B7%D9%84%D8%A8%20%D8%A7%D9%84%D9%85%D9%86%D8%AA%D8%AC%20K102","K.102 – Kayali Vanilla Candy Rock Sugar
الكود: K102
السعر: 100 ILS
عودة للمراسلة: https://wa.me/972524033442?text=%D9%85%D8%B1%D8%AD%D8%A8%D8%A7%D8%8C%20%D8%A3%D8%B1%D9%8A%D8%AF%20%D8%B7%D9%84%D8%A8%20%D8%A7%D9%84%D9%85%D9%86%D8%AA%D8%AC%20K102",""
"ar","Wellbeing Refreshed","Mad Wellbeing Refreshed 200 Gr Mum","ar-Wellbeing Refreshed-p-712-wellbeing-refreshed.jpg","C:\Users\yahya\Documents\Codex\2026-07-30\https-script-google-com-macros-s\outputs\media\ar\p-712-wellbeing-refreshed.jpg","https://www.mad-parfumeur.com/respondio-catalog/media/ar/p-712-wellbeing-refreshed.jpg?v=20260731-4","https://www.mad-parfumeur.com/respondio-catalog/wa/ar/p-712-wellbeing-refreshed.html?v=20260731-4","https://wa.me/972524033442?text=%D9%85%D8%B1%D8%AD%D8%A8%D8%A7%D8%8C%20%D8%A3%D8%B1%D9%8A%D8%AF%20%D8%B7%D9%84%D8%A8%20%D8%A7%D9%84%D9%85%D9%86%D8%AA%D8%AC%20Wellbeing%20Refreshed","Mad Wellbeing Refreshed 200 Gr Mum
الكود: Wellbeing Refreshed
السعر: 80 ILS
عودة للمراسلة: https://wa.me/972524033442?text=%D9%85%D8%B1%D8%AD%D8%A8%D8%A7%D8%8C%20%D8%A3%D8%B1%D9%8A%D8%AF%20%D8%B7%D9%84%D8%A8%20%D8%A7%D9%84%D9%85%D9%86%D8%AA%D8%AC%20Wellbeing%20Refreshed",""
"ar","Wellbeing Loving","Mad Wellbeing Loving 200 Gr Mum","ar-Wellbeing Loving-p-713-wellbeing-loving.jpg","C:\Users\yahya\Documents\Codex\2026-07-30\https-script-google-com-macros-s\outputs\media\ar\p-713-wellbeing-loving.jpg","https://www.mad-parfumeur.com/respondio-catalog/media/ar/p-713-wellbeing-loving.jpg?v=20260731-4","https://www.mad-parfumeur.com/respondio-catalog/wa/ar/p-713-wellbeing-loving.html?v=20260731-4","https://wa.me/972524033442?text=%D9%85%D8%B1%D8%AD%D8%A8%D8%A7%D8%8C%20%D8%A3%D8%B1%D9%8A%D8%AF%20%D8%B7%D9%84%D8%A8%20%D8%A7%D9%84%D9%85%D9%86%D8%AA%D8%AC%20Wellbeing%20Loving","Mad Wellbeing Loving 200 Gr Mum
الكود: Wellbeing Loving
السعر: 80 ILS
عودة للمراسلة: https://wa.me/972524033442?text=%D9%85%D8%B1%D8%AD%D8%A8%D8%A7%D8%8C%20%D8%A3%D8%B1%D9%8A%D8%AF%20%D8%B7%D9%84%D8%A8%20%D8%A7%D9%84%D9%85%D9%86%D8%AA%D8%AC%20Wellbeing%20Loving",""
"ar","Wellbeing Harmonious","Mad Wellbeing Harmonious 200 Gr Mum","ar-Wellbeing Harmonious-p-714-wellbeing-harmonious.jpg","C:\Users\yahya\Documents\Codex\2026-07-30\https-script-google-com-macros-s\outputs\media\ar\p-714-wellbeing-harmonious.jpg","https://www.mad-parfumeur.com/respondio-catalog/media/ar/p-714-wellbeing-harmonious.jpg?v=20260731-4","https://www.mad-parfumeur.com/respondio-catalog/wa/ar/p-714-wellbeing-harmonious.html?v=20260731-4","https://wa.me/972524033442?text=%D9%85%D8%B1%D8%AD%D8%A8%D8%A7%D8%8C%20%D8%A3%D8%B1%D9%8A%D8%AF%20%D8%B7%D9%84%D8%A8%20%D8%A7%D9%84%D9%85%D9%86%D8%AA%D8%AC%20Wellbeing%20Harmonious","Mad Wellbeing Harmonious 200 Gr Mum
الكود: Wellbeing Harmonious
السعر: 80 ILS
عودة للمراسلة: https://wa.me/972524033442?text=%D9%85%D8%B1%D8%AD%D8%A8%D8%A7%D8%8C%20%D8%A3%D8%B1%D9%8A%D8%AF%20%D8%B7%D9%84%D8%A8%20%D8%A7%D9%84%D9%85%D9%86%D8%AA%D8%AC%20Wellbeing%20Harmonious",""
"ar","Wellbeing Dreamy","Mad Wellbeing Dreamy 200 Gr Mum","ar-Wellbeing Dreamy-p-715-wellbeing-dreamy.jpg","C:\Users\yahya\Documents\Codex\2026-07-30\https-script-google-com-macros-s\outputs\media\ar\p-715-wellbeing-dreamy.jpg","https://www.mad-parfumeur.com/respondio-catalog/media/ar/p-715-wellbeing-dreamy.jpg?v=20260731-4","https://www.mad-parfumeur.com/respondio-catalog/wa/ar/p-715-wellbeing-dreamy.html?v=20260731-4","https://wa.me/972524033442?text=%D9%85%D8%B1%D8%AD%D8%A8%D8%A7%D8%8C%20%D8%A3%D8%B1%D9%8A%D8%AF%20%D8%B7%D9%84%D8%A8%20%D8%A7%D9%84%D9%85%D9%86%D8%AA%D8%AC%20Wellbeing%20Dreamy","Mad Wellbeing Dreamy 200 Gr Mum
الكود: Wellbeing Dreamy
السعر: 80 ILS
عودة للمراسلة: https://wa.me/972524033442?text=%D9%85%D8%B1%D8%AD%D8%A8%D8%A7%D8%8C%20%D8%A3%D8%B1%D9%8A%D8%AF%20%D8%B7%D9%84%D8%A8%20%D8%A7%D9%84%D9%85%D9%86%D8%AA%D8%AC%20Wellbeing%20Dreamy",""
"ar","Fruit Fusion","Mad Fruit Fusion 120 ml Ortam Kokusu","ar-Fruit Fusion-p-716-fruit-fusion.jpg","C:\Users\yahya\Documents\Codex\2026-07-30\https-script-google-com-macros-s\outputs\media\ar\p-716-fruit-fusion.jpg","https://www.mad-parfumeur.com/respondio-catalog/media/ar/p-716-fruit-fusion.jpg?v=20260731-4","https://www.mad-parfumeur.com/respondio-catalog/wa/ar/p-716-fruit-fusion.html?v=20260731-4","https://wa.me/972524033442?text=%D9%85%D8%B1%D8%AD%D8%A8%D8%A7%D8%8C%20%D8%A3%D8%B1%D9%8A%D8%AF%20%D8%B7%D9%84%D8%A8%20%D8%A7%D9%84%D9%85%D9%86%D8%AA%D8%AC%20Fruit%20Fusion","Mad Fruit Fusion 120 ml Ortam Kokusu
الكود: Fruit Fusion
السعر: 45 ILS
عودة للمراسلة: https://wa.me/972524033442?text=%D9%85%D8%B1%D8%AD%D8%A8%D8%A7%D8%8C%20%D8%A3%D8%B1%D9%8A%D8%AF%20%D8%B7%D9%84%D8%A8%20%D8%A7%D9%84%D9%85%D9%86%D8%AA%D8%AC%20Fruit%20Fusion",""
"ar","Bruno Gold Intense","Bruno Gold Intense 100 مل – عطر رجالي","ar-Bruno Gold Intense-p-717-bruno-gold-intense.jpg","C:\Users\yahya\Documents\Codex\2026-07-30\https-script-google-com-macros-s\outputs\media\ar\p-717-bruno-gold-intense.jpg","https://www.mad-parfumeur.com/respondio-catalog/media/ar/p-717-bruno-gold-intense.jpg?v=20260731-4","https://www.mad-parfumeur.com/respondio-catalog/wa/ar/p-717-bruno-gold-intense.html?v=20260731-4","https://wa.me/972524033442?text=%D9%85%D8%B1%D8%AD%D8%A8%D8%A7%D8%8C%20%D8%A3%D8%B1%D9%8A%D8%AF%20%D8%B7%D9%84%D8%A8%20%D8%A7%D9%84%D9%85%D9%86%D8%AA%D8%AC%20Bruno%20Gold%20Intense","Bruno Gold Intense 100 مل – عطر رجالي
الكود: Bruno Gold Intense
السعر: 300 ILS
عودة للمراسلة: https://wa.me/972524033442?text=%D9%85%D8%B1%D8%AD%D8%A8%D8%A7%D8%8C%20%D8%A3%D8%B1%D9%8A%D8%AF%20%D8%B7%D9%84%D8%A8%20%D8%A7%D9%84%D9%85%D9%86%D8%AA%D8%AC%20Bruno%20Gold%20Intense",""
"ar","Pink Coconut","Mad Pink Coconut 250 ml Body Mist","ar-Pink Coconut-p-719-pink-coconut.jpg","C:\Users\yahya\Documents\Codex\2026-07-30\https-script-google-com-macros-s\outputs\media\ar\p-719-pink-coconut.jpg","https://www.mad-parfumeur.com/respondio-catalog/media/ar/p-719-pink-coconut.jpg?v=20260731-4","https://www.mad-parfumeur.com/respondio-catalog/wa/ar/p-719-pink-coconut.html?v=20260731-4","https://wa.me/972524033442?text=%D9%85%D8%B1%D8%AD%D8%A8%D8%A7%D8%8C%20%D8%A3%D8%B1%D9%8A%D8%AF%20%D8%B7%D9%84%D8%A8%20%D8%A7%D9%84%D9%85%D9%86%D8%AA%D8%AC%20Pink%20Coconut","Mad Pink Coconut 250 ml Body Mist
الكود: Pink Coconut
السعر: 60 ILS
عودة للمراسلة: https://wa.me/972524033442?text=%D9%85%D8%B1%D8%AD%D8%A8%D8%A7%D8%8C%20%D8%A3%D8%B1%D9%8A%D8%AF%20%D8%B7%D9%84%D8%A8%20%D8%A7%D9%84%D9%85%D9%86%D8%AA%D8%AC%20Pink%20Coconut",""
"ar","Y104","Black Opium Over Red Yves Saint Laurent","ar-Y104-p-720-y104.jpg","C:\Users\yahya\Documents\Codex\2026-07-30\https-script-google-com-macros-s\outputs\media\ar\p-720-y104.jpg","https://www.mad-parfumeur.com/respondio-catalog/media/ar/p-720-y104.jpg?v=20260731-4","https://www.mad-parfumeur.com/respondio-catalog/wa/ar/p-720-y104.html?v=20260731-4","https://wa.me/972524033442?text=%D9%85%D8%B1%D8%AD%D8%A8%D8%A7%D8%8C%20%D8%A3%D8%B1%D9%8A%D8%AF%20%D8%B7%D9%84%D8%A8%20%D8%A7%D9%84%D9%85%D9%86%D8%AA%D8%AC%20Y104","Black Opium Over Red Yves Saint Laurent
الكود: Y104
السعر: 100 ILS
عودة للمراسلة: https://wa.me/972524033442?text=%D9%85%D8%B1%D8%AD%D8%A8%D8%A7%D8%8C%20%D8%A3%D8%B1%D9%8A%D8%AF%20%D8%B7%D9%84%D8%A8%20%D8%A7%D9%84%D9%85%D9%86%D8%AA%D8%AC%20Y104",""
"ar","H102 women","Hugo Woman Hugo Boss","ar-H102 women-p-723-h102-women.jpg","C:\Users\yahya\Documents\Codex\2026-07-30\https-script-google-com-macros-s\outputs\media\ar\p-723-h102-women.jpg","https://www.mad-parfumeur.com/respondio-catalog/media/ar/p-723-h102-women.jpg?v=20260731-4","https://www.mad-parfumeur.com/respondio-catalog/wa/ar/p-723-h102-women.html?v=20260731-4","https://wa.me/972524033442?text=%D9%85%D8%B1%D8%AD%D8%A8%D8%A7%D8%8C%20%D8%A3%D8%B1%D9%8A%D8%AF%20%D8%B7%D9%84%D8%A8%20%D8%A7%D9%84%D9%85%D9%86%D8%AA%D8%AC%20H102%20women","Hugo Woman Hugo Boss
الكود: H102 women
السعر: 100 ILS
عودة للمراسلة: https://wa.me/972524033442?text=%D9%85%D8%B1%D8%AD%D8%A8%D8%A7%D8%8C%20%D8%A3%D8%B1%D9%8A%D8%AF%20%D8%B7%D9%84%D8%A8%20%D8%A7%D9%84%D9%85%D9%86%D8%AA%D8%AC%20H102%20women",""
"ar","مجموعة الأحلام","L103 A115 T109 X102 W183","ar-مجموعة الأحلام-p-724-product.jpg","C:\Users\yahya\Documents\Codex\2026-07-30\https-script-google-com-macros-s\outputs\media\ar\p-724-product.jpg","https://www.mad-parfumeur.com/respondio-catalog/media/ar/p-724-product.jpg?v=20260731-4","https://www.mad-parfumeur.com/respondio-catalog/wa/ar/p-724-product.html?v=20260731-4","https://wa.me/972524033442?text=%D9%85%D8%B1%D8%AD%D8%A8%D8%A7%D8%8C%20%D8%A3%D8%B1%D9%8A%D8%AF%20%D8%B7%D9%84%D8%A8%20%D8%A7%D9%84%D9%85%D9%86%D8%AA%D8%AC%20%D9%85%D8%AC%D9%85%D9%88%D8%B9%D8%A9%20%D8%A7%D9%84%D8%A3%D8%AD%D9%84%D8%A7%D9%85","L103 A115 T109 X102 W183
الكود: مجموعة الأحلام
السعر: 500 ILS
عودة للمراسلة: https://wa.me/972524033442?text=%D9%85%D8%B1%D8%AD%D8%A8%D8%A7%D8%8C%20%D8%A3%D8%B1%D9%8A%D8%AF%20%D8%B7%D9%84%D8%A8%20%D8%A7%D9%84%D9%85%D9%86%D8%AA%D8%AC%20%D9%85%D8%AC%D9%85%D9%88%D8%B9%D8%A9%20%D8%A7%D9%84%D8%A3%D8%AD%D9%84%D8%A7%D9%85",""
"ar","Mad Kraken","Mad Kraken","ar-Mad Kraken-p-725-mad-kraken.jpg","C:\Users\yahya\Documents\Codex\2026-07-30\https-script-google-com-macros-s\outputs\media\ar\p-725-mad-kraken.jpg","https://www.mad-parfumeur.com/respondio-catalog/media/ar/p-725-mad-kraken.jpg?v=20260731-4","https://www.mad-parfumeur.com/respondio-catalog/wa/ar/p-725-mad-kraken.html?v=20260731-4","https://wa.me/972524033442?text=%D9%85%D8%B1%D8%AD%D8%A8%D8%A7%D8%8C%20%D8%A3%D8%B1%D9%8A%D8%AF%20%D8%B7%D9%84%D8%A8%20%D8%A7%D9%84%D9%85%D9%86%D8%AA%D8%AC%20Mad%20Kraken","Mad Kraken
الكود: Mad Kraken
السعر: 280 ILS
عودة للمراسلة: https://wa.me/972524033442?text=%D9%85%D8%B1%D8%AD%D8%A8%D8%A7%D8%8C%20%D8%A3%D8%B1%D9%8A%D8%AF%20%D8%B7%D9%84%D8%A8%20%D8%A7%D9%84%D9%85%D9%86%D8%AA%D8%AC%20Mad%20Kraken",""
"ar","Mad Griffin","Mad Griffin","ar-Mad Griffin-p-726-mad-griffin.jpg","C:\Users\yahya\Documents\Codex\2026-07-30\https-script-google-com-macros-s\outputs\media\ar\p-726-mad-griffin.jpg","https://www.mad-parfumeur.com/respondio-catalog/media/ar/p-726-mad-griffin.jpg?v=20260731-4","https://www.mad-parfumeur.com/respondio-catalog/wa/ar/p-726-mad-griffin.html?v=20260731-4","https://wa.me/972524033442?text=%D9%85%D8%B1%D8%AD%D8%A8%D8%A7%D8%8C%20%D8%A3%D8%B1%D9%8A%D8%AF%20%D8%B7%D9%84%D8%A8%20%D8%A7%D9%84%D9%85%D9%86%D8%AA%D8%AC%20Mad%20Griffin","Mad Griffin
الكود: Mad Griffin
السعر: 280 ILS
عودة للمراسلة: https://wa.me/972524033442?text=%D9%85%D8%B1%D8%AD%D8%A8%D8%A7%D8%8C%20%D8%A3%D8%B1%D9%8A%D8%AF%20%D8%B7%D9%84%D8%A8%20%D8%A7%D9%84%D9%85%D9%86%D8%AA%D8%AC%20Mad%20Griffin",""
"ar","Mad Cold Spire","Mad Cold Spire","ar-Mad Cold Spire-p-727-mad-cold-spire.jpg","C:\Users\yahya\Documents\Codex\2026-07-30\https-script-google-com-macros-s\outputs\media\ar\p-727-mad-cold-spire.jpg","https://www.mad-parfumeur.com/respondio-catalog/media/ar/p-727-mad-cold-spire.jpg?v=20260731-4","https://www.mad-parfumeur.com/respondio-catalog/wa/ar/p-727-mad-cold-spire.html?v=20260731-4","https://wa.me/972524033442?text=%D9%85%D8%B1%D8%AD%D8%A8%D8%A7%D8%8C%20%D8%A3%D8%B1%D9%8A%D8%AF%20%D8%B7%D9%84%D8%A8%20%D8%A7%D9%84%D9%85%D9%86%D8%AA%D8%AC%20Mad%20Cold%20Spire","Mad Cold Spire
الكود: Mad Cold Spire
السعر: 280 ILS
عودة للمراسلة: https://wa.me/972524033442?text=%D9%85%D8%B1%D8%AD%D8%A8%D8%A7%D8%8C%20%D8%A3%D8%B1%D9%8A%D8%AF%20%D8%B7%D9%84%D8%A8%20%D8%A7%D9%84%D9%85%D9%86%D8%AA%D8%AC%20Mad%20Cold%20Spire",""
"ar","Quarter","Quarter","ar-Quarter-p-728-quarter.jpg","C:\Users\yahya\Documents\Codex\2026-07-30\https-script-google-com-macros-s\outputs\media\ar\p-728-quarter.jpg","https://www.mad-parfumeur.com/respondio-catalog/media/ar/p-728-quarter.jpg?v=20260731-4","https://www.mad-parfumeur.com/respondio-catalog/wa/ar/p-728-quarter.html?v=20260731-4","https://wa.me/972524033442?text=%D9%85%D8%B1%D8%AD%D8%A8%D8%A7%D8%8C%20%D8%A3%D8%B1%D9%8A%D8%AF%20%D8%B7%D9%84%D8%A8%20%D8%A7%D9%84%D9%85%D9%86%D8%AA%D8%AC%20Quarter","Quarter
الكود: Quarter
السعر: 350 ILS
عودة للمراسلة: https://wa.me/972524033442?text=%D9%85%D8%B1%D8%AD%D8%A8%D8%A7%D8%8C%20%D8%A3%D8%B1%D9%8A%D8%AF%20%D8%B7%D9%84%D8%A8%20%D8%A7%D9%84%D9%85%D9%86%D8%AA%D8%AC%20Quarter",""
"ar","C101","C101-CAROLINA HERRERA LA BOMBA","ar-C101-p-729-c101.jpg","C:\Users\yahya\Documents\Codex\2026-07-30\https-script-google-com-macros-s\outputs\media\ar\p-729-c101.jpg","https://www.mad-parfumeur.com/respondio-catalog/media/ar/p-729-c101.jpg?v=20260731-4","https://www.mad-parfumeur.com/respondio-catalog/wa/ar/p-729-c101.html?v=20260731-4","https://wa.me/972524033442?text=%D9%85%D8%B1%D8%AD%D8%A8%D8%A7%D8%8C%20%D8%A3%D8%B1%D9%8A%D8%AF%20%D8%B7%D9%84%D8%A8%20%D8%A7%D9%84%D9%85%D9%86%D8%AA%D8%AC%20C101","C101-CAROLINA HERRERA LA BOMBA
الكود: C101
السعر: 100 ILS
عودة للمراسلة: https://wa.me/972524033442?text=%D9%85%D8%B1%D8%AD%D8%A8%D8%A7%D8%8C%20%D8%A3%D8%B1%D9%8A%D8%AF%20%D8%B7%D9%84%D8%A8%20%D8%A7%D9%84%D9%85%D9%86%D8%AA%D8%AC%20C101",""
"ar","R104","R104-ROCHAS AUDACE","ar-R104-p-730-r104.jpg","C:\Users\yahya\Documents\Codex\2026-07-30\https-script-google-com-macros-s\outputs\media\ar\p-730-r104.jpg","https://www.mad-parfumeur.com/respondio-catalog/media/ar/p-730-r104.jpg?v=20260731-4","https://www.mad-parfumeur.com/respondio-catalog/wa/ar/p-730-r104.html?v=20260731-4","https://wa.me/972524033442?text=%D9%85%D8%B1%D8%AD%D8%A8%D8%A7%D8%8C%20%D8%A3%D8%B1%D9%8A%D8%AF%20%D8%B7%D9%84%D8%A8%20%D8%A7%D9%84%D9%85%D9%86%D8%AA%D8%AC%20R104","R104-ROCHAS AUDACE
الكود: R104
السعر: 100 ILS
عودة للمراسلة: https://wa.me/972524033442?text=%D9%85%D8%B1%D8%AD%D8%A8%D8%A7%D8%8C%20%D8%A3%D8%B1%D9%8A%D8%AF%20%D8%B7%D9%84%D8%A8%20%D8%A7%D9%84%D9%85%D9%86%D8%AA%D8%AC%20R104",""
"ar","V115","V115-VICTORIA'S SECRET TEASE SUGAR FLEUR","ar-V115-p-731-v115.jpg","C:\Users\yahya\Documents\Codex\2026-07-30\https-script-google-com-macros-s\outputs\media\ar\p-731-v115.jpg","https://www.mad-parfumeur.com/respondio-catalog/media/ar/p-731-v115.jpg?v=20260731-4","https://www.mad-parfumeur.com/respondio-catalog/wa/ar/p-731-v115.html?v=20260731-4","https://wa.me/972524033442?text=%D9%85%D8%B1%D8%AD%D8%A8%D8%A7%D8%8C%20%D8%A3%D8%B1%D9%8A%D8%AF%20%D8%B7%D9%84%D8%A8%20%D8%A7%D9%84%D9%85%D9%86%D8%AA%D8%AC%20V115","V115-VICTORIA'S SECRET TEASE SUGAR FLEUR
الكود: V115
السعر: 100 ILS
عودة للمراسلة: https://wa.me/972524033442?text=%D9%85%D8%B1%D8%AD%D8%A8%D8%A7%D8%8C%20%D8%A3%D8%B1%D9%8A%D8%AF%20%D8%B7%D9%84%D8%A8%20%D8%A7%D9%84%D9%85%D9%86%D8%AA%D8%AC%20V115",""
"ar","Y105","Y105-YVES SAINT LAURENT LIBRE VANILLA COUTURE EDP","ar-Y105-p-732-y105.jpg","C:\Users\yahya\Documents\Codex\2026-07-30\https-script-google-com-macros-s\outputs\media\ar\p-732-y105.jpg","https://www.mad-parfumeur.com/respondio-catalog/media/ar/p-732-y105.jpg?v=20260731-4","https://www.mad-parfumeur.com/respondio-catalog/wa/ar/p-732-y105.html?v=20260731-4","https://wa.me/972524033442?text=%D9%85%D8%B1%D8%AD%D8%A8%D8%A7%D8%8C%20%D8%A3%D8%B1%D9%8A%D8%AF%20%D8%B7%D9%84%D8%A8%20%D8%A7%D9%84%D9%85%D9%86%D8%AA%D8%AC%20Y105","Y105-YVES SAINT LAURENT LIBRE VANILLA COUTURE EDP
الكود: Y105
السعر: 100 ILS
عودة للمراسلة: https://wa.me/972524033442?text=%D9%85%D8%B1%D8%AD%D8%A8%D8%A7%D8%8C%20%D8%A3%D8%B1%D9%8A%D8%AF%20%D8%B7%D9%84%D8%A8%20%D8%A7%D9%84%D9%85%D9%86%D8%AA%D8%AC%20Y105",""
"ar","חמשת המלכים - J101 W191 A115 T109 T102","חמשת המלכים","ar-חמשת המלכים - J101 W191 A115 T109 T102-p-733-j101-w191-a115-t109-t102.jpg","C:\Users\yahya\Documents\Codex\2026-07-30\https-script-google-com-macros-s\outputs\media\ar\p-733-j101-w191-a115-t109-t102.jpg","https://www.mad-parfumeur.com/respondio-catalog/media/ar/p-733-j101-w191-a115-t109-t102.jpg?v=20260731-4","https://www.mad-parfumeur.com/respondio-catalog/wa/ar/p-733-j101-w191-a115-t109-t102.html?v=20260731-4","https://wa.me/972524033442?text=%D9%85%D8%B1%D8%AD%D8%A8%D8%A7%D8%8C%20%D8%A3%D8%B1%D9%8A%D8%AF%20%D8%B7%D9%84%D8%A8%20%D8%A7%D9%84%D9%85%D9%86%D8%AA%D8%AC%20%D7%97%D7%9E%D7%A9%D7%AA%20%D7%94%D7%9E%D7%9C%D7%9B%D7%99%D7%9D%20-%20J101%20W191%20A115%20T109%20T102","חמשת המלכים
الكود: חמשת המלכים - J101 W191 A115 T109 T102
السعر: 500 ILS
عودة للمراسلة: https://wa.me/972524033442?text=%D9%85%D8%B1%D8%AD%D8%A8%D8%A7%D8%8C%20%D8%A3%D8%B1%D9%8A%D8%AF%20%D8%B7%D9%84%D8%A8%20%D8%A7%D9%84%D9%85%D9%86%D8%AA%D8%AC%20%D7%97%D7%9E%D7%A9%D7%AA%20%D7%94%D7%9E%D7%9C%D7%9B%D7%99%D7%9D%20-%20J101%20W191%20A115%20T109%20T102",""
